time_s,angle_rad
0.0,-0.944298505783081
0.001,-0.9440498207567797
0.002,-0.9433244996684821
0.003,-0.9421593421223641
0.004,-0.9405853619403481
0.005,-0.9386315169042596
0.006,-0.936324955805081
0.007,-0.9336911338741496
0.008,-0.9307539169831025
0.009000000000000001,-0.9275356793176595
0.01,-0.9240573950655012
0.011,-0.9203387244872505
0.012,-0.9163980947125433
0.013000000000000001,-0.9122527755825272
0.014,-0.907918950840836
0.015,-0.9034117849569275
0.016,-0.8987454858485675
0.017,-0.89393336375414
0.018000000000000002,-0.888987886490309
0.019,-0.8839207313162911
0.02,-0.8787428336125797
0.021,-0.873464432569338
0.022,-0.8680951140678062
0.023,-0.8626438509269031
0.024,-0.8571190406767097
0.025,-0.8515285410106527
0.026000000000000002,-0.845879703058935
0.027,-0.8401794026170475
0.028,-0.8344340694550038
0.029,-0.8286497148252512
0.03,-0.8228319572799825
0.031,-0.8169860469017833
0.032,-0.8111168880451771
0.033,-0.8052290606806392
0.034,-0.7993268404270296
0.035,-0.7934142173531156
0.036000000000000004,-0.7874949136238933
0.037,-0.7815724000627692
0.038,-0.775649911696286
0.039,-0.7697304623439827
0.04,-0.7638168583121197
0.041,-0.7579117112463931
0.042,-0.7520174501953647
0.043000000000000003,-0.7461363329331502
0.044,-0.7402704565869229
0.045,-0.7344217676119809
0.046,-0.7285920711544953
0.047,-0.722783039839588
0.048,-0.7169962220200645
0.049,-0.7112330495189573
0.05,-0.7054948448969885
0.051000000000000004,-0.6997828282741483
0.052000000000000005,-0.6940981237327839
0.053,-0.6884417653279112
0.054,-0.6828147027288743
0.055,-0.6772178065149934
0.056,-0.671651873146449
0.057,-0.6661176296303414
0.058,-0.6606157379006354
0.059000000000000004,-0.655146798929552
0.06,-0.6497113565868837
0.061,-0.6443099012627016
0.062,-0.6389428732679632
0.063,-0.6336106660266457
0.064,-0.6283136290721846
0.065,-0.6230520708602151
0.066,-0.617826261408875
0.067,-0.6126364347772353
0.068,-0.6074827913917757
0.069,-0.6023655002302127
0.07,-0.5972847008714143
0.07100000000000001,-0.5922405054196023
0.07200000000000001,-0.5872330003105353
0.073,-0.582262248006896
0.074,-0.5773282885896615
0.075,-0.5724311412518185
0.076,-0.5675708057003974
0.077,-0.5627472634724293
0.078,-0.5579604791700883
0.079,-0.5532104016199583
0.08,-0.5484969649610597
0.081,-0.543820089665989
0.082,-0.5391796834992545
0.083,-0.5345756424166439
0.084,-0.5300078514092237
0.085,-0.5254761852953485
0.08600000000000001,-0.5209805094638532
0.08700000000000001,-0.5165206805714057
0.088,-0.5120965471968146
0.089,-0.5077079504549196
0.09,-0.5033547245725238
0.091,-0.49903669742868567
0.092,-0.4947536910615386
0.093,-0.49050552214367993
0.094,-0.4862920024280413
0.095,-0.4821129391660393
0.096,-0.47796813549969286
0.097,-0.4738573908292922
0.098,-0.46978050115810666
0.099,-0.4657372594155289
0.1,-0.4617274557599659
0.101,-0.4577508778627092
0.10200000000000001,-0.4538073111739405
0.10300000000000001,-0.44989653917195865
0.10400000000000001,-0.44601834359664694
0.105,-0.4421725046681396
0.106,-0.4383588012915856
0.107,-0.4345770112488544
0.108,-0.430826911377977
0.109,-0.4271082777410669
0.11,-0.42342088578142006
0.111,-0.4197645104704511
0.112,-0.4161389264450827
0.113,-0.4125439081361675
0.114,-0.40897922988848634
0.115,-0.40544466607283497
0.116,-0.40193999119067814
0.117,-0.39846497997182306
0.11800000000000001,-0.39501940746553527
0.11900000000000001,-0.39160304912549493
0.12,-0.3882156808889675
0.121,-0.3848570792505396
0.122,-0.3815270213307501
0.123,-0.37822528493992663
0.124,-0.3749516486375178
0.125,-0.3717058917871954
0.126,-0.3684877946079832
0.127,-0.3652971382216538
0.128,-0.36213370469662054
0.129,-0.3589972770885368
0.13,-0.35588763947780455
0.131,-0.35280457700417844
0.132,-0.3497478758986437
0.133,-0.3467173235127331
0.134,-0.3437127083454397
0.135,-0.3407338200678718
0.136,-0.33778044954578795
0.137,-0.334852388860142
0.138,-0.33194943132575966
0.139,-0.3290713715082609
0.14,-0.32621800523933636
0.14100000000000001,-0.3233891296304786
0.14200000000000002,-0.32058454308526313
0.14300000000000002,-0.31780404531026857
0.14400000000000002,-0.31504743732472057
0.145,-0.3123145214689377
0.146,-0.30960510141165387
0.147,-0.3069189821562874
0.148,-0.3042559700462216
0.149,-0.3016158727691598
0.15,-0.2989984993606111
0.151,-0.2964036602065635
0.152,-0.29383116704539375
0.153,-0.29128083296906354
0.154,-0.2887524724236468
0.155,-0.286245901209231
0.156,-0.283760936479232
0.157,-0.28129739673916154
0.158,-0.27885510184488105
0.159,-0.27643387300037686
0.16,-0.274033532755087
0.161,-0.2716539050008101
0.162,-0.26929481496822305
0.163,-0.2669560892230349
0.164,-0.2646375556618005
0.165,-0.2623390435074177
0.166,-0.2600603833043293
0.167,-0.2578014069134509
0.168,-0.2555619475068433
0.169,-0.25334183956214834
0.17,-0.2511409188568041
0.171,-0.2489590224620568
0.17200000000000001,-0.24679598873678352
0.17300000000000001,-0.24465165732114058
0.17400000000000002,-0.24252586913005067
0.17500000000000002,-0.24041846634654127
0.176,-0.23832929241494644
0.177,-0.236258192033983
0.178,-0.23420501114971157
0.179,-0.23216959694839237
0.18,-0.23015179784924517
0.181,-0.2281514634971219
0.182,-0.22616844475510053
0.183,-0.2242025936970075
0.184,-0.22225376359987642
0.185,-0.22032180893634953
0.186,-0.2184065853670288
0.187,-0.21650794973278226
0.188,-0.21462576004701153
0.189,-0.2127598754878861
0.19,-0.21091015639054905
0.191,-0.20907646423929913
0.192,-0.20725866165975373
0.193,-0.205456612410997
0.194,-0.2036701813777167
0.195,-0.20189923456233408
0.196,-0.20014363907712981
0.197,-0.1984032631363694
0.198,-0.19667797604843135
0.199,-0.19496764820794063
0.2,-0.19327215108791054
0.201,-0.19159135723189527
0.202,-0.18992514024615567
0.203,-0.18827337479184048
0.20400000000000001,-0.18663593657718505
0.20500000000000002,-0.18501270234972972
0.20600000000000002,-0.18340354988855956
0.20700000000000002,-0.18180835799656722
0.20800000000000002,-0.18022700649274062
0.209,-0.17865937620447697
0.21,-0.1771053489599245
0.211,-0.17556480758035323
0.212,-0.1740376358725563
0.213,-0.1725237186212825
0.214,-0.1710229415817016
0.215,-0.16953519147190332
0.216,-0.16806035596543073
0.217,-0.16659832368384916
0.218,-0.1651489841893514
0.219,-0.16371222797739984
0.22,-0.16228794646940653
0.221,-0.1608760320054513
0.222,-0.15947637783703925
0.223,-0.1580888781198974
0.224,-0.15671342790681175
0.225,-0.1553499231405045
0.226,-0.1539982606465525
0.227,-0.152658338126347
0.228,-0.1513300541500949
0.229,-0.1500133081498623
0.23,-0.14870800041266016
0.231,-0.1474140320735726
0.232,-0.14613130510892802
0.233,-0.14485972232951325
0.234,-0.14359918737383087
0.23500000000000001,-0.14234960470139987
0.23600000000000002,-0.14111087958609983
0.23700000000000002,-0.13988291810955866
0.23800000000000002,-0.13866562715458405
0.23900000000000002,-0.13745891439863875
0.24,-0.1362626883073595
0.241,-0.13507685812812
0.242,-0.13390133388363773
0.243,-0.13273602636562443
0.244,-0.1315808471284808
0.245,-0.13043570848303485
0.246,-0.12930052349032395
0.247,-0.12817520595542098
0.248,-0.12705967042130387
0.249,-0.12595383216276895
0.25,-0.12485760718038785
0.251,-0.1237709121945077
0.252,-0.12269366463929492
0.253,-0.12162578265682207
0.254,-0.120567185091198
0.255,-0.11951779148274083
0.256,-0.11847752206219395
0.257,-0.11744629774498468
0.258,-0.11642404012552553
0.259,-0.11541067147155791
0.26,-0.11440611471853808
0.261,-0.11341029346406523
0.262,-0.1124231319623515
0.263,-0.11144455511873377
0.264,-0.11047448848422697
0.265,-0.1095128582501189
0.266,-0.10855959124260614
0.267,-0.10761461491747107
0.268,-0.10667785735479968
0.269,-0.10574924725373998
0.27,-0.10482871392730087
0.271,-0.1039161872971912
0.272,-0.10301159788869883
0.273,-0.10211487682560956
0.274,-0.1012259558251655
0.275,-0.10034476719306297
0.276,-0.09947124381848946
0.277,-0.09860531916919953
0.278,-0.09774692728662941
0.279,-0.09689600278105019
0.28,-0.0960524808267591
0.281,-0.09521629715730902
0.28200000000000003,-0.09438738806077564
0.28300000000000003,-0.09356569037506232
0.28400000000000003,-0.09275114148324227
0.28500000000000003,-0.09194367930893783
0.28600000000000003,-0.09114324231173668
0.28700000000000003,-0.09034976948264473
0.28800000000000003,-0.08956320033957539
0.289,-0.08878347492287514
0.29,-0.08801053379088493
0.291,-0.08724431801553748
0.292,-0.08648476917798993
0.293,-0.0857318293642919
0.294,-0.08498544116108847
0.295,-0.08424554765135807
0.296,-0.08351209241018487
0.297,-0.08278501950056552
0.298,-0.08206427346925005
0.299,-0.08134979934261655
0.3,-0.08064154262257957
0.301,-0.07993944928253191
0.302,-0.07924346576331956
0.303,-0.07855353896924958
0.304,-0.07786961626413075
0.305,-0.07719164546734666
0.306,-0.07651957484996105
0.307,-0.07585335313085516
0.308,-0.07519292947289694
0.309,-0.07453825347914174
0.31,-0.07388927518906442
0.311,-0.0732459450748225
0.312,-0.07260821403755024
0.313,-0.07197603340368335
0.314,-0.07134935492131414
0.315,-0.07072813075657694
0.316,-0.07011231349006342
0.317,-0.0695018561132677
0.318,-0.06889671202506109
0.319,-0.06829683502819599
0.32,-0.06770217932583904
0.321,-0.06711269951813309
0.322,-0.0665283505987879
0.323,-0.06594908795169914
0.324,-0.06537486734759587
0.325,-0.06480564494071579
0.326,-0.06424137726550848
0.327,-0.06368202123336612
0.328,-0.06312753412938174
0.329,-0.06257787360913443
0.33,-0.062032997695501746
0.331,-0.061492864775498694
0.332,-0.06095743359714338
0.333,-0.06042666326634895
0.334,-0.059900513243841665
0.335,-0.05937894334210498
0.336,-0.05886191372234926
0.337,-0.0583493848915071
0.338,-0.057841317699253963
0.339,-0.057337673335053935
0.34,-0.05683841332523043
0.341,-0.05634349953006164
0.342,-0.05585289414090051
0.343,-0.05536655967731908
0.34400000000000003,-0.05488445898427699
0.34500000000000003,-0.054406555229313924
0.34600000000000003,-0.05393281189976584
0.34700000000000003,-0.053463192800004805
0.34800000000000003,-0.05299766204870219
0.34900000000000003,-0.05253618407611511
0.35000000000000003,-0.05207872362139585
0.35100000000000003,-0.0516252457299242
0.352,-0.05117571575066232
0.353,-0.05073009933353222
0.354,-0.05028836242681544
0.355,-0.04985047127457484
0.356,-0.0494163924140984
0.357,-0.04898609267336468
0.358,-0.04855953916852994
0.359,-0.04813669930143661
0.36,-0.047717540757143
0.361,-0.04730203150147408
0.362,-0.04689013977859315
0.363,-0.04648183410859421
0.364,-0.04607708328511487
0.365,-0.045675856372969656
0.366,-0.04527812270580354
0.367,-0.044883851883765445
0.368,-0.04449301377120174
0.369,-0.044105578494369344
0.37,-0.04372151643916846
0.371,-0.04334079824889468
0.372,-0.042963394822010316
0.373,-0.0425892773099348
0.374,-0.04221841711485405
0.375,-0.041850785887548515
0.376,-0.04148635552523992
0.377,-0.04112509816945639
0.378,-0.04076698620391593
0.379,-0.040411992252427996
0.38,-0.04006008917681311
0.381,-0.039711250074840304
0.382,-0.039365448278182245
0.383,-0.039022657350387964
0.384,-0.03868285108487294
0.385,-0.03834600350292646
0.386,-0.0380120888517361
0.387,-0.037681081602429174
0.388,-0.03735295644813103
0.389,-0.037027688302040014
0.39,-0.03670525229551899
0.391,-0.036385623776203295
0.392,-0.03606877830612493
0.393,-0.035754691659852934
0.394,-0.03544333982264973
0.395,-0.03513469898864334
0.396,-0.03482874555901535
0.397,-0.03452545614020447
0.398,-0.03422480754212557
0.399,-0.03392677677640405
0.4,-0.03363134105462543
0.401,-0.03333847778660001
0.402,-0.03304816457864251
0.403,-0.03276037923186651
0.404,-0.03247509974049364
0.405,-0.03219230429017728
0.406,-0.03191197125634082
0.40700000000000003,-0.03163407920253013
0.40800000000000003,-0.03135860687878035
0.40900000000000003,-0.031085533219996745
0.41000000000000003,-0.030814837344349477
0.41100000000000003,-0.030546498551682316
0.41200000000000003,-0.030280496321935038
0.41300000000000003,-0.030016810313579466
0.41400000000000003,-0.029755420362069004
0.41500000000000004,-0.029496306478301575
0.41600000000000004,-0.02923944884709582
0.417,-0.02898482782568048
0.418,-0.028732423942196827
0.419,-0.028482217894214026
0.42,-0.028234190547257343
0.421,-0.027988322933349057
0.422,-0.027744596249562013
0.423,-0.02750299185658566
0.424,-0.027263491277304496
0.425,-0.027026076195388805
0.426,-0.026790728453897593
0.427,-0.026557430053893594
0.428,-0.026326163153070282
0.429,-0.026096910064390726
0.43,-0.025869653254738268
0.431,-0.025644375343578843
0.432,-0.025421059101634894
0.433,-0.02519968744957077
0.434,-0.02498024345668949
0.435,-0.024762710339640805
0.436,-0.02454707146114043
0.437,-0.0243333103287004
0.438,-0.024121410593370373
0.439,-0.023911356048489884
0.44,-0.02370313062845138
0.441,-0.023496718407473974
0.442,-0.023292103598387827
0.443,-0.023089270551429068
0.444,-0.022888203753045146
0.445,-0.022688887824710548
0.446,-0.022491307521752758
0.447,-0.022295447732188424
0.448,-0.022101293475569595
0.449,-0.021908829901839955
0.45,-0.021718042290200985
0.451,-0.021528916047987953
0.452,-0.02134143670955565
0.453,-0.021155589935173785
0.454,-0.020971361509931962
0.455,-0.020788737342654164
0.456,-0.02060770346482263
0.457,-0.020428246029511085
0.458,-0.020250351310327222
0.459,-0.02007400570036435
0.46,-0.019899195711162148
0.461,-0.019725907971676428
0.462,-0.019554129227257838
0.463,-0.019383846338639436
0.464,-0.01921504628093304
0.465,-0.01904771614263429
0.466,-0.01888184312463635
0.467,-0.018717414539252172
0.468,-0.018554417809245237
0.46900000000000003,-0.018392840466868718
0.47000000000000003,-0.018232670152912987
0.47100000000000003,-0.01807389461576138
0.47200000000000003,-0.017916501710454173
0.47300000000000003,-0.01776047939776067
0.47400000000000003,-0.017605815743259375
0.47500000000000003,-0.01745249891642611
0.47600000000000003,-0.017300517189730087
0.47700000000000004,-0.017149858937737825
0.47800000000000004,-0.017000512636224825
0.47900000000000004,-0.016852466861294994
0.48,-0.01670571028850769
0.481,-0.016560231692012362
0.482,-0.016416019943690716
0.483,-0.01627306401230631
0.484,-0.016131352962661542
0.485,-0.015990875954761993
0.486,-0.01585162224298798
0.487,-0.01571358117527335
0.488,-0.015576742192291373
0.489,-0.015441094826647747
0.49,-0.015306628702080582
0.491,-0.01517333353266735
0.492,-0.015041199122038728
0.493,-0.014910215362599271
0.494,-0.014780372234754856
0.495,-0.014651659806146838
0.496,-0.014524068230892867
0.497,-0.014397587748834303
0.498,-0.014272208684790174
0.499,-0.014147921447817607
0.5,-0.014024716530478702
0.501,-0.013902584508113772
0.502,-0.013781516038120901
0.503,-0.013661501859241766
0.504,-0.013542532790853663
0.505,-0.013424599732267698
0.506,-0.013307693662033071
0.507,-0.013191805637247412
0.508,-0.013076926792873107
0.509,-0.01296304834105958
0.51,-0.012850161570471457
0.511,-0.012738257845622582
0.512,-0.012627328606215812
0.513,-0.012517365366488559
0.514,-0.012408359714564027
0.515,-0.012300303311808083
0.516,-0.012193187892191726
0.517,-0.012087005261659099
0.518,-0.011981747297500994
0.519,-0.011877405947733812
0.52,-0.011773973230483922
0.521,-0.011671441233377365
0.522,-0.011569802112934882
0.523,-0.011469048093972192
0.524,-0.011369171469005492
0.525,-0.011270164597662124
0.526,-0.011172019906096372
0.527,-0.01107472988641034
0.528,-0.010978287096079863
0.529,-0.010882684157385417
0.53,-0.01078791375684798
0.531,-0.010693968644669793
0.532,-0.010600841634179996
0.533,-0.010508525601285078
0.534,-0.010417013483924115
0.535,-0.01032629828152874
0.536,-0.010236373054487819
0.537,-0.010147230923616777
0.538,-0.010058865069631547
0.539,-0.009971268732627091
0.54,-0.00988443521156046
0.541,-0.009798357863738354
0.542,-0.009713030104309135
0.543,-0.009628445405759268
0.544,-0.009544597297414132
0.545,-0.009461479364943187
0.546,-0.00937908524986944
0.547,-0.009297408649083178
0.548,-0.009216443314359933
0.549,-0.00913618305188265
0.55,-0.009056621721767997
0.551,-0.00897775323759681
0.552,-0.008899571565948622
0.553,-0.008822070725940236
0.554,-0.00874524478876832
0.555,-0.008669087877255982
0.556,-0.008593594165403283
0.557,-0.008518757877941673
0.558,-0.008444573289892298
0.559,-0.008371034726128155
0.56,-0.008298136560940047
0.561,-0.008225873217606332
0.562,-0.0081542391679664
0.5630000000000001,-0.008083228931997874
0.5640000000000001,-0.008012837077397486
0.5650000000000001,-0.0079430582191656
0.5660000000000001,-0.007873887019194352
0.5670000000000001,-0.007805318185859378
0.5680000000000001,-0.007737346473615083
0.5690000000000001,-0.007669966682593453
0.5700000000000001,-0.007603173658206341
0.5710000000000001,-0.007536962290751221
0.5720000000000001,-0.007471327515020376
0.5730000000000001,-0.007406264309913484
0.5740000000000001,-0.007341767698053577
0.5750000000000001,-0.007277832745406342
0.5760000000000001,-0.007214454560902741
0.577,-0.007151628296064906
0.578,-0.007089349144635298
0.579,-0.00702761234220909
0.58,-0.006966413165869756
0.581,-0.006905746933827822
0.582,-0.006845609005062772
0.583,-0.006785994778968062
0.584,-0.00672689969499923
0.585,-0.006668319232325067
0.586,-0.006610248909481827
0.587,-0.006552684284030441
0.588,-0.006495620952216723
0.589,-0.006439054548634524
0.59,-0.006382980745891831
0.591,-0.006327395254279761
0.592,-0.006272293821444442
0.593,-0.0062176722320617505
0.594,-0.006163526307514877
0.595,-0.006109851905574706
0.596,-0.006056644920082966
0.597,-0.006003901280638152
0.598,-0.005951616952284172
0.599,-0.005899787935201707
0.6,-0.005848410264402259
0.601,-0.005797480009424863
0.602,-0.0057469932740354356
0.603,-0.005696946195928746
0.604,-0.005647334946432977
0.605,-0.0055981557302168606
0.606,-0.005549404784999365
0.607,-0.0055010783812619035
0.608,-0.005453172821963054
0.609,-0.005405684442255761
0.61,-0.005358609609206995
0.611,-0.005311944721519864
0.612,-0.005265686209258129
0.613,-0.005219830533573132
0.614,-0.00517437418643309
0.615,-0.005129313690354757
0.616,-0.00508464559813741
0.617,-0.005040366492599163
0.618,-0.0049964729863155675
0.619,-0.004952961721360493
0.62,-0.0049098293690492635
0.621,-0.004867072629684031
0.622,-0.004824688232301362
0.623,-0.004782672934422027
0.624,-0.004741023521802963
0.625,-0.004699736808191402
0.626,-0.004658809635081133
0.627,-0.004618238871470894
0.628,-0.004578021413624857
0.629,-0.004538154184835212
0.63,-0.004498634135186806
0.631,-0.004459458241323837
0.632,-0.0044206235062185795
0.633,-0.004382126958942123
0.634,-0.0043439656544371034
0.635,-0.00430613667329242
0.636,-0.004268637121519908
0.637,-0.004231464130332958
0.638,-0.004194614855927059
0.639,-0.004158086479262265
0.64,-0.004121876205847537
0.641,-0.004085981265526976
0.642,-0.004050398912267916
0.643,-0.004015126423950856
0.644,-0.003980161102161226
0.645,-0.003945500271982965
0.646,-0.003911141281793896
0.647,-0.0038770815030628836
0.648,-0.0038433183301487556
0.649,-0.0038098491801009785
0.65,-0.003776671492462066
0.651,-0.00374378272907171
0.652,-0.0037111803738726144
0.653,-0.003678861932718023
0.654,-0.0036468249331809205
0.655,-0.003615066924364896
0.656,-0.003583585476716653
0.657,-0.0035523781818401537
0.658,-0.0035214426523123782
0.659,-0.003490776521500691
0.66,-0.003460377443381796
0.661,-0.0034302430923622697
0.662,-0.003400371163100655
0.663,-0.0033707593703311057
0.664,-0.003341405448688565
0.665,-0.0033123071525354686
0.666,-0.0032834622557899548
0.667,-0.003254868551755571
0.668,-0.003226523852952464
0.669,-0.003198425990950038
0.67,-0.003170572816201073
0.671,-0.003142962197877283
0.672,-0.0031155920237063133
0.673,-0.0030884601998101475
0.674,-0.0030615646505449306
0.675,-0.0030349033183421814
0.676,-0.00300847416355139
0.677,-0.0029822751642839852
0.678,-0.0029563043162586598
0.679,-0.002930559632648044
0.68,-0.0029050391439267137
0.681,-0.002879740897720522
0.682,-0.0028546629586572417
0.683,-0.0028298034082185107
0.684,-0.0028051603445930647
0.685,-0.002780731882531249
0.686,-0.002756516153200796
0.687,-0.0027325113040438595
0.6880000000000001,-0.002708715498635294
0.6890000000000001,-0.002685126916542168
0.6900000000000001,-0.0026617437531844994
0.6910000000000001,-0.0026385642196972052
0.6920000000000001,-0.002615586542793253
0.6930000000000001,-0.002592808964628004
0.6940000000000001,-0.002570229742664736
0.6950000000000001,-0.002547847149541339
0.6960000000000001,-0.002525659472938173
0.6970000000000001,-0.002503665015447071
0.6980000000000001,-0.0024818620944414903
0.6990000000000001,-0.002460249041947788
0.7000000000000001,-0.0024388242045176203
0.7010000000000001,-0.002417585943101454
0.7020000000000001,-0.0023965326329231764
0.7030000000000001,-0.0023756626633557993
0.704,-0.0023549744377982457
0.705,-0.0023344663735532073
0.706,-0.002314136901706068
0.707,-0.002293984467004879
0.708,-0.002274007527741383
0.709,-0.00225420455563307
0.71,-0.002234574035706264
0.711,-0.002215114466180224
0.712,-0.0021958243583522588
0.713,-0.0021767022364838373
0.714,-0.002157746637687695
0.715,-0.0021389561118159203
0.716,-0.002120329221349017
0.717,-0.002101864541285933
0.718,-0.0020835606590350448
0.719,-0.002065416174306094
0.72,-0.0020474296990030624
0.721,-0.002029599857117982
0.722,-0.002011925284625668
0.723,-0.001994404629379369
0.724,-0.0019770365510073263
0.725,-0.0019598197208102346
0.726,-0.0019427528216595929
0.727,-0.001925834547896944
0.728,-0.0019090636052339894
0.729,-0.0018924387106535742
0.73,-0.0018759585923115347
0.731,-0.0018596219894394007
0.732,-0.0018434276522479446
0.733,-0.0018273743418315707
0.734,-0.0018114608300735374
0.735,-0.0017956858995520045
0.736,-0.0017800483434468979
0.737,-0.001764546965447587
0.738,-0.0017491805796613642
0.739,-0.0017339480105227228
0.74,-0.0017188480927034242
0.741,-0.0017038796710233486
0.742,-0.0016890416003621216
0.743,-0.0016743327455715112
0.744,-0.0016597519813885862
0.745,-0.0016452981923496324
0.746,-0.0016309702727048175
0.747,-0.0016167671263335997
0.748,-0.0016026876666608723
0.749,-0.0015887308165738387
0.75,-0.001574895508339612
0.751,-0.0015611806835235309
0.752,-0.0015475852929081881
0.753,-0.0015341082964131633
0.754,-0.0015207486630154545
0.755,-0.001507505370670604
0.756,-0.0014943774062345092
0.757,-0.001481363765385916
0.758,-0.0014684634525495856
0.759,-0.001455675480820132
0.76,-0.0014429988718865211
0.761,-0.0014304326559572288
0.762,-0.0014179758716860497
0.763,-0.0014056275660985522
0.764,-0.0013933867945191748
0.765,-0.0013812526204989557
0.766,-0.0013692241157438935
0.767,-0.0013573003600439303
0.768,-0.0013454804412025543
0.769,-0.001333763454967015
0.77,-0.0013221485049591452
0.771,-0.0013106347026067878
0.772,-0.001299221167075817
0.773,-0.0012879070252027535
0.774,-0.0012766914114279652
0.775,-0.0012655734677294505
0.776,-0.001254552343557198
0.777,-0.0012436271957681174
0.778,-0.0012327971885615374
0.779,-0.0012220614934152654
0.78,-0.001211419289022204
0.781,-0.0012008697612275188
0.782,-0.001190412102966354
0.783,-0.0011800455142020909
0.784,-0.0011697692018651426
0.785,-0.001159582379792283
0.786,-0.0011494842686665039
0.787,-0.0011394740959573947
0.788,-0.0011295510958620433
0.789,-0.0011197145092464496
0.79,-0.001109963583587451
0.791,-0.0011002975729151518
0.792,-0.001090715737755856
0.793,-0.0010812173450754953
0.794,-0.0010718016682235503
0.795,-0.001062467986877461
0.796,-0.001053215586987519
0.797,-0.0010440437607222434
0.798,-0.001034951806414228
0.799,-0.0010259390285064637
0.8,-0.0010170047374991257
0.801,-0.0010081482498968263
0.802,-0.0009993688881563252
0.803,-0.0009906659806346969
0.804,-0.0009820388615379473
0.805,-0.00097348687087008
0.806,-0.0009650093543826046
0.807,-0.0009566056635244854
0.808,-0.0009482751553925259
0.809,-0.0009400171926821852
0.81,-0.0009318311436388227
0.811,-0.0009237163820093674
0.812,-0.0009156722869944085
0.8130000000000001,-0.0009076982432007023
0.8140000000000001,-0.0008997936405940938
0.8150000000000001,-0.0008919578744528473
0.8160000000000001,-0.000884190345321384
0.8170000000000001,-0.0008764904589644221
0.8180000000000001,-0.0008688576263215167
0.8190000000000001,-0.0008612912634619952
0.8200000000000001,-0.0008537907915402854
0.8210000000000001,-0.0008463556367516322
0.8220000000000001,-0.0008389852302882006
0.8230000000000001,-0.0008316790082955603
0.8240000000000001,-0.0008244364118295497
0.8250000000000001,-0.0008172568868135153
0.8260000000000001,-0.0008101398839959236
0.8270000000000001,-0.0008030848589083422
0.8280000000000001,-0.0007960912718237863
0.8290000000000001,-0.000789158587715429
0.8300000000000001,-0.00078228627621567
0.8310000000000001,-0.0007754738115755611
0.8320000000000001,-0.000768720672624586
0.833,-0.0007620263427307886
0.834,-0.0007553903097612501
0.835,-0.0007488120660429092
0.836,-0.0007422911083237243
0.837,-0.0007358269377341734
0.838,-0.0007294190597490891
0.839,-0.0007230669841498268
0.84,-0.0007167702249867616
0.841,-0.0007105283005421117
0.842,-0.0007043407332930864
0.843,-0.0006982070498753542
0.844,-0.0006921267810468291
0.845,-0.000686099461651773
0.846,-0.0006801246305852096
0.847,-0.0006742018307576493
0.848,-0.0006683306090601204
0.849,-0.0006625105163295054
0.85,-0.0006567411073141787
0.851,-0.0006510219406399442
0.852,-0.0006453525787762687
0.853,-0.0006397325880028102
0.854,-0.0006341615383762369
0.855,-0.0006286390036973355
0.856,-0.0006231645614784062
0.857,-0.0006177377929109415
0.858,-0.0006123582828335856
0.859,-0.0006070256197003743
0.86,-0.0006017393955492507
0.861,-0.0005964992059708547
0.862,-0.0005913046500775851
0.863,-0.0005861553304729305
0.864,-0.0005810508532210675
0.865,-0.0005759908278167241
0.866,-0.0005709748671553044
0.867,-0.0005660025875032747
0.868,-0.0005610736084688066
0.869,-0.0005561875529726767
0.87,-0.0005513440472194185
0.871,-0.0005465427206687262
0.872,-0.0005417832060071079
0.873,-0.0005370651391197848
0.874,-0.0005323881590628359
0.875,-0.0005277519080355845
0.876,-0.0005231560313532259
0.877,-0.0005186001774196931
0.878,-0.0005140839977007587
0.879,-0.0005096071466973714
0.88,-0.0005051692819192243
0.881,-0.0005007700638585536
0.882,-0.0004964091559641657
0.883,-0.0004920862246156895
0.884,-0.00048780093909805457
0.885,-0.0004835529715761899
0.886,-0.000479341997069944
0.887,-0.00047516769342922336
0.888,-0.0004710297413093466
0.889,-0.0004669278241466144
0.89,-0.0004628616281340913
0.891,-0.0004588308421975987
0.892,-0.000454835157971917
0.893,-0.00045087426977719503
0.894,-0.00044694787459556454
0.895,-0.00044305567204795866
0.896,-0.00043919736437113234
0.897,-0.0004353726563948825
0.898,-0.00043158125551946697
0.899,-0.0004278228716932198
0.9,-0.00042409721739036153
0.901,-0.0004204040075890029
0.902,-0.00041674295974934
0.903,-0.00041311379379203904
0.904,-0.0004095162320768099
0.905,-0.0004059499993811656
0.906,-0.0004024148228793676
0.907,-0.0003989104321215534
0.908,-0.00039543655901304694
0.909,-0.0003919929377938484
0.91,-0.000388579305018303
0.911,-0.00038519539953494675
0.912,-0.0003818409624665278
0.913,-0.0003785157371902015
0.914,-0.0003752194693178984
0.915,-0.0003719519066768626
0.916,-0.0003687127992903601
0.917,-0.00036550189935855514
0.918,-0.0003623189612395524
0.919,-0.00035916374143060535
0.92,-0.00035603599854948733
0.921,-0.0003529354933160253
0.922,-0.0003498619885337944
0.923,-0.0003468152490719717
0.924,-0.0003437950418473482
0.925,-0.00034080113580649735
0.926,-0.0003378333019080989
0.927,-0.00033489131310541673
0.928,-0.00033197494432892914
0.929,-0.0003290839724691104
0.93,-0.00032621817635936263
0.931,-0.0003233773367590955
0.932,-0.0003205612363369543
0.933,-0.0003177696596541933
0.934,-0.00031500239314819395
0.935,-0.00031225922511612735
0.936,-0.00030953994569875797
0.937,-0.00030684434686438906
0.9380000000000001,-0.00030417222239294777
0.9390000000000001,-0.00030152336786020876
0.9400000000000001,-0.00029889758062215524
0.9410000000000001,-0.0002962946597994761
0.9420000000000001,-0.0002937144062621983
0.9430000000000001,-0.0002911566226144529
0.9440000000000001,-0.0002886211131793736
0.9450000000000001,-0.0002861076839841274
0.9460000000000001,-0.00028361614274507465
0.9470000000000001,-0.0002811462988530593
0.9480000000000001,-0.0002786979633588266
0.9490000000000001,-0.0002762709489585681
0.9500000000000001,-0.00027386506997959247
0.9510000000000001,-0.00027148014236612095
0.9520000000000001,-0.00026911598366520674
0.9530000000000001,-0.0002667724130127769
0.9540000000000001,-0.0002644492511197957
0.9550000000000001,-0.0002621463202585486
0.9560000000000001,-0.00025986344424904585
0.9570000000000001,-0.00025760044844554386
0.9580000000000001,-0.00025535715972318466
0.9590000000000001,-0.00025313340646475145
0.96,-0.00025092901854753926
0.961,-0.0002487438273303403
0.962,-0.00024657766564054235
0.963,-0.0002444303677613398
0.964,-0.00024230176941905575
0.965,-0.0002401917077705748
0.966,-0.00023810002139088498
0.967,-0.00023602655026072852
0.968,-0.00023397113575435985
0.969,-0.00023193362062741036
0.97,-0.0002299138490048588
0.971,-0.00022791166636910656
0.972,-0.00022592691954815655
0.973,-0.00022395945670389522
0.974,-0.00022200912732047654
0.975,-0.0002200757821928072
0.976,-0.00021815927341513208
0.977,-0.00021625945436971896
0.978,-0.00021437617971564204
0.979,-0.00021250930537766288
0.98,-0.00021065868853520838
0.981,-0.0002088241876114446
0.982,-0.00020700566226244574
0.983,-0.00020520297336645764
0.984,-0.0002034159830132544
0.985,-0.00020164455449358802
0.986,-0.0001998885522887298
0.987,-0.00019814784206010285
0.988,-0.00019642229063900475
0.989,-0.0001947117660164199
0.99,-0.00019301613733292046
0.991,-0.00019133527486865529
0.992,-0.00018966905003342605
0.993,-0.00018801733535684975
0.994,-0.00018638000447860693
0.995,-0.00018475693213877473
0.996,-0.0001831479941682443
0.997,-0.0001815530674792215
0.998,-0.0001799720300558103
0.999,-0.00017840476094467842
1.0,-0.00017685114024580393
1.0010000000000001,-0.00017531104910330274
1.002,-0.0001737843696963357
1.0030000000000001,-0.00017227098523009513
1.004,-0.0001707707799268696
1.0050000000000001,-0.00016928363901718682
1.006,-0.00016780944873103325
1.0070000000000001,-0.00016634809628915064
1.008,-0.00016489946989440803
1.0090000000000001,-0.00016346345872324892
1.01,-0.00016203995291721315
1.0110000000000001,-0.00016062884357453234
1.012,-0.00015923002274179863
1.0130000000000001,-0.00015784338340570604
1.014,-0.00015646881948486364
1.0150000000000001,-0.00015510622582168006
1.016,-0.00015375549817431866
1.0170000000000001,-0.00015241653320872283
1.018,-0.00015108922849071062
1.0190000000000001,-0.00014977348247813827
1.02,-0.00014846919451313198
1.0210000000000001,-0.00014717626481438735
1.022,-0.0001458945944695359
1.0230000000000001,-0.00014462408542757787
1.024,-0.0001433646404913813
1.025,-0.00014211616331024602
1.026,-0.00014087855837253266
1.027,-0.00013965173099835575
1.028,-0.00013843558733234052
1.029,-0.00013723003433644264
1.03,-0.00013603497978283063
1.031,-0.00013485033224683023
1.032,-0.00013367600109993012
1.033,-0.00013251189650284863
1.034,-0.00013135792939866087
1.035,-0.00013021401150598553
1.036,-0.00012908005531223125
1.037,-0.00012795597406690165
1.038,-0.00012684168177495866
1.039,-0.00012573709319024372
1.04,-0.00012464212380895625
1.041,-0.00012355668986318885
1.042,-0.00012248070831451892
1.043,-0.0001214140968476559
1.044,-0.00012035677386414406
1.045,-0.00011930865847611995
1.046,-0.00011826967050012427
1.047,-0.00011723973045096769
1.048,-0.00011621875953564996
1.049,-0.0001152066796473321
1.05,-0.00011420341335936103
1.051,-0.00011320888391934618
1.052,-0.00011222301524328783
1.053,-0.00011124573190975642
1.054,-0.00011027695915412265
1.055,-0.00010931662286283779
1.056,-0.00010836464956776382
1.057,-0.00010742096644055292
1.058,-0.00010648550128707594
1.059,-0.00010555818254189934
1.06,-0.00010463893926281027
1.061,-0.00010372770112538929
1.062,-0.00010282439841763043
1.063,-0.000101928962034608
1.064,-0.00010104132347318988
1.065,-0.00010016141482679691
1.066,-9.928916878020785e-05
1.067,-9.842451860440952e-05
1.068,-9.756739815149198e-05
1.069,-9.6717741849588e-05
1.07,-9.587548469785663e-05
1.071,-9.504056226151046e-05
1.072,-9.421291066688626e-05
1.073,-9.339246659655842e-05
1.074,-9.257916728449506e-05
1.075,-9.177295051125624e-05
1.076,-9.097375459923401e-05
1.077,-9.018151840793394e-05
1.078,-8.939618132929771e-05
1.079,-8.861768328306646e-05
1.08,-8.784596471218446e-05
1.081,-8.708096657824286e-05
1.082,-8.632263035696312e-05
1.083,-8.557089803371977e-05
1.084,-8.482571209910209e-05
1.085,-8.408701554451454e-05
1.086,-8.335475185781546e-05
1.087,-8.26288650189937e-05
1.088,-8.190929949588303e-05
1.089,-8.11960002399137e-05
1.09,-8.048891268190118e-05
1.091,-7.978798272787141e-05
1.092,-7.909315675492247e-05
1.093,-7.840438160712237e-05
1.094,-7.772160459144239e-05
1.095,-7.704477347372602e-05
1.096,-7.637383647469285e-05
1.097,-7.570874226597736e-05
1.098,-7.504943996620216e-05
1.099,-7.439587913708543e-05
1.1,-7.37480097795823e-05
1.101,-7.310578233005973e-05
1.102,-7.246914765650483e-05
1.103,-7.183805705476614e-05
1.104,-7.121246224482757e-05
1.105,-7.059231536711494e-05
1.106,-6.997756897883454e-05
1.107,-6.93681760503437e-05
1.108,-6.876408996155282e-05
1.109,-6.81652644983589e-05
1.11,-6.757165384911001e-05
1.111,-6.698321260110053e-05
1.112,-6.63998957370971e-05
1.113,-6.582165863189454e-05
1.114,-6.5248457048902e-05
1.115,-6.468024713675873e-05
1.116,-6.411698542597932e-05
1.117,-6.355862882562821e-05
1.118,-6.300513462002308e-05
1.119,-6.245646046546704e-05
1.12,-6.19125643870092e-05
1.121,-6.137340477523351e-05
1.122,-6.083894038307548e-05
1.123,-6.0309130322666756e-05
1.124,-5.978393406220701e-05
1.125,-5.9263311422863224e-05
1.1260000000000001,-5.8747222575695876e-05
1.127,-5.823562803861193e-05
1.1280000000000001,-5.772848867334435e-05
1.129,-5.722576568245795e-05
1.1300000000000001,-5.672742060638127e-05
1.131,-5.623341532046431e-05
1.1320000000000001,-5.574371203206194e-05
1.133,-5.5258273277642626e-05
1.1340000000000001,-5.477706191992241e-05
1.135,-5.430004114502379e-05
1.1360000000000001,-5.382717445965937e-05
1.137,-5.3358425688340046e-05
1.1380000000000001,-5.2893758970607475e-05
1.139,-5.243313875829066e-05
1.1400000000000001,-5.197652981278645e-05
1.141,-5.152389720236365e-05
1.1420000000000001,-5.10752062994907e-05
1.143,-5.0630422778186586e-05
1.1440000000000001,-5.018951261139477e-05
1.145,-4.9752442068380065e-05
1.1460000000000001,-4.9319177712148166e-05
1.147,-4.8889686396887596e-05
1.1480000000000001,-4.8463935265433994e-05
1.149,-4.804189174675646e-05
1.1500000000000001,-4.762352355346577e-05
1.151,-4.7208798679344346e-05
1.1520000000000001,-4.679768539689765e-05
1.153,-4.6390152254927e-05
1.154,-4.598616807612342e-05
1.155,-4.558570195468258e-05
1.156,-4.518872325394032e-05
1.157,-4.479520160402896e-05
1.158,-4.4405106899553885e-05
1.159,-4.4018409297290394e-05
1.16,-4.3635079213900655e-05
1.161,-4.325508732367048e-05
1.162,-4.287840455626585e-05
1.163,-4.250500209450894e-05
1.164,-4.213485137217355e-05
1.165,-4.176792407179973e-05
1.166,-4.1404192122527386e-05
1.167,-4.104362769794881e-05
1.168,-4.068620321397989e-05
1.169,-4.033189132674986e-05
1.17,-3.998066493050943e-05
1.171,-3.963249715555711e-05
1.172,-3.928736136618362e-05
1.173,-3.894523115863419e-05
1.174,-3.860608035908862e-05
1.175,-3.82698830216589e-05
1.176,-3.793661342640428e-05
1.177,-3.760624607736365e-05
1.178,-3.727875570060503e-05
1.179,-3.6954117242292025e-05
1.18,-3.663230586676719e-05
1.181,-3.6313296954651986e-05
1.182,-3.5997066100963395e-05
1.183,-3.5683589113246816e-05
1.184,-3.537284200972533e-05
1.185,-3.506480101746501e-05
1.186,-3.475944257055624e-05
1.187,-3.4456743308310854e-05
1.188,-3.4156680073475e-05
1.189,-3.3859229910457536e-05
1.19,-3.356437006357388e-05
1.191,-3.327207797530514e-05
1.192,-3.2982331284572424e-05
1.193,-3.269510782502611e-05
1.194,-3.241038562335012e-05
1.195,-3.2128142897580895e-05
1.196,-3.1848358055440986e-05
1.197,-3.157100969268724e-05
1.198,-3.1296076591473276e-05
1.199,-3.1023537718726294e-05
1.2,-3.075337222453799e-05
1.201,-3.0485559440569486e-05
1.202,-3.0220078878470127e-05
1.203,-2.99569102283101e-05
1.204,-2.9696033357026663e-05
1.205,-2.943742830688391e-05
1.206,-2.9181075293945958e-05
1.207,-2.8926954706563433e-05
1.208,-2.8675047103873115e-05
1.209,-2.842533321431068e-05
1.21,-2.8177793934136358e-05
1.211,-2.7932410325973465e-05
1.212,-2.7689163617359643e-05
1.213,-2.744803519931071e-05
1.214,-2.720900662489704e-05
1.215,-2.6972059607832307e-05
1.216,-2.6737176021074566e-05
1.217,-2.6504337895439465e-05
1.218,-2.6273527418225563e-05
1.219,-2.604472693185162e-05
1.22,-2.5817918932505746e-05
1.221,-2.5593086068806305e-05
1.222,-2.5370211140474505e-05
1.223,-2.514927709701853e-05
1.224,-2.4930267036429126e-05
1.225,-2.471316420388656e-05
1.226,-2.4497951990478842e-05
1.227,-2.4284613931931087e-05
1.228,-2.407313370734597e-05
1.229,-2.386349513795513e-05
1.23,-2.3655682185881447e-05
1.231,-2.3449678952912116e-05
1.232,-2.3245469679282393e-05
1.233,-2.3043038742469925e-05
1.234,-2.284237065599959e-05
1.235,-2.2643450068258747e-05
1.236,-2.24462617613228e-05
1.237,-2.225079064979098e-05
1.238,-2.2057021779632286e-05
1.239,-2.186494032704145e-05
1.24,-2.1674531597304895e-05
1.241,-2.1485781023676538e-05
1.242,-2.12986741662634e-05
1.243,-2.111319671092093e-05
1.244,-2.092933446815792e-05
1.245,-2.074707337205099e-05
1.246,-2.0566399479168487e-05
1.247,-2.0387298967503806e-05
1.248,-2.020975813541795e-05
1.249,-2.003376340059132e-05
1.25,-1.9859301298984657e-05
1.2510000000000001,-1.9686358483808984e-05
1.252,-1.951492172450455e-05
1.2530000000000001,-1.934497790572866e-05
1.254,-1.9176514026352327e-05
1.2550000000000001,-1.9009517198465642e-05
1.256,-1.8843974646391815e-05
1.2570000000000001,-1.8679873705709813e-05
1.258,-1.8517201822285496e-05
1.2590000000000001,-1.8355946551311188e-05
1.26,-1.8196095556353632e-05
1.2610000000000001,-1.8037636608410207e-05
1.262,-1.7880557584973386e-05
1.2630000000000001,-1.7724846469103335e-05
1.264,-1.7570491348508585e-05
1.2650000000000001,-1.7417480414634705e-05
1.266,-1.7265801961760933e-05
1.2670000000000001,-1.7115444386104647e-05
1.268,-1.696639618493365e-05
1.2690000000000001,-1.6818645955686175e-05
1.27,-1.667218239509858e-05
1.2710000000000001,-1.65269942983406e-05
1.272,-1.6383070558158155e-05
1.2730000000000001,-1.6240400164023625e-05
1.274,-1.6098972201293503e-05
1.2750000000000001,-1.595877585037341e-05
1.276,-1.5819800385890363e-05
1.2770000000000001,-1.568203517587226e-05
1.278,-1.55454696809345e-05
1.2790000000000001,-1.5410093453473706e-05
1.28,-1.5275896136868442e-05
1.281,-1.514286746468692e-05
1.282,-1.5010997259901585e-05
1.283,-1.4880275434110544e-05
1.284,-1.4750691986765785e-05
1.285,-1.4622237004408105e-05
1.286,-1.4494900659908708e-05
1.287,-1.4368673211717401e-05
1.288,-1.4243545003117347e-05
1.289,-1.4119506461486298e-05
1.29,-1.3996548097564265e-05
1.291,-1.3874660504727568e-05
1.292,-1.3753834358269204e-05
1.293,-1.3634060414685482e-05
1.294,-1.3515329510968877e-05
1.295,-1.3397632563907032e-05
1.296,-1.3280960569387874e-05
1.297,-1.3165304601710769e-05
1.298,-1.3050655812903691e-05
1.299,-1.293700543204633e-05
1.3,-1.2824344764599085e-05
1.301,-1.2712665191737924e-05
1.302,-1.260195816969501e-05
1.303,-1.249221522910509e-05
1.304,-1.2383427974357562e-05
1.305,-1.227558808295419e-05
1.306,-1.2168687304872417e-05
1.307,-1.2062717461934209e-05
1.308,-1.1957670447180413e-05
1.309,-1.1853538224250548e-05
1.31,-1.1750312826768005e-05
1.311,-1.1647986357730602e-05
1.312,-1.1546550988906438e-05
1.313,-1.1445998960235018e-05
1.314,-1.1346322579233586e-05
1.315,-1.1247514220408634e-05
1.316,-1.1149566324672529e-05
1.317,-1.1052471398765228e-05
1.318,-1.095622201468102e-05
1.319,-1.0860810809100268e-05
1.32,-1.0766230482826096e-05
1.321,-1.0672473800225982e-05
1.322,-1.0579533588678213e-05
1.323,-1.0487402738023164e-05
1.324,-1.0396074200019349e-05
1.325,-1.0305540987804215e-05
1.326,-1.0215796175359634e-05
1.327,-1.0126832896982035e-05
1.328,-1.0038644346757168e-05
1.329,-9.951223778039434e-06
1.33,-9.864564502935747e-06
1.331,-9.778659891793895e-06
1.332,-9.693503372695355e-06
1.333,-9.609088430952525e-06
1.334,-9.525408608610329e-06
1.335,-9.442457503952178e-06
1.336,-9.360228771010211e-06
1.337,-9.27871611907982e-06
1.338,-9.197913312238394e-06
1.339,-9.117814168868252e-06
1.34,-9.038412561183737e-06
1.341,-8.959702414762424e-06
1.342,-8.881677708080411e-06
1.343,-8.80433247205166e-06
1.344,-8.727660789571342e-06
1.345,-8.651656795063165e-06
1.346,-8.576314674030647e-06
1.347,-8.501628662612287e-06
1.348,-8.427593047140622e-06
1.349,-8.354202163705107e-06
1.35,-8.28145039771882e-06
1.351,-8.209332183488928e-06
1.352,-8.1378420037909e-06
1.353,-8.066974389446421e-06
1.354,-7.996723918904996e-06
1.355,-7.927085217829174e-06
1.356,-7.858052958683408e-06
1.357,-7.78962186032648e-06
1.358,-7.721786687607487e-06
1.359,-7.654542250965328e-06
1.36,-7.5878834060316985e-06
1.361,-7.521805053237532e-06
1.362,-7.456302137422866e-06
1.363,-7.391369647450114e-06
1.364,-7.327002615820699e-06
1.365,-7.2631961182950265e-06
1.366,-7.19994527351577e-06
1.367,-7.137245242634433e-06
1.368,-7.075091228941167e-06
1.369,-7.0134784774978085e-06
1.37,-6.952402274774115e-06
1.371,-6.891857948287172e-06
1.372,-6.831840866243929e-06
1.373,-6.7723464371868615e-06
1.374,-6.713370109642712e-06
1.375,-6.654907371774289e-06
1.3760000000000001,-6.596953751035302e-06
1.377,-6.5395048138281985e-06
1.3780000000000001,-6.482556165164986e-06
1.379,-6.4261034483309984e-06
1.3800000000000001,-6.3701423445516045e-06
1.381,-6.314668572661804e-06
1.3820000000000001,-6.259677888778712e-06
1.383,-6.2051660859768865e-06
1.3840000000000001,-6.151128993966494e-06
1.385,-6.097562478774268e-06
1.3860000000000001,-6.0444624424272504e-06
1.387,-5.991824822639286e-06
1.3880000000000001,-5.9396455925002476e-06
1.389,-5.887920760167969e-06
1.3900000000000001,-5.836646368562857e-06
1.391,-5.785818495065164e-06
1.3920000000000001,-5.735433251214902e-06
1.393,-5.685486782414361e-06
1.3940000000000001,-5.6359752676332224e-06
1.395,-5.5868949191162465e-06
1.3960000000000001,-5.538241982093494e-06
1.397,-5.490012734493077e-06
1.3980000000000001,-5.442203486656415e-06
1.399,-5.394810581055964e-06
1.4000000000000001,-5.347830392015405e-06
1.401,-5.301259325432274e-06
1.4020000000000001,-5.255093818503003e-06
1.403,-5.209330339450355e-06
1.4040000000000001,-5.1639653872532365e-06
1.405,-5.118995491378859e-06
1.4060000000000001,-5.074417211517233e-06
1.407,-5.030227137317981e-06
1.408,-4.986421888129431e-06
1.409,-4.942998112739993e-06
1.41,-4.89995248912178e-06
1.411,-4.857281724176464e-06
1.412,-4.814982553483349e-06
1.413,-4.773051741049632e-06
1.414,-4.731486079062842e-06
1.415,-4.6902823876454336e-06
1.416,-4.64943751461152e-06
1.417,-4.608948335225722e-06
1.418,-4.5688117519641185e-06
1.419,-4.5290246942772756e-06
1.42,-4.489584118355345e-06
1.421,-4.450487006895204e-06
1.422,-4.411730368869624e-06
1.423,-4.373311239298448e-06
1.424,-4.335226679021764e-06
1.425,-4.297473774475053e-06
1.426,-4.260049637466291e-06
1.427,-4.222951404954996e-06
1.428,-4.1861762388331994e-06
1.429,-4.149721325708322e-06
1.43,-4.113583876687945e-06
1.431,-4.07776112716645e-06
1.432,-4.04225033661352e-06
1.433,-4.007048788364484e-06
1.434,-3.972153789412482e-06
1.435,-3.937562670202448e-06
1.436,-3.903272784426877e-06
1.437,-3.86928150882338e-06
1.438,-3.835586242973996e-06
1.439,-3.8021844091062517e-06
1.44,-3.76907345189596e-06
1.441,-3.736250838271728e-06
1.442,-3.7037140572211707e-06
1.443,-3.6714606195988132e-06
1.444,-3.6394880579356646e-06
1.445,-3.607793926250451e-06
1.446,-3.5763757998624898e-06
1.447,-3.5452312752061983e-06
1.448,-3.514357969647213e-06
1.449,-3.483753521300112e-06
1.45,-3.4534155888477263e-06
1.451,-3.4233418513620212e-06
1.452,-3.393530008126542e-06
1.453,-3.3639777784604005e-06
1.454,-3.3346829015437995e-06
1.455,-3.3056431362450733e-06
1.456,-3.276856260949236e-06
1.457,-3.2483200733880217e-06
1.458,-3.220032390471406e-06
1.459,-3.1919910481205944e-06
1.46,-3.164193901102464e-06
1.461,-3.1366388228654476e-06
1.462,-3.109323705376849e-06
1.463,-3.0822464589615718e-06
1.464,-3.0554050121422532e-06
1.465,-3.0287973114807926e-06
1.466,-3.0024213214212574e-06
1.467,-2.976275024134158e-06
1.468,-2.9503564193620788e-06
1.469,-2.924663524266654e-06
1.47,-2.899194373276874e-06
1.471,-2.8739470179387157e-06
1.472,-2.848919526766081e-06
1.473,-2.8241099850930325e-06
1.474,-2.7995164949273164e-06
1.475,-2.775137174805162e-06
1.476,-2.750970159647345e-06
1.477,-2.727013600616505e-06
1.478,-2.7032656649757023e-06
1.479,-2.6797245359482116e-06
1.48,-2.656388412578533e-06
1.481,-2.6332555095946134e-06
1.482,-2.610324057271271e-06
1.483,-2.5875923012948047e-06
1.484,-2.565058502628786e-06
1.485,-2.542720937381017e-06
1.486,-2.52057789667165e-06
1.487,-2.498627686502453e-06
1.488,-2.4768686276272145e-06
1.489,-2.455299055423277e-06
1.49,-2.4339173197641892e-06
1.491,-2.4127217848934678e-06
1.492,-2.391710829299457e-06
1.493,-2.3708828455912798e-06
1.494,-2.3502362403758676e-06
1.495,-2.3297694341360623e-06
1.496,-2.3094808611097784e-06
1.497,-2.28936896917022e-06
1.498,-2.2694322197071377e-06
1.499,-2.249669087509121e-06
1.5,-2.2300780606469164e-06
1.5010000000000001,-2.2106576403577617e-06
1.502,-2.191406340930725e-06
1.5030000000000001,-2.1723226895930454e-06
1.504,-2.1534052263974627e-06
1.5050000000000001,-2.134652504110526e-06
1.506,-2.1160630881018785e-06
1.5070000000000001,-2.097635556234503e-06
1.508,-2.0793684987559263e-06
1.5090000000000001,-2.061260518190369e-06
1.51,-2.043310229231835e-06
1.5110000000000001,-2.0255162586381324e-06
1.512,-2.0078772451258164e-06
1.5130000000000001,-1.9903918392660486e-06
1.514,-1.9730587033813618e-06
1.5150000000000001,-1.9558765114433237e-06
1.516,-1.938843948971094e-06
1.5170000000000001,-1.9219597129308625e-06
1.518,-1.905222511636162e-06
1.5190000000000001,-1.8886310646490543e-06
1.52,-1.872184102682171e-06
1.5210000000000001,-1.8558803675016111e-06
1.522,-1.839718611830682e-06
1.5230000000000001,-1.8236975992544808e-06
1.524,-1.8078161041253044e-06
1.5250000000000001,-1.792072911468885e-06
1.526,-1.7764668168914416e-06
1.5270000000000001,-1.76099662648754e-06
1.528,-1.7456611567487572e-06
1.5290000000000001,-1.7304592344731392e-06
1.53,-1.7153896966754482e-06
1.5310000000000001,-1.7004513904981919e-06
1.532,-1.6856431731234263e-06
1.5330000000000001,-1.6709639116853276e-06
1.534,-1.6564124831835251e-06
1.5350000000000001,-1.6419877743971888e-06
1.536,-1.627688681799865e-06
1.537,-1.6135141114750545e-06
1.538,-1.5994629790325243e-06
1.539,-1.5855342095253495e-06
1.54,-1.5717267373676773e-06
1.541,-1.5580395062532064e-06
1.542,-1.5444714690743777e-06
1.543,-1.5310215878422674e-06
1.544,-1.5176888336071786e-06
1.545,-1.5044721863799234e-06
1.546,-1.4913706350537922e-06
1.547,-1.4783831773272005e-06
1.548,-1.465508819627011e-06
1.549,-1.4527465770325222e-06
1.55,-1.4400954732001204e-06
1.551,-1.4275545402885856e-06
1.552,-1.4151228188850503e-06
1.553,-1.4027993579316018e-06
1.554,-1.3905832146525237e-06
1.555,-1.378473454482171e-06
1.556,-1.3664691509934742e-06
1.557,-1.3545693858270645e-06
1.558,-1.3427732486210173e-06
1.559,-1.331079836941207e-06
1.56,-1.3194882562122696e-06
1.561,-1.3079976196491639e-06
1.562,-1.296607048189331e-06
1.563,-1.2853156704254444e-06
1.564,-1.2741226225387436e-06
1.565,-1.263027048232951e-06
1.566,-1.2520280986687631e-06
1.567,-1.2411249323989113e-06
1.568,-1.2303167153037901e-06
1.569,-1.219602620527644e-06
1.57,-1.2089818284153116e-06
1.571,-1.1984535264495193e-06
1.572,-1.1880169091887223e-06
1.573,-1.1776711782054858e-06
1.574,-1.1674155420254037e-06
1.575,-1.1572492160665486e-06
1.576,-1.1471714225794494e-06
1.577,-1.1371813905875913e-06
1.578,-1.1272783558284344e-06
1.579,-1.1174615606949456e-06
1.58,-1.10773025417764e-06
1.581,-1.0980836918071262e-06
1.582,-1.088521135597153e-06
1.583,-1.0790418539881517e-06
1.584,-1.0696451217912694e-06
1.585,-1.0603302201328908e-06
1.586,-1.0510964363996424e-06
1.587,-1.0419430641838755e-06
1.588,-1.0328694032296245e-06
1.589,-1.0238747593790357e-06
1.59,-1.0149584445192622e-06
1.591,-1.0061197765298216e-06
1.592,-9.97358079230412e-07
1.593,-9.88672682329183e-07
1.594,-9.80062921371456e-07
1.595,-9.71528137688892e-07
1.596,-9.630676783491019e-07
1.597,-9.546808961056958e-07
1.598,-9.463671493487666e-07
1.599,-9.381258020558051e-07
1.6,-9.299562237430434e-07
1.601,-9.218577894172203e-07
1.602,-9.138298795277687e-07
1.603,-9.058718799194179e-07
1.604,-8.979831817852094e-07
1.605,-8.901631816199214e-07
1.606,-8.824112811738993e-07
1.607,-8.747268874072882e-07
1.608,-8.671094124446635e-07
1.609,-8.595582735300575e-07
1.61,-8.520728929823764e-07
1.611,-8.446526981512071e-07
1.612,-8.372971213730071e-07
1.613,-8.300055999276776e-07
1.614,-8.227775759955134e-07
1.615,-8.156124966145288e-07
1.616,-8.085098136381542e-07
1.617,-8.014689836933016e-07
1.618,-7.944894681387953e-07
1.619,-7.875707330241648e-07
1.62,-7.807122490487955e-07
1.621,-7.739134915214365e-07
1.622,-7.671739403200601e-07
1.623,-7.604930798520714e-07
1.624,-7.538703990148638e-07
1.625,-7.473053911567188e-07
1.6260000000000001,-7.407975540380454e-07
1.627,-7.343463897929581e-07
1.6280000000000001,-7.279514048911883e-07
1.629,-7.216121101003284e-07
1.6300000000000001,-7.153280204484042e-07
1.631,-7.090986551867731e-07
1.6320000000000001,-7.02923537753346e-07
1.633,-6.96802195736129e-07
1.6340000000000001,-6.907341608370823e-07
1.635,-6.847189688362948e-07
1.6360000000000001,-6.787561595564697e-07
1.637,-6.7284527682772e-07
1.6380000000000001,-6.669858684526703e-07
1.639,-6.611774861718624e-07
1.6400000000000001,-6.554196856294627e-07
1.641,-6.497120263392675e-07
1.6420000000000001,-6.440540716510048e-07
1.643,-6.384453887169295e-07
1.6440000000000001,-6.328855484587096e-07
1.645,-6.273741255346004e-07
1.6460000000000001,-6.219106983069048e-07
1.647,-6.164948488097171e-07
1.6480000000000001,-6.111261627169475e-07
1.649,-6.058042293106251e-07
1.6500000000000001,-6.005286414494768e-07
1.651,-5.952989955377804e-07
1.6520000000000001,-5.90114891494488e-07
1.653,-5.84975932722619e-07
1.6540000000000001,-5.798817260789197e-07
1.655,-5.748318818437864e-07
1.6560000000000001,-5.69826013691451e-07
1.657,-5.648637386604267e-07
1.6580000000000001,-5.599446771242092e-07
1.659,-5.550684527622357e-07
1.6600000000000001,-5.502346925310946e-07
1.661,-5.45443026635987e-07
1.6620000000000001,-5.406930885024363e-07
1.663,-5.359845147482448e-07
1.6640000000000001,-5.313169451556935e-07
1.665,-5.266900226439846e-07
1.666,-5.221033932419244e-07
1.667,-5.175567060608432e-07
1.668,-5.130496132677514e-07
1.669,-5.085817700587296e-07
1.67,-5.041528346325502e-07
1.671,-4.997624681645287e-07
1.672,-4.954103347806028e-07
1.673,-4.91096101531637e-07
1.674,-4.868194383679517e-07
1.675,-4.825800181140728e-07
1.676,-4.783775164437024e-07
1.677,-4.742116118549073e-07
1.678,-4.700819856455225e-07
1.679,-4.659883218887705e-07
1.68,-4.6193030740909157e-07
1.681,-4.579076317581853e-07
1.682,-4.5391998719126045e-07
1.683,-4.4996706864349157e-07
1.684,-4.460485737066811e-07
1.685,-4.42164202606124e-07
1.686,-4.383136581776745e-07
1.687,-4.3449664584501223e-07
1.688,-4.307128735971063e-07
1.689,-4.269620519658759e-07
1.69,-4.2324389400404497e-07
1.691,-4.195581152631904e-07
1.692,-4.159044337719808e-07
1.693,-4.1228257001460485e-07
1.694,-4.0869224690938795e-07
1.695,-4.051331897875945e-07
1.696,-4.0160512637241514e-07
1.697,-3.981077867581371e-07
1.698,-3.9464090338949533e-07
1.699,-3.912042110412042e-07
1.7,-3.87797446797667e-07
1.701,-3.84420350032862e-07
1.702,-3.810726623904044e-07
1.703,-3.777541277637809e-07
1.704,-3.7446449227675724e-07
1.705,-3.712035042639559e-07
1.706,-3.6797091425160305e-07
1.707,-3.6476647493844334e-07
1.708,-3.615899411768205e-07
1.709,-3.5844106995392314e-07
1.71,-3.553196203731935e-07
1.711,-3.522253536358983e-07
1.712,-3.491580330228601e-07
1.713,-3.4611742387634765e-07
1.714,-3.43103293582124e-07
1.715,-3.4011541155165083e-07
1.716,-3.3715354920444806e-07
1.717,-3.342174799506066e-07
1.718,-3.3130697917345384e-07
1.719,-3.284218242123699e-07
1.72,-3.2556179434575346e-07
1.721,-3.22726670774136e-07
1.722,-3.1991623660344313e-07
1.723,-3.171302768284017e-07
1.724,-3.1436857831609126e-07
1.725,-3.116309297896389e-07
1.726,-3.089171218120561e-07
1.727,-3.0622694677021616e-07
1.728,-3.035601988589712e-07
1.729,-3.009166740654079e-07
1.73,-2.9829617015323964e-07
1.731,-2.95698486647335e-07
1.732,-2.9312342481838116e-07
1.733,-2.905707876676802e-07
1.734,-2.8804037991207854e-07
1.735,-2.8553200796902704e-07
1.736,-2.8304547994177167e-07
1.737,-2.8058060560467285e-07
1.738,-2.7813719638865257e-07
1.739,-2.757150653667686e-07
1.74,-2.733140272399139e-07
1.741,-2.70933898322641e-07
1.742,-2.6857449652910943e-07
1.743,-2.6623564135915573e-07
1.744,-2.6391715388448477e-07
1.745,-2.6161885673498125e-07
1.746,-2.593405740851405e-07
1.747,-2.5708213164061724e-07
1.748,-2.548433566248919e-07
1.749,-2.526240777660525e-07
1.75,-2.50424125283692e-07
1.7510000000000001,-2.4824333087591986e-07
1.752,-2.460815277064862e-07
1.7530000000000001,-2.439385503920187e-07
1.754,-2.4181423498937003e-07
1.7550000000000001,-2.3970841898307623e-07
1.756,-2.3762094127292352e-07
1.7570000000000001,-2.3555164216162383e-07
1.758,-2.3350036334259758e-07
1.7590000000000001,-2.3146694788786278e-07
1.76,-2.2945124023602973e-07
1.7610000000000001,-2.2745308618040008e-07
1.762,-2.2547233285716972e-07
1.7630000000000001,-2.2350882873373422e-07
1.764,-2.2156242359709632e-07
1.7650000000000001,-2.1963296854237418e-07
1.766,-2.177203159614098e-07
1.7670000000000001,-2.1582431953147657e-07
1.768,-2.1394483420408537e-07
1.7690000000000001,-2.1208171619388784e-07
1.77,-2.102348229676765e-07
1.7710000000000001,-2.084040132334806e-07
1.772,-2.0658914692975694e-07
1.7730000000000001,-2.0479008521467477e-07
1.774,-2.0300669045549408e-07
1.7750000000000001,-2.0123882621803636e-07
1.776,-1.99486357256247e-07
1.7770000000000001,-1.9774914950184862e-07
1.778,-1.960270700540846e-07
1.7790000000000001,-1.943199871695517e-07
1.78,-1.9262777025212154e-07
1.7810000000000001,-1.9095028984294947e-07
1.782,-1.8928741761057078e-07
1.7830000000000001,-1.8763902634108295e-07
1.784,-1.8600498992841353e-07
1.7850000000000001,-1.8438518336467264e-07
1.786,-1.8277948273058958e-07
1.7870000000000001,-1.8118776518603272e-07
1.788,-1.7960990896061193e-07
1.7890000000000001,-1.7804579334436272e-07
1.79,-1.7649529867851181e-07
1.7910000000000001,-1.749583063463228e-07
1.792,-1.7343469876402174e-07
1.793,-1.7192435937180162e-07
1.794,-1.7042717262490534e-07
1.795,-1.6894302398478622e-07
1.796,-1.6747179991034545e-07
1.797,-1.66013387849246e-07
1.798,-1.64567676229302e-07
1.799,-1.6313455444994325e-07
1.8,-1.61713912873754e-07
1.801,-1.6030564281808536e-07
1.802,-1.5890963654674083e-07
1.803,-1.5752578726173424e-07
1.804,-1.561539890951194e-07
1.805,-1.547941371008909e-07
1.806,-1.5344612724695565e-07
1.807,-1.5210985640717388e-07
1.808,-1.5078522235347e-07
1.809,-1.494721237480117e-07
1.81,-1.4817046013545752e-07
1.811,-1.4688013193527163e-07
1.812,-1.4560104043410573e-07
1.813,-1.443330877782472e-07
1.814,-1.430761769661331e-07
1.815,-1.4183021184092925e-07
1.816,-1.40595097083174e-07
1.817,-1.393707382034861e-07
1.818,-1.3815704153533591e-07
1.819,-1.3695391422787987e-07
1.82,-1.3576126423885696e-07
1.821,-1.3457900032754738e-07
1.822,-1.3340703204779236e-07
1.823,-1.3224526974107482e-07
1.824,-1.3109362452966022e-07
1.825,-1.2995200830979722e-07
1.826,-1.2882033374497758e-07
1.827,-1.2769851425925455e-07
1.828,-1.2658646403061977e-07
1.829,-1.2548409798443754e-07
1.83,-1.2439133178693646e-07
1.831,-1.2330808183875766e-07
1.832,-1.2223426526855925e-07
1.833,-1.2116979992667644e-07
1.834,-1.201146043788369e-07
1.835,-1.190685978999308e-07
1.836,-1.1803170046783523e-07
1.837,-1.1700383275729218e-07
1.838,-1.1598491613384006e-07
1.839,-1.149748726477979e-07
1.84,-1.1397362502830203e-07
1.841,-1.1298109667739467e-07
1.842,-1.1199721166416399e-07
1.843,-1.110218947189352e-07
1.844,-1.1005507122751224e-07
1.845,-1.0909666722546957e-07
1.846,-1.0814660939249377e-07
1.847,-1.0720482504677431e-07
1.848,-1.0627124213944321e-07
1.849,-1.0534578924906313e-07
1.85,-1.0442839557616343e-07
1.851,-1.0351899093782389e-07
1.852,-1.0261750576230544e-07
1.853,-1.0172387108372786e-07
1.854,-1.0083801853679365e-07
1.855,-9.995988035155793e-08
1.856,-9.908938934824386e-08
1.857,-9.822647893210321e-08
1.858,-9.737108308832174e-08
1.859,-9.652313637696886e-08
1.86,-9.568257392799131e-08
1.861,-9.484933143625045e-08
1.862,-9.402334515660276e-08
1.863,-9.320455189902319e-08
1.864,-9.23928890237709e-08
1.865,-9.158829443659726e-08
1.866,-9.07907065839954e-08
1.867,-9.000006444849125e-08
1.868,-8.921630754397553e-08
1.869,-8.843937591107645e-08
1.87,-8.766921011257263e-08
1.871,-8.690575122884602e-08
1.872,-8.61489408533744e-08
1.873,-8.53987210882631e-08
1.874,-8.465503453981574e-08
1.875,-8.39178243141434e-08
1.8760000000000001,-8.318703401281213e-08
1.877,-8.24626077285283e-08
1.8780000000000001,-8.17444900408616e-08
1.879,-8.103262601200516e-08
1.8800000000000001,-8.032696118257277e-08
1.881,-7.962744156743251e-08
1.8820000000000001,-7.893401365157679e-08
1.883,-7.824662438602834e-08
1.8840000000000001,-7.75652211837818e-08
1.885,-7.688975191578066e-08
1.8860000000000001,-7.622016490692931e-08
1.887,-7.555640893213974e-08
1.8880000000000001,-7.489843321241268e-08
1.889,-7.42461874109529e-08
1.8900000000000001,-7.359962162931831e-08
1.891,-7.29586864036026e-08
1.8920000000000001,-7.232333270065111e-08
1.893,-7.169351191430975e-08
1.8940000000000001,-7.106917586170638e-08
1.895,-7.04502767795648e-08
1.8960000000000001,-6.98367673205507e-08
1.897,-6.92286005496495e-08
1.8980000000000001,-6.862572994057564e-08
1.899,-6.802810937221328e-08
1.9000000000000001,-6.743569312508785e-08
1.901,-6.684843587786843e-08
1.9020000000000001,-6.626629270390058e-08
1.903,-6.568921906776929e-08
1.9040000000000001,-6.511717082189192e-08
1.905,-6.455010420314081e-08
1.9060000000000001,-6.398797582949531e-08
1.907,-6.34307426967229e-08
1.9080000000000001,-6.287836217508929e-08
1.909,-6.233079200609712e-08
1.9100000000000001,-6.178799029925311e-08
1.911,-6.12499155288633e-08
1.9120000000000001,-6.071652653085625e-08
1.913,-6.018778249963386e-08
1.9140000000000001,-5.966364298494967e-08
1.915,-5.914406788881429e-08
1.9160000000000001,-5.862901746242783e-08
1.917,-5.811845230313898e-08
1.9180000000000001,-5.761233335143065e-08
1.919,-5.7110621887931784e-08
1.92,-5.661327953045525e-08
1.921,-5.612026823106149e-08
1.922,-5.5631550273147784e-08
1.923,-5.514708826856281e-08
1.924,-5.466684515474637e-08
1.925,-5.4190784191894e-08
1.926,-5.371886896014629e-08
1.927,-5.325106335680269e-08
1.928,-5.278733159355952e-08
1.929,-5.232763819377211e-08
1.93,-5.187194798974074e-08
1.931,-5.142022612002023e-08
1.932,-5.097243802675291e-08
1.933,-5.0528549453024925e-08
1.934,-5.008852644024545e-08
1.935,-4.9652335325548766e-08
1.936,-4.9219942739219e-08
1.937,-4.8791315602137234e-08
1.938,-4.8366421123250874e-08
1.939,-4.7945226797065054e-08
1.94,-4.752770040115588e-08
1.941,-4.711380999370535e-08
1.942,-4.670352391105769e-08
1.943,-4.629681076529705e-08
1.944,-4.589363944184621e-08
1.945,-4.5493979097086255e-08
1.946,-4.509779915599697e-08
1.947,-4.470506930981775e-08
1.948,-4.431575951372893e-08
1.949,-4.392983998455324e-08
1.95,-4.3547281198477375e-08
1.951,-4.3168053888793306e-08
1.952,-4.2792129043659316e-08
1.953,-4.241947790388052e-08
1.954,-4.2050071960708715e-08
1.955,-4.168388295366139e-08
1.956,-4.1320882868359733e-08
1.957,-4.0961043934385446e-08
1.958,-4.0604338623156256e-08
1.959,-4.0250739645819894e-08
1.96,-3.9900219951166444e-08
1.961,-3.955275272355885e-08
1.962,-3.9208311380881433e-08
1.963,-3.8866869572506334e-08
1.964,-3.8528401177277595e-08
1.965,-3.819288030151283e-08
1.966,-3.78602812770223e-08
1.967,-3.753057865914522e-08
1.968,-3.7203747224803195e-08
1.969,-3.687976197057057e-08
1.97,-3.655859811076163e-08
1.971,-3.624023107553441e-08
1.972,-3.592463650901106e-08
1.973,-3.561179026741454e-08
1.974,-3.5301668417221584e-08
1.975,-3.499424723333169e-08
1.976,-3.468950319725213e-08
1.977,-3.43874129952987e-08
1.978,-3.408795351681217e-08
1.979,-3.3791101852390276e-08
1.98,-3.349683529213507e-08
1.981,-3.320513132391556e-08
1.982,-3.291596763164549e-08
1.983,-3.2629322093576095e-08
1.984,-3.2345172780603725e-08
1.985,-3.206349795459223e-08
1.986,-3.178427606670992e-08
1.987,-3.150748575578104e-08
1.988,-3.123310584665157e-08
1.989,-3.0961115348569273e-08
1.99,-3.069149345357789e-08
1.991,-3.042421953492523e-08
1.992,-3.015927314548518e-08
1.993,-2.9896634016193465e-08
1.994,-2.963628205449702e-08
1.995,-2.9378197342816832e-08
1.996,-2.912236013702421e-08
1.997,-2.886875086493031e-08
1.998,-2.861735012478881e-08
1.999,-2.8368138683811638e-08
2.0,-2.8121097476697598e-08
2.001,-2.787620760417384e-08
2.0020000000000002,-2.7633450331550008e-08
2.003,-2.7392807087285002e-08
2.004,-2.71542594615662e-08
2.005,-2.691778920490106e-08
2.0060000000000002,-2.6683378226720994e-08
2.007,-2.6451008593997384e-08
2.008,-2.6220662529869677e-08
2.009,-2.599232241228539e-08
2.0100000000000002,-2.5765970772651994e-08
2.011,-2.5541590294500518e-08
2.012,-2.5319163812160792e-08
2.013,-2.5098674309448238e-08
2.0140000000000002,-2.4880104918362083e-08
2.015,-2.4663438917794918e-08
2.016,-2.4448659732253484e-08
2.017,-2.423575093059062e-08
2.0180000000000002,-2.4024696224748216e-08
2.019,-2.381547946851116e-08
2.02,-2.3608084656272104e-08
2.021,-2.340249592180698e-08
2.0220000000000002,-2.3198697537061218e-08
2.023,-2.299667391094649e-08
2.024,-2.2796409588147964e-08
2.025,-2.2597889247941932e-08
2.0260000000000002,-2.2401097703023735e-08
2.027,-2.2206019898345892e-08
2.028,-2.2012640909966358e-08
2.029,-2.18209459439068e-08
2.0300000000000002,-2.163092033502083e-08
2.031,-2.1442549545872068e-08
2.032,-2.1255819165621997e-08
2.033,-2.1070714908927513e-08
2.0340000000000003,-2.088722261484804e-08
2.035,-2.070532824576219e-08
2.036,-2.052501788629386e-08
2.037,-2.034627774224765e-08
2.0380000000000003,-2.0169094139553592e-08
2.039,-1.9993453523221037e-08
2.04,-1.981934245630167e-08
2.041,-1.9646747618861547e-08
2.0420000000000003,-1.9475655806962086e-08
2.043,-1.930605393164994e-08
2.044,-1.9137929017955646e-08
2.045,-1.8971268203901018e-08
2.0460000000000003,-1.8806058739515173e-08
2.047,-1.8642287985859114e-08
2.048,-1.8479943414058837e-08
2.049,-1.831901260434683e-08
2.05,-1.8159483245111935e-08
2.051,-1.8001343131957467e-08
2.052,-1.784458016676756e-08
2.053,-1.768918235678163e-08
2.054,-1.7535137813676884e-08
2.055,-1.738243475265886e-08
2.056,-1.7231061491559838e-08
2.057,-1.7081006449945127e-08
2.058,-1.6932258148227145e-08
2.059,-1.678480520678719e-08
2.06,-1.6638636345104878e-08
2.061,-1.6493740380895147e-08
2.062,-1.6350106229252794e-08
2.063,-1.6207722901804443e-08
2.064,-1.606657950586791e-08
2.065,-1.592666524361889e-08
2.066,-1.5787969411264895e-08
2.067,-1.5650481398226375e-08
2.068,-1.5514190686324996e-08
2.069,-1.537908684897897e-08
2.07,-1.5245159550405397e-08
2.071,-1.5112398544829536e-08
2.072,-1.4980793675701e-08
2.073,-1.4850334874916742e-08
2.074,-1.4721012162050822e-08
2.075,-1.4592815643590878e-08
2.076,-1.4465735512181249e-08
2.077,-1.4339762045872689e-08
2.078,-1.421488560737861e-08
2.079,-1.4091096643337808e-08
2.08,-1.3968385683583608e-08
2.081,-1.3846743340419367e-08
2.082,-1.37261603079003e-08
2.083,-1.360662736112154e-08
2.084,-1.3488135355512423e-08
2.085,-1.3370675226136897e-08
2.086,-1.3254237987000035e-08
2.087,-1.3138814730360579e-08
2.088,-1.3024396626049481e-08
2.089,-1.2910974920794374e-08
2.09,-1.2798540937549915e-08
2.091,-1.2687086074833982e-08
2.092,-1.2576601806069628e-08
2.093,-1.2467079678932782e-08
2.094,-1.2358511314705628e-08
2.095,-1.2250888407635604e-08
2.096,-1.2144202724299997e-08
2.097,-1.2038446102976063e-08
2.098,-1.1933610453016637e-08
2.099,-1.1829687754231174e-08
2.1,-1.1726670056272191e-08
2.101,-1.1624549478027037e-08
2.102,-1.1523318207014975e-08
2.103,-1.1422968498789505e-08
2.104,-1.1323492676345892e-08
2.105,-1.122488312953386e-08
2.106,-1.1127132314475398e-08
2.107,-1.1030232752987625e-08
2.108,-1.0934177032010701e-08
2.109,-1.0838957803040701e-08
2.11,-1.0744567781567444e-08
2.111,-1.06509997465172e-08
2.112,-1.0558246539700269e-08
2.113,-1.0466301065263355e-08
2.114,-1.037515628914672e-08
2.115,-1.0284805238546059e-08
2.116,-1.019524100137906e-08
2.117,-1.0106456725756616e-08
2.118,-1.0018445619458637e-08
2.119,-9.93120094941443e-09
2.12,-9.8447160411876e-09
2.121,-9.758984278465436e-09
2.122,-9.673999102552755e-09
2.123,-9.589754011870137e-09
2.124,-9.506242561456542e-09
2.125,-9.423458362476253e-09
2.126,-9.341395081730114e-09
2.1270000000000002,-9.260046441171025e-09
2.128,-9.179406217423656e-09
2.129,-9.09946824130834e-09
2.13,-9.020226397369122e-09
2.1310000000000002,-8.941674623405903e-09
2.132,-8.863806910010673e-09
2.133,-8.786617300107772e-09
2.134,-8.710099888498161e-09
2.1350000000000002,-8.634248821407659e-09
2.136,-8.559058296039115e-09
2.137,-8.484522560128476e-09
2.138,-8.410635911504732e-09
2.1390000000000002,-8.337392697653676e-09
2.14,-8.264787315285479e-09
2.141,-8.192814209906025e-09
2.142,-8.121467875391973e-09
2.1430000000000002,-8.050742853569528e-09
2.144,-7.980633733796875e-09
2.145,-7.911135152550257e-09
2.146,-7.842241793013643e-09
2.1470000000000002,-7.773948384671987e-09
2.148,-7.706249702908013e-09
2.149,-7.639140568602525e-09
2.15,-7.572615847738187e-09
2.1510000000000002,-7.506670451006759e-09
2.152,-7.44129933341975e-09
2.153,-7.376497493922471e-09
2.154,-7.312259975011433e-09
2.1550000000000002,-7.24858186235509e-09
2.156,-7.18545828441788e-09
2.157,-7.122884412087541e-09
2.158,-7.060855458305669e-09
2.1590000000000003,-6.999366677701498e-09
2.16,-6.938413366228866e-09
2.161,-6.877990860806347e-09
2.162,-6.818094538960509e-09
2.1630000000000003,-6.758719818472287e-09
2.164,-6.6998621570264265e-09
2.165,-6.641517051863993e-09
2.166,-6.583680039437891e-09
2.1670000000000003,-6.5263466950714e-09
2.168,-6.469512632619668e-09
2.169,-6.413173504134162e-09
2.17,-6.3573249995300444e-09
2.1710000000000003,-6.301962846256436e-09
2.172,-6.247082808969553e-09
2.173,-6.1926806892087e-09
2.174,-6.138752325075069e-09
2.1750000000000003,-6.0852935909133495e-09
2.176,-6.032300396996103e-09
2.177,-5.979768689210889e-09
2.178,-5.927694448750115e-09
2.179,-5.876073691803587e-09
2.18,-5.824902469253741e-09
2.181,-5.774176866373522e-09
2.182,-5.723893002526899e-09
2.183,-5.674047030871988e-09
2.184,-5.624635138066756e-09
2.185,-5.575653543977292e-09
2.186,-5.52709850138862e-09
2.187,-5.4789662957180224e-09
2.188,-5.43125324473087e-09
2.189,-5.3839556982589175e-09
2.19,-5.337070037921061e-09
2.191,-5.290592676846519e-09
2.192,-5.2445200594004296e-09
2.193,-5.198848660911835e-09
2.194,-5.153574987404035e-09
2.195,-5.10869557532729e-09
2.196,-5.064206991293851e-09
2.197,-5.020105831815294e-09
2.198,-4.9763887230421475e-09
2.199,-4.9330523205057846e-09
2.2,-4.89009330886256e-09
2.201,-4.84750840164018e-09
2.202,-4.805294340986281e-09
2.203,-4.7634478974191906e-09
2.204,-4.721965869580868e-09
2.205,-4.680845083991991e-09
2.206,-4.640082394809176e-09
2.207,-4.599674683584315e-09
2.208,-4.559618859026005e-09
2.209,-4.519911856763057e-09
2.21,-4.4805506391100634e-09
2.211,-4.441532194835008e-09
2.212,-4.402853538928899e-09
2.213,-4.364511712377409e-09
2.214,-4.326503781934501e-09
2.215,-4.2888268398980284e-09
2.216,-4.251478003887292e-09
2.217,-4.214454416622525e-09
2.218,-4.1777532457063075e-09
2.219,-4.14137168340688e-09
2.22,-4.1053069464433455e-09
2.221,-4.0695562757727395e-09
2.222,-4.034116936378959e-09
2.223,-3.998986217063526e-09
2.224,-3.964161430238173e-09
2.225,-3.9296399117192365e-09
2.226,-3.89541902052384e-09
2.227,-3.861496138667852e-09
2.228,-3.827868670965606e-09
2.229,-3.794534044831358e-09
2.23,-3.761489710082481e-09
2.231,-3.728733138744366e-09
2.232,-3.6962618248570293e-09
2.233,-3.6640732842833996e-09
2.234,-3.6321650545192727e-09
2.235,-3.600534694504926e-09
2.236,-3.5691797844383705e-09
2.237,-3.5380979255902308e-09
2.238,-3.5072867401202346e-09
2.239,-3.4767438708953033e-09
2.24,-3.446466981309225e-09
2.241,-3.416453755103898e-09
2.242,-3.3867018961921325e-09
2.243,-3.3572091284819915e-09
2.244,-3.327973195702667e-09
2.245,-3.298991861231868e-09
2.246,-3.2702629079247132e-09
2.247,-3.2417841379441143e-09
2.248,-3.2135533725926366e-09
2.249,-3.1855684521458216e-09
2.25,-3.157827235686964e-09
2.251,-3.1303276009433254e-09
2.2520000000000002,-3.1030674441237757e-09
2.253,-3.0760446797578472e-09
2.254,-3.0492572405361917e-09
2.255,-3.022703077152425e-09
2.2560000000000002,-2.9963801581463505e-09
2.257,-2.9702864697485477e-09
2.258,-2.944420015726313e-09
2.259,-2.918778817230944e-09
2.2600000000000002,-2.893360912646351e-09
2.261,-2.86816435743899e-09
2.262,-2.8431872240090996e-09
2.263,-2.8184276015432364e-09
2.2640000000000002,-2.793883595868091e-09
2.265,-2.769553329305582e-09
2.266,-2.7454349405292043e-09
2.267,-2.7215265844216376e-09
2.2680000000000002,-2.697826431933588e-09
2.269,-2.674332669943861e-09
2.27,-2.6510435011206534e-09
2.271,-2.627957143784054e-09
2.2720000000000002,-2.6050718317697393e-09
2.273,-2.5823858142938577e-09
2.274,-2.5598973558190905e-09
2.275,-2.5376047359218793e-09
2.2760000000000002,-2.5155062491608077e-09
2.277,-2.493600204946133e-09
2.278,-2.47188492741045e-09
2.279,-2.450358755280484e-09
2.2800000000000002,-2.429020041749998e-09
2.281,-2.4078671543538095e-09
2.282,-2.3868984748429023e-09
2.283,-2.3661123990606253e-09
2.2840000000000003,-2.3455073368199714e-09
2.285,-2.3250817117819244e-09
2.286,-2.3048339613348652e-09
2.287,-2.284762536475027e-09
2.2880000000000003,-2.264865901687993e-09
2.289,-2.245142534831227e-09
2.29,-2.2255909270176236e-09
2.291,-2.206209582500077e-09
2.2920000000000003,-2.1869970185570504e-09
2.293,-2.1679517653791445e-09
2.294,-2.1490723659566542e-09
2.295,-2.1303573759681033e-09
2.2960000000000003,-2.11180536366975e-09
2.297,-2.093414909786056e-09
2.298,-2.075184607401106e-09
2.299,-2.057113061850978e-09
2.3000000000000003,-2.039198890617046e-09
2.301,-2.021440723220215e-09
2.302,-2.003837201116074e-09
2.303,-1.9863869775909676e-09
2.3040000000000003,-1.9690887176589647e-09
2.305,-1.9519410979597314e-09
2.306,-1.93494280665729e-09
2.307,-1.918092543339661e-09
2.308,-1.9013890189193766e-09
2.309,-1.884830955534863e-09
2.31,-1.868417086452682e-09
2.311,-1.8521461559706208e-09
2.312,-1.836016919321629e-09
2.313,-1.8200281425785903e-09
2.314,-1.8041786025599243e-09
2.315,-1.788467086736009e-09
2.316,-1.7728923931364205e-09
2.317,-1.7574533302579787e-09
2.318,-1.7421487169735942e-09
2.319,-1.7269773824419094e-09
2.32,-1.7119381660177258e-09
2.321,-1.6970299171632121e-09
2.322,-1.6822514953598854e-09
2.323,-1.6676017700213575e-09
2.324,-1.6530796204068438e-09
2.325,-1.6386839355354225e-09
2.326,-1.6244136141010425e-09
2.327,-1.6102675643882706e-09
2.328,-1.5962447041887724e-09
2.329,-1.5823439607185207e-09
2.33,-1.5685642705357246e-09
2.331,-1.554904579459474e-09
2.332,-1.5413638424890918e-09
2.333,-1.5279410237241886e-09
2.334,-1.514635096285414e-09
2.335,-1.5014450422358982e-09
2.336,-1.4883698525033757e-09
2.337,-1.4754085268029904e-09
2.338,-1.4625600735607707e-09
2.339,-1.4498235098377713e-09
2.34,-1.4371978612548761e-09
2.341,-1.4246821619182562e-09
2.342,-1.4122754543454759e-09
2.343,-1.3999767893922432e-09
2.344,-1.3877852261797981e-09
2.345,-1.3756998320229326e-09
2.346,-1.363719682358638e-09
2.347,-1.351843860675374e-09
2.348,-1.3400714584429522e-09
2.349,-1.328401575043033e-09
2.35,-1.316833317700224e-09
2.351,-1.3053658014137823e-09
2.352,-1.293998148889908e-09
2.353,-1.2827294904746304e-09
2.354,-1.2715589640872764e-09
2.355,-1.2604857151545201e-09
2.356,-1.2495088965450047e-09
2.357,-1.2386276685045355e-09
2.358,-1.2278411985918362e-09
2.359,-1.217148661614866e-09
2.36,-1.2065492395676886e-09
2.361,-1.1960421215678945e-09
2.362,-1.1856265037945654e-09
2.363,-1.1753015894267803e-09
2.364,-1.1650665885826561e-09
2.365,-1.1549207182589206e-09
2.366,-1.14486320227101e-09
2.367,-1.1348932711936893e-09
2.368,-1.1250101623021891e-09
2.369,-1.1152131195138552e-09
2.37,-1.1055013933303062e-09
2.371,-1.095874240780096e-09
2.372,-1.0863309253618733e-09
2.373,-1.0768707169880382e-09
2.374,-1.0674928919288883e-09
2.375,-1.0581967327572517e-09
2.376,-1.0489815282936023e-09
2.3770000000000002,-1.0398465735516523e-09
2.378,-1.030791169684419e-09
2.379,-1.0218146239307616e-09
2.38,-1.012916249562383e-09
2.3810000000000002,-1.0040953658312938e-09
2.382,-9.953512979177323e-10
2.383,-9.866833768785404e-10
2.384,-9.780909395959867e-10
2.3850000000000002,-9.695733287270372e-10
2.386,-9.611298926530663e-10
2.387,-9.527599854300063e-10
2.388,-9.444629667389315e-10
2.3890000000000002,-9.36238201837072e-10
2.39,-9.280850615092544e-10
2.391,-9.200029220197646e-10
2.392,-9.119911650646315e-10
2.3930000000000002,-9.040491777243245e-10
2.394,-8.961763524168635e-10
2.395,-8.883720868513381e-10
2.396,-8.806357839818301e-10
2.3970000000000002,-8.729668519617382e-10
2.398,-8.653647040985004e-10
2.399,-8.578287588087104e-10
2.4,-8.503584395736251e-10
2.4010000000000002,-8.429531748950596e-10
2.402,-8.356123982516655e-10
2.403,-8.283355480555914e-10
2.404,-8.211220676095198e-10
2.4050000000000002,-8.139714050640778e-10
2.406,-8.068830133756202e-10
2.407,-7.998563502643785e-10
2.408,-7.928908781729754e-10
2.4090000000000003,-7.859860642253003e-10
2.41,-7.79141380185743e-10
2.411,-7.723563024187824e-10
2.412,-7.656303118489267e-10
2.4130000000000003,-7.589628939210035e-10
2.414,-7.523535385607942e-10
2.415,-7.458017401360127e-10
2.416,-7.393069974176231e-10
2.4170000000000003,-7.328688135414941e-10
2.418,-7.264866959703881e-10
2.419,-7.201601564562806e-10
2.42,-7.13888711003008e-10
2.4210000000000003,-7.076718798292409e-10
2.422,-7.015091873317792e-10
2.423,-6.954001620491678e-10
2.424,-6.893443366256281e-10
2.4250000000000003,-6.833412477753045e-10
2.426,-6.773904362468217e-10
2.427,-6.714914467881507e-10
2.428,-6.656438281117812e-10
2.4290000000000003,-6.598471328601965e-10
2.43,-6.541009175716501e-10
2.431,-6.484047426462394e-10
2.432,-6.42758172312275e-10
2.433,-6.371607745929437e-10
2.434,-6.316121212732608e-10
2.435,-6.261117878673102e-10
2.436,-6.206593535857711e-10
2.437,-6.152544013037256e-10
2.438,-6.098965175287484e-10
2.439,-6.045852923692728e-10
2.44,-5.993203195032338e-10
2.441,-5.941011961469827e-10
2.442,-5.889275230244736e-10
2.443,-5.837989043367176e-10
2.444,-5.787149477315034e-10
2.445,-5.736752642733809e-10
2.446,-5.686794684139072e-10
2.447,-5.637271779621507e-10
2.448,-5.588180140554531e-10
2.449,-5.539516011304447e-10
2.45,-5.491275668943137e-10
2.451,-5.443455422963241e-10
2.452,-5.396051614995829e-10
2.453,-5.349060618530526e-10
2.454,-5.30247883863807e-10
2.455,-5.256302711695299e-10
2.456,-5.210528705112519e-10
2.457,-5.165153317063253e-10
2.458,-5.120173076216342e-10
2.459,-5.075584541470384e-10
2.46,-5.031384301690474e-10
2.461,-4.98756897544725e-10
2.462,-4.944135210758199e-10
2.463,-4.901079684831228e-10
2.464,-4.85839910381046e-10
2.465,-4.816090202524242e-10
2.466,-4.774149744235358e-10
2.467,-4.732574520393403e-10
2.468,-4.691361350389326e-10
2.469,-4.6505070813121063e-10
2.47,-4.610008587707542e-10
2.471,-4.5698627713391504e-10
2.472,-4.530066560951143e-10
2.473,-4.4906169120334666e-10
2.474,-4.4515108065888913e-10
2.475,-4.4127452529021256e-10
2.476,-4.374317285310943e-10
2.477,-4.3362239639793003e-10
2.478,-4.2984623746724355e-10
2.479,-4.2610296285339184e-10
2.48,-4.223922861864648e-10
2.481,-4.1871392359037697e-10
2.482,-4.150675936611507e-10
2.483,-4.1145301744538774e-10
2.484,-4.078699184189286e-10
2.485,-4.043180224656979e-10
2.486,-4.007970578567337e-10
2.487,-3.973067552293997e-10
2.488,-3.9384684756677804e-10
2.489,-3.904170701772421e-10
2.49,-3.870171606742069e-10
2.491,-3.8364685895605556e-10
2.492,-3.8030590718624137e-10
2.493,-3.769940497735623e-10
2.494,-3.7371103335260767e-10
2.495,-3.7045660676437517e-10
2.496,-3.672305210370564e-10
2.497,-3.640325293669902e-10
2.498,-3.6086238709978114e-10
2.499,-3.5771985171158324e-10
2.5,-3.5460468279054597e-10
2.501,-3.5151664201842235e-10
2.5020000000000002,-3.484554931523369e-10
2.503,-3.454210020067125e-10
2.504,-3.424129364353546e-10
2.505,-3.394310663136915e-10
2.5060000000000002,-3.3647516352116917e-10
2.507,-3.335450019237994e-10
2.508,-3.306403573568602e-10
2.509,-3.277610076077465e-10
2.5100000000000002,-3.2490673239897017e-10
2.511,-3.2207731337130854e-10
2.512,-3.192725340670992e-10
2.513,-3.164921799136804e-10
2.5140000000000002,-3.137360382069759e-10
2.515,-3.1100389809522237e-10
2.516,-3.082955505628388e-10
2.517,-3.0561078841443626e-10
2.5180000000000002,-3.029494062589669e-10
2.519,-3.0031120049401107e-10
2.52,-2.976959692902013e-10
2.521,-2.951035125757816e-10
2.5220000000000002,-2.9253363202130176e-10
2.523,-2.8998613102444445e-10
2.524,-2.8746081469498467e-10
2.525,-2.849574898398802e-10
2.5260000000000002,-2.8247596494849204e-10
2.527,-2.8001605017793287e-10
2.528,-2.775775573385441e-10
2.529,-2.7516029987949855e-10
2.5300000000000002,-2.7276409287452916e-10
2.531,-2.7038875300778127e-10
2.532,-2.680340985597889e-10
2.533,-2.6569994939357234e-10
2.5340000000000003,-2.633861269408576e-10
2.535,-2.6109245418841536e-10
2.536,-2.588187556645189e-10
2.537,-2.5656485742552006e-10
2.5380000000000003,-2.543305870425424e-10
2.539,-2.5211577358828973e-10
2.54,-2.4992024762396963e-10
2.541,-2.477438411863313e-10
2.5420000000000003,-2.4558638777481557e-10
2.543,-2.434477223388175e-10
2.544,-2.4132768126505946e-10
2.545,-2.3922610236507425e-10
2.5460000000000003,-2.3714282486279735e-10
2.547,-2.3507768938226723e-10
2.548,-2.3303053793543246e-10
2.549,-2.310012139100654e-10
2.5500000000000003,-2.2898956205778096e-10
2.551,-2.2699542848215966e-10
2.552,-2.250186606269742e-10
2.553,-2.2305910726451852e-10
2.5540000000000003,-2.2111661848403844e-10
2.555,-2.191910456802632e-10
2.556,-2.1728224154203677e-10
2.557,-2.153900600410481e-10
2.5580000000000003,-2.1351435642065968e-10
2.559,-2.1165498718483323e-10
2.56,-2.0981181008715195e-10
2.561,-2.0798468411993825e-10
2.562,-2.0617346950346633e-10
2.563,-2.0437802767526871e-10
2.564,-2.0259822127953582e-10
2.565,-2.0083391415660795e-10
2.566,-1.990849713325587e-10
2.567,-1.9735125900886911e-10
2.568,-1.9563264455219176e-10
2.569,-1.9392899648420396e-10
2.57,-1.9224018447154938e-10
2.571,-1.9056607931586715e-10
2.572,-1.8890655294390792e-10
2.573,-1.872614783977359e-10
2.574,-1.8563072982501633e-10
2.575,-1.8401418246938733e-10
2.576,-1.824117126609158e-10
2.577,-1.8082319780663642e-10
2.578,-1.7924851638117286e-10
2.579,-1.7768754791744085e-10
2.58,-1.7614017299743216e-10
2.581,-1.7460627324307878e-10
2.582,-1.730857313071967e-10
2.583,-1.7157843086450861e-10
2.584,-1.7008425660274467e-10
2.585,-1.6860309421382084e-10
2.586,-1.671348303850941e-10
2.587,-1.6567935279069358e-10
2.588,-1.6423655008292752e-10
2.589,-1.6280631188376483e-10
2.59,-1.6138852877639087e-10
2.591,-1.5998309229683676e-10
2.592,-1.5858989492568174e-10
2.593,-1.5720883007982753e-10
2.594,-1.5583979210434453e-10
2.595,-1.544826762643889e-10
2.596,-1.5313737873719019e-10
2.597,-1.5180379660410846e-10
2.598,-1.5048182784276093e-10
2.599,-1.491713713192169e-10
2.6,-1.4787232678026074e-10
2.601,-1.4658459484572238e-10
2.602,-1.4530807700087434e-10
2.603,-1.4404267558889516e-10
2.604,-1.427882938033985e-10
2.605,-1.4154483568102702e-10
2.606,-1.4031220609411113e-10
2.607,-1.3909031074339135e-10
2.608,-1.3787905615080425e-10
2.609,-1.3667834965233113e-10
2.61,-1.3548809939090897e-10
2.611,-1.3430821430940315e-10
2.612,-1.3313860414364135e-10
2.613,-1.3197917941550814e-10
2.614,-1.308298514260996e-10
2.615,-1.2969053224893772e-10
2.616,-1.2856113472324375e-10
2.617,-1.274415724472702e-10
2.618,-1.263317597716909e-10
2.619,-1.2523161179304863e-10
2.62,-1.2414104434725965e-10
2.621,-1.2305997400317517e-10
2.622,-1.2198831805619845e-10
2.623,-1.2092599452195783e-10
2.624,-1.1987292213003464e-10
2.625,-1.1882902031774584e-10
2.626,-1.1779420922398074e-10
2.6270000000000002,-1.167684096830915e-10
2.628,-1.1575154321883667e-10
2.629,-1.1474353203837764e-10
2.63,-1.1374429902632721e-10
2.6310000000000002,-1.1275376773885014e-10
2.632,-1.1177186239781495e-10
2.633,-1.1079850788499674e-10
2.634,-1.0983362973633047e-10
2.6350000000000002,-1.0887715413621421e-10
2.636,-1.0792900791186214e-10
2.637,-1.0698911852770657e-10
2.638,-1.0605741407984886e-10
2.6390000000000002,-1.051338232905585e-10
2.64,-1.0421827550282032e-10
2.641,-1.0331070067492889e-10
2.642,-1.0241102937513029e-10
2.6430000000000002,-1.0151919277631032e-10
2.644,-1.0063512265072911e-10
2.645,-9.975875136480147e-11
2.646,-9.88900118739228e-11
2.6470000000000002,-9.802883771733999e-11
2.648,-9.7175163013067e-11
2.649,-9.632892245284473e-11
2.65,-9.549005129714478e-11
2.6510000000000002,-9.465848537021669e-11
2.652,-9.383416105517837e-11
2.653,-9.301701528914921e-11
2.654,-9.220698555842565e-11
2.6550000000000002,-9.140400989369867e-11
2.656,-9.060802686531308e-11
2.657,-8.981897557856786e-11
2.658,-8.903679566905769e-11
2.6590000000000003,-8.826142729805483e-11
2.66,-8.749281114793137e-11
2.661,-8.673088841762125e-11
2.662,-8.597560081812184e-11
2.6630000000000003,-8.522689056803467e-11
2.664,-8.448470038914505e-11
2.665,-8.374897350204009e-11
2.666,-8.301965362176495e-11
2.6670000000000003,-8.229668495351693e-11
2.668,-8.158001218837698e-11
2.669,-8.086958049907847e-11
2.67,-8.016533553581272e-11
2.6710000000000003,-7.946722342207117e-11
2.672,-7.877519075052361e-11
2.673,-7.808918457893247e-11
2.674,-7.740915242610253e-11
2.6750000000000003,-7.673504226786603e-11
2.676,-7.606680253310267e-11
2.677,-7.540438209979428e-11
2.678,-7.474773029111387e-11
2.6790000000000003,-7.409679687154873e-11
2.68,-7.345153204305728e-11
2.681,-7.281188644125939e-11
2.682,-7.21778111316599e-11
2.6830000000000003,-7.154925760590497e-11
2.684,-7.092617777807111e-11
2.685,-7.030852398098648e-11
2.686,-6.969624896258419e-11
2.6870000000000003,-6.908930588228746e-11
2.688,-6.848764830742615e-11
2.689,-6.789123020968456e-11
2.69,-6.730000596158017e-11
2.691,-6.671393033297298e-11
2.692,-6.613295848760531e-11
2.693,-6.555704597967176e-11
2.694,-6.49861487504189e-11
2.695,-6.442022312477474e-11
2.696,-6.385922580800747e-11
2.697,-6.330311388241326e-11
2.698,-6.275184480403297e-11
2.699,-6.220537639939747e-11
2.7,-6.16636668623012e-11
2.701,-6.112667475060393e-11
2.702,-6.059435898306033e-11
2.703,-6.006667883617713e-11
2.704,-5.954359394109769e-11
2.705,-5.902506428051367e-11
2.706,-5.851105018560362e-11
2.707,-5.8001512332998216e-11
2.708,-5.7496411741771886e-11
2.709,-5.699570977046071e-11
2.71,-5.6499368114106246e-11
2.711,-5.6007348801325095e-11
2.712,-5.5519614191403994e-11
2.713,-5.5036126971420217e-11
2.714,-5.4556850153387036e-11
2.715,-5.408174707142404e-11
2.716,-5.361078137895211e-11
2.717,-5.3143917045912844e-11
2.718,-5.26811183560121e-11
2.719,-5.2222349903987655e-11
2.72,-5.176757659290063e-11
2.721,-5.1316763631450444e-11
2.722,-5.086987653131321e-11
2.723,-5.04268811045033e-11
2.724,-4.9987743460757866e-11
2.725,-4.9552430004944155e-11
2.726,-4.91209074344894e-11
2.727,-4.8693142736833077e-11
2.728,-4.826910318690137e-11
2.729,-4.7848756344603644e-11
2.73,-4.7432070052350636e-11
2.731,-4.701901243259439e-11
2.732,-4.660955188538948e-11
2.733,-4.620365708597559e-11
2.734,-4.580129698238106e-11
2.735,-4.540244079304732e-11
2.736,-4.500705800447407e-11
2.737,-4.461511836888487e-11
2.738,-4.4226591901913145e-11
2.739,-4.3841448880308294e-11
2.74,-4.3459659839661774e-11
2.741,-4.3081195572153017e-11
2.742,-4.2706027124314946e-11
2.743,-4.233412579481897e-11
2.744,-4.1965463132279256e-11
2.745,-4.1600010933076135e-11
2.746,-4.123774123919844e-11
2.747,-4.0878626336104654e-11
2.748,-4.0522638750602684e-11
2.749,-4.016975124874809e-11
2.75,-3.98199368337606e-11
2.751,-3.947316874395883e-11
2.7520000000000002,-3.912942045071291e-11
2.753,-3.878866565641499e-11
2.754,-3.845087829246742e-11
2.755,-3.8116032517288424e-11
2.7560000000000002,-3.778410271433514e-11
2.757,-3.745506349014392e-11
2.758,-3.7128889672387646e-11
2.759,-3.680555630794999e-11
2.7600000000000002,-3.648503866101645e-11
2.761,-3.616731221118196e-11
2.762,-3.585235265157506e-11
2.763,-3.5540135886998335e-11
2.7640000000000002,-3.523063803208509e-11
2.765,-3.4923835409472043e-11
2.766,-3.461970454798794e-11
2.767,-3.4318222180857986e-11
2.7680000000000002,-3.401936524392384e-11
2.769,-3.372311087387917e-11
2.77,-3.3429436406520554e-11
2.771,-3.3138319375013595e-11
2.7720000000000002,-3.2849737508174175e-11
2.773,-3.256366872876463e-11
2.774,-3.22800911518048e-11
2.775,-3.1998983082897767e-11
2.7760000000000002,-3.172032301657019e-11
2.777,-3.144408963462707e-11
2.778,-3.1170261804520855e-11
2.779,-3.089881857773475e-11
2.7800000000000002,-3.062973918818011e-11
2.781,-3.0363003050607777e-11
2.782,-3.0098589759033245e-11
2.783,-2.983647908517557e-11
2.7840000000000003,-2.957665097690984e-11
2.785,-2.931908555673315e-11
2.786,-2.906376312024392e-11
2.787,-2.8810664134634444e-11
2.7880000000000003,-2.8559769237196605e-11
2.789,-2.831105923384056e-11
2.79,-2.8064515097626357e-11
2.791,-2.782011796730831e-11
2.7920000000000003,-2.7577849145892093e-11
2.793,-2.733769009920434e-11
2.794,-2.7099622454474762e-11
2.795,-2.686362799893057e-11
2.7960000000000003,-2.6629688678403155e-11
2.797,-2.6397786595946898e-11
2.798,-2.616790401047001e-11
2.799,-2.594002333537729e-11
2.8000000000000003,-2.5714127137224716e-11
2.801,-2.5490198134385732e-11
2.802,-2.5268219195729166e-11
2.803,-2.5048173339308656e-11
2.8040000000000003,-2.4830043731063484e-11
2.805,-2.461381368353073e-11
2.806,-2.4399466654568643e-11
2.807,-2.4186986246091116e-11
2.8080000000000003,-2.3976356202813203e-11
2.809,-2.3767560411007544e-11
2.81,-2.356058289727162e-11
2.811,-2.3355407827305755e-11
2.8120000000000003,-2.3152019504701745e-11
2.813,-2.2950402369742052e-11
2.814,-2.2750540998209436e-11
2.815,-2.2552420100206973e-11
2.816,-2.2356024518988335e-11
2.817,-2.2161339229798262e-11
2.818,-2.196834933872313e-11
2.819,-2.1777040081551522e-11
2.82,-2.1587396822644747e-11
2.821,-2.1399405053817163e-11
2.822,-2.1213050393226263e-11
2.823,-2.1028318584272433e-11
2.824,-2.084519549450829e-11
2.825,-2.0663667114557506e-11
2.826,-2.048371955704306e-11
2.827,-2.0305339055524815e-11
2.828,-2.012851196344636e-11
2.829,-1.9953224753091e-11
2.83,-1.9779464014546872e-11
2.831,-1.960721645468103e-11
2.832,-1.9436468896122497e-11
2.833,-1.926720827625417e-11
2.834,-1.9099421646213488e-11
2.835,-1.8933096169901812e-11
2.836,-1.876821912300244e-11
2.837,-1.8604777892007145e-11
2.838,-1.8442759973251238e-11
2.839,-1.8282152971956984e-11
2.84,-1.812294460128538e-11
2.841,-1.796512268139617e-11
2.842,-1.780867513851608e-11
2.843,-1.765359000401512e-11
2.844,-1.7499855413490965e-11
2.845,-1.7347459605861293e-11
2.846,-1.719639092246404e-11
2.847,-1.7046637806165484e-11
2.848,-1.689818880047608e-11
2.849,-1.6751032548674026e-11
2.85,-1.6605157792936438e-11
2.851,-1.6460553373478102e-11
2.852,-1.631720822769772e-11
2.853,-1.6175111389331585e-11
2.854,-1.6034251987614658e-11
2.855,-1.58946192464489e-11
2.856,-1.5756202483578886e-11
2.857,-1.561899110977459e-11
2.858,-1.5482974628021272e-11
2.859,-1.5348142632716442e-11
2.86,-1.5214484808873792e-11
2.861,-1.5081990931334083e-11
2.862,-1.495065086398289e-11
2.863,-1.4820454558975167e-11
2.864,-1.469139205596656e-11
2.865,-1.4563453481351416e-11
2.866,-1.4436629047507425e-11
2.867,-1.4310909052046847e-11
2.868,-1.418628387707425e-11
2.869,-1.4062743988450722e-11
2.87,-1.3940279935064481e-11
2.871,-1.3818882348107844e-11
2.872,-1.3698541940360487e-11
2.873,-1.357924950547895e-11
2.874,-1.3460995917292334e-11
2.875,-1.3343772129104118e-11
2.876,-1.3227569173000067e-11
2.8770000000000002,-1.3112378159162166e-11
2.878,-1.2998190275188526e-11
2.879,-1.288499678541921e-11
2.88,-1.2772789030267937e-11
2.8810000000000002,-1.2661558425559598e-11
2.882,-1.255129646187355e-11
2.883,-1.2441994703892619e-11
2.884,-1.2333644789757782e-11
2.8850000000000002,-1.2226238430428457e-11
2.886,-1.2119767409048379e-11
2.887,-1.2014223580316983e-11
2.888,-1.190959886986627e-11
2.8890000000000002,-1.1805885273643097e-11
2.89,-1.1703074857296853e-11
2.891,-1.160115975557245e-11
2.892,-1.1500132171708623e-11
2.8930000000000002,-1.1399984376841448e-11
2.894,-1.1300708709413073e-11
2.895,-1.120229757458558e-11
2.896,-1.1104743443659975e-11
2.8970000000000002,-1.1008038853500205e-11
2.898,-1.0912176405962228e-11
2.899,-1.0817148767328023e-11
2.9,-1.0722948667744548e-11
2.9010000000000002,-1.0629568900667578e-11
2.902,-1.0537002322310384e-11
2.903,-1.0445241851097218e-11
2.904,-1.035428046712155e-11
2.9050000000000002,-1.0264111211609036e-11
2.906,-1.0174727186385144e-11
2.907,-1.0086121553347436e-11
2.908,-9.998287533942427e-12
2.9090000000000003,-9.911218408647015e-12
2.91,-9.82490751645442e-12
2.911,-9.739348254364596e-12
2.912,-9.654534076879089e-12
2.9130000000000003,-9.57045849550029e-12
2.914,-9.487115078235046e-12
2.915,-9.404497449102597e-12
2.916,-9.322599287646802e-12
2.9170000000000003,-9.241414328452599e-12
2.918,-9.160936360666691e-12
2.919,-9.081159227522405e-12
2.92,-9.002076825868674e-12
2.9210000000000003,-8.923683105703136e-12
2.922,-8.84597206970929e-12
2.923,-8.768937772797695e-12
2.924,-8.692574321651143e-12
2.9250000000000003,-8.616875874273817e-12
2.926,-8.541836639544355e-12
2.927,-8.467450876772821e-12
2.928,-8.393712895261524e-12
2.9290000000000003,-8.320617053869666e-12
2.93,-8.248157760581784e-12
2.931,-8.176329472079939e-12
2.932,-8.105126693319645e-12
2.9330000000000003,-8.034543977109486e-12
2.934,-7.964575923694383e-12
2.935,-7.895217180342508e-12
2.936,-7.826462440935783e-12
2.9370000000000003,-7.758306445563946e-12
2.938,-7.690743980122161e-12
2.939,-7.623769875912123e-12
2.94,-7.557379009246635e-12
2.9410000000000003,-7.491566301057642e-12
2.942,-7.426326716507659e-12
2.943,-7.361655264604604e-12
2.944,-7.297546997819968e-12
2.945,-7.233997011710317e-12
2.946,-7.1710004445420906e-12
2.947,-7.1085524769196696e-12
2.948,-7.0466483314166774e-12
2.949,-6.985283272210494e-12
2.95,-6.924452604719957e-12
2.951,-6.86415167524621e-12
2.952,-6.8043758706166885e-12
2.953,-6.745120617832196e-12
2.954,-6.6863813837170595e-12
2.955,-6.628153674572331e-12
2.956,-6.570433035832006e-12
2.957,-6.513215051722242e-12
2.958,-6.456495344923536e-12
2.959,-6.400269576235853e-12
2.96,-6.344533444246663e-12
2.961,-6.2892826850018725e-12
2.962,-6.2345130716796235e-12
2.963,-6.180220414266929e-12
2.964,-6.126400559239126e-12
2.965,-6.0730493892421235e-12
2.966,-6.020162822777412e-12
2.967,-5.967736813889818e-12
2.968,-5.91576735185798e-12
2.969,-5.864250460887519e-12
2.97,-5.813182199806878e-12
2.971,-5.762558661765813e-12
2.972,-5.7123759739365095e-12
2.973,-5.6626302972173025e-12
2.974,-5.613317825938974e-12
2.975,-5.5644347875736105e-12
2.976,-5.515977442445994e-12
2.977,-5.4679420834475095e-12
2.978,-5.420325035752541e-12
2.979,-5.373122656537337e-12
2.98,-5.326331334701327e-12
2.981,-5.279947490590863e-12
2.982,-5.233967575725364e-12
2.983,-5.188388072525854e-12
2.984,-5.143205494045852e-12
2.985,-5.098416383704619e-12
2.986,-5.054017315022713e-12
2.987,-5.01000489135986e-12
2.988,-4.966375745655102e-12
2.989,-4.9231265401692075e-12
2.99,-4.880253966229325e-12
2.991,-4.837754743975862e-12
2.992,-4.795625622111568e-12
2.993,-4.753863377652804e-12
2.994,-4.7124648156829715e-12
2.995,-4.6714267691080965e-12
2.996,-4.630746098414539e-12
2.997,-4.590419691428811e-12
2.998,-4.5504444630794876e-12
2.999,-4.510817355161193e-12
3.0,-4.4715353361006365e-12
3.001,-4.432595400724694e-12
3.0020000000000002,-4.393994570030502e-12
3.003,-4.355729890957556e-12
3.004,-4.317798436161796e-12
3.005,-4.280197303791654e-12
3.0060000000000002,-4.242923617266061e-12
3.007,-4.205974525054374e-12
3.008,-4.169347200458232e-12
3.009,-4.133038841395305e-12
3.0100000000000002,-4.097046670184926e-12
3.011,-4.061367933335595e-12
3.012,-4.025999901334326e-12
3.013,-3.990939868437836e-12
3.0140000000000002,-3.956185152465545e-12
3.015,-3.921733094594386e-12
3.016,-3.8875810591553975e-12
3.017,-3.853726433432086e-12
3.0180000000000002,-3.82016662746055e-12
3.019,-3.786899073831338e-12
3.02,-3.753921227493038e-12
3.021,-3.7212305655575716e-12
3.0220000000000002,-3.6888245871071904e-12
3.023,-3.656700813003148e-12
3.024,-3.6248567856960376e-12
3.025,-3.593290069037786e-12
3.0260000000000002,-3.5619982480952807e-12
3.027,-3.5309789289656224e-12
3.028,-3.5002297385929844e-12
3.029,-3.4697483245870693e-12
3.0300000000000002,-3.4395323550431434e-12
3.031,-3.4095795183636416e-12
3.032,-3.379887523081324e-12
3.033,-3.3504540976839723e-12
3.0340000000000003,-3.3212769904406138e-12
3.035,-3.292353969229259e-12
3.036,-3.2636828213661375e-12
3.037,-3.235261353436423e-12
3.0380000000000003,-3.207087391126431e-12
3.039,-3.179158779057278e-12
3.04,-3.151473380619992e-12
3.041,-3.124029077812053e-12
3.0420000000000003,-3.0968237710753627e-12
3.043,-3.0698553791356233e-12
3.044,-3.043121838843113e-12
3.045,-3.0166211050148515e-12
3.0460000000000003,-2.9903511502781374e-12
3.047,-2.9643099649154497e-12
3.048,-2.938495556710699e-12
3.049,-2.912905950796818e-12
3.0500000000000003,-2.88753918950468e-12
3.051,-2.8623933322133306e-12
3.052,-2.837466455201527e-12
3.053,-2.8127566515005673e-12
3.0540000000000003,-2.7882620307484037e-12
3.055,-2.763980719045024e-12
3.056,-2.739910858809094e-12
3.057,-2.7160506086358487e-12
3.0580000000000003,-2.692398143156218e-12
3.059,-2.668951652897184e-12
3.06,-2.6457093441433497e-12
3.061,-2.6226694387997167e-12
3.0620000000000003,-2.5998301742556557e-12
3.063,-2.5771898032500622e-12
3.064,-2.5547465937376873e-12
3.065,-2.532498828756631e-12
3.0660000000000003,-2.5104448062969923e-12
3.067,-2.488582839170658e-12
3.068,-2.466911254882231e-12
3.069,-2.44542839550108e-12
3.0700000000000003,-2.4241326175345023e-12
3.071,-2.4030222918019936e-12
3.072,-2.3820958033106116e-12
3.073,-2.3613515511314243e-12
3.074,-2.3407879482770355e-12
3.075,-2.3204034215801765e-12
3.076,-2.3001964115733535e-12
3.077,-2.2801653723695464e-12
3.078,-2.2603087715439427e-12
3.079,-2.2406250900167046e-12
3.08,-2.2211128219367543e-12
3.081,-2.201770474566574e-12
3.082,-2.1825965681680068e-12
3.083,-2.1635896358890527e-12
3.084,-2.1447482236516515e-12
3.085,-2.1260708900404423e-12
3.086,-2.1075562061924907e-12
3.087,-2.0892027556879782e-12
3.088,-2.0710091344418418e-12
3.089,-2.052973950596358e-12
3.09,-2.035095824414663e-12
3.091,-2.0173733881751985e-12
3.092,-1.9998052860670775e-12
3.093,-1.9823901740863617e-12
3.094,-1.9651267199332423e-12
3.095,-1.9480136029101155e-12
3.096,-1.9310495138205442e-12
3.097,-1.914233154869104e-12
3.098,-1.8975632395620963e-12
3.099,-1.8810384926091297e-12
3.1,-1.864657649825556e-12
3.101,-1.8484194580357575e-12
3.102,-1.832322674977276e-12
3.103,-1.8163660692057761e-12
3.104,-1.8005484200008376e-12
3.105,-1.784868517272566e-12
3.106,-1.7693251614690185e-12
3.107,-1.753917163484435e-12
3.108,-1.7386433445682687e-12
3.109,-1.7235025362350083e-12
3.11,-1.7084935801747865e-12
3.111,-1.6936153281647657e-12
3.112,-1.6788666419812966e-12
3.113,-1.6642463933128411e-12
3.114,-1.6497534636736537e-12
3.115,-1.6353867443182142e-12
3.116,-1.6211451361564063e-12
3.117,-1.607027549669434e-12
3.118,-1.5930329048264712e-12
3.119,-1.5791601310020364e-12
3.12,-1.565408166894087e-12
3.121,-1.551775960442827e-12
3.122,-1.5382624687502223e-12
3.123,-1.5248666580002159e-12
3.124,-1.511587503379638e-12
3.125,-1.4984239889998066e-12
3.126,-1.4853751078188079e-12
3.1270000000000002,-1.4724398615644562e-12
3.128,-1.4596172606579225e-12
3.129,-1.4469063241380304e-12
3.13,-1.4343060795862093e-12
3.1310000000000002,-1.4218155630521024e-12
3.132,-1.4094338189798217e-12
3.133,-1.3971599001348456e-12
3.134,-1.3849928675315536e-12
3.1350000000000002,-1.372931790361391e-12
3.136,-1.3609757459216594e-12
3.137,-1.3491238195449288e-12
3.138,-1.3373751045290622e-12
3.1390000000000002,-1.3257287020678509e-12
3.14,-1.3141837211822538e-12
3.141,-1.302739278652235e-12
3.142,-1.2913944989491953e-12
3.1430000000000002,-1.2801485141689919e-12
3.144,-1.2690004639655423e-12
3.145,-1.2579494954850045e-12
3.146,-1.2469947633005326e-12
3.1470000000000002,-1.2361354293475987e-12
3.148,-1.2253706628598795e-12
3.149,-1.2146996403057004e-12
3.15,-1.2041215453250327e-12
3.1510000000000002,-1.193635568667041e-12
3.152,-1.1832409081281728e-12
3.153,-1.1729367684907877e-12
3.154,-1.1627223614623224e-12
3.1550000000000002,-1.1525969056149828e-12
3.156,-1.142559626325964e-12
3.157,-1.1326097557181893e-12
3.158,-1.1227465326015655e-12
3.1590000000000003,-1.1129692024147502e-12
3.16,-1.1032770171674258e-12
3.161,-1.0936692353830765e-12
3.162,-1.0841451220422634e-12
3.1630000000000003,-1.0747039485263938e-12
3.164,-1.0653449925619797e-12
3.165,-1.0560675381653823e-12
3.166,-1.0468708755880378e-12
3.1670000000000003,-1.0377543012621592e-12
3.168,-1.0287171177469119e-12
3.169,-1.0197586336750578e-12
3.17,-1.010878163700064e-12
3.1710000000000003,-1.0020750284436717e-12
3.172,-9.933485544439224e-13
3.173,-9.846980741036364e-13
3.174,-9.7612292563934e-13
3.1750000000000003,-9.67622453030637e-13
3.176,-9.591960059700215e-13
3.177,-9.508429398131283e-13
3.178,-9.425626155294154e-13
3.1790000000000003,-9.34354399653277e-13
3.18,-9.262176642355818e-13
3.181,-9.181517867956326e-13
3.182,-9.101561502735458e-13
3.1830000000000003,-9.022301429830444e-13
3.184,-8.943731585646624e-13
3.185,-8.865845959393571e-13
3.186,-8.788638592625247e-13
3.1870000000000003,-8.712103578784167e-13
3.188,-8.636235062749536e-13
3.189,-8.561027240389314e-13
3.19,-8.486474358116186e-13
3.1910000000000003,-8.412570712447401e-13
3.192,-8.339310649568436e-13
3.193,-8.266688564900471e-13
3.194,-8.194698902671618e-13
3.1950000000000003,-8.123336155491897e-13
3.196,-8.052594863931903e-13
3.197,-7.982469616105147e-13
3.198,-7.912955047254032e-13
3.1990000000000003,-7.844045839339439e-13
3.2,-7.775736720633878e-13
3.201,-7.708022465318194e-13
3.202,-7.640897893081771e-13
3.203,-7.574357868726235e-13
3.204,-7.508397301772589e-13
3.205,-7.443011146071785e-13
3.206,-7.378194399418677e-13
3.207,-7.313942103169343e-13
3.208,-7.250249341861734e-13
3.209,-7.187111242839629e-13
3.21,-7.124522975879865e-13
3.211,-7.062479752822814e-13
3.212,-7.000976827206075e-13
3.213,-6.940009493901357e-13
3.214,-6.879573088754527e-13
3.215,-6.81966298822879e-13
3.216,-6.760274609050977e-13
3.217,-6.701403407860911e-13
3.218,-6.643044880863832e-13
3.219,-6.585194563485841e-13
3.22,-6.527848030032354e-13
3.221,-6.471000893349521e-13
3.222,-6.4146488044886e-13
3.223,-6.358787452373249e-13
3.224,-6.303412563469722e-13
3.225,-6.24851990145993e-13
3.226,-6.194105266917352e-13
3.227,-6.14016449698577e-13
3.228,-6.086693465060798e-13
3.229,-6.033688080474186e-13
3.23,-5.981144288180879e-13
3.231,-5.929058068448787e-13
3.232,-5.877425436551274e-13
3.233,-5.826242442462311e-13
3.234,-5.775505170554292e-13
3.235,-5.725209739298475e-13
3.236,-5.67535230096804e-13
3.237,-5.625929041343725e-13
3.238,-5.576936179422029e-13
3.239,-5.528369967125958e-13
3.24,-5.480226689018284e-13
3.241,-5.432502662017308e-13
3.242,-5.385194235115093e-13
3.243,-5.338297789098154e-13
3.244,-5.291809736270578e-13
3.245,-5.245726520179558e-13
3.246,-5.200044615343313e-13
3.247,-5.15476052698138e-13
3.248,-5.109870790747259e-13
3.249,-5.065371972463373e-13
3.25,-5.021260667858357e-13
3.251,-4.977533502306608e-13
3.2520000000000002,-4.934187130570132e-13
3.253,-4.891218236542615e-13
3.254,-4.848623532995736e-13
3.255,-4.806399761327688e-13
3.2560000000000002,-4.76454369131388e-13
3.257,-4.723052120859825e-13
3.258,-4.681921875756166e-13
3.259,-4.641149809435845e-13
3.2600000000000002,-4.600732802733377e-13
3.261,-4.560667763646234e-13
3.262,-4.5209516270982907e-13
3.263,-4.481581354705344e-13
3.2640000000000002,-4.4425539345426676e-13
3.265,-4.4038663809145916e-13
3.266,-4.36551573412609e-13
3.267,-4.327499060256356e-13
3.2680000000000002,-4.28981345093435e-13
3.269,-4.252456023116302e-13
3.27,-4.2154239188651506e-13
3.271,-4.1787143051319057e-13
3.2720000000000002,-4.142324373538911e-13
3.273,-4.1062513401649966e-13
3.274,-4.070492445332503e-13
3.275,-4.0350449533961583e-13
3.2760000000000002,-3.9999061525337936e-13
3.277,-3.9650733545388825e-13
3.278,-3.9305438946148877e-13
3.279,-3.896315131171395e-13
3.2800000000000002,-3.8623844456220264e-13
3.281,-3.8287492421841124e-13
3.282,-3.7954069476801065e-13
3.283,-3.762355011340731e-13
3.2840000000000003,-3.729590904609838e-13
3.285,-3.6971121209509675e-13
3.286,-3.66491617565559e-13
3.287,-3.6330006056530226e-13
3.2880000000000003,-3.6013629693219956e-13
3.289,-3.570000846303864e-13
3.29,-3.538911837317443e-13
3.291,-3.508093563975457e-13
3.2920000000000003,-3.4775436686025874e-13
3.293,-3.4472598140551045e-13
3.294,-3.4172396835420695e-13
3.295,-3.3874809804480954e-13
3.2960000000000003,-3.3579814281576486e-13
3.297,-3.328738769880883e-13
3.298,-3.29975076848099e-13
3.299,-3.2710152063030523e-13
3.3000000000000003,-3.242529885004386e-13
3.301,-3.214292625386364e-13
3.302,-3.186301267227701e-13
3.303,-3.158553669119189e-13
3.3040000000000003,-3.1310477082998783e-13
3.305,-3.1037812804946783e-13
3.306,-3.076752299753375e-13
3.307,-3.049958698291051e-13
3.3080000000000003,-3.0233984263298963e-13
3.309,-2.9970694519423927e-13
3.31,-2.9709697608958674e-13
3.311,-2.9450973564983994e-13
3.3120000000000003,-2.919450259446067e-13
3.313,-2.894026507671527e-13
3.314,-2.86882415619391e-13
3.315,-2.843841276970026e-13
3.3160000000000003,-2.819075958746863e-13
3.317,-2.794526306915373e-13
3.318,-2.770190443365528e-13
3.319,-2.7460665063426407e-13
3.3200000000000003,-2.722152650304936e-13
3.321,-2.69844704578236e-13
3.322,-2.674947879236625e-13
3.323,-2.651653352922466e-13
3.3240000000000003,-2.62856168475011e-13
3.325,-2.6056711081489407e-13
3.326,-2.5829798719323526e-13
3.327,-2.5604862401637806e-13
3.3280000000000003,-2.538188492023896e-13
3.329,-2.516084921678959e-13
3.33,-2.4941738381503206e-13
3.331,-2.4724535651850546e-13
3.332,-2.450922441127723e-13
3.333,-2.429578818793255e-13
3.334,-2.408421065340932e-13
3.335,-2.387447562149472e-13
3.336,-2.3666567046932e-13
3.337,-2.3460469024192996e-13
3.338,-2.3256165786261296e-13
3.339,-2.305364170342604e-13
3.34,-2.28528812820862e-13
3.341,-2.2653869163565289e-13
3.342,-2.2456590122936361e-13
3.343,-2.2261029067857296e-13
3.344,-2.2067171037416177e-13
3.345,-2.1875001200986753e-13
3.346,-2.168450485709385e-13
3.347,-2.1495667432288686e-13
3.348,-2.1308474480033947e-13
3.349,-2.11229116795986e-13
3.35,-2.0938964834962327e-13
3.351,-2.0756619873729483e-13
3.352,-2.0575862846052528e-13
3.353,-2.0396679923564827e-13
3.354,-2.0219057398322746e-13
3.355,-2.004298168175696e-13
3.356,-1.9868439303632893e-13
3.357,-1.9695416911020209e-13
3.358,-1.9523901267271285e-13
3.359,-1.9353879251008566e-13
3.36,-1.9185337855120758e-13
3.361,-1.901826418576774e-13
3.362,-1.8852645461394156e-13
3.363,-1.86884690117516e-13
3.364,-1.85257222769293e-13
3.365,-1.8364392806393268e-13
3.366,-1.8204468258033783e-13
3.367,-1.8045936397221206e-13
3.368,-1.788878509586999e-13
3.369,-1.773300233151086e-13
3.37,-1.757857618637105e-13
3.371,-1.7425494846462578e-13
3.372,-1.7273746600678437e-13
3.373,-1.7123319839896673e-13
3.374,-1.6974203056092248e-13
3.375,-1.6826384841456657e-13
3.376,-1.6679853887525198e-13
3.3770000000000002,-1.6534598984311844e-13
3.378,-1.6390609019451655e-13
3.379,-1.6247872977350652e-13
3.38,-1.6106379938343096e-13
3.3810000000000002,-1.5966119077856106e-13
3.382,-1.5827079665581556e-13
3.383,-1.5689251064655173e-13
3.384,-1.5552622730842793e-13
3.3850000000000002,-1.5417184211733704e-13
3.386,-1.5282925145941005e-13
3.387,-1.514983526230894e-13
3.388,-1.5017904379127118e-13
3.3890000000000002,-1.48871224033516e-13
3.39,-1.4757479329832744e-13
3.391,-1.4628965240549797e-13
3.392,-1.4501570303852132e-13
3.3930000000000002,-1.4375284773707106e-13
3.394,-1.4250098988954464e-13
3.395,-1.412600337256724e-13
3.396,-1.400298843091908e-13
3.3970000000000002,-1.3881044753057963e-13
3.398,-1.3760163009986243e-13
3.399,-1.3640333953946947e-13
3.4,-1.3521548417716307e-13
3.4010000000000002,-1.3403797313902444e-13
3.402,-1.328707163425015e-13
3.403,-1.317136244895175e-13
3.404,-1.3056660905963931e-13
3.4050000000000002,-1.2942958230330555e-13
3.406,-1.2830245723511344e-13
3.407,-1.2718514762716417e-13
3.408,-1.2607756800246633e-13
3.4090000000000003,-1.2497963362839667e-13
3.41,-1.2389126051021783e-13
3.411,-1.2281236538465255e-13
3.412,-1.2174286571351379e-13
3.4130000000000003,-1.206826796773904e-13
3.414,-1.1963172616938767e-13
3.415,-1.1858992478892252e-13
3.416,-1.1755719583557257e-13
3.4170000000000003,-1.1653346030297895e-13
3.418,-1.1551863987280204e-13
3.419,-1.1451265690872993e-13
3.42,-1.1351543445053912e-13
3.4210000000000003,-1.1252689620820675e-13
3.422,-1.1154696655607433e-13
3.423,-1.1057557052706213e-13
3.424,-1.09612633806934e-13
3.4250000000000003,-1.0865808272861221e-13
3.426,-1.0771184426654167e-13
3.427,-1.0677384603110331e-13
3.428,-1.0584401626307609e-13
3.4290000000000003,-1.0492228382814726e-13
3.43,-1.0400857821147037e-13
3.431,-1.0310282951227075e-13
3.432,-1.0220496843849789e-13
3.4330000000000003,-1.0131492630152443e-13
3.434,-1.0043263501089134e-13
3.435,-9.955802706909877e-14
3.436,-9.869103556644238e-14
3.4370000000000003,-9.783159417589455e-14
3.438,-9.697963714803019e-14
3.439,-9.613509930599677e-14
3.44,-9.529791604052809e-14
3.4410000000000003,-9.446802330500155e-14
3.442,-9.36453576105384e-14
3.443,-9.282985602114667e-14
3.444,-9.202145614890643e-14
3.4450000000000003,-9.122009614919696e-14
3.446,-9.042571471596545e-14
3.447,-8.963825107703698e-14
3.448,-8.885764498946524e-14
3.4490000000000003,-8.808383673492384e-14
3.45,-8.73167671151377e-14
3.451,-8.655637744735422e-14
3.452,-8.580260955985389e-14
3.4530000000000003,-8.505540578750004e-14
3.454,-8.43147089673273e-14
3.455,-8.358046243416847e-14
3.456,-8.285261001631952e-14
3.457,-8.213109603124229e-14
3.458,-8.141586528130466e-14
3.459,-8.070686304955776e-14
3.46,-8.000403509555005e-14
3.461,-7.93073276511777e-14
3.462,-7.861668741657126e-14
3.463,-7.793206155601806e-14
3.464,-7.725339769392016e-14
3.465,-7.658064391078747e-14
3.466,-7.591374873926578e-14
3.467,-7.525266116019941e-14
3.468,-7.459733059872805e-14
3.469,-7.394770692041774e-14
3.47,-7.330374042742537e-14
3.471,-7.266538185469675e-14
3.472,-7.203258236619766e-14
3.473,-7.140529355117781e-14
3.474,-7.078346742046725e-14
3.475,-7.016705640280508e-14
3.476,-6.95560133412002e-14
3.477,-6.895029148932361e-14
3.478,-6.83498445079322e-14
3.479,-6.775462646132373e-14
3.48,-6.716459181382259e-14
3.481,-6.657969542629621e-14
3.482,-6.599989255270184e-14
3.483,-6.542513883666334e-14
3.484,-6.485539030807776e-14
3.485,-6.429060337975163e-14
3.486,-6.37307348440663e-14
3.487,-6.317574186967255e-14
3.488,-6.262558199821384e-14
3.489,-6.208021314107811e-14
3.49,-6.153959357617797e-14
3.491,-6.100368194475881e-14
3.492,-6.047243724823474e-14
3.493,-5.994581884505212e-14
3.494,-5.942378644758037e-14
3.495,-5.890630011902985e-14
3.496,-5.839332027039667e-14
3.497,-5.788480765743389e-14
3.498,-5.738072337764937e-14
3.499,-5.688102886732957e-14
3.5,-5.638568589858934e-14
3.501,-5.5894656576447393e-14
3.5020000000000002,-5.540790333592724e-14
3.503,-5.492538893918338e-14
3.504,-5.444707647265249e-14
3.505,-5.3972929344229496e-14
3.5060000000000002,-5.350291128046812e-14
3.507,-5.303698632380592e-14
3.508,-5.257511882981342e-14
3.509,-5.211727346446722e-14
3.5100000000000002,-5.166341520144689e-14
3.511,-5.121350931945532e-14
3.512,-5.076752139956249e-14
3.513,-5.0325417322572315e-14
3.5140000000000002,-4.988716326641245e-14
3.515,-4.94527257035468e-14
3.516,-4.902207139841062e-14
3.517,-4.8595167404867854e-14
3.5180000000000002,-4.817198106369073e-14
3.519,-4.77524800000612e-14
3.52,-4.7336632121094223e-14
3.521,-4.692440561338254e-14
3.5220000000000002,-4.6515768940562895e-14
3.523,-4.611069084090343e-14
3.524,-4.5709140324912065e-14
3.525,-4.5311086672965726e-14
3.5260000000000002,-4.491649943296023e-14
3.527,-4.4525348417980606e-14
3.528,-4.413760370399173e-14
3.529,-4.375323562754907e-14
3.5300000000000002,-4.3372214783529336e-14
3.531,-4.2994512022880927e-14
3.532,-4.2620098450393956e-14
3.533,-4.2248945422489696e-14
3.5340000000000003,-4.188102454502927e-14
3.535,-4.151630767114142e-14
3.536,-4.115476689906921e-14
3.537,-4.079637457003548e-14
3.5380000000000003,-4.044110326612687e-14
3.539,-4.0088925808196265e-14
3.54,-3.9739815253783557e-14
3.541,-3.9393744895054455e-14
3.5420000000000003,-3.9050688256757265e-14
3.543,-3.8710619094197485e-14
3.544,-3.8373511391230016e-14
3.545,-3.803933935826884e-14
3.5460000000000003,-3.7708077430314085e-14
3.547,-3.7379700264996204e-14
3.548,-3.705418274063725e-14
3.549,-3.6731499954329e-14
3.5500000000000003,-3.641162722002779e-14
3.551,-3.6094540066666e-14
3.552,-3.5780214236279965e-14
3.553,-3.5468625682154146e-14
3.5540000000000003,-3.515975056698152e-14
3.555,-3.485356526103995e-14
3.556,-3.4550046340384475e-14
3.557,-3.42491705850553e-14
3.5580000000000003,-3.3950914977301413e-14
3.559,-3.3655256699819677e-14
3.56,-3.3362173134009244e-14
3.561,-3.307164185824118e-14
3.5620000000000003,-3.278364064614313e-14
3.563,-3.2498147464899e-14
3.564,-3.221514047356332e-14
3.565,-3.193459802139042e-14
3.5660000000000003,-3.165649864617805e-14
3.567,-3.138082107262549e-14
3.568,-3.110754421070592e-14
3.569,-3.0836647154053007e-14
3.5700000000000003,-3.056810917836149e-14
3.571,-3.0301909739801726e-14
3.572,-3.0038028473448036e-14
3.573,-2.977644519172074e-14
3.5740000000000003,-2.951713988284175e-14
3.575,-2.926009270930363e-14
3.576,-2.9005284006351956e-14
3.577,-2.8752694280480945e-14
3.5780000000000003,-2.850230420794212e-14
3.579,-2.8254094633266013e-14
3.58,-2.8008046567796723e-14
3.581,-2.7764141188239225e-14
3.5820000000000003,-2.7522359835219355e-14
3.583,-2.728268401185631e-14
3.584,-2.7045095382347595e-14
3.585,-2.680957577056629e-14
3.586,-2.6576107158670526e-14
3.587,-2.6344671685725075e-14
3.588,-2.611525164633495e-14
3.589,-2.5887829489290888e-14
3.59,-2.5662387816226648e-14
3.591,-2.5438909380287985e-14
3.592,-2.521737708481323e-14
3.593,-2.4997773982025338e-14
3.594,-2.478008327173536e-14
3.595,-2.4564288300057176e-14
3.596,-2.4350372558133423e-14
3.597,-2.4138319680872545e-14
3.598,-2.3928113445696804e-14
3.599,-2.371973777130122e-14
3.6,-2.3513176716423316e-14
3.601,-2.3308414478623563e-14
3.602,-2.3105435393076458e-14
3.603,-2.290422393137212e-14
3.604,-2.2704764700328337e-14
3.605,-2.250704244081294e-14
3.606,-2.2311042026576446e-14
3.607,-2.2116748463094862e-14
3.608,-2.1924146886422562e-14
3.609,-2.1733222562055165e-14
3.61,-2.15439608838023e-14
3.611,-2.13563473726702e-14
3.612,-2.1170367675754025e-14
3.613,-2.098600756513983e-14
3.614,-2.080325293681608e-14
3.615,-2.0622089809594676e-14
3.616,-2.044250432404135e-14
3.617,-2.0264482741415378e-14
3.618,-2.0088011442618546e-14
3.619,-1.991307692715324e-14
3.62,-1.9739665812089637e-14
3.621,-1.9567764831041867e-14
3.622,-1.9397360833153107e-14
3.623,-1.9228440782089507e-14
3.624,-1.9060991755042872e-14
3.625,-1.8895000941742043e-14
3.626,-1.8730455643472874e-14
3.6270000000000002,-1.856734327210675e-14
3.628,-1.8405651349137566e-14
3.629,-1.824536750472708e-14
3.63,-1.8086479476758603e-14
3.6310000000000002,-1.7928975109898908e-14
3.632,-1.777284235466832e-14
3.633,-1.761806926651889e-14
3.634,-1.7464644004920626e-14
3.6350000000000002,-1.731255483245565e-14
3.636,-1.7161790113920258e-14
3.637,-1.7012338315434796e-14
3.638,-1.6864188003561294e-14
3.6390000000000002,-1.6717327844428777e-14
3.64,-1.6571746602866194e-14
3.641,-1.64274331415429e-14
3.642,-1.6284376420116624e-14
3.6430000000000002,-1.6142565494388854e-14
3.644,-1.600198951546758e-14
3.645,-1.586263772893732e-14
3.646,-1.5724499474036387e-14
3.6470000000000002,-1.5587564182841313e-14
3.648,-1.5451821379458368e-14
3.649,-1.5317260679222147e-14
3.65,-1.5183871787901097e-14
3.6510000000000002,-1.505164450090999e-14
3.652,-1.4920568702529245e-14
3.653,-1.4790634365131062e-14
3.654,-1.4661831548412267e-14
3.6550000000000002,-1.4534150398633857e-14
3.656,-1.440758114786717e-14
3.657,-1.428211411324661e-14
3.658,-1.415773969622889e-14
3.6590000000000003,-1.4034448381858706e-14
3.66,-1.3912230738040834e-14
3.661,-1.379107741481854e-14
3.662,-1.3670979143658291e-14
3.6630000000000003,-1.3551926736740684e-14
3.664,-1.343391108625756e-14
3.665,-1.3316923163715232e-14
3.666,-1.3200954019243779e-14
3.6670000000000003,-1.3085994780912364e-14
3.668,-1.2972036654050504e-14
3.669,-1.285907092057526e-14
3.67,-1.2747088938324278e-14
3.6710000000000003,-1.2636082140394645e-14
3.672,-1.2526042034487498e-14
3.673,-1.241696020225834e-14
3.674,-1.230882829867302e-14
3.6750000000000003,-1.2201638051369312e-14
3.676,-1.2095381260024062e-14
3.677,-1.1990049795725841e-14
3.678,-1.1885635600353063e-14
3.6790000000000003,-1.178213068595752e-14
3.68,-1.1679527134153279e-14
3.681,-1.1577817095510914e-14
3.682,-1.1476992788956999e-14
3.6830000000000003,-1.1377046501178835e-14
3.684,-1.1277970586034369e-14
3.685,-1.1179757463967234e-14
3.686,-1.1082399621426908e-14
3.6870000000000003,-1.0985889610293896e-14
3.688,-1.0890220047309937e-14
3.689,-1.0795383613513164e-14
3.69,-1.0701373053678185e-14
3.6910000000000003,-1.0608181175761043e-14
3.692,-1.0515800850349001e-14
3.693,-1.0424225010115127e-14
3.694,-1.033344664927763e-14
3.6950000000000003,-1.0243458823063891e-14
3.696,-1.0154254647179177e-14
3.697,-1.0065827297279975e-14
3.698,-9.978170008451908e-15
3.6990000000000003,-9.89127607469221e-15
3.7,-9.805138848396688e-15
3.701,-9.719751739851179e-15
3.702,-9.635108216727405e-15
3.7030000000000003,-9.551201803583244e-15
3.704,-9.468026081367337e-15
3.705,-9.38557468692802e-15
3.706,-9.303841312526518e-15
3.7070000000000003,-9.222819705354398e-15
3.708,-9.142503667055201e-15
3.709,-9.062887053250267e-15
3.71,-8.983963773068659e-15
3.7110000000000003,-8.905727788681208e-15
3.712,-8.828173114838601e-15
3.713,-8.751293818413488e-15
3.714,-8.675084017946593e-15
3.715,-8.599537883196757e-15
3.716,-8.52464963469492e-15
3.717,-8.45041354330197e-15
3.718,-8.376823929770454e-15
3.719,-8.303875164310097e-15
3.72,-8.231561666157111e-15
3.721,-8.159877903147254e-15
3.722,-8.088818391292604e-15
3.723,-8.01837769436202e-15
3.724,-7.948550423465255e-15
3.725,-7.8793312366407e-15
3.726,-7.810714838446698e-15
3.727,-7.74269597955644e-15
3.728,-7.675269456356376e-15
3.729,-7.608430110548122e-15
3.73,-7.542172828753838e-15
3.731,-7.476492542125047e-15
3.732,-7.411384225954846e-15
3.733,-7.346842899293514e-15
3.734,-7.282863624567448e-15
3.735,-7.219441507201433e-15
3.736,-7.15657169524419e-15
3.737,-7.094249378997188e-15
3.738,-7.032469790646698e-15
3.739,-6.971228203899034e-15
3.74,-6.910519933618988e-15
3.741,-6.850340335471398e-15
3.742,-6.79068480556585e-15
3.743,-6.7315487801044654e-15
3.744,-6.672927735032762e-15
3.745,-6.614817185693549e-15
3.746,-6.557212686483844e-15
3.747,-6.500109830514767e-15
3.748,-6.44350424927441e-15
3.749,-6.3873916122936284e-15
3.75,-6.331767626814751e-15
3.751,-6.2766280374631755e-15
3.7520000000000002,-6.2219686259218185e-15
3.753,-6.167785210608407e-15
3.754,-6.1140736463555736e-15
3.755,-6.060829824093743e-15
3.7560000000000002,-6.008049670536776e-15
3.757,-5.955729147870356e-15
3.758,-5.903864253443082e-15
3.759,-5.852451019460257e-15
3.7600000000000002,-5.801485512680346e-15
3.761,-5.7509638341140666e-15
3.762,-5.70088211872611e-15
3.763,-5.651236535139456e-15
3.7640000000000002,-5.6020232853422635e-15
3.765,-5.553238604397311e-15
3.766,-5.5048787601539705e-15
3.767,-5.45694005296269e-15
3.7680000000000002,-5.409418815391959e-15
3.769,-5.362311411947741e-15
3.77,-5.315614238795351e-15
3.771,-5.2693237234837505e-15
3.7720000000000002,-5.2234363246722474e-15
3.773,-5.1779485318595754e-15
3.774,-5.13285686511533e-15
3.775,-5.088157874813746e-15
3.7760000000000002,-5.043848141369792e-15
3.777,-4.999924274977565e-15
3.778,-4.95638291535096e-15
3.779,-4.913220731466599e-15
3.7800000000000002,-4.870434421309004e-15
3.781,-4.828020711617978e-15
3.782,-4.7859763576381966e-15
3.783,-4.744298142870976e-15
3.7840000000000003,-4.702982878828201e-15
3.785,-4.662027404788398e-15
3.786,-4.621428587554932e-15
3.787,-4.581183321216312e-15
3.7880000000000003,-4.541288526908576e-15
3.789,-4.501741152579754e-15
3.79,-4.462538172756376e-15
3.791,-4.4236765883120175e-15
3.7920000000000003,-4.385153426237858e-15
3.793,-4.346965739415237e-15
3.794,-4.309110606390195e-15
3.795,-4.271585131149973e-15
3.7960000000000003,-4.23438644290146e-15
3.797,-4.197511695851572e-15
3.798,-4.160958068989538e-15
3.799,-4.12472276587109e-15
3.8000000000000003,-4.088803014404525e-15
3.801,-4.053196066638634e-15
3.802,-4.0178991985524775e-15
3.803,-3.982909709846989e-15
3.8040000000000003,-3.948224923738399e-15
3.805,-3.913842186753449e-15
3.806,-3.8797588685264e-15
3.807,-3.845972361597797e-15
3.8080000000000003,-3.812480081214997e-15
3.809,-3.779279465134428e-15
3.81,-3.746367973425566e-15
3.811,-3.71374308827663e-15
3.8120000000000003,-3.681402313801961e-15
3.813,-3.649343175851079e-15
3.814,-3.6175632218194065e-15
3.815,-3.586060020460637e-15
3.8160000000000003,-3.5548311617007376e-15
3.817,-3.523874256453574e-15
3.818,-3.493186936438138e-15
3.819,-3.4627668539973702e-15
3.8200000000000003,-3.4326116819185563e-15
3.821,-3.4027191132552893e-15
3.822,-3.373086861150984e-15
3.823,-3.3437126586639248e-15
3.8240000000000003,-3.3145942585938413e-15
3.825,-3.2857294333099897e-15
3.826,-3.2571159745807345e-15
3.827,-3.2287516934046128e-15
3.8280000000000003,-3.2006344198428704e-15
3.829,-3.172762002853456e-15
3.83,-3.1451323101264618e-15
3.831,-3.1177432279209944e-15
3.8320000000000003,-3.090592660903471e-15
3.833,-3.0636785319873185e-15
3.834,-3.036998782174074e-15
3.835,-3.010551370395863e-15
3.8360000000000003,-2.984334273359256e-15
3.837,-2.9583454853904775e-15
3.838,-2.9325830182819713e-15
3.839,-2.9070449011402944e-15
3.84,-2.88172918023534e-15
3.841,-2.8566339188508716e-15
3.842,-2.8317571971363606e-15
3.843,-2.8070971119601114e-15
3.844,-2.7826517767636682e-15
3.845,-2.7584193214174873e-15
3.846,-2.734397892077869e-15
3.847,-2.710585651045133e-15
3.848,-2.6869807766230296e-15
3.849,-2.6635814629793757e-15
3.85,-2.6403859200079046e-15
3.851,-2.617392373191317e-15
3.852,-2.5945990634655277e-15
3.853,-2.572004247085091e-15
3.854,-2.5496061954898017e-15
3.855,-2.527403195172454e-15
3.856,-2.505393547547755e-15
3.857,-2.4835755688223786e-15
3.858,-2.461947589866151e-15
3.859,-2.440507956084358e-15
3.86,-2.4192550272911636e-15
3.861,-2.3981871775841337e-15
3.862,-2.377302795219848e-15
3.863,-2.3566002824905996e-15
3.864,-2.3360780556021646e-15
3.865,-2.3157345445526396e-15
3.866,-2.295568193012331e-15
3.867,-2.2755774582046936e-15
3.868,-2.255760810788302e-15
3.869,-2.236116734739855e-15
3.87,-2.2166437272381934e-15
3.871,-2.197340298549332e-15
3.872,-2.1782049719124904e-15
3.873,-2.1592362834271177e-15
3.874,-2.1404327819409002e-15
3.875,-2.1217930289387446e-15
3.876,-2.1033155984327275e-15
3.8770000000000002,-2.0849990768530042e-15
3.878,-2.0668420629396676e-15
3.879,-2.0488431676355474e-15
3.88,-2.0310010139799436e-15
3.8810000000000002,-2.0133142370032866e-15
3.882,-1.995781483622713e-15
3.883,-1.9784014125385513e-15
3.884,-1.961172694131709e-15
3.8850000000000002,-1.944094010361953e-15
3.886,-1.9271640546670782e-15
3.887,-1.9103815318629497e-15
3.888,-1.8937451580444195e-15
3.8890000000000002,-1.8772536604871043e-15
3.89,-1.8609057775500178e-15
3.891,-1.8447002585790538e-15
3.892,-1.8286358638113065e-15
3.8930000000000002,-1.8127113642802263e-15
3.894,-1.7969255417216008e-15
3.895,-1.7812771884803543e-15
3.896,-1.7657651074181586e-15
3.8970000000000002,-1.7503881118218502e-15
3.898,-1.7351450253126426e-15
3.899,-1.7200346817561312e-15
3.9,-1.7050559251730801e-15
3.9010000000000002,-1.690207609650988e-15
3.902,-1.6754885992564219e-15
3.903,-1.660897767948116e-15
3.904,-1.6464339994908269e-15
3.9050000000000002,-1.6320961873699379e-15
3.906,-1.6178832347068088e-15
3.907,-1.6037940541748616e-15
3.908,-1.5898275679163968e-15
3.9090000000000003,-1.5759827074601352e-15
3.91,-1.5622584136394772e-15
3.911,-1.5486536365114732e-15
3.912,-1.5351673352765012e-15
3.9130000000000003,-1.5217984781986425e-15
3.914,-1.5085460425267512e-15
3.915,-1.4954090144162117e-15
3.916,-1.4823863888513764e-15
3.9170000000000003,-1.46947716956868e-15
3.918,-1.4566803689804225e-15
3.919,-1.4439950080992165e-15
3.92,-1.4314201164630921e-15
3.9210000000000003,-1.4189547320612542e-15
3.922,-1.4065979012604857e-15
3.923,-1.3943486787321933e-15
3.924,-1.3822061273800866e-15
3.9250000000000003,-1.3701693182684878e-15
3.926,-1.3582373305512665e-15
3.927,-1.3464092514013921e-15
3.928,-1.3346841759411005e-15
3.9290000000000003,-1.3230612071726681e-15
3.93,-1.3115394559097904e-15
3.931,-1.3001180407095558e-15
3.932,-1.2887960878050137e-15
3.9330000000000003,-1.2775727310383292e-15
3.934,-1.266447111794519e-15
3.935,-1.2554183789357662e-15
3.936,-1.2444856887363056e-15
3.9370000000000003,-1.2336482048178768e-15
3.938,-1.222905098085739e-15
3.939,-1.2122555466652429e-15
3.94,-1.201698735838956e-15
3.9410000000000003,-1.1912338579843337e-15
3.942,-1.180860112511935e-15
3.943,-1.1705767058041752e-15
3.944,-1.1603828511546115e-15
3.9450000000000003,-1.1502777687077589e-15
3.946,-1.1402606853994285e-15
3.947,-1.130330834897587e-15
3.948,-1.1204874575437294e-15
3.9490000000000003,-1.110729800294764e-15
3.95,-1.1010571166654026e-15
3.951,-1.0914686666710521e-15
3.952,-1.0819637167712042e-15
3.9530000000000003,-1.0725415398133172e-15
3.954,-1.0632014149771877e-15
3.955,-1.0539426277198057e-15
3.956,-1.04476446972069e-15
3.9570000000000003,-1.0356662388277006e-15
3.958,-1.0266472390033217e-15
3.959,-1.017706780271413e-15
3.96,-1.0088441786644254e-15
3.9610000000000003,-1.0000587561710754e-15
3.962,-9.913498406844751e-16
3.963,-9.827167659507154e-16
3.964,-9.741588715178948e-16
3.9650000000000003,-9.65675502685594e-16
3.966,-9.572660104547894e-16
3.967,-9.489297514782021e-16
3.968,-9.406660880110823e-16
3.969,-9.324743878624184e-16
3.97,-9.243540243465733e-16
3.971,-9.163043762353417e-16
3.972,-9.083248277104244e-16
3.973,-9.004147683163165e-16
3.974,-8.925735929136064e-16
3.975,-8.848007016326806e-16
3.976,-8.770954998278325e-16
3.977,-8.694573980317704e-16
3.978,-8.618858119105219e-16
3.979,-8.543801622187307e-16
3.98,-8.469398747553431e-16
3.981,-8.395643803196799e-16
3.982,-8.322531146678914e-16
3.983,-8.250055184697911e-16
3.984,-8.178210372660656e-16
3.985,-8.106991214258572e-16
3.986,-8.036392261047156e-16
3.987,-7.966408112029161e-16
3.988,-7.897033413241403e-16
3.989,-7.828262857345173e-16
3.99,-7.76009118322021e-16
3.991,-7.692513175562213e-16
3.992,-7.625523664483856e-16
3.993,-7.559117525119281e-16
3.994,-7.493289677232031e-16
3.995,-7.428035084826399e-16
3.996,-7.363348755762161e-16
3.997,-7.29922574137267e-16
3.998,-7.235661136086261e-16
3.999,-7.172650077050973e-16
4.0,-7.11018774376252e-16
4.001,-7.048269357695516e-16
4.002,-6.986890181937902e-16
4.003,-6.926045520828566e-16
4.0040000000000004,-6.865730719598103e-16
4.005,-6.805941164012725e-16
4.006,-6.746672280021252e-16
4.007,-6.687919533405191e-16
4.008,-6.629678429431851e-16
4.009,-6.571944512510492e-16
4.01,-6.514713365851457e-16
4.011,-6.457980611128274e-16
4.0120000000000005,-6.401741908142708e-16
4.013,-6.345992954492725e-16
4.014,-6.290729485243341e-16
4.015,-6.23594727260035e-16
4.016,-6.181642125586887e-16
4.017,-6.127809889722803e-16
4.018,-6.074446446706841e-16
4.019,-6.021547714101575e-16
4.0200000000000005,-5.969109645021092e-16
4.021,-5.917128227821394e-16
4.022,-5.865599485793504e-16
4.023,-5.814519476859226e-16
4.024,-5.7638842932695775e-16
4.025,-5.713690061305831e-16
4.026,-5.663932940983164e-16
4.027,-5.614609125756896e-16
4.0280000000000005,-5.565714842231272e-16
4.029,-5.517246349870793e-16
4.03,-5.469199940714051e-16
4.031,-5.421571939090065e-16
4.032,-5.37435870133708e-16
4.033,-5.327556615523822e-16
4.034,-5.281162101173169e-16
4.035,-5.235171608988243e-16
4.0360000000000005,-5.189581620580873e-16
4.037,-5.144388648202437e-16
4.038,-5.099589234477034e-16
4.039,-5.055179952136988e-16
4.04,-5.011157403760655e-16
4.041,-4.96751822151251e-16
4.042,-4.924259066885501e-16
4.043,-4.881376630445642e-16
4.0440000000000005,-4.838867631578835e-16
4.045,-4.796728818239895e-16
4.046,-4.754956966703759e-16
4.047,-4.713548881318864e-16
4.048,-4.672501394262671e-16
4.049,-4.631811365299319e-16
4.05,-4.591475681539388e-16
4.051,-4.551491257201758e-16
4.0520000000000005,-4.511855033377537e-16
4.053,-4.472563977796044e-16
4.054,-4.433615084592838e-16
4.055,-4.395005374079759e-16
4.056,-4.3567318925169754e-16
4.057,-4.318791711887013e-16
4.058,-4.2811819296707574e-16
4.059,-4.2438996686254027e-16
4.0600000000000005,-4.206942076564335e-16
4.061,-4.1703063261389335e-16
4.062,-4.13398961462227e-16
4.063,-4.0979891636946955e-16
4.064,-4.062302219231289e-16
4.065,-4.0269260510911624e-16
4.066,-3.9918579529085967e-16
4.067,-3.9570952418859987e-16
4.0680000000000005,-3.9226352585886594e-16
4.069,-3.8884753667413023e-16
4.07,-3.854612953026399e-16
4.071,-3.821045426884246e-16
4.072,-3.7877702203147806e-16
4.073,-3.754784787681121e-16
4.074,-3.7220866055148194e-16
4.075,-3.68967317232281e-16
4.0760000000000005,-3.6575420083960395e-16
4.077,-3.625690655619761e-16
4.078,-3.594116677285485e-16
4.079,-3.5628176579045625e-16
4.08,-3.531791203023396e-16
4.081,-3.501034939040255e-16
4.082,-3.470546513023694e-16
4.083,-3.4403235925325427e-16
4.0840000000000005,-3.410363865437471e-16
4.085,-3.380665039744104e-16
4.086,-3.3512248434176806e-16
4.087,-3.322041024209235e-16
4.088,-3.2931113494832953e-16
4.089,-3.2644336060470805e-16
4.09,-3.236005599981187e-16
4.091,-3.2078251564717453e-16
4.0920000000000005,-3.1798901196440456e-16
4.093,-3.152198352397604e-16
4.094,-3.124747736242672e-16
4.095,-3.097536171138164e-16
4.096,-3.0705615753310007e-16
4.097,-3.043821885196849e-16
4.098,-3.01731505508225e-16
4.099,-2.991039057148122e-16
4.1,-2.964991881214624e-16
4.101,-2.9391715346073725e-16
4.102,-2.913576042004998e-16
4.103,-2.8882034452880265e-16
4.104,-2.86305180338908e-16
4.105,-2.838119192144378e-16
4.106,-2.8134037041465353e-16
4.107,-2.7889034485986415e-16
4.108,-2.7646165511696086e-16
4.109,-2.74054115385078e-16
4.11,-2.7166754148137895e-16
4.111,-2.693017508269656e-16
4.112,-2.6695656243291057e-16
4.113,-2.646317968864112e-16
4.114,-2.62327276337064e-16
4.115,-2.600428244832584e-16
4.116,-2.5777826655868974e-16
4.117,-2.555334293189887e-16
4.118,-2.53308141028468e-16
4.119,-2.51102231446984e-16
4.12,-2.4891553181691304e-16
4.121,-2.4674787485024097e-16
4.122,-2.445990947157652e-16
4.123,-2.4246902702640824e-16
4.124,-2.4035750882664166e-16
4.125,-2.3826437858001956e-16
4.126,-2.361894761568206e-16
4.127,-2.3413264282179775e-16
4.128,-2.320937212220347e-16
4.1290000000000004,-2.300725553749077e-16
4.13,-2.2806899065615287e-16
4.131,-2.260828737880367e-16
4.132,-2.2411405282763017e-16
4.133,-2.2216237715518457e-16
4.134,-2.2022769746260886e-16
4.135,-2.183098657420471e-16
4.136,-2.1640873527455557e-16
4.1370000000000005,-2.1452416061887831e-16
4.138,-2.1265599760032057e-16
4.139,-2.1080410329971905e-16
4.14,-2.0896833604250828e-16
4.141,-2.0714855538788208e-16
4.142,-2.053446221180495e-16
4.143,-2.035563982275844e-16
4.144,-2.0178374691286753e-16
4.1450000000000005,-2.0002653256162088e-16
4.146,-1.9828462074253288e-16
4.147,-1.965578781949741e-16
4.148,-1.9484617281880253e-16
4.149,-1.9314937366425748e-16
4.15,-1.914673509219417e-16
4.151,-1.8979997591289057e-16
4.152,-1.8814712107872786e-16
4.1530000000000005,-1.8650865997190718e-16
4.154,-1.8488446724603845e-16
4.155,-1.8327441864629858e-16
4.156,-1.8167839099992561e-16
4.157,-1.800962622067958e-16
4.158,-1.7852791123008251e-16
4.159,-1.7697321808699676e-16
4.16,-1.7543206383960804e-16
4.1610000000000005,-1.7390433058574545e-16
4.162,-1.7238990144997779e-16
4.163,-1.708886605746723e-16
4.164,-1.6940049311113124e-16
4.165,-1.6792528521080576e-16
4.166,-1.6646292401658611e-16
4.167,-1.6501329765416787e-16
4.168,-1.6357629522349316e-16
4.1690000000000005,-1.6215180679026668e-16
4.17,-1.607397233775453e-16
4.171,-1.5933993695740113e-16
4.172,-1.5795234044265712e-16
4.173,-1.565768276786946e-16
4.174,-1.5521329343533215e-16
4.175,-1.5386163339877531e-16
4.176,-1.5252174416363625e-16
4.1770000000000005,-1.5119352322502298e-16
4.178,-1.4987686897069755e-16
4.179,-1.4857168067330238e-16
4.18,-1.4727785848265441e-16
4.181,-1.4599530341810629e-16
4.182,-1.447239173609741e-16
4.183,-1.4346360304703112e-16
4.184,-1.4221426405906667e-16
4.1850000000000005,-1.4097580481951017e-16
4.186,-1.3974813058311907e-16
4.187,-1.3853114742973068e-16
4.188,-1.37324762257077e-16
4.189,-1.3612888277366217e-16
4.19,-1.3494341749170195e-16
4.191,-1.3376827572012469e-16
4.192,-1.3260336755763318e-16
4.1930000000000005,-1.31448603885827e-16
4.194,-1.3030389636238483e-16
4.195,-1.2916915741430586e-16
4.196,-1.280443002312104e-16
4.197,-1.2692923875869856e-16
4.198,-1.2582388769176694e-16
4.199,-1.2472816246828256e-16
4.2,-1.236419792625136e-16
4.2010000000000005,-1.225652549787166e-16
4.202,-1.2149790724477942e-16
4.203,-1.2043985440591944e-16
4.204,-1.1939101551843696e-16
4.205,-1.1835131034352265e-16
4.206,-1.1732065934111914e-16
4.207,-1.16298983663836e-16
4.208,-1.1528620515091773e-16
4.2090000000000005,-1.1428224632226421e-16
4.21,-1.1328703037250338e-16
4.211,-1.1230048116511534e-16
4.212,-1.1132252322660777e-16
4.213,-1.1035308174074195e-16
4.214,-1.0939208254280922e-16
4.215,-1.0843945211395715e-16
4.216,-1.0749511757556516e-16
4.2170000000000005,-1.0655900668366912e-16
4.218,-1.0563104782343452e-16
4.219,-1.0471117000367776e-16
4.22,-1.037993028514351e-16
4.221,-1.0289537660657902e-16
4.222,-1.0199932211648133e-16
4.223,-1.0111107083072289e-16
4.224,-1.0023055479584926e-16
4.225,-9.935770665017212e-17
4.226,-9.849245961861596e-17
4.227,-9.763474750760958e-17
4.228,-9.678450470002211e-17
4.229,-9.594166615014318e-17
4.23,-9.510616737870673e-17
4.231,-9.427794446795815e-17
4.232,-9.345693405676449e-17
4.233,-9.264307333576712e-17
4.234,-9.183630004257665e-17
4.235,-9.103655245700974e-17
4.236,-9.024376939636733e-17
4.237,-8.9457890210754e-17
4.238,-8.867885477843812e-17
4.239,-8.790660350125238e-17
4.24,-8.714107730003434e-17
4.241,-8.638221761010681e-17
4.242,-8.562996637679744e-17
4.243,-8.488426605099741e-17
4.244,-8.414505958475878e-17
4.245,-8.341229042693017e-17
4.246,-8.268590251883048e-17
4.247,-8.196584028996024e-17
4.248,-8.12520486537503e-17
4.249,-8.054447300334762e-17
4.25,-7.984305920743771e-17
4.251,-7.914775360610338e-17
4.252,-7.84585030067197e-17
4.253,-7.777525467988458e-17
4.2540000000000004,-7.709795635538489e-17
4.255,-7.642655621819757e-17
4.256,-7.576100290452575e-17
4.257,-7.510124549786922e-17
4.258,-7.444723352512922e-17
4.259,-7.379891695274712e-17
4.26,-7.315624618287671e-17
4.261,-7.251917204958989e-17
4.2620000000000005,-7.188764581511526e-17
4.263,-7.126161916610966e-17
4.264,-7.064104420996201e-17
4.265,-7.002587347112944e-17
4.266,-6.941605988750526e-17
4.267,-6.881155680681862e-17
4.268,-6.821231798306549e-17
4.269,-6.761829757297071e-17
4.2700000000000005,-6.702945013248087e-17
4.271,-6.644573061328774e-17
4.272,-6.586709435938194e-17
4.273,-6.529349710363665e-17
4.274,-6.472489496442107e-17
4.275,-6.416124444224336e-17
4.276,-6.360250241642282e-17
4.277,-6.304862614179106e-17
4.2780000000000005,-6.249957324542186e-17
4.279,-6.195530172338956e-17
4.28,-6.141576993755565e-17
4.281,-6.088093661238334e-17
4.282,-6.03507608317799e-17
4.283,-5.982520203596643e-17
4.284,-5.930422001837496e-17
4.285,-5.87877749225726e-17
4.2860000000000005,-5.82758272392123e-17
4.287,-5.776833780301043e-17
4.288,-5.72652677897504e-17
4.289,-5.676657871331263e-17
4.29,-5.627223242273017e-17
4.291,-5.578219109927012e-17
4.292,-5.5296417253540376e-17
4.293,-5.481487372262159e-17
4.2940000000000005,-5.4337523667224136e-17
4.295,-5.386433056886978e-17
4.296,-5.339525822709795e-17
4.297,-5.293027075669632e-17
4.298,-5.246933258495546e-17
4.299,-5.2012408448947466e-17
4.3,-5.155946339282826e-17
4.301,-5.111046276516335e-17
4.3020000000000005,-5.066537221627695e-17
4.303,-5.022415769562411e-17
4.304,-4.978678544918577e-17
4.305,-4.9353222016886515e-17
4.306,-4.8923434230034766e-17
4.307,-4.849738920878531e-17
4.308,-4.8075054359623887e-17
4.309,-4.765639737287375e-17
4.3100000000000005,-4.7241386220223836e-17
4.311,-4.6829989152278574e-17
4.312,-4.642217469612893e-17
4.313,-4.601791165294468e-17
4.314,-4.5617169095587606e-17
4.315,-4.521991636624551e-17
4.316,-4.482612307408679e-17
4.317,-4.4435759092935486e-17
4.3180000000000005,-4.4048794558966545e-17
4.319,-4.3665199868421154e-17
4.32,-4.328494567534199e-17
4.321,-4.290800288932818e-17
4.322,-4.25343426733098e-17
4.323,-4.2163936441341785e-17
4.324,-4.179675585641702e-17
4.325,-4.143277282829849e-17
4.3260000000000005,-4.107195951137031e-17
4.327,-4.071428830250746e-17
4.328,-4.035973183896407e-17
4.329,-4.0008262996280137e-17
4.33,-3.965985488620638e-17
4.331,-3.931448085464726e-17
4.332,-3.897211447962188e-17
4.333,-3.86327295692426e-17
4.3340000000000005,-3.8296300159711326e-17
4.335,-3.79628005133332e-17
4.336,-3.763220511654761e-17
4.337,-3.730448867797632e-17
4.338,-3.697962612648864e-17
4.339,-3.6657592609283406e-17
4.34,-3.633836348998768e-17
4.341,-3.6021914346772016e-17
4.3420000000000005,-3.5708220970482107e-17
4.343,-3.539725936278675e-17
4.344,-3.5089005734341903e-17
4.345,-3.4783436502970725e-17
4.346,-3.44805282918595e-17
4.347,-3.418025792776925e-17
4.348,-3.3882602439262913e-17
4.349,-3.358753905494799e-17
4.3500000000000005,-3.329504520173444e-17
4.351,-3.300509850310783e-17
4.352,-3.2717676777417435e-17
4.353,-3.243275803617931e-17
4.354,-3.21503204823941e-17
4.355,-3.187034250887953e-17
4.356,-3.1592802696617387e-17
4.357,-3.131767981311492e-17
4.358,-3.10449528107805e-17
4.359,-3.077460082531343e-17
4.36,-3.050660317410776e-17
4.361,-3.024093935467003e-17
4.362,-2.997758904305077e-17
4.363,-2.9716532092289667e-17
4.364,-2.945774853087428e-17
4.365,-2.920121856121216e-17
4.366,-2.894692255811628e-17
4.367,-2.8694841067303686e-17
4.368,-2.844495480390716e-17
4.369,-2.819724465099989e-17
4.37,-2.7951691658133e-17
4.371,-2.7708277039885762e-17
4.372,-2.7466982174428486e-17
4.373,-2.722778860209789e-17
4.374,-2.6990678023984894e-17
4.375,-2.675563230053471e-17
4.376,-2.6522633450159117e-17
4.377,-2.6291663647860823e-17
4.378,-2.6062705223869815e-17
4.3790000000000004,-2.5835740662291567e-17
4.38,-2.561075259976704e-17
4.381,-2.5387723824144338e-17
4.382,-2.516663727316193e-17
4.383,-2.4947476033143353e-17
4.384,-2.4730223337703262e-17
4.385,-2.4514862566464776e-17
4.386,-2.4301377243787956e-17
4.3870000000000005,-2.4089751037509396e-17
4.388,-2.3879967757692766e-17
4.389,-2.3672011355390233e-17
4.39,-2.3465865921414683e-17
4.391,-2.3261515685122633e-17
4.392,-2.305894501320773e-17
4.393,-2.285813840850476e-17
4.394,-2.2659080508804092e-17
4.3950000000000005,-2.246175608567641e-17
4.396,-2.2266150043307714e-17
4.397,-2.207224741734445e-17
4.398,-2.1880033373748697e-17
4.399,-2.1689493207663323e-17
4.4,-2.1500612342287032e-17
4.401,-2.13133763277592e-17
4.402,-2.1127770840054427e-17
4.4030000000000005,-2.0943781679886707e-17
4.404,-2.0761394771623152e-17
4.405,-2.0580596162207168e-17
4.406,-2.0401372020091013e-17
4.407,-2.0223708634177648e-17
4.408,-2.0047592412771803e-17
4.409,-1.987300988254018e-17
4.41,-1.9699947687480706e-17
4.4110000000000005,-1.952839258790077e-17
4.412,-1.9358331459404354e-17
4.413,-1.918975129188797e-17
4.414,-1.9022639188545374e-17
4.415,-1.8856982364880916e-17
4.416,-1.8692768147731495e-17
4.417,-1.8529983974297033e-17
4.418,-1.8368617391179386e-17
4.4190000000000005,-1.8208656053429636e-17
4.42,-1.805008772360366e-17
4.421,-1.7892900270825943e-17
4.422,-1.773708166986153e-17
4.423,-1.7582620000196066e-17
4.424,-1.7429503445123857e-17
4.425,-1.7277720290843846e-17
4.426,-1.7127258925563488e-17
4.4270000000000005,-1.6978107838610417e-17
4.428,-1.683025561955185e-17
4.429,-1.6683690957321663e-17
4.43,-1.653840263935506e-17
4.431,-1.6394379550730785e-17
4.432,-1.6251610673320808e-17
4.433,-1.611008508494741e-17
4.434,-1.59697919585476e-17
4.4350000000000005,-1.583072056134483e-17
4.436,-1.5692860254027893e-17
4.437,-1.5556200489937014e-17
4.438,-1.5420730814256982e-17
4.439,-1.5286440863217345e-17
4.44,-1.515332036329954e-17
4.441,-1.502135913045096e-17
4.442,-1.4890547069305837e-17
4.4430000000000005,-1.4760874172412925e-17
4.444,-1.4632330519469904e-17
4.445,-1.4504906276564456e-17
4.446,-1.4378591695421938e-17
4.447,-1.4253377112659622e-17
4.448,-1.412925294904742e-17
4.449,-1.4006209708775042e-17
4.45,-1.3884237978725557e-17
4.4510000000000005,-1.3763328427755253e-17
4.452,-1.3643471805979785e-17
4.453,-1.3524658944066536e-17
4.454,-1.3406880752533139e-17
4.455,-1.3290128221052115e-17
4.456,-1.3174392417761549e-17
4.457,-1.3059664488581791e-17
4.458,-1.294593565653809e-17
4.4590000000000005,-1.2833197221089136e-17
4.46,-1.2721440557461445e-17
4.461,-1.2610657115989545e-17
4.462,-1.2500838421461901e-17
4.463,-1.2391976072472546e-17
4.464,-1.2284061740778344e-17
4.465,-1.2177087170661869e-17
4.466,-1.2071044178299812e-17
4.4670000000000005,-1.1965924651136902e-17
4.468,-1.186172054726528e-17
4.469,-1.175842389480926e-17
4.47,-1.1656026791315477e-17
4.471,-1.1554521403148315e-17
4.472,-1.1453899964890623e-17
4.473,-1.1354154778749638e-17
4.474,-1.1255278213968086e-17
4.4750000000000005,-1.1157262706240406e-17
4.476,-1.1060100757134066e-17
4.477,-1.0963784933515912e-17
4.478,-1.0868307866983516e-17
4.479,-1.0773662253301474e-17
4.48,-1.0679840851842612e-17
4.481,-1.0586836485034062e-17
4.482,-1.0494642037808158e-17
4.483,-1.0403250457058119e-17
4.484,-1.0312654751098463e-17
4.485,-1.022284798913013e-17
4.486,-1.0133823300710258e-17
4.487,-1.0045573875226573e-17
4.488,-9.958092961376367e-18
4.489,-9.871373866649997e-18
4.49,-9.7854099568189e-18
4.491,-9.700194655428055e-18
4.492,-9.615721443292865e-18
4.493,-9.531983858000424e-18
4.494,-9.448975493415131e-18
4.495,-9.366689999188598e-18
4.496,-9.285121080273835e-18
4.497,-9.204262496443664e-18
4.498,-9.124108061813327e-18
4.499,-9.044651644367244e-18
4.5,-8.965887165489906e-18
4.501,-8.887808599500842e-18
4.502,-8.81040997319364e-18
4.503,-8.733685365378979e-18
4.5040000000000004,-8.65762890643165e-18
4.505,-8.582234777841507e-18
4.506,-8.507497211768342e-18
4.507,-8.433410490600629e-18
4.508,-8.359968946518109e-18
4.509,-8.287166961058192e-18
4.51,-8.214998964686132e-18
4.511,-8.143459436368936e-18
4.5120000000000005,-8.072542903153e-18
4.513,-8.002243939745406e-18
4.514,-7.93255716809888e-18
4.515,-7.863477257000357e-18
4.516,-7.794998921663124e-18
4.517,-7.727116923322528e-18
4.518,-7.659826068835192e-18
4.519,-7.59312121028173e-18
4.5200000000000005,-7.526997244572916e-18
4.521,-7.461449113059286e-18
4.522,-7.396471801144139e-18
4.523,-7.332060337899907e-18
4.524,-7.268209795687866e-18
4.525,-7.204915289781158e-18
4.526,-7.142171977991101e-18
4.527,-7.079975060296749e-18
4.5280000000000005,-7.018319778477674e-18
4.529,-6.957201415749953e-18
4.53,-6.896615296405324e-18
4.531,-6.83655678545348e-18
4.532,-6.77702128826748e-18
4.533,-6.7180042502322516e-18
4.534,-6.659501156396148e-18
4.535,-6.6015075311255456e-18
4.5360000000000005,-6.544018937762445e-18
4.537,-6.487030978285057e-18
4.538,-6.430539292971342e-18
4.539,-6.37453956006548e-18
4.54,-6.319027495447245e-18
4.541,-6.263998852304263e-18
4.542,-6.209449420807114e-18
4.543,-6.1553750277872736e-18
4.5440000000000005,-6.101771536417854e-18
4.545,-6.048634845897127e-18
4.546,-5.995960891134801e-18
4.547,-5.9437456424410325e-18
4.548,-5.891985105218145e-18
4.549,-5.8406753196550315e-18
4.55,-5.789812360424218e-18
4.551,-5.739392336381569e-18
4.5520000000000005,-5.689411390268601e-18
4.553,-5.639865698417398e-18
4.554,-5.590751470458086e-18
4.555,-5.542064949028863e-18
4.556,-5.493802409488551e-18
4.557,-5.445960159631652e-18
4.558,-5.3985345394058836e-18
4.559,-5.351521920632177e-18
4.5600000000000005,-5.304918706727112e-18
4.561,-5.258721332427769e-18
4.562,-5.2129262635189775e-18
4.563,-5.16752999656294e-18
4.564,-5.122529058631209e-18
4.565,-5.0779200070390036e-18
4.566,-5.033699429081828e-18
4.567,-4.989863941774398e-18
4.5680000000000005,-4.946410191591831e-18
4.569,-4.903334854213092e-18
4.57,-4.860634634266677e-18
4.571,-4.818306265078508e-18
4.572,-4.776346508422023e-18
4.573,-4.734752154270446e-18
4.574,-4.693520020551209e-18
4.575,-4.652646952902518e-18
4.5760000000000005,-4.612129824432034e-18
4.577,-4.57196553547766e-18
4.578,-4.5321510133704086e-18
4.579,-4.492683212199334e-18
4.58,-4.453559112578513e-18
4.581,-4.414775721416055e-18
4.582,-4.3763300716851205e-18
4.583,-4.33821922219694e-18
4.5840000000000005,-4.300440257375802e-18
4.585,-4.262990287036007e-18
4.586,-4.225866446160759e-18
4.587,-4.189065894682984e-18
4.588,-4.15258581726806e-18
4.589,-4.116423423098436e-18
4.59,-4.0805759456601276e-18
4.591,-4.045040642531069e-18
4.5920000000000005,-4.009814795171317e-18
4.593,-3.974895708715069e-18
4.594,-3.940280711764502e-18
4.595,-3.9059671561854064e-18
4.596,-3.8719524169045916e-18
4.597,-3.8382338917090665e-18
4.598,-3.804809001046962e-18
4.599,-3.771675187830186e-18
4.6000000000000005,-3.738829917238804e-18
4.601,-3.706270676527116e-18
4.602,-3.6739949748314275e-18
4.603,-3.6420003429794895e-18
4.604,-3.610284333301603e-18
4.605,-3.578844519443364e-18
4.606,-3.547678496180044e-18
4.607,-3.516783879232582e-18
4.6080000000000005,-3.486158305085181e-18
4.609,-3.4557994308044956e-18
4.61,-3.425704933860389e-18
4.611,-3.395872511948255e-18
4.612,-3.3662998828128855e-18
4.613,-3.3369847840738724e-18
4.614,-3.30792497305253e-18
4.615,-3.2791182266003237e-18
4.616,-3.250562340928795e-18
4.617,-3.222255131440964e-18
4.618,-3.1941944325642046e-18
4.619,-3.1663780975845706e-18
4.62,-3.138803998482569e-18
4.621,-3.111470025770358e-18
4.622,-3.08437408833037e-18
4.623,-3.057514113255332e-18
4.624,-3.030888045689685e-18
4.625,-3.004493848672382e-18
4.626,-2.9783295029810553e-18
4.627,-2.9523930069775415e-18
4.628,-2.92668237645475e-18
4.6290000000000004,-2.901195644484867e-18
4.63,-2.8759308612688806e-18
4.631,-2.8508860939874157e-18
4.632,-2.8260594266528686e-18
4.633,-2.80144895996283e-18
4.634,-2.7770528111547827e-18
4.635,-2.7528691138620656e-18
4.636,-2.728896017971092e-18
4.6370000000000005,-2.7051316894798123e-18
4.638,-2.6815743103574064e-18
4.639,-2.658222078405201e-18
4.64,-2.635073207118797e-18
4.641,-2.6121259255513963e-18
4.642,-2.5893784781783212e-18
4.643,-2.566829124762712e-18
4.644,-2.5444761402223932e-18
4.6450000000000005,-2.5223178144979026e-18
4.646,-2.5003524524216663e-18
4.647,-2.4785783735883134e-18
4.648,-2.456993912226122e-18
4.649,-2.4355974170695834e-18
4.65,-2.4143872512330752e-18
4.651,-2.393361792085636e-18
4.652,-2.3725194311268304e-18
4.6530000000000005,-2.351858573863694e-18
4.654,-2.331377639688751e-18
4.655,-2.3110750617590947e-18
4.656,-2.2909492868765172e-18
4.657,-2.2709987753686897e-18
4.658,-2.251222000971371e-18
4.659,-2.2316174507116452e-18
4.66,-2.2121836247921758e-18
4.6610000000000005,-2.1929190364764665e-18
4.662,-2.1738222119751235e-18
4.663,-2.1548916903331062e-18
4.664,-2.1361260233179597e-18
4.665,-2.1175237753090226e-18
4.666,-2.099083523187598e-18
4.667,-2.0808038562280814e-18
4.668,-2.062683375990036e-18
4.6690000000000005,-2.0447206962112094e-18
4.67,-2.0269144427014813e-18
4.671,-2.0092632532377324e-18
4.672,-1.991765777459634e-18
4.673,-1.9744206767663393e-18
4.674,-1.9572266242140786e-18
4.675,-1.9401823044146443e-18
4.676,-1.9232864134347608e-18
4.6770000000000005,-1.9065376586963297e-18
4.678,-1.889934758877545e-18
4.679,-1.8734764438148677e-18
4.68,-1.8571614544058565e-18
4.681,-1.8409885425128423e-18
4.682,-1.824956470867443e-18
4.683,-1.809064012975909e-18
4.684,-1.7933099530252934e-18
4.6850000000000005,-1.77769308579044e-18
4.686,-1.7622122165417797e-18
4.687,-1.7468661609539305e-18
4.688,-1.7316537450150944e-18
4.689,-1.7165738049372423e-18
4.69,-1.701625187067081e-18
4.691,-1.6868067477977963e-18
4.692,-1.6721173534815639e-18
4.6930000000000005,-1.6575558803428221e-18
4.694,-1.6431212143923013e-18
4.695,-1.6288122513417998e-18
4.696,-1.6146278965197036e-18
4.697,-1.6005670647872413e-18
4.698,-1.5866286804554677e-18
4.699,-1.5728116772029718e-18
4.7,-1.5591149979943e-18
4.7010000000000005,-1.54553759499909e-18
4.702,-1.5320784295119095e-18
4.703,-1.5187364718727927e-18
4.704,-1.5055107013884683e-18
4.705,-1.4924001062542746e-18
4.706,-1.479403683476753e-18
4.707,-1.4665204387969174e-18
4.708,-1.4537493866141901e-18
4.7090000000000005,-1.4410895499110014e-18
4.71,-1.428539960178045e-18
4.711,-1.416099657340185e-18
4.712,-1.4037676896830072e-18
4.713,-1.391543113780011e-18
4.714,-1.3794249944204345e-18
4.715,-1.3674124045377091e-18
4.716,-1.3555044251385362e-18
4.7170000000000005,-1.3437001452325818e-18
4.718,-1.3319986617627835e-18
4.719,-1.3203990795362645e-18
4.72,-1.3089005111558494e-18
4.721,-1.2975020769521753e-18
4.722,-1.2862029049163957e-18
4.723,-1.275002130633469e-18
4.724,-1.2638988972160291e-18
4.7250000000000005,-1.252892355238831e-18
4.726,-1.2419816626737673e-18
4.727,-1.2311659848254523e-18
4.728,-1.2204444942673639e-18
4.729,-1.209816370778545e-18
4.73,-1.199280801280853e-18
4.731,-1.188836979776759e-18
4.732,-1.1784841072876853e-18
4.7330000000000005,-1.1682213917928827e-18
4.734,-1.1580480481688383e-18
4.735,-1.1479632981292121e-18
4.736,-1.1379663701652958e-18
4.737,-1.1280564994869899e-18
4.738,-1.1182329279642965e-18
4.739,-1.10849490406932e-18
4.74,-1.0988416828187725e-18
4.741,-1.089272525716982e-18
4.742,-1.0797867006993948e-18
4.743,-1.070383482076571e-18
4.744,-1.0610621504786673e-18
4.745,-1.0518219928004037e-18
4.746,-1.0426623021465086e-18
4.747,-1.0335823777776403e-18
4.748,-1.0245815250567778e-18
4.749,-1.01565905539608e-18
4.75,-1.0068142862042072e-18
4.751,-9.980465408341e-19
4.752,-9.893551485312151e-19
4.753,-9.80739444382211e-19
4.7540000000000004,-9.721987692640794e-19
4.755,-9.637324697937217e-19
4.756,-9.553398982779634e-19
4.757,-9.470204126640034e-19
4.758,-9.387733764902956e-19
4.759,-9.305981588378583e-19
4.76,-9.224941342820067e-19
4.761,-9.144606828445074e-19
4.7620000000000005,-9.06497189946147e-19
4.763,-8.986030463597165e-19
4.764,-8.907776481634033e-19
4.765,-8.830203966945902e-19
4.766,-8.753306985040552e-19
4.767,-8.677079653105722e-19
4.768,-8.601516139559055e-19
4.769,-8.526610663601968e-19
4.7700000000000005,-8.452357494777405e-19
4.771,-8.378750952531445e-19
4.772,-8.3057854057787255e-19
4.773,-8.233455272471648e-19
4.774,-8.161755019173338e-19
4.775,-8.090679160634327e-19
4.776,-8.020222259372908e-19
4.777,-7.950378925259168e-19
4.7780000000000005,-7.881143815102615e-19
4.779,-7.812511632243422e-19
4.78,-7.744477126147212e-19
4.781,-7.677035092003384e-19
4.782,-7.610180370326926e-19
4.783,-7.543907846563709e-19
4.784,-7.478212450699205e-19
4.785,-7.413089156870617e-19
4.7860000000000005,-7.348532982982396e-19
4.787,-7.284538990325088e-19
4.788,-7.221102283197519e-19
4.789,-7.158218008532256e-19
4.79,-7.095881355524338e-19
4.791,-7.034087555263234e-19
4.792,-6.972831880368013e-19
4.793,-6.912109644625688e-19
4.7940000000000005,-6.851916202632704e-19
4.795,-6.792246949439558e-19
4.796,-6.733097320198506e-19
4.797,-6.674462789814341e-19
4.798,-6.616338872598214e-19
4.799,-6.558721121924464e-19
4.8,-6.501605129890444e-19
4.801,-6.4449865269793e-19
4.8020000000000005,-6.3888609817257e-19
4.803,-6.333224200384456e-19
4.804,-6.27807192660205e-19
4.805,-6.223399941091009e-19
4.806,-6.169204061307118e-19
4.807,-6.115480141129449e-19
4.808,-6.062224070543165e-19
4.809,-6.0094317753251e-19
4.8100000000000005,-5.957099216732069e-19
4.811,-5.905222391191893e-19
4.812,-5.853797329997117e-19
4.813,-5.802820099001391e-19
4.814,-5.752286798318503e-19
4.815,-5.702193562024022e-19
4.816,-5.652536557859551e-19
4.817,-5.6033119869395445e-19
4.8180000000000005,-5.554516083460687e-19
4.819,-5.5061451144137985e-19
4.82,-5.458195379298252e-19
4.821,-5.410663209838872e-19
4.822,-5.363544969705306e-19
4.823,-5.316837054233835e-19
4.824,-5.270535890151606e-19
4.825,-5.22463793530327e-19
4.8260000000000005,-5.179139678379996e-19
4.827,-5.134037638650848e-19
4.828,-5.089328365696504e-19
4.829,-5.045008439145283e-19
4.83,-5.001074468411482e-19
4.831,-4.95752309243599e-19
4.832,-4.914350979429154e-19
4.833,-4.87155482661589e-19
4.8340000000000005,-4.829131359983016e-19
4.835,-4.787077334028777e-19
4.836,-4.745389531514557e-19
4.837,-4.704064763218755e-19
4.838,-4.663099867692799e-19
4.839,-4.622491711019286e-19
4.84,-4.5822371865722345e-19
4.841,-4.542333214779414e-19
4.8420000000000005,-4.502776742886753e-19
4.843,-4.463564744724795e-19
4.844,-4.424694220477192e-19
4.845,-4.386162196451203e-19
4.846,-4.347965724850208e-19
4.847,-4.3101018835481904e-19
4.848,-4.272567775866185e-19
4.849,-4.2353605303506776e-19
4.8500000000000005,-4.198477300553931e-19
4.851,-4.1619152648162245e-19
4.852,-4.1256716260499886e-19
4.853,-4.089743611525823e-19
4.854,-4.0541284726603733e-19
4.855,-4.0188234848060607e-19
4.856,-3.983825947042637e-19
4.857,-3.9491331819705573e-19
4.8580000000000005,-3.914742535506154e-19
4.859,-3.880651376678592e-19
4.86,-3.8468570974285923e-19
4.861,-3.8133571124089095e-19
4.862,-3.7801488587865457e-19
4.863,-3.7472297960466873e-19
4.864,-3.714597405798351e-19
4.865,-3.6822491915817174e-19
4.866,-3.6501826786771484e-19
4.867,-3.6183954139158634e-19
4.868,-3.5868849654922667e-19
4.869,-3.555648922777907e-19
4.87,-3.5246848961370596e-19
4.871,-3.4939905167439123e-19
4.872,-3.463563436401345e-19
4.873,-3.4334013273612855e-19
4.874,-3.4035018821466334e-19
4.875,-3.373862813374729e-19
4.876,-3.3444818535823653e-19
4.877,-3.3153567550523203e-19
4.878,-3.2864852896414016e-19
4.8790000000000004,-3.257865248609987e-19
4.88,-3.2294944424530507e-19
4.881,-3.201370700732662e-19
4.882,-3.1734918719119384e-19
4.883,-3.1458558231904514e-19
4.884,-3.118460440341058e-19
4.885,-3.09130362754816e-19
4.886,-3.064383307247367e-19
4.8870000000000005,-3.03769741996656e-19
4.888,-3.0112439241683326e-19
4.889,-2.9850207960938115e-19
4.89,-2.959026029607833e-19
4.891,-2.933257636045469e-19
4.892,-2.907713644059887e-19
4.893,-2.882392099471541e-19
4.894,-2.8572910651186677e-19
4.8950000000000005,-2.832408620709092e-19
4.896,-2.8077428626733174e-19
4.897,-2.7832919040189003e-19
4.898,-2.7590538741860884e-19
4.899,-2.7350269189047197e-19
4.9,-2.7112092000523654e-19
4.901,-2.6875988955137093e-19
4.902,-2.66419419904115e-19
4.9030000000000005,-2.6409933201166214e-19
4.904,-2.6179944838146106e-19
4.905,-2.5951959306663726e-19
4.906,-2.572595916525328e-19
4.907,-2.550192712433628e-19
4.908,-2.5279846044898896e-19
4.909,-2.505969893718073e-19
4.91,-2.484146895937509e-19
4.9110000000000005,-2.462513941634053e-19
4.912,-2.4410693758323643e-19
4.913,-2.4198115579692955e-19
4.914,-2.3987388617683858e-19
4.915,-2.377849675115446e-19
4.916,-2.3571423999352287e-19
4.917,-2.3366154520691714e-19
4.918,-2.3162672611542035e-19
4.9190000000000005,-2.29609627050261e-19
4.92,-2.2761009369829415e-19
4.921,-2.256279730901961e-19
4.922,-2.2366311358876166e-19
4.923,-2.217153648773038e-19
4.924,-2.197845779481537e-19
4.925,-2.1787060509126177e-19
4.926,-2.1597329988289693e-19
4.9270000000000005,-2.1409251717444519e-19
4.928,-2.122281130813053e-19
4.929,-2.103799449718812e-19
4.93,-2.0854787145667037e-19
4.931,-2.0673175237744718e-19
4.932,-2.0493144879654043e-19
4.933,-2.0314682298620424e-19
4.934,-2.0137773841808158e-19
4.9350000000000005,-1.996240597527595e-19
4.936,-1.9788565282941528e-19
4.937,-1.9616238465555284e-19
4.938,-1.9445412339682843e-19
4.939,-1.9276073836696504e-19
4.94,-1.9108210001775452e-19
4.941,-1.894180799291468e-19
4.942,-1.8776855079942553e-19
4.9430000000000005,-1.8613338643546904e-19
4.944,-1.8451246174309638e-19
4.945,-1.8290565271749718e-19
4.946,-1.813128364337451e-19
4.947,-1.7973389103739369e-19
4.948,-1.7816869573515416e-19
4.949,-1.7661713078565452e-19
4.95,-1.75079077490279e-19
4.9510000000000005,-1.7355441818408725e-19
4.952,-1.7204303622681282e-19
4.953,-1.7054481599393973e-19
4.954,-1.69059642867857e-19
4.955,-1.6758740322909008e-19
4.956,-1.6612798444760875e-19
4.957,-1.6468127487421048e-19
4.958,-1.6324716383197914e-19
4.9590000000000005,-1.6182554160781787e-19
4.96,-1.6041629944405575e-19
4.961,-1.5901932953012756e-19
4.962,-1.5763452499432607e-19
4.963,-1.5626177989562596e-19
4.964,-1.5490098921557923e-19
4.965,-1.5355204885028085e-19
4.966,-1.5221485560240468e-19
4.9670000000000005,-1.5088930717330855e-19
4.968,-1.495753021552082e-19
4.969,-1.4827274002341925e-19
4.97,-1.4698152112866692e-19
4.971,-1.4570154668946254e-19
4.972,-1.4443271878454653e-19
4.973,-1.4317494034539716e-19
4.974,-1.4192811514880462e-19
4.9750000000000005,-1.4069214780950966e-19
4.976,-1.3946694377290636e-19
4.977,-1.382524093078085e-19
4.978,-1.370484514992789e-19
4.979,-1.3585497824152115e-19
4.98,-1.3467189823083335e-19
4.981,-1.3349912095862304e-19
4.982,-1.3233655670448319e-19
4.9830000000000005,-1.3118411652932826e-19
4.984,-1.300417122685902e-19
4.985,-1.2890925652547364e-19
4.986,-1.2778666266426978e-19
4.987,-1.2667384480372856e-19
4.988,-1.2557071781048852e-19
4.989,-1.2447719729256388e-19
4.99,-1.2339319959288837e-19
4.9910000000000005,-1.2231864178291522e-19
4.992,-1.2125344165627297e-19
4.993,-1.2019751772247638e-19
4.994,-1.191507892006923e-19
4.995,-1.181131760135597e-19
4.996,-1.170845987810635e-19
4.997,-1.1606497881446193e-19
4.998,-1.1505423811026647e-19
4.999,-1.1405229934427452e-19
5.0,-1.1305908586565386e-19
