{
  "trial": 41,
  "timesteps": 100000,
  "topk_avg": -1070.658104,
  "params": {
    "learning_rate": 0.0008925604792091303,
    "gamma": 0.9576965345295939,
    "n_steps": 32,
    "ent_coef": 4.403663953570184e-05,
    "vf_coef": 0.9244866020542674,
    "gae_lambda": 0.9241278643458688,
    "max_grad_norm": 0.9938127680212503,
    "rms_prop_eps": 4.3437669655791916e-05,
    "use_rms_prop": false
  },
  "policy_kwargs": {
    "net_arch": "{'pi': [512, 512, 512], 'vf': [512, 512, 512]}",
    "activation_fn": "<class 'torch.nn.modules.activation.ELU'>",
    "log_std_init": "-0.7599678305044569",
    "ortho_init": "False"
  }
}