{
  "trial": 26,
  "timesteps": 100000,
  "topk_avg": 122.112737,
  "params": {
    "learning_rate": 0.0005263542370189596,
    "gamma": 0.9562452107748843,
    "n_steps": 64,
    "ent_coef": 0.005272683057058051,
    "vf_coef": 0.7833410659569039,
    "gae_lambda": 0.9272587972232766,
    "max_grad_norm": 0.8134196276798062,
    "rms_prop_eps": 5.889108291529691e-05,
    "use_rms_prop": false
  },
  "policy_kwargs": {
    "net_arch": "{'pi': [288, 256], 'vf': [288, 256]}",
    "activation_fn": "<class 'torch.nn.modules.activation.LeakyReLU'>",
    "log_std_init": "-0.7305674403896024",
    "ortho_init": "True"
  }
}