{
    "best_params": {
        "learning_rate": 2.4931265263087353e-05,
        "buffer_size": 93868,
        "batch_size": 329,
        "tau": 0.01597343459778637,
        "gamma": 0.9004244231295956,
        "action_noise_sigma": 0.40569457271099724,
        "layer_size": 368,
        "n_layers": 3,
        "activation_fn": "relu"
    },
    "best_value": 499.763427734375,
    "n_trials": 50
}