{
    "best_params": {
        "learning_rate": 6.97385681750532e-05,
        "buffer_size": 163094,
        "batch_size": 353,
        "tau": 0.01622997858093718,
        "gamma": 0.9398102505966908,
        "action_noise_sigma": 0.26505870604351767,
        "n_layers": 3,
        "layer_size": 185,
        "activation_fn": "relu"
    },
    "best_value": 496.22926804054003,
    "n_trials": 50,
    "best_net_arch": [
        185,
        185,
        185
    ],
    "best_activation_fn": "relu"
}