{
    "best_params": {
        "learning_rate": 0.0003684112553985092,
        "buffer_size": 199778,
        "batch_size": 386,
        "tau": 0.016361111191970142,
        "gamma": 0.9237739831115505,
        "action_noise_sigma": 0.4844017263183026,
        "layer_size": 331,
        "n_layers": 3,
        "activation_fn": "elu"
    },
    "best_value": 499.5382385253906,
    "n_trials": 50
}