{
    "best_params": {
        "learning_rate": 0.0002832970989210881,
        "buffer_size": 76233,
        "batch_size": 320,
        "gamma": 0.9614368796527718,
        "tau": 0.02180447621701219,
        "exploration_fraction": 0.22312989708132197,
        "exploration_final_eps": 0.07779507474203744,
        "target_update_interval": 4333,
        "train_freq": 5,
        "layer_size": 330,
        "n_layers": 4,
        "activation_fn": "tanh"
    },
    "best_value": 495.305908203125,
    "n_trials": 50
}