{
    "best_params": {
        "learning_rate": 0.00024689763863350436,
        "buffer_size": 104970,
        "batch_size": 480,
        "gamma": 0.9535259994896518,
        "tau": 0.027873845168054946,
        "exploration_fraction": 0.3993278547147988,
        "exploration_final_eps": 0.08279033762427838,
        "target_update_interval": 1633,
        "train_freq": 1,
        "layer_size": 130,
        "n_layers": 3,
        "activation_fn": "tanh"
    },
    "best_value": 496.16705322265625,
    "n_trials": 50
}