time_s,voltage_v
0.0,0.004799520047995209
5e-06,0.010776632060733269
1e-05,0.022709279813000628
1.5000000000000002e-05,0.04653076900096001
2e-05,0.08217408973910346
2.5e-05,0.12956552512340372
3.0000000000000004e-05,0.18862880066936216
3.5000000000000004e-05,0.2592851176913008
4e-05,0.34145318712843237
4.5e-05,0.4350492638069661
5e-05,0.5399871811274464
5.5e-05,0.6561783861664661
6.000000000000001e-05,0.7835319751818428
6.500000000000001e-05,0.921954729510296
7.000000000000001e-05,1.0713511518466199
7.500000000000001e-05,1.2316235028932998
8e-05,1.4026718383694823
8.5e-05,1.584394046368174
9e-05,1.7766858850505085
9.5e-05,1.9794410206658926
0.0001,2.1895579776848804
0.000105,2.407239297717934
0.00011,2.6295322552146456
0.000115,2.862016244600666
0.00012000000000000002,3.10446996512547
0.000125,3.356777734418313
0.00013000000000000002,3.618822021530824
0.000135,3.890483486740744
0.00014000000000000001,4.1716410215900215
0.000145,4.462171789145993
0.00015000000000000001,4.761951264474416
0.000155,5.070853275313075
0.00016,5.388750042934731
0.00016500000000000003,5.715512223188187
0.00017,6.051008947706231
0.00017500000000000003,6.395107865269258
0.00018,6.747675183313391
0.00018500000000000002,7.108575709571934
0.00019,7.477672893838996
0.00019500000000000002,7.854828869844218
0.0002,8.236724670649258
0.00020500000000000002,8.624118026555221
0.00021,9.01405013622151
0.00021500000000000002,9.411849377139026
0.00022,9.817063007190622
0.00022500000000000002,10.229548353992648
0.00023,10.64916169571088
0.00023500000000000002,11.07575830304197
0.00024000000000000003,11.509192481216878
0.00024500000000000005,11.94931761201563
0.00025,12.395986195782855
0.000255,12.849049893433545
0.00026000000000000003,13.308359568438553
0.00026500000000000004,13.773765328779442
0.00027,14.245116568862333
0.000275,14.722262011380453
0.00028000000000000003,15.205049749115155
0.00028500000000000004,15.693327286665312
0.00029,16.186941582094967
0.000295,16.68573908848923
0.00030000000000000003,17.185960984217022
0.00030500000000000004,17.689204345475684
0.00031,18.192364496334672
0.000315,18.70074809723887
0.00032,19.213600919975693
0.00032500000000000004,19.730769331513383
0.00033000000000000005,20.252099454230382
0.000335,20.77743720602404
0.00034,21.306628340249915
0.00034500000000000004,21.839518485482735
0.00035000000000000005,22.37595318508992
0.000355,22.91577793660874
0.00036,23.458838230918406
0.00036500000000000004,24.00497959119828
0.00037000000000000005,24.554047611663602
0.000375,25.10588799607037
0.00038,25.66034659598069
0.00038500000000000003,26.217269448780588
0.00039000000000000005,26.776502815441948
0.000395,27.333722055168682
0.0004,27.887741887156007
0.00040500000000000003,28.43709018016549
0.00041000000000000005,28.985406293030703
0.00041500000000000006,29.535379787591218
0.00042,30.086866314345425
0.00042500000000000003,30.639718723834697
0.00043000000000000004,31.19379032925396
0.00043500000000000006,31.74893494086794
0.00044,32.305006900112836
0.00044500000000000003,32.861861113376406
0.00045000000000000004,33.41935308545
0.00045500000000000006,33.97733895264571
0.00046,34.53567551557234
0.000465,35.094220271563714
0.00047000000000000004,35.65283144675308
0.00047500000000000005,36.2113680277877
0.00048000000000000007,36.76968979317733
0.000485,37.32765734427095
0.0004900000000000001,37.88513213585599
0.000495,38.43711166389119
0.0005,38.98380999973555
0.000505,39.522390746526625
0.00051,40.05788791474201
0.000515,40.5923247612106
0.0005200000000000001,41.125575758314945
0.0005250000000000001,41.65751314953608
0.0005300000000000001,42.188010209369374
0.000535,42.71694126959604
0.00054,43.23898663335632
0.000545,43.75489787093944
0.00055,44.25938973502104
0.000555,44.7523420848813
0.0005600000000000001,45.23363805567769
0.0005650000000000001,45.703163760248316
0.0005700000000000001,46.16080831593886
0.0005750000000000001,46.6064638706638
0.00058,47.04002562819599
0.000585,47.461391872678426
0.00059,47.87046399235281
0.000595,48.26714650249918
0.0006000000000000001,48.6513470675814
0.0006050000000000001,49.024928860139205
0.0006100000000000001,49.39412608249679
0.0006150000000000001,49.75504819358401
0.00062,50.108885021559985
0.000625,50.449803488104685
0.00063,50.77772513389599
0.000635,51.09257514343743
0.00064,51.394282009515564
0.0006450000000000001,51.682777549253046
0.0006500000000000001,51.95799691932196
0.0006550000000000001,52.21987863031409
0.0006600000000000001,52.46836456026506
0.000665,52.70339996732938
0.00067,52.92493350160382
0.000675,53.132917216096324
0.00068,53.327306576838524
0.0006850000000000001,53.50806047213966
0.0006900000000000001,53.675141220979995
0.0006950000000000001,53.82851458054219
0.0007000000000000001,53.968149752879256
0.000705,54.09628956838631
0.00071,54.219812963242276
0.000715,54.340967576411096
0.00072,54.45340174322585
0.0007250000000000001,54.55829144013911
0.0007300000000000001,54.64928760113919
0.0007350000000000001,54.726374727223124
0.0007400000000000001,54.78954119831317
0.0007450000000000001,54.8387788800682
0.00075,54.87408312399978
0.000755,54.895452766717135
0.00076,54.90289012830136
0.0007650000000000001,54.896401009809935
0.0007700000000000001,54.87253351824219
0.0007750000000000001,54.847438600782226
0.0007800000000000001,54.817777284081274
0.0007850000000000001,54.786553572823486
0.00079,54.75365152040496
0.000795,54.71908104013582
0.0008,54.6828524524411
0.000805,54.6445671660125
0.0008100000000000001,54.605057278361976
0.0008150000000000001,54.5635191621889
0.0008200000000000001,54.5207744412856
0.0008250000000000001,54.4764294098188
0.0008300000000000001,54.43049676348659
0.000835,54.382989582137924
0.00084,54.33392132616134
0.000845,54.28330583274562
0.0008500000000000001,54.23115731204975
0.0008550000000000001,54.17749034328306
0.0008600000000000001,54.12231987069667
0.0008650000000000001,54.06566119948759
0.0008700000000000001,54.00752999161606
0.000875,53.94794226153786
0.00088,53.88691437185239
0.000885,53.82446302886779
0.0008900000000000001,53.76060527808432
0.0008950000000000001,53.69535849959721
0.0009000000000000001,53.62874040342023
0.0009050000000000001,53.56043434530993
0.0009100000000000001,53.49113078163952
0.0009150000000000001,53.42018529121407
0.00092,53.34827123806316
0.000925,53.27507935339329
0.00093,53.200629222726995
0.0009350000000000001,53.12494072649848
0.0009400000000000001,53.04803403491236
0.0009450000000000001,52.96992960261267
0.0009500000000000001,52.89064816328602
0.0009550000000000001,52.810210724200154
0.0009600000000000001,52.728638560679414
0.000965,52.64595321051866
0.00097,52.56217646833688
0.0009750000000000001,52.4773303798722
0.0009800000000000002,52.3914372362196
0.000985,52.30451956801303
0.00099,52.21660013955321
0.000995,52.127701942882865
0.001,52.03784819181076
0.001005,51.946833713500446
0.00101,51.85514233024729
0.001015,51.76256335268206
0.00102,51.66891247572279
0.001025,51.57463970715827
0.00103,51.479555088466036
0.0010350000000000001,51.38368321378125
0.0010400000000000001,51.28704884932952
0.0010450000000000001,51.18967692725232
0.0010500000000000002,51.09159253920688
0.0010550000000000002,50.99282092993255
0.0010600000000000002,50.8933874907852
0.0010650000000000002,50.7933177532414
0.00107,50.69263738237396
0.001075,50.59137217030055
0.00108,50.489548029607036
0.001085,50.387190986747235
0.00109,50.28432717542068
0.001095,50.180982829930244
0.0011,50.077184278521095
0.001105,49.97285580947878
0.00111,49.868231199773284
0.001115,49.76314215605449
0.0011200000000000001,49.65779783279785
0.0011250000000000001,49.55213215833321
0.0011300000000000001,49.446171882498746
0.0011350000000000002,49.33994380183564
0.0011400000000000002,49.23347475306645
0.0011450000000000002,49.12679160634359
0.0011500000000000002,49.01992125849609
0.001155,48.91289062627639
0.00116,48.80572663960896
0.001165,48.698456234842254
0.00117,48.591106348005866
0.001175,48.48370390807439
0.00118,48.37627583023988
0.001185,48.268849009194255
0.00119,48.16145031242385
0.001195,48.05410657351707
0.0012000000000000001,47.94684458548747
0.0012050000000000001,47.83972300265862
0.0012100000000000001,47.732707583978545
0.0012150000000000002,47.6258982366282
0.0012200000000000002,47.519235850487625
0.0012250000000000002,47.4127883113682
0.0012300000000000002,47.306582028515336
0.0012350000000000002,47.200643324195845
0.00124,47.09499842743729
0.001245,46.9896734675613
0.00125,46.88469446774844
0.001255,46.78008733863581
0.00126,46.6758778719494
0.001265,46.57209173417241
0.00127,46.46875446025126
0.001275,46.36589144734074
0.00128,46.26352794858997
0.0012850000000000001,46.161689066970375
0.0012900000000000001,46.060399749147656
0.0012950000000000001,45.959684779398735
0.0013000000000000002,45.85956877357543
0.0013050000000000002,45.76023635717818
0.0013100000000000002,45.661393991853956
0.0013150000000000002,45.56339463528448
0.0013200000000000002,45.465922028324385
0.001325,45.36916863974952
0.00133,45.27315794998375
0.001335,45.17791323000951
0.00134,45.083457535971604
0.001345,44.989813703625444
0.00135,44.89700434284609
0.001355,44.80505183219913
0.00136,44.71397831357492
0.0013650000000000001,44.62380568688738
0.0013700000000000001,44.53455560483848
0.0013750000000000001,44.446249467750015
0.0013800000000000002,44.358908418463415
0.0013850000000000002,44.272553337309205
0.0013900000000000002,44.18720483714713
0.0013950000000000002,44.102883258478
0.0014000000000000002,44.019608664628784
0.0014050000000000002,43.937671046507774
0.00141,43.85655159424484
0.001415,43.77653487284851
0.00142,43.69792621213799
0.001425,43.620178660788355
0.00143,43.54359225298441
0.001435,43.46818498341833
0.00144,43.39397453371942
0.001445,43.320978268507915
0.0014500000000000001,43.2492132313688
0.0014550000000000001,43.178696140910006
0.0014600000000000001,43.109443386905774
0.0014650000000000002,43.0414710265261
0.0014700000000000002,42.974794780653156
0.0014750000000000002,42.90943003028553
0.0014800000000000002,42.845391813031014
0.0014850000000000002,42.782694819688786
0.0014900000000000002,42.72135339092177
0.001495,42.66138151401991
0.0015,42.60279281975499
0.001505,42.54595212016684
0.00151,42.4901708105572
0.001515,42.43580978032142
0.00152,42.38324307153504
0.001525,42.33176320119241
0.0015300000000000001,42.28174046692138
0.0015350000000000001,42.233185923671385
0.0015400000000000001,42.18611024804217
0.0015450000000000001,42.14052373608352
0.0015500000000000002,42.09643630110057
0.0015550000000000002,42.053857471556924
0.0015600000000000002,42.0127963890761
0.0015650000000000002,41.97326180654187
0.0015700000000000002,41.93526208629749
0.0015750000000000002,41.898805198444684
0.00158,41.86389871924219
0.001585,41.83054982960455
0.00159,41.79876531370122
0.001595,41.768551557656345
0.0016,41.73991454834937
0.001605,41.713256629177565
0.00161,41.68779045772544
0.0016150000000000001,41.66431548417923
0.0016200000000000001,41.64203889693397
0.0016250000000000001,41.62109700102446
0.0016300000000000002,41.60018817989826
0.0016350000000000002,41.579452976838134
0.0016400000000000002,41.558726007209984
0.0016450000000000002,41.538007358279884
0.0016500000000000002,41.51729709942826
0.0016550000000000002,41.49659530923934
0.0016600000000000002,41.475902052686024
0.001665,41.45521740077157
0.00167,41.43454141403392
0.001675,41.41387415679232
0.00168,41.39321568522574
0.001685,41.372566057711076
0.00169,41.351925326211884
0.0016950000000000001,41.33129354378474
0.0017000000000000001,41.31067075836339
0.0017050000000000001,41.29089550551898
0.0017100000000000001,41.27196281645237
0.0017150000000000002,41.25210856200802
0.0017200000000000002,41.23216805182481
0.0017250000000000002,41.21158883937336
0.0017300000000000002,41.19101869760419
0.0017350000000000002,41.17045801553459
0.0017400000000000002,41.149906526421645
0.0017450000000000002,41.12936451864316
0.00175,41.10883180541845
0.001755,41.08830860162879
0.00176,41.067794777796536
0.001765,41.04729049500894
0.00177,41.026795664729875
0.001775,41.00631040856368
0.0017800000000000001,40.985834667110936
0.0017850000000000001,40.965368532896754
0.0017900000000000001,40.94491196714979
0.0017950000000000002,40.92446504088717
0.0018000000000000002,40.90402772984071
0.0018050000000000002,40.884488470868384
0.0018100000000000002,40.8658416713035
0.0018150000000000002,40.84621879923026
0.0018200000000000002,40.82650451243142
0.0018250000000000002,40.80611342131686
0.0018300000000000002,40.78573187043381
0.001835,40.765360247057856
0.00184,40.744998244571825
0.001845,40.724646145556406
0.00185,40.70430373000044
0.001855,40.68397120440198
0.00186,40.66364841120043
0.0018650000000000001,40.64333550155067
0.0018700000000000001,40.62303236287179
0.0018750000000000001,40.602739106012514
0.0018800000000000002,40.582455650739476
0.0018850000000000002,40.5621820785017
0.0018900000000000002,40.54191833228358
0.0018950000000000002,40.52166447204838
0.0019000000000000002,40.50142045740329
0.0019050000000000002,40.48212469708298
0.0019100000000000002,40.46377127478149
0.0019150000000000003,40.44438641658141
0.0019200000000000003,40.42490472451705
0.001925,40.40470777243233
0.00193,40.38452051092031
0.001935,40.364343338074576
0.00194,40.34417591951153
0.0019450000000000001,40.32401854361145
0.0019500000000000001,40.303870968303954
0.001955,40.28373340241056
0.0019600000000000004,40.26360567059557
0.001965,40.2434879239658
0.00197,40.22338003540723
0.001975,40.20328211413766
0.00198,40.18319406786726
0.0019850000000000002,40.1631159753919
0.00199,40.14304776955202
0.0019950000000000002,40.12298950703199
0.002,40.10294113878986
0.0020050000000000003,40.0838905793577
0.00201,40.065831679166145
0.0020150000000000003,40.04974891088924
0.00202,40.03004674381028
0.0020250000000000003,40.010567986876346
0.00203,39.98700101471997
0.0020350000000000004,39.96666690444909
0.00204,39.946388829318025
0.0020450000000000004,39.926427758664175
0.00205,39.90647661539604
0.002055,39.88653536553524
0.00206,39.866604033541115
0.002065,39.84668259396284
0.0020700000000000002,39.82677106364481
0.002075,39.80686942327207
0.0020800000000000003,39.78697768413762
0.002085,39.76709583133359
0.0020900000000000003,39.74722387209876
0.002095,39.72736179468348
0.0021000000000000003,39.70750960335917
0.002105,39.688705054103686
0.0021100000000000003,39.67094195609907
0.002115,39.65203640834176
0.0021200000000000004,39.63302298160881
0.002125,39.6132175502077
0.0021300000000000004,39.59342175899487
0.002135,39.57363604126999
0.00214,39.55386002077211
0.002145,39.53409401007329
0.00215,39.51433773553038
0.0021550000000000002,39.494591422283456
0.00216,39.47485487098399
0.0021650000000000003,39.455128243450666
0.00217,39.43541139412157
0.0021750000000000003,39.41570443895367
0.00218,39.39600727132254
0.0021850000000000003,39.376319973967014
0.00219,39.356642468448705
0.0021950000000000003,39.33697481344439
0.0022,39.31731695091727
0.0022050000000000004,39.29875444982477
0.00221,39.28128079671347
0.0022150000000000004,39.262611718506975
0.00222,39.243829371703676
0.002225,39.22421781658121
0.00223,39.204615819242974
0.002235,39.1850238323238
0.0022400000000000002,39.16544146136409
0.002245,39.14586903274852
0.0022500000000000003,39.12630625947597
0.002255,39.10675337651572
0.0022600000000000003,39.08721017468133
0.002265,39.0676768227506
0.0022700000000000003,39.048153167886326
0.002275,39.02863933093957
0.0022800000000000003,39.00913519987893
0.002285,38.989640860854195
0.0022900000000000004,38.970156231384564
0.002295,38.95068137249508
0.0023000000000000004,38.93121622310545
0.002305,38.9128943540551
0.00231,38.895709089144916
0.0023150000000000002,38.88078962420881
0.00232,38.86812808152459
0.0023250000000000002,38.85771528263488
0.00233,38.844032182567105
0.0023350000000000003,38.8275756298944
0.00234,38.80841616638355
0.0023450000000000003,38.789020159395065
0.00235,38.76963385079663
0.0023550000000000003,38.750257374319794
0.00236,38.73089060137084
0.0023650000000000003,38.71153362681404
0.00237,38.692186355587744
0.0023750000000000004,38.67284885446272
0.00238,38.65352105270685
0.0023850000000000004,38.63420299679504
0.00239,38.61489463365737
0.002395,38.595595995115715
0.0024000000000000002,38.576307040931205
0.002405,38.55820575477745
0.0024100000000000002,38.54128535630718
0.002415,38.526718493765124
0.0024200000000000003,38.51449675020859
0.002425,38.50461035913662
0.0024300000000000003,38.497049018871614
0.002435,38.49180189811606
0.0024400000000000003,38.48885764161113
0.002445,38.48272567325478
0.0024500000000000004,38.47225991673744
0.002455,38.45404669904026
0.0024600000000000004,38.435696149077
0.002465,38.41648235505253
0.0024700000000000004,38.39727846164142
0.002475,38.37808434418727
0.00248,38.35890008273197
0.0024850000000000002,38.339725583808836
0.00249,38.320560902249376
0.0024950000000000003,38.301405967318004
0.0025,38.28226081573188
0.0025050000000000003,38.264340954953276
0.00251,38.2476396365828
0.0025150000000000003,38.23336453825775
0.00252,38.22150679547269
0.0025250000000000003,38.21205615503019
0.00253,38.2050018131143
0.0025350000000000004,38.200332421060104
0.00254,38.198036091227806
0.0025450000000000004,38.19810040297919
0.00255,38.200512408754406
0.0025550000000000004,38.199803402776794
0.00256,38.19480459506303
0.002565,38.178274046340526
0.0025700000000000002,38.16140661990132
0.002575,38.142325224084786
0.0025800000000000003,38.12325354519304
0.002585,38.10419202193724
0.0025900000000000003,38.08514024126886
0.002595,38.06609851615902
0.0026000000000000003,38.04706654294724
0.002605,38.029285099004056
0.0026100000000000003,38.01274640484644
0.002615,37.998692125331345
0.0026200000000000004,37.98711304925985
0.002625,37.97799853721344
0.0026300000000000004,37.971337386756936
0.002635,37.96711783837831
0.0026400000000000004,37.965327581535085
0.002645,37.96595376080507
0.00265,37.968982982139494
0.0026550000000000002,37.974401319216355
0.00266,37.976756258474005
0.0026650000000000003,37.97485814513776
0.00267,37.9632701170067
0.0026750000000000003,37.94567930171419
0.00268,37.92611803727941
0.0026850000000000003,37.90723288177947
0.00269,37.88827534309952
0.0026950000000000003,37.86932781495175
0.0027,37.850390295038906
0.0027050000000000004,37.83273163497217
0.00271,37.81634468817539
0.0027150000000000004,37.80249073859122
0.00272,37.791160269657226
0.0027250000000000004,37.782342315642644
0.0027300000000000002,37.77602533747404
0.002735,37.77219722881814
0.0027400000000000002,37.770845322273054
0.002745,37.77195639566537
0.0027500000000000003,37.775516678451375
0.002755,37.78151185821998
0.0027600000000000003,37.78992708729541
0.002765,37.79532350023826
0.0027700000000000003,37.79649581323212
0.002775,37.78802110271135
0.0027800000000000004,37.77064240457529
0.002785,37.75306165652698
0.0027900000000000004,37.734176718054016
0.002795,37.71530189761523
0.0028000000000000004,37.696437244980395
0.002805,37.678871420018325
0.0028100000000000004,37.66259728474091
0.0028150000000000002,37.64889420254072
0.00282,37.6377524230688
0.0028250000000000003,37.629160726655904
0.00283,37.623107312183684
0.0028350000000000003,37.61957980327957
0.00284,37.618565254621224
0.0028450000000000003,37.62005015834835
0.00285,37.624020450579806
0.0028550000000000003,37.630461518033655
0.00286,37.63935820474823
0.0028650000000000004,37.650694818901734
0.00287,37.65904332691908
0.0028750000000000004,37.663188338983474
0.00288,37.65771801153017
0.0028850000000000004,37.64125436578401
0.00289,37.62447869216004
0.0028950000000000004,37.605654211499086
0.0029000000000000002,37.58683980199931
0.002905,37.56933118811114
0.0029100000000000003,37.55311969018943
0.002915,37.53950642147319
0.0029200000000000003,37.52848148152136
0.002925,37.520033473998886
0.0029300000000000003,37.5141504152915
0.002935,37.510819740780114
0.0029400000000000003,37.51002831122553
0.002945,37.51176241926176
0.0029500000000000004,37.51600779599515
0.002955,37.522749617707696
0.0029600000000000004,37.53197251266199
0.002965,37.54366056800565
0.0029700000000000004,37.552392555572666
0.002975,37.55694046833455
0.0029800000000000004,37.551899375514175
0.0029850000000000002,37.53559954569874
0.00299,37.518973161824995
0.0029950000000000003,37.50019916920455
0.003,37.48143528801336
0.0030050000000000003,37.46398973692318
0.00301,37.4478536231251
0.0030150000000000003,37.43434180545299
0.00302,37.423444225550526
0.0030250000000000003,37.41514931349507
0.00303,37.409444906533984
0.0030350000000000004,37.40631825543536
0.00304,37.40575603095025
0.0030450000000000004,37.407744330384105
0.00305,37.41226868427513
0.0030550000000000004,37.4193140631776
0.0030600000000000002,37.42886488454758
0.0030650000000000004,37.44090501972905
0.0030700000000000002,37.45541780103816
0.003075,37.46698964703094
0.0030800000000000003,37.47438863645952
0.003085,37.47221768536434
0.0030900000000000003,37.460482184118284
0.003095,37.442901107108874
0.0031000000000000003,37.42350734358075
0.003105,37.40615087809013
0.0031100000000000004,37.39006865257986
0.003115,37.37662528692446
0.0031200000000000004,37.36581029660785
0.003125,37.35761201415354
0.0031300000000000004,37.35201817622422
0.003135,37.34901593001572
0.0031400000000000004,37.34859183976278
0.0031450000000000002,37.35073189335456
0.0031500000000000005,37.35542150905762
0.0031550000000000003,37.362645542344026
0.00316,37.37238829282257
0.0031650000000000003,37.384633511270685
0.00317,37.39936440676474
0.0031750000000000003,37.411170990397764
0.00318,37.41881482273336
0.0031850000000000003,37.4169024699307
0.00319,37.40543925020398
0.0031950000000000004,37.38814738443505
0.0032,37.3688546226394
0.0032050000000000004,37.35160479319455
0.00321,37.33555835450164
0.0032150000000000004,37.32216896548534
0.00322,37.3114213566093
0.0032250000000000004,37.303303770348286
0.0032300000000000002,37.29780385044036
0.0032350000000000005,37.29490864832071
0.0032400000000000003,37.29460462966772
0.003245,37.29687768105923
0.0032500000000000003,37.30171311673673
0.003255,37.309095685475135
0.0032600000000000003,37.319009577556066
0.003265,37.33143843184226
0.0032700000000000003,37.34097454831755
0.003275,37.34636501464756
0.0032800000000000004,37.34221864312002
0.003285,37.32625640674187
0.0032900000000000004,37.30993719206724
0.003295,37.29126355471461
0.0033000000000000004,37.272600093215
0.003305,37.25527971943769
0.0033100000000000004,37.23929311051491
0.0033150000000000002,37.2259824437954
0.0033200000000000005,37.21533734807094
0.0033250000000000003,37.20734590940204
0.00333,37.20199561002399
0.0033350000000000003,37.19927333484905
0.00334,37.19916537808182
0.0033450000000000003,37.20165744994566
0.00335,37.206734683517844
0.0033550000000000003,37.214381641671274
0.00336,37.224582324120334
0.0033650000000000004,37.23732017456869
0.00337,37.25257808795672
0.0033750000000000004,37.26495543958801
0.00338,37.2731965932335
0.0033850000000000004,37.27191762911453
0.0033900000000000002,37.26112368738726
0.0033950000000000004,37.244545532008445
0.0034000000000000002,37.22550798475274
0.0034050000000000005,37.20852895716044
0.0034100000000000003,37.19258142611459
0.003415,37.17933782463798
0.0034200000000000003,37.16877115928357
0.003425,37.16086943450382
0.0034300000000000003,37.155620048513796
0.003435,37.15300979982854
0.0034400000000000003,37.15302489391389
0.003445,37.15565094994878
0.0034500000000000004,37.160873007696644
0.003455,37.16867553448362
0.0034600000000000004,37.179042432281335
0.003465,37.19195704489198
0.0034700000000000004,37.20202055869145
0.0034750000000000002,37.2079636823886
0.0034800000000000005,37.20440425636165
0.0034850000000000003,37.191347980695475
0.0034900000000000005,37.1725314929076
0.0034950000000000003,37.15287333761126
0.0035,37.133997862615864
0.0035050000000000003,37.11677410096053
0.00351,37.10091363998981
0.0035150000000000003,37.08776326950004
0.00352,37.077312385763896
0.0035250000000000004,37.06954884025586
0.00353,37.06445987341806
0.0035350000000000004,37.06203212126336
0.00354,37.06225162209287
0.0035450000000000004,37.06510382332578
0.00355,37.07057358843885
0.0035550000000000004,37.07864520401379
0.0035600000000000002,37.08930238688977
0.0035650000000000005,37.10252829141895
0.0035700000000000003,37.11830551682269
0.0035750000000000005,37.13124203445898
0.0035800000000000003,37.140066573095815
0.003585,37.139403947691356
0.0035900000000000003,37.12925912631676
0.003595,37.111650205659295
0.0036000000000000003,37.0939103309879
0.003605,37.07670888669809
0.0036100000000000004,37.060875249226655
0.003615,37.04776161981042
0.0036200000000000004,37.03735733562989
0.003625,37.02965018284039
0.0036300000000000004,37.024627334438236
0.003635,37.022275356893296
0.0036400000000000004,37.022580216896195
0.0036450000000000002,37.025527288218136
0.0036500000000000005,37.031101358680914
0.0036550000000000003,37.03928663723483
0.0036600000000000005,37.050066761142304
0.0036650000000000003,37.06342480326466
0.00367,37.07397013548215
0.0036750000000000003,37.080418362638376
0.00368,37.07739564099949
0.0036850000000000003,37.064907519200624
0.00369,37.046698131922575
0.0036950000000000004,37.027258214987896
0.0037,37.00858813536749
0.0037050000000000004,36.99144096065164
0.00371,36.975671166037685
0.0037150000000000004,36.96264247881291
0.00372,36.95234410753033
0.0037250000000000004,36.94476369651446
0.0037300000000000002,36.93988827246983
0.0037350000000000005,36.93770425117458
0.0037400000000000003,36.938197444289564
0.0037450000000000005,36.94135306628073
0.0037500000000000003,36.94715574145255
0.003755,36.95558951108999
0.0037600000000000003,36.966637840706895
0.003765,36.98028362739827
0.0037700000000000003,36.99650920729417
0.003775,37.00993033097427
0.0037800000000000004,37.019261487090915
0.003785,37.01913539460529
0.0037900000000000004,37.00955687110959
0.003795,36.99215811436357
0.0038000000000000004,36.97460898755046
0.0038050000000000002,36.95748037652631
0.0038100000000000005,36.94173297556953
0.0038150000000000002,36.92873508877593
0.0038200000000000005,36.91847587474592
0.0038250000000000003,36.91094292258377
0.0038300000000000005,36.906123201967795
0.0038350000000000003,36.904003069868885
0.0038400000000000005,36.90456827738491
0.0038450000000000003,36.907803976688676
0.00385,36.91369472808707
0.0038550000000000004,36.92222450718928
0.00386,36.93337671218134
0.0038650000000000004,36.947134171205136
0.00387,36.95811366070043
0.0038750000000000004,36.96501711576065
0.00388,36.962478215088225
0.0038850000000000004,36.950502370733226
0.0038900000000000002,36.93284050211686
0.0038950000000000005,36.91359749984047
0.0039000000000000003,36.895112781280496
0.0039050000000000005,36.87803486452534
0.00391,36.862347072418515
0.003915,36.849428452960645
0.003920000000000001,36.83926804485927
0.0039250000000000005,36.83185330501863
0.00393,36.82717106676184
0.003935,36.825207546606364
0.00394,36.825948351155965
0.003945000000000001,36.82937848410707
0.00395,36.83548235336684
0.003955,36.84424377828109
0.00396,36.855645996969194
0.003965000000000001,36.86967167376403
0.0039700000000000004,36.880942517295
0.003975,36.88815135931911
0.00398,36.88593688956829
0.003985000000000001,36.87430442857288
0.0039900000000000005,36.85700941340873
0.003995,36.83789891645916
0.004,36.81953893523414
0.004005000000000001,36.8025081094628
0.0040100000000000005,36.78687588262241
0.004015,36.77403151848842
0.00402,36.763963942260744
0.004025,36.756660485623236
0.004030000000000001,36.75210785271792
0.004035,36.750292126974735
0.00404,36.75119877805851
0.004045,36.754812668930946
0.004050000000000001,36.76111806302504
0.0040550000000000004,36.7700986315299
0.00406,36.781737460783276
0.004065,36.79601705976953
0.004070000000000001,36.80756382687535
0.0040750000000000005,36.81506193684725
0.00408,36.81315484397549
0.004085,36.801847782046444
0.004090000000000001,36.784900484607114
0.0040950000000000005,36.765915297079744
0.0041,36.7476732762037
0.004105,36.73068674171322
0.00411,36.715106871508326
0.004115000000000001,36.70233263761987
0.00412,36.69235285750794
0.004125,36.68515474398263
0.00413,36.680724878541106
0.004135000000000001,36.67904921824908
0.0041400000000000005,36.68011310274017
0.004145,36.683901261330945
0.00415,36.690397820248975
0.004155000000000001,36.699586309971856
0.0041600000000000005,36.71144967267456
0.004165,36.72597026978282
0.00417,36.74312988963005
0.004175000000000001,36.757560466327355
0.0041800000000000006,36.76794686549563
0.004185,36.76893824940451
0.00419,36.76053912227163
0.004195,36.743578387114965
0.004200000000000001,36.72642684665199
0.004205,36.709450330572544
0.00421,36.693882899172934
0.004215,36.68112636264868
0.004220000000000001,36.67116950786529
0.0042250000000000005,36.663999513762384
0.00423,36.65960292682203
0.004235,36.65796566796617
0.004240000000000001,36.65907303957216
0.0042450000000000005,36.662909732604
0.00425,36.66945983385702
0.004255,36.678706833313335
0.004260000000000001,36.69063363160605
0.0042650000000000006,36.7052225475895
0.00427,36.71710576088908
0.004275,36.724956770918475
0.00428,36.723424904863045
0.004285000000000001,36.71251529050045
0.00429,36.695992960630804
0.004295,36.677159945937134
0.0043,36.65906116159865
0.004305000000000001,36.64212757588325
0.0043100000000000005,36.626610622417004
0.004315,36.61392122266963
0.00432,36.60404806193021
0.004325000000000001,36.59697820712311
0.0043300000000000005,36.592698089193796
0.004335,36.591193510054495
0.00434,36.592449649648515
0.004345000000000001,36.59645107313096
0.004350000000000001,36.60318173816329
0.004355,36.61262500231951
0.00436,36.624763630601436
0.004365,36.63957980306056
0.004370000000000001,36.65170987891588
0.004375,36.65981964323873
0.00438,36.65856266961407
0.004385,36.647944008273186
0.004390000000000001,36.631732520365844
0.0043950000000000005,36.61301177500676
0.0044,36.59501867851403
0.004405,36.57812498841129
0.004410000000000001,36.56265511197253
0.0044150000000000005,36.550028627518024
0.00442,36.54023412415268
0.004425,36.53325856269128
0.004430000000000001,36.52908826461323
0.004435000000000001,36.5277089190542
0.00444,36.52910558991716
0.004445,36.53326272310011
0.00445,36.540164153838504
0.004455000000000001,36.54979311415962
0.00446,36.56213224044655
0.004465,36.57716358110945
0.00447,36.58952746955102
0.004475000000000001,36.59788235472878
0.0044800000000000005,36.59688584779769
0.004485,36.586542925483094
0.00449,36.56909087373699
0.004495000000000001,36.55152271809339
0.0045000000000000005,36.53322774397307
0.004505,36.51637290572849
0.00451,36.50094965142308
0.004515000000000001,36.488385063125016
0.004520000000000001,36.47866763578232
0.004525,36.471784227640825
0.00453,36.4677210543734
0.004535,36.46646369611626
0.004540000000000001,36.467997104624914
0.004545,36.472305610547714
0.00455,36.47937293081434
0.004555,36.489182176136865
0.004560000000000001,36.50171585862091
0.0045650000000000005,36.51695589948458
0.00457,36.52954646690279
0.004575,36.53813893676374
0.004580000000000001,36.537394816152066
0.0045850000000000005,36.52731901060548
0.00459,36.50996732040858
0.004595,36.49249040775631
0.004600000000000001,36.47422490701203
0.004605000000000001,36.45740732224853
0.00461,36.44202917221981
0.004615,36.42952426927607
0.00462,36.4198810177754
0.004625000000000001,36.41308617793755
0.0046300000000000004,36.40912586431804
0.004635,36.40798555288704
0.00464,36.40965008822857
0.004645000000000001,36.41410369085759
0.0046500000000000005,36.42132996465267
0.004655,36.43131190440168
0.00466,36.44403190345807
0.004665000000000001,36.45947176150531
0.0046700000000000005,36.47227930864306
0.004675,36.48109916939
0.00468,36.480596571149306
0.004685000000000001,36.47077635135373
0.004690000000000001,36.45352056867056
0.004695,36.436130836004395
0.0047,36.41789337802504
0.004705,36.40111126803958
0.004710000000000001,36.38577609060555
0.0047150000000000004,36.37332808129399
0.00472,36.3637555580102
0.004725,36.357045187423886
0.004730000000000001,36.353182987588404
0.0047350000000000005,36.35215433506025
0.00474,36.35394397213944
0.004745,36.35853601422839
0.004750000000000001,36.36591395730662
0.0047550000000000005,36.37606068551913
0.00476,36.388958478875836
0.004765,36.4045890210594
0.004770000000000001,36.41760363838231
0.004775000000000001,36.42664050943244
0.00478,36.42636841356327
0.004785,36.4167921232072
0.00479,36.399627849448905
0.004795000000000001,36.382321296090886
0.0048000000000000004,36.36411056887413
0.004805,36.347362286645264
0.00481,36.33206809590216
0.004815000000000001,36.31967436451677
0.0048200000000000005,36.31016932787044
0.004825,36.30353956333298
0.00483,36.29977099683875
0.004835000000000001,36.29884891004511
0.0048400000000000006,36.30075794761214
0.004845,36.305482124601276
0.00485,36.31300483399037
0.004855000000000001,36.3233088543027
0.004860000000000001,36.33637635734755
0.004865,36.35218891606962
0.00487,36.3654011948435
0.004875,36.3746452178663
0.004880000000000001,36.374593155763556
0.0048850000000000005,36.36524971891807
0.00489,36.34817278807262
0.004895,36.3309456261783
0.004900000000000001,36.31276040127489
0.0049050000000000005,36.29604439790559
0.00491,36.280789321308795
0.004915,36.268447394155984
0.004920000000000001,36.259006773044966
0.0049250000000000006,36.252453950092544
0.00493,36.24877476328833
0.004935,36.24795440369037
0.004940000000000001,36.24997742274242
0.004945000000000001,36.254827739710535
0.00495,36.26248864923667
0.004955,36.27294282900652
0.00496,36.28617234752932
0.004965000000000001,36.30215867202709
0.0049700000000000005,36.31555965396906
0.004975,36.32500144148217
0.00498,36.32515944308728
0.004985000000000001,36.31603830992857
0.0049900000000000005,36.29904475986956
0.004995,36.281893387544336
0.005,36.26373250292768
0.005005000000000001,36.24704731017679
0.0050100000000000006,36.23182957043539
0.005015,36.21953709633655
0.00502,36.210157969261054
0.005025000000000001,36.2036785999316
0.005030000000000001,36.200084742373775
0.005035,36.19936150114691
0.00504,36.2014933386973
0.005045,36.20646408283111
0.005050000000000001,36.214256934304665
0.0050550000000000005,36.22485447452938
0.00506,36.238238673389155
0.005065,36.25439089716735
0.005070000000000001,36.26797204030124
0.0050750000000000005,36.27760264056672
0.00508,36.27796119795476
0.005085,36.26905230705197
0.005090000000000001,36.25213836177483
0.005095000000000001,36.235059346581565
0.0051,36.21692169765086
0.005105,36.20026591843422
0.005110000000000001,36.185083823372416
0.005115000000000001,36.17283856224953
0.00512,36.16351814463219
0.005125,36.15710890353141
0.00513,36.15359651280714
0.005135000000000001,36.15296599443309
0.0051400000000000005,36.15520172588412
0.005145,36.16028744764387
0.00515,36.16820627083
0.005155000000000001,36.178940684934666
0.0051600000000000005,36.19247256567763
0.005165,36.208783182969526
0.00517,36.22253633661266
0.005175000000000001,36.23234720772823
0.005180000000000001,36.232897247980496
0.005185,36.224190997956924
0.00519,36.20735305532619
0.005195000000000001,36.19034312299278
0.005200000000000001,36.17222765728619
0.005205,36.1555999598325
0.00521,36.1404518959234
0.005215,36.12825171113831
0.005220000000000001,36.118987346477844
0.0052250000000000005,36.1126450607561
0.00523,36.109210451293144
0.005235,36.108668461212226
0.005240000000000001,36.1110033868598
0.0052450000000000005,36.11619888534628
0.00525,36.12423798220475
0.005255,36.13510307916526
0.005260000000000001,36.14877596204213
0.005265000000000001,36.16523780873173
0.00527,36.17915519302347
0.005275,36.18913818160519
0.005280000000000001,36.18987104434226
0.005285000000000001,36.18135827026522
0.00529,36.16459289243021
0.005295,36.147648918068384
0.0053,36.129554631697985
0.005305000000000001,36.112953745416455
0.0053100000000000005,36.09783817305087
0.005315,36.085681025544396
0.00532,36.07647017843249
0.005325000000000001,36.07019181968765
0.0053300000000000005,36.0668314735515
0.005335,36.06637400786261
0.00534,36.06880364150791
0.005345000000000001,36.07410395199489
0.005350000000000001,36.08225788314238
0.005355,36.093247752887095
0.00536,36.10705526120362
0.005365000000000001,36.11834839295319
0.005370000000000001,36.12572306880944
0.0053750000000000004,36.123864903206105
0.00538,36.11277902282741
0.005385,36.09626795714297
0.005390000000000001,36.077645792175154
0.0053950000000000005,36.059804606682135
0.0054,36.04175699214669
0.005405,36.02521428478615
0.005410000000000001,36.010168563620326
0.0054150000000000005,35.998102960598054
0.00542,35.98900521530079
0.005425,35.98286136869836
0.005430000000000001,35.9796567934563
0.005435000000000001,35.97937620132652
0.00544,35.98200365066226
0.005445,35.987522554054856
0.005450000000000001,35.99591568608948
0.005455000000000001,36.00716519121772
0.0054600000000000004,36.021252591744165
0.005465,36.03815879592442
0.00547,36.05255847282409
0.005475000000000001,36.063046766770235
0.0054800000000000005,36.064316172381645
0.005485,36.056371027476054
0.00549,36.039819325116305
0.005495000000000001,36.02306964628147
0.0055000000000000005,36.00503854799397
0.005505,35.98851724327245
0.00551,35.97349781608212
0.005515000000000001,35.96146758349481
0.005520000000000001,35.95241422946613
0.005525,35.946323734700684
0.00553,35.94318140965786
0.005535000000000001,35.9429719019694
0.005540000000000001,35.9456792039816
0.0055450000000000004,35.951286660419534
0.00555,35.95977697617069
0.005555,35.971132224185595
0.005560000000000001,35.98533385349277
0.0055650000000000005,35.997057578860876
0.00557,36.00488494933783
0.005575,36.00350943174339
0.005580000000000001,35.99293601571924
0.0055850000000000006,35.9769743544189
0.00559,35.95855199927641
0.005595,35.94089943290744
0.005600000000000001,35.92291142507172
0.005605000000000001,35.90644399442312
0.00561,35.89148936853657
0.005615,35.8795442301338
0.005620000000000001,35.87059613621754
0.005625000000000001,35.86463093021051
0.0056300000000000005,35.86163378100689
0.005635,35.86158919044879
0.00564,35.86448100092808
0.005645000000000001,35.87029240311091
0.0056500000000000005,35.87900594378242
0.005655,35.89060353380914
0.00566,35.90506645621638
0.005665000000000001,35.92237537437804
0.0056700000000000006,35.93721233313902
0.005675,35.94815887862464
0.00568,35.94991499888389
0.005685000000000001,35.94248489449748
0.005690000000000001,35.92612651864223
0.005695,35.90955257937537
0.0057,35.89157807144027
0.005705000000000001,35.87512832323941
0.005710000000000001,35.86019555349566
0.0057150000000000005,35.84828001735574
0.00572,35.83936922460242
0.005725,35.83344896747264
0.005730000000000001,35.83050436201295
0.0057350000000000005,35.83051985557905
0.00574,35.83347923446092
0.005745,35.839365631631026
0.005750000000000001,35.84816153461283
0.005755000000000001,35.8598487934673
0.00576,35.87440862889457
0.005765,35.886523800025536
0.005770000000000001,35.894762758056494
0.005775000000000001,35.8938261256383
0.00578,35.8837187677641
0.005785,35.86661190086042
0.005790000000000001,35.84938985986014
0.005795000000000001,35.83144617555145
0.0058000000000000005,35.813512656680025
0.005805,35.79711304648467
0.00581,35.78223947231683
0.005815000000000001,35.770402433433226
0.0058200000000000005,35.76158932129673
0.005825,35.75578579816112
0.00583,35.75297684601194
0.005835000000000001,35.75314677412192
0.005840000000000001,35.75627922673273
0.005845,35.76235719086033
0.00585,35.77136300422152
0.005855000000000001,35.78327836327903
0.005860000000000001,35.798084331402414
0.005865,35.81576134714235
0.00587,35.830998245106606
0.005875000000000001,35.8423640436799
0.005880000000000001,35.84456562885137
0.0058850000000000005,35.83760707550752
0.00589,35.821425820370635
0.005895,35.8050129068093
0.005900000000000001,35.78709035392499
0.0059050000000000005,35.77070634363735
0.00591,35.75585321458836
0.005915,35.74404314099744
0.005920000000000001,35.735263472322146
0.005925000000000001,35.729499827302675
0.00593,35.7267371430123
0.005935,35.726959682432465
0.005940000000000001,35.73015104215425
0.005945000000000001,35.73629416020397
0.00595,35.7453713239899
0.005955,35.75736417836785
0.005960000000000001,35.7722537338228
0.005965000000000001,35.78472923688682
0.0059700000000000005,35.793347076315044
0.005975,35.79281446479091
0.00598,35.78313615255541
0.005985000000000001,35.76619243704199
0.0059900000000000005,35.749118973872385
0.005995,35.73122508908022
0.006,35.71334133465601
0.006005000000000001,35.69700331833531
0.006010000000000001,35.68220299390093
0.006015,35.67046397563024
0.00602,35.66177350428053
0.006025000000000001,35.65611707644995
0.006030000000000001,35.65347950320933
0.006035,35.65384491772995
0.00604,35.657196783038366
0.006045000000000001,35.66351789989587
0.006050000000000001,35.67279041479991
0.0060550000000000005,35.68499582810485
0.00606,35.70011500225945
0.006065,35.71812817015838
0.006070000000000001,35.73373038356779
0.0060750000000000005,35.74547918621065
0.00608,35.748087780245626
0.006085,35.741560125685396
0.006090000000000001,35.72554076356189
0.006095000000000001,35.7092750379465
0.0061,35.69140001167983
0.006105,35.67507615047576
0.006110000000000001,35.66029590137908
0.006115000000000001,35.64858235560165
0.0061200000000000004,35.63992271579929
0.006125,35.634302441845584
0.006130000000000001,35.6317063069312
0.006135000000000001,35.63211840520814
0.0061400000000000005,35.63552215956132
0.006145,35.64190032950491
0.00615,35.65123501920074
0.006155000000000001,35.663507685596315
0.0061600000000000005,35.67869914667963
0.006165,35.69150459021777
0.00617,35.70046935798927
0.006175000000000001,35.700306697895435
0.006180000000000001,35.69102125509978
0.006185,35.67422692054772
0.00619,35.657289493539764
0.006195000000000001,35.63944119060822
0.006200000000000001,35.62160298693326
0.0062050000000000004,35.605321355711
0.00621,35.5905880912891
0.006215000000000001,35.57893881859101
0.006220000000000001,35.570360640365145
0.0062250000000000005,35.56483890150954
0.00623,35.56235825657838
0.006235,35.562902677475925
0.006240000000000001,35.56645546127837
0.0062450000000000006,35.57299923818113
0.00625,35.5825159795688
0.006255,35.59498700620531
0.006260000000000001,35.61039299654142
0.006265000000000001,35.623433469542626
0.00627,35.63264568283028
0.006275,35.632747284098535
0.006280000000000001,35.62374284324621
0.006285000000000001,35.60705668633933
0.0062900000000000005,35.59021792080902
0.006295,35.57240395424284
0.006300000000000001,35.55460002307898
0.006305000000000001,35.538360557505435
0.0063100000000000005,35.523677257849876
0.006315,35.512094517398396
0.00632,35.503599337679724
0.006325000000000001,35.49817695238667
0.0063300000000000006,35.49581190135986
0.006335,35.4964880383297
0.00634,35.500188538787036
0.006345000000000001,35.5068959079797
0.006350000000000001,35.51659198903247
0.006355,35.52925797118761
0.00636,35.54487439816345
0.006365000000000001,35.563421176628225
0.006370000000000001,35.57960320987968
0.0063750000000000005,35.59195986020418
0.00638,35.595214338322
0.006385000000000001,35.5893704219823
0.006390000000000001,35.57360818823701
0.0063950000000000005,35.55757625842616
0.0064,35.53977697047894
0.006405,35.5235488357956
0.006410000000000001,35.50888448205399
0.0064150000000000006,35.49732430153563
0.00642,35.48885526411302
0.006425,35.483462577759056
0.006430000000000001,35.481130755819905
0.006435000000000001,35.481843624768764
0.00644,35.48558433208827
0.006445,35.49233535427895
0.006450000000000001,35.50207850499113
0.006455000000000001,35.514794943277614
0.0064600000000000005,35.53046518196441
0.006465,35.54379382246878
0.006470000000000001,35.55330870342819
0.006475000000000001,35.55373263537058
0.0064800000000000005,35.5450700968635
0.006485,35.528512722616014
0.00649,35.51179109789158
0.006495000000000001,35.4940152182716
0.006500000000000001,35.47624938058377
0.006505,35.460057275433726
0.00651,35.4454304483836
0.006515000000000001,35.43392355665266
0.006520000000000001,35.425523484246774
0.006525,35.42021533562712
0.00653,35.41798351728137
0.006535000000000001,35.41881174552238
0.006540000000000001,35.42268305441624
0.0065450000000000005,35.42957980383688
0.00655,35.439483687644795
0.006555000000000001,35.4523757419869
0.006560000000000001,35.468236353715135
0.0065650000000000005,35.48177406603773
0.00657,35.49150933975769
0.006575,35.49216898946
0.006580000000000001,35.48375742639788
0.006585000000000001,35.46729715728243
0.00659,35.450664155293545
0.006595,35.43291956023482
0.006600000000000001,35.415184949538464
0.006605000000000001,35.399031272997135
0.00661,35.38444999194895
0.006615,35.373003745231124
0.006620000000000001,35.36467932458733
0.006625000000000001,35.359461733129265
0.0066300000000000005,35.35733527279763
0.006635,35.35828355220472
0.006640000000000001,35.362289494606884
0.006645000000000001,35.369335346004114
0.0066500000000000005,35.379402683364184
0.006655,35.39247242296861
0.00666,35.408524828877624
0.006665000000000001,35.42227223481841
0.006670000000000001,35.43222804711735
0.006675,35.433122930920156
0.00668,35.42496123063437
0.006685000000000001,35.408596372144665
0.006690000000000001,35.39205030041314
0.006695,35.37433522732586
0.0067,35.35663010180949
0.006705000000000001,35.34051281529435
0.006710000000000001,35.32597473605187
0.0067150000000000005,35.31458617036439
0.00672,35.30633382171933
0.006725000000000001,35.30120259623512
0.006730000000000001,35.29917669578876
0.0067350000000000005,35.30023962590055
0.00674,35.30437420374926
0.006745,35.311562566314905
0.006750000000000001,35.321786178646605
0.006755000000000001,35.33502584225267
0.00676,35.351261703610334
0.006765,35.365209731546436
0.006770000000000001,35.37537656666337
0.006775000000000001,35.37649656671715
0.0067800000000000004,35.3685740121288
0.006785,35.35230035538511
0.006790000000000001,35.33583736835796
0.006795000000000001,35.318150393939284
0.0068000000000000005,35.30047334033683
0.006805,35.28439075448622
0.006810000000000001,35.26989391134663
0.006815000000000001,35.25856046825009
0.0068200000000000005,35.250377044123155
0.006825,35.24532845214573
0.00683,35.243398798309606
0.006835000000000001,35.244571489343784
0.006840000000000001,35.24882924077053
0.006845,35.256154085089705
0.00685,35.26652738008847
0.006855000000000001,35.27992981727393
0.006860000000000001,35.29634143042561
0.0068650000000000004,35.31048167475938
0.00687,35.320850701776095
0.006875000000000001,35.32218641074803
0.006880000000000001,35.314493020776936
0.0068850000000000005,35.29830670549389
0.00689,35.28192328142661
0.006895000000000001,35.26426316048141
0.006900000000000001,35.246612938520464
0.0069050000000000005,35.230563544979105
0.00691,35.21610616349358
0.006915,35.20482550080746
0.006920000000000001,35.19670809478074
0.006925000000000001,35.19173866949218
0.00693,35.18990123900551
0.006935,35.1911791153334
0.006940000000000001,35.19555491653307
0.006945000000000001,35.20301057493023
0.0069500000000000004,35.21352734546917
0.006955,35.22708581418599
0.006960000000000001,35.24366590680226
0.006965000000000001,35.25799042243089
0.0069700000000000005,35.26855328861449
0.006975,35.27009580138263
0.006980000000000001,35.26262212104631
0.006985000000000001,35.246519519455966
0.0069900000000000006,35.23021235140414
0.006995,35.21257794344822
0.007,35.194953415255455
0.007005000000000001,35.178935817574065
0.007010000000000001,35.16451624562909
0.007015,35.15328616705144
0.00702,35.14523204196344
0.007025000000000001,35.14033850900024
0.007030000000000001,35.13858949407007
0.0070350000000000005,35.139968218355605
0.00704,35.14445720644707
0.007045000000000001,35.152038294604566
0.007050000000000001,35.16269263914666
0.0070550000000000005,35.1764007249627
0.00706,35.19314237414592
0.007065000000000001,35.21289675474473
0.007070000000000001,35.230391091014134
0.0070750000000000006,35.24412354951461
0.00708,35.24884001750245
0.007085,35.24454386011955
0.007090000000000001,35.22936331721475
0.007095000000000001,35.21386025937296
0.0071,35.196231929126085
0.007105,35.180220059643126
0.007110000000000001,35.165817674549835
0.007115000000000001,35.15460436221159
0.0071200000000000005,35.146566565325
0.007125,35.14168892137159
0.007130000000000001,35.13995535520111
0.007135000000000001,35.14134908703348
0.0071400000000000005,35.14585264059246
0.007145,35.15344785136843
0.007150000000000001,35.16411587500743
0.007155000000000001,35.177837195823805
0.0071600000000000006,35.194591635433625
0.007165,35.20910512506508
0.00717,35.219865843533995
0.007175000000000001,35.221618268638935
0.007180000000000001,35.214366501625676
0.007185,35.19834563194349
0.00719,35.18211259175276
0.007195000000000001,35.1645005098838
0.007200000000000001,35.14689835213448
0.0072050000000000005,35.13090881869322
0.00721,35.116522885649985
0.007215000000000001,35.10533833146655
0.007220000000000001,35.09734154462326
0.0072250000000000005,35.09251708490167
0.00723,35.09084879681918
0.007235000000000001,35.09231981766548
0.007240000000000001,35.09691258567102
0.007245000000000001,35.10460884830517
0.00725,35.11538967070099
0.007255,35.129235444204184
0.007260000000000001,35.146125895043106
0.007265000000000001,35.1607900143343
0.00727,35.171710202971276
0.007275,35.17363404662818
0.007280000000000001,35.166565597155596
0.007285000000000001,35.150616981040656
0.0072900000000000005,35.13445004196344
0.007295,35.116862499363364
0.007300000000000001,35.09928483089564
0.007305000000000001,35.08332541686427
0.0073100000000000005,35.068975174495854
0.007315,35.05783808368499
0.007320000000000001,35.049900460875726
0.007325000000000001,35.04514678675917
0.007330000000000001,35.04356082427061
0.007335,35.045125626660045
0.00734,35.049823545695375
0.007345000000000001,35.05763623999547
0.007350000000000001,35.06854468349046
0.007355,35.08252917400648
0.00736,35.09956934197194
0.007365000000000001,35.11439713396112
0.007370000000000001,35.12548945079001
0.0073750000000000005,35.12759688042721
0.00738,35.12072342256025
0.007385000000000001,35.10484929714391
0.007390000000000001,35.08875023075311
0.0073950000000000005,35.0711857713092
0.0074,35.0536311546967
0.007405000000000001,35.03770017394936
0.007410000000000001,35.023383674965196
0.007415000000000001,35.01229161653256
0.00742,35.004410246259674
0.007425,34.99972396918935
0.007430000000000001,34.998216470215205
0.007435000000000001,34.99987072218508
0.00744,35.00466899413746
0.007445,35.01259285966827
0.007450000000000001,35.0236232054252
0.007455000000000001,35.03774023972686
0.0074600000000000005,35.054923501303925
0.007465,35.069907770872355
0.007470000000000001,35.0811646743329
0.007475000000000001,35.08344767864396
0.0074800000000000005,35.076760733590156
0.007485,35.06095775410332
0.007490000000000001,35.04492350312899
0.007495000000000001,35.02738098041448
0.007500000000000001,35.009848278498716
0.007505,34.99394437967103
0.00751,34.97966005763775
0.007515000000000001,34.96861100278505
0.007520000000000001,34.96078339678179
0.0075250000000000004,34.956161572199434
0.00753,34.95472913916321
0.007535000000000001,34.956468993487064
0.007540000000000001,34.96136332494195
0.0075450000000000005,34.96939362565504
0.00755,34.980540698636716
0.007555000000000001,34.99478466643277
0.007560000000000001,35.01210497989901
0.0075650000000000005,35.027239137908104
0.00757,35.038653707167086
0.007575000000000001,35.04110491577511
0.007580000000000001,35.034596665702544
0.007585000000000001,35.01886179960814
0.00759,35.00288959664122
0.007595,34.985368023350624
0.007600000000000001,34.9678562533109
0.007605000000000001,34.951978245015944
0.0076100000000000004,34.937724701223786
0.007615,34.92671680850633
0.007620000000000001,34.91894068532419
0.007625000000000001,34.91438059477646
0.0076300000000000005,34.913020075312055
0.007635,34.914841948894924
0.007640000000000001,34.91982832930307
0.007645000000000001,34.92796063055873
0.0076500000000000005,34.93921957548673
0.007655,34.95358520439846
0.007660000000000001,34.97103688389853
0.007665000000000001,34.986314719904115
0.007670000000000001,34.99788042666931
0.007675,35.00049288055183
0.007680000000000001,34.994155937683196
0.007685000000000001,34.97848634633249
0.007690000000000001,34.96257360338635
0.0076950000000000005,34.94507208294636
0.0077,34.92758035053529
0.007705000000000001,34.91172713712827
0.007710000000000001,34.897503076667164
0.0077150000000000005,34.88653462685566
0.00772,34.878807845544635
0.007725000000000001,34.874306929215535
0.007730000000000001,34.87301534758537
0.0077350000000000006,34.874915851801035
0.00774,34.87999048276772
0.007745000000000001,34.88822057960882
0.007750000000000001,34.89958678825446
0.007755000000000001,34.91406907015586
0.00776,34.931646711122724
0.007765000000000001,34.94706231760334
0.007770000000000001,34.958772949620254
0.007775000000000001,34.9615400235867
0.0077800000000000005,34.95536735167748
0.007785,34.93976034381752
0.007790000000000001,34.923904608427875
0.007795000000000001,34.90642230350912
0.0078000000000000005,34.888949772741334
0.007805,34.873120324458554
0.007810000000000001,34.85892452625315
0.007815,34.84799389143166
0.00782,34.84031441971808
0.007825,34.83587024370458
0.00783,34.834644767190944
0.007835,34.8366206734066
0.007840000000000001,34.84177993336737
0.007845000000000001,34.85010381436391
0.007850000000000001,34.86157288857906
0.007855000000000001,34.87616704183147
0.00786,34.89386548244244
0.007865,34.90941321525511
0.00787,34.92126283615275
0.007875,34.924178197850836
0.00788,34.91816307036712
0.007885000000000001,34.90261607877599
0.007890000000000001,34.88681501202325
0.007895000000000001,34.86935112964917
0.0079,34.851897008439174
0.007905,34.836090347058246
0.00791,34.8219216493046
0.007915,34.811027277510384
0.00792,34.80339317564988
0.007925000000000001,34.79900341503862
0.007930000000000001,34.797841336254464
0.007935000000000001,34.799889557386415
0.007940000000000001,34.80512998241837
0.007945,34.81354380974497
0.00795,34.825111540816714
0.007955,34.839812988911454
0.00796,34.8576272880297
0.007965,34.8733017434564
0.007970000000000001,34.885284669249636
0.007975000000000001,34.88834225492479
0.007980000000000001,34.88247823006617
0.007985,34.86698879870165
0.00799,34.851240163192784
0.007995,34.83379394732983
0.008,34.816357480320015
0.008005,34.80057267182568
0.008010000000000001,34.78642996438689
0.008015000000000001,34.77557037128746
0.008020000000000001,34.767979783030185
0.008025000000000001,34.76364221215789
0.00803,34.762540938609895
0.008035,34.7646585179964
0.00804,34.76997679000832
0.008045,34.778476886959304
0.00805,34.79013924245738
0.008055000000000001,34.80494360020349
0.008060000000000001,34.82286902291373
0.008065000000000001,34.83866502236759
0.00807,34.850775805659865
0.008075,34.85396980367316
0.00808,34.84825070721046
0.008085,34.83281648317443
0.00809,34.81711813558354
0.008095000000000001,34.79968886311939
0.008100000000000001,34.782269327765455
0.008105000000000001,34.76650547819692
0.008110000000000001,34.75238769816609
0.008115,34.741561461953594
0.00812,34.73401260877504
0.008125,34.72972509480139
0.00813,34.72868214181036
0.008135,34.73086624548553
0.008140000000000001,34.73625918385102
0.008145000000000001,34.744842025838665
0.008150000000000001,34.75659513998523
0.008155,34.771498203256634
0.00816,34.784301427935624
0.008165,34.7934347937237
0.00817,34.79366734343641
0.008175,34.78500349877537
0.008180000000000002,34.768746158580754
0.008185000000000001,34.75233510391071
0.008190000000000001,34.73493997805831
0.008195000000000001,34.7175546682844
0.0082,34.7001791110567
0.008205,34.68447347273831
0.00821,34.670429021832945
0.008215,34.65969635798033
0.00822,34.65226118565233
0.008225000000000001,34.6481073217865
0.008230000000000001,34.64721784467526
0.008235000000000001,34.64957510232396
0.00824,34.655160720945155
0.008245,34.66395561358635
0.00825,34.67593998888831
0.008255,34.69109335997106
0.00826,34.70939455344486
0.008265000000000002,34.725600292380555
0.008270000000000001,34.73814140441462
0.008275000000000001,34.741793646469404
0.008280000000000001,34.736560579520535
0.008285,34.72131137786955
0.00829,34.70578152579071
0.008295,34.688408986267255
0.0083,34.671046087264244
0.008305,34.65535195392242
0.008310000000000001,34.64131680248977
0.008315000000000001,34.63060069714027
0.008320000000000001,34.62318930923408
0.008325,34.619066410461116
0.00833,34.61821503229161
0.008335,34.62061747435525
0.00834,34.62625531295672
0.008345,34.63510940972481
0.008350000000000002,34.64715992039262
0.008355000000000001,34.662386303705475
0.008360000000000001,34.68076733045406
0.008365000000000001,34.69706153306834
0.00837,34.70969632939624
0.008375,34.713449313744
0.00838,34.70832401804136
0.008385,34.69311635571866
0.00839,34.67762441572061
0.008395000000000001,34.660265056234294
0.008400000000000001,34.64291536007797
0.008405000000000001,34.627237793365126
0.00841,34.613222511827686
0.008415,34.602533233446515
0.00842,34.595155587527735
0.008425,34.591073299542224
0.00843,34.59026935325722
0.008435000000000002,34.5927259991358
0.008440000000000001,34.598424762873215
0.008445000000000001,34.607346454066985
0.008450000000000001,34.61947117501813
0.008455,34.63477832966063
0.00846,34.64802678235073
0.008465,34.65763027277994
0.00847,34.65836663162329
0.008475,34.650240136201205
0.008480000000000001,34.63419080462887
0.008485000000000001,34.617969629953684
0.008490000000000001,34.60064154138719
0.008495,34.58332321190014
0.0085,34.56601463100589
0.008505,34.550393285774504
0.00851,34.53645052665276
0.008515,34.525852714284326
0.008520000000000002,34.51858534797593
0.008525000000000001,34.51463202196174
0.008530000000000001,34.513975584799034
0.008535000000000001,34.51659814782312
0.00854,34.5224810937397
0.008545,34.53160508535177
0.00855,34.54395007441836
0.008555,34.559495310642006
0.00856,34.57821935078213
0.008565000000000001,34.59488724759665
0.008570000000000001,34.6079143377623
0.008575000000000001,34.61208483968049
0.00858,34.60740216710887
0.008585,34.59236240764163
0.00859,34.57702330521624
0.008595,34.559714840818664
0.0086,34.542415966878984
0.008605000000000002,34.526801046072016
0.008610000000000001,34.51286007444538
0.008615000000000001,34.50226995705419
0.008620000000000001,34.495016171686416
0.008625,34.4910822772637
0.00863,34.49045108573604
0.008635,34.493104670553635
0.00864,34.499024375276335
0.008645,34.508190822317914
0.008650000000000001,34.520583921822315
0.008655000000000001,34.536182880668775
0.008660000000000001,34.55496621160323
0.008665,34.57170043303698
0.00867,34.58479809851412
0.008675,34.58904491455616
0.00868,34.58444427270277
0.008685,34.56943650052279
0.008690000000000002,34.55412664213975
0.008695000000000001,34.53682866581364
0.008700000000000001,34.519540307928224
0.008705000000000001,34.50393865351783
0.00871,34.49001364668737
0.008715,34.479445151706095
0.00872,34.47221861223398
0.008725,34.46831754969234
0.00873,34.467724737322044
0.008735000000000001,34.47042220867206
0.008740000000000001,34.47639126622576
0.008745000000000001,34.485612490162325
0.00875,34.49806574725019
0.008755,34.51373019986962
0.00876,34.527372372745354
0.008765,34.53739162667575
0.00877,34.53857357285047
0.008775000000000002,34.53092236087703
0.008780000000000001,34.51505687874162
0.008785000000000001,34.4990035182441
0.008790000000000001,34.481734544308644
0.008795,34.4644752885332
0.0088,34.44722578699927
0.008805,34.43167885982168
0.00881,34.41782592548844
0.008815,34.407347297692205
0.008820000000000001,34.400228294175704
0.008825000000000001,34.39645231208109
0.008830000000000001,34.396001996645715
0.008835,34.398859249742756
0.00884,34.4050052385605
0.008845,34.41442040441716
0.00885,34.427084471708426
0.008855,34.44297645698488
0.008860000000000002,34.46207467815622
0.008865000000000001,34.479151563236655
0.008870000000000001,34.492608732746085
0.008875000000000001,34.497237897000204
0.00888,34.493042339460956
0.008885,34.478187884464695
0.00889,34.46301754282514
0.008895,34.44576570880011
0.0089,34.42852342502437
0.008905000000000001,34.41297854498131
0.008910000000000001,34.3991208677834
0.008915000000000001,34.38864220873053
0.00892,34.381527874255795
0.008925,34.37776123492993
0.00893,34.37732490837271
0.008935,34.38020076780691
0.00894,34.38636995075101
0.008945000000000002,34.39581286784761
0.008950000000000001,34.40850921182477
0.008955000000000001,34.424437966587334
0.008960000000000001,34.43837130746689
0.008965,34.44869798910986
0.00897,34.45020936206283
0.008975,34.442909481540376
0.00898,34.42718013022517
0.008985,34.411251048333405
0.008990000000000001,34.394026079414644
0.008995000000000001,34.37681078251868
0.009000000000000001,34.35960522873646
0.009005,34.3441135524596
0.00901,34.33032722988924
0.009015,34.31993686963587
0.00902,34.312927655369684
0.009025,34.309282838706004
0.009030000000000002,34.308984914764935
0.009035000000000001,34.312015630775235
0.009040000000000001,34.31835599481764
0.009045000000000001,34.32798628470434
0.00905,34.34088605699213
0.009055,34.35703415612603
0.00906,34.37640872371043
0.009065,34.39378762757378
0.00907,34.407562371823175
0.009075000000000001,34.41253019268798
0.009080000000000001,34.40869427743738
0.009085000000000001,34.39397673165094
0.00909,34.37893108526189
0.009095,34.36172119245637
0.0091,34.34452081336109
0.009105,34.32902775326607
0.00911,34.31523166931459
0.009115000000000002,34.304835375883535
0.009120000000000001,34.297824052956045
0.009125000000000001,34.294180932116255
0.009130000000000001,34.29388848758868
0.009135,34.29692844485292
0.00914,34.30328178939756
0.009145,34.31292877561068
0.00915,34.325848935803975
0.009155,34.34202108936754
0.009160000000000001,34.35622262725356
0.009165000000000001,34.366832514192474
0.009170000000000001,34.36864739817543
0.009175,34.36167124743017
0.00918,34.3460671604339
0.009185,34.33025242094952
0.00919,34.31306776917005
0.009195,34.2958927588179
0.009200000000000002,34.27872749280346
0.009205000000000001,34.26328654582042
0.009210000000000001,34.249561441686666
0.009215000000000001,34.239252289485265
0.00922,34.23234414924266
0.009225,34.22882013835801
0.00923,34.22866261349553
0.009235,34.2318531792468
0.00924,34.2383726969331
0.009245000000000001,34.248201293544874
0.009250000000000001,34.2613183708153
0.009255000000000001,34.27770261442509
0.009260000000000001,34.29733200333545
0.009265,34.31498942678967
0.00927,34.32905705035374
0.009275,34.33433721110742
0.00928,34.33083300759316
0.009285000000000002,34.318550144734004
0.009290000000000001,34.30140378101917
0.009295000000000001,34.283216812839186
0.009300000000000001,34.265975752343614
0.009305,34.250539679301696
0.00931,34.23681993229907
0.009315,34.22651930287108
0.00932,34.219622834551046
0.009325,34.21611362492926
0.009330000000000001,34.215974010165944
0.009335000000000001,34.21918557366324
0.009340000000000001,34.22572915487719
0.009345000000000001,34.23558485826704
0.00935,34.24873206237856
0.009355,34.26514942905894
0.00936,34.279619228640705
0.009365,34.29051134131077
0.009370000000000002,34.29262737155129
0.009375000000000001,34.28597120195642
0.009380000000000001,34.27048908951592
0.009385000000000001,34.25478546543899
0.00939,34.23763833149962
0.009395,34.220500811279635
0.0094,34.20337303920834
0.009405,34.187979339869656
0.00941,34.17431128556264
0.009415000000000001,34.16407780745987
0.009420000000000001,34.157263850353246
0.009425000000000001,34.15385240659738
0.009430000000000001,34.15382570386143
0.009435,34.15716521384597
0.00944,34.163851661140306
0.009445,34.17386503221776
0.00945,34.18718458456561
0.009455000000000002,34.20378885594689
0.009460000000000001,34.22365567379106
0.009465000000000001,34.24157260587287
0.009470000000000001,34.25591311706689
0.009475,34.261484296991014
0.00948,34.25828916151796
0.009485,34.246333328399636
0.00949,34.22953623645313
0.009495,34.21147465996065
0.009500000000000001,34.19435156131772
0.009505000000000001,34.17895924539996
0.009510000000000001,34.16529128991857
0.009515000000000001,34.155060166466576
0.00952,34.148250811368996
0.009525,34.14484620390171
0.00953,34.144828558148426
0.009535,34.14817933172427
0.009540000000000002,34.15487923464008
0.009545000000000001,34.164908238304605
0.009550000000000001,34.17824558466145
0.009555000000000001,34.194869795457954
0.00956,34.209567588148104
0.009565,34.22070049319856
0.00957,34.223074631936036
0.009575,34.21669381295411
0.00958,34.20131825011664
0.009585000000000002,34.185711887608974
0.009590000000000001,34.16859904842349
0.009595000000000001,34.15149580034999
0.009600000000000001,34.13440230475116
0.009605,34.119051787826095
0.00961,34.105435860701895
0.009615,34.095271556590795
0.00962,34.08854371487755
0.009625000000000002,34.085235213492766
0.009630000000000001,34.085328162065274
0.009635000000000001,34.08880391068878
0.009640000000000001,34.09564305882978
0.009645,34.10582546437368
0.00965,34.119330252806535
0.009655,34.13613582652894
0.00966,34.15621987429943
0.009665,34.17437424610699
0.009670000000000002,34.18896444293712
0.009675000000000001,34.19480190435183
0.009680000000000001,34.19188957057833
0.009685000000000001,34.18023297960287
0.00969,34.16375548809999
0.009695,34.145808644144125
0.0097,34.12879348066831
0.009705,34.11344119838949
0.009710000000000002,34.099820630855895
0.009715000000000001,34.089653109526694
0.009720000000000001,34.08292347260541
0.009725000000000001,34.07961459108124
0.00973,34.07970856730756
0.009735,34.08318674377272
0.00974,34.09002971201231
0.009745,34.100217321659706
0.00975,34.1137286896321
0.009755000000000002,34.130542209448876
0.009760000000000001,34.14544866905673
0.009765000000000001,34.15680195633277
0.009770000000000001,34.15941232691191
0.009775,34.15328352165867
0.00978,34.13800547302043
0.009785,34.122488123848726
0.00979,34.10540666613555
0.009795000000000002,34.088334779194994
0.009800000000000001,34.07127264902748
0.009805000000000001,34.05596164947816
0.009810000000000001,34.042393427046925
0.009815,34.0322924307668
0.00982,34.02564340354558
0.009825,34.0224291185836
0.00983,34.02263157746931
0.009835,34.02623201899154
0.009840000000000002,34.03321092809352
0.009845000000000001,34.04354804496583
0.009850000000000001,34.05722237427527
0.009855000000000001,34.074212194526574
0.00986,34.08931186450555
0.009865,34.10086860288903
0.00987,34.10369629275107
0.009875,34.097798613038755
0.009880000000000002,34.08260979882908
0.009885000000000001,34.06717386146759
0.009890000000000001,34.050120983836266
0.009895000000000001,34.03307761391468
0.0099,34.01604396201171
0.009905,34.000768552866575
0.00991,33.9872430873546
0.009915,33.9771984968878
0.00992,33.97061943953242
0.009925000000000002,33.967488596443445
0.009930000000000001,33.96778787427792
0.009935000000000001,33.97149841404691
0.009940000000000001,33.97860060010973
0.009945,33.98907406930747
0.00995,34.00289772023314
0.009955,34.0200497226349
0.00996,34.04050752694981
0.009965000000000002,34.059070330920804
0.009970000000000001,34.07408997140227
0.009975000000000001,34.080385352079865
0.009980000000000001,34.07795928312863
0.009985,34.0668171654133
0.00999,34.05088907733801
0.009995,34.03313972188015
0.01,34.0163103494912
0.010005,34.00102719999569
0.010010000000000002,33.987488377339545
0.010015000000000001,33.97743042025568
0.010020000000000001,33.970837998412776
0.010025000000000001,33.96769379682043
0.01003,33.96797972594803
0.010035,33.97167693057672
0.01004,33.978765798793646
0.010045,33.98922597112554
0.010050000000000002,34.00303634980876
0.010055000000000001,34.020175108192596
0.010060000000000001,34.03544001793414
0.010065000000000001,34.04717185487841
0.01007,34.05018796792904
0.010075,34.044491981637634
0.01008,34.029381532468
0.010085,34.014017183543
0.01009,33.99698978925005
0.010095000000000002,33.979971921940034
0.010100000000000001,33.96296381025417
0.010105000000000001,33.947720809080046
0.010110000000000001,33.934234629807285
0.010115,33.92424244605814
0.01012,33.91772883513647
0.010125,33.91467639047853
0.01013,33.91506692823162
0.010135000000000002,33.91888149614445
0.010140000000000001,33.92610038260049
0.010145000000000001,33.936703125790885
0.010150000000000001,33.950668523024426
0.010155,33.967974640171185
0.01016,33.98342256116841
0.010165,33.99534689180861
0.01017,33.998568345899116
0.010175,33.99309048962807
0.010180000000000002,33.97806385623136
0.010185000000000001,33.962775926758354
0.010190000000000001,33.94577499581411
0.010195000000000001,33.928783533696176
0.0102,33.911801791971456
0.010205,33.8965917548056
0.01021,33.88314518482135
0.010215,33.87320525419696
0.010220000000000002,33.86675646163511
0.010225000000000001,33.86378131530637
0.010230000000000001,33.86426154341871
0.010235000000000001,33.86817810314476
0.01024,33.87551118969219
0.010245,33.88624024551446
0.01025,33.900343969658806
0.010255,33.91780032724852
0.01026,33.933413578342034
0.010265000000000002,33.94551237269482
0.010270000000000001,33.948920650231564
0.010275000000000001,33.94364192367211
0.010280000000000001,33.92869244321216
0.010285,33.91347494504917
0.01029,33.89649896009044
0.010295,33.87953240907513
0.0103,33.86257556374673
0.010305000000000002,33.847396768859255
0.010310000000000001,33.83398782400982
0.010315000000000001,33.824097684704064
0.010320000000000001,33.81771077423511
0.010325,33.814809518931256
0.01033,33.815375562581195
0.010335,33.8193897753968
0.01034,33.826832263119336
0.010345,33.83768237626664
0.010350000000000002,33.85191871951782
0.010355000000000001,33.86951916123265
0.010360000000000001,33.89046084310261
0.010365000000000001,33.909552490901156
0.01037,33.9251282221297
0.010375,33.93201661928584
0.01038,33.93022032409781
0.010385,33.919744559816294
0.010390000000000002,33.90452812173279
0.010395000000000001,33.88703437583203
0.010400000000000001,33.870445470786215
0.010405000000000001,33.855251628110736
0.01041,33.84181847210721
0.010415,33.83190225746284
0.01042,33.82548743543418
0.010425,33.82255644999953
0.01043,33.8230909629372
0.010435000000000002,33.82707186278256
0.010440000000000001,33.83447927392875
0.010445000000000001,33.84529256586801
0.010450000000000001,33.85949036257074
0.010455,33.87705055199894
0.01046,33.892779962356
0.010465,33.90500236544342
0.01047,33.90854430873292
0.010475000000000002,33.90340926602573
0.010480000000000001,33.88851593375081
0.010485000000000001,33.87334978038549
0.010490000000000001,33.85639232438338
0.010495,33.83944434544063
0.0105,33.82250612720994
0.010505,33.80735115364278
0.01051,33.79397121703656
0.010515,33.78411999136513
0.010520000000000002,33.77778183923661
0.010525000000000001,33.77493912102852
0.010530000000000001,33.77557341246574
0.010535000000000001,33.77966551361236
0.01054,33.787195458007574
0.010545,33.798142521942715
0.01055,33.81248523387621
0.010555,33.83020138398351
0.010560000000000002,33.84610077767288
0.010565000000000001,33.85850166368797
0.010570000000000001,33.862233614205685
0.010575000000000001,33.85730004922223
0.01058,33.84248363637394
0.010585,33.82738755240507
0.01059,33.81045391112906
0.010595,33.79352969133495
0.0106,33.776615197966535
0.010605000000000002,33.76148986920446
0.010610000000000001,33.748145546292506
0.010615000000000001,33.73834127531594
0.010620000000000001,33.73206134833523
0.010625,33.7292880492146
0.01063,33.730002874768196
0.010635,33.73418654378485
0.01064,33.74181900619747
0.010645000000000002,33.75287945239375
0.010650000000000001,33.76734632266531
0.010655000000000001,33.78519731679226
0.010660000000000001,33.80124508902394
0.010665000000000001,33.8138025459139
0.01067,33.81770215333607
0.010675,33.81294728330675
0.01068,33.79820012365703
0.010685,33.783167261060555
0.010690000000000002,33.76625602978315
0.010695000000000001,33.749354187311894
0.010700000000000001,33.7324620567474
0.010705000000000001,33.717364781765234
0.01071,33.70405423743275
0.010715,33.69429465737315
0.01072,33.68807026599588
0.010725,33.68536327374432
0.010730000000000002,33.686155101700685
0.010735000000000001,33.69042639064259
0.010740000000000001,33.6981570102446
0.010745000000000001,33.70932606842157
0.010750000000000001,33.723911920810764
0.010755,33.7418921803897
0.01076,33.758082242719155
0.010765,33.77078987332795
0.01077,33.77485032249155
0.010775000000000002,33.77026691617935
0.010780000000000001,33.75558608629519
0.010785000000000001,33.740613765346815
0.010790000000000001,33.72372387406676
0.010795,33.70684334912684
0.0108,33.68997253072134
0.010805,33.67490205049308
0.01081,33.66162381180593
0.010815000000000002,33.651907038835105
0.010820000000000001,33.64573589097139
0.010825000000000001,33.643092508087406
0.010830000000000001,33.643958238468585
0.010835000000000001,33.64831364790043
0.01084,33.656138528901145
0.010845,33.66741191009626
0.01085,33.68211206573266
0.010855,33.70021652532842
0.010860000000000002,33.71654332262731
0.010865000000000001,33.72939527539769
0.010870000000000001,33.733610313535074
0.010875000000000001,33.729191718744765
0.01088,33.71457458903161
0.010885,33.6996604044628
0.01089,33.68279094957291
0.010895,33.665930843432136
0.010900000000000002,33.649080442517466
0.010905000000000001,33.63403565898872
0.010910000000000001,33.62078842153779
0.010915000000000001,33.611112756552316
0.010920000000000001,33.60499276088635
0.010925,33.60241050653241
0.01093,33.60334727175272
0.010935,33.60778355019591
0.01094,33.61569906015954
0.010945000000000002,33.627072753994995
0.010950000000000001,33.64188282765206
0.010955000000000001,33.66010673035973
0.010960000000000001,33.67656503493112
0.010965,33.689555797192675
0.01097,33.69391952597508
0.010975,33.68965946040536
0.01098,33.67510357745208
0.010985000000000002,33.660245287827934
0.010990000000000002,33.64339545630137
0.010995000000000001,33.62655495840305
0.011000000000000001,33.609724166205595
0.011005000000000001,33.59470407355706
0.01101,33.581486632671
0.011015,33.5718504914667
0.01102,33.56577968662689
0.011025,33.56325622483035
0.011030000000000002,33.56426131696242
0.011035000000000001,33.56877538726028
0.011040000000000001,33.57677808260408
0.011045000000000001,33.58824828195109
0.01105,33.60316410590962
0.011055,33.62150292644968
0.01106,33.64324137674718
0.011065,33.66320388115394
0.011070000000000002,33.679695362003024
0.011075000000000002,33.6875603487274
0.011080000000000001,33.6868012056383
0.011085000000000001,33.677422863465075
0.011090000000000001,33.66139441082771
0.011095,33.645254065640366
0.0111,33.62841027644654
0.011105,33.613367759083204
0.01111,33.6001169005871
0.011115000000000002,33.590442808600386
0.011120000000000001,33.58432956516642
0.011125000000000001,33.581759212830015
0.011130000000000001,33.58271299924462
0.011135,33.58717138630428
0.01114,33.59511405942118
0.011145,33.60651993694619
0.01115,33.621367179728836
0.011155000000000002,33.63963320081397
0.011160000000000002,33.65613985705733
0.011165000000000001,33.669182731109174
0.011170000000000001,33.67360363496904
0.011175000000000001,33.66940579070032
0.01118,33.654874500865446
0.011185,33.640038753078045
0.01119,33.62319724969536
0.011195,33.60636514205777
0.011200000000000002,33.58954280571172
0.011205000000000001,33.57453380162539
0.011210000000000001,33.56133005726947
0.011215000000000001,33.55171260283425
0.01122,33.54566544483124
0.011225,33.543170557099685
0.01123,33.54420911661235
0.011235,33.54876151263571
0.011240000000000002,33.55680735603617
0.011245000000000002,33.56832548872946
0.011250000000000001,33.58329399326993
0.011255000000000001,33.60169020257679
0.011260000000000001,33.61833838753934
0.011265,33.63152966705706
0.01127,33.63610830584254
0.011275,33.63207748142317
0.01128,33.61760971852901
0.011285000000000002,33.60283180825729
0.011290000000000001,33.586009752676325
0.011295000000000001,33.56919704089679
0.011300000000000001,33.552394066360236
0.011305,33.53740921634871
0.01131,33.5242344621125
0.011315,33.51465517809394
0.01132,33.50865531362347
0.011325000000000002,33.50621678053761
0.011330000000000002,33.507320691867235
0.011335000000000001,33.511947371024284
0.011340000000000001,33.52007636113506
0.011345000000000001,33.5316864345169
0.01135,33.54675560229514
0.011355,33.56526112415725
0.01136,33.582029577012825
0.011365,33.595347755624104
0.011370000000000002,33.60006226705743
0.011375000000000001,33.596176249962035
0.011380000000000001,33.5817646483002
0.011385000000000001,33.567038011447586
0.01139,33.55023417154999
0.011395,33.533439645973445
0.0114,33.51665484298401
0.011405,33.501692768965356
0.011410000000000002,33.48854542398091
0.011415000000000002,33.47900238198384
0.011420000000000001,33.473047537517154
0.011425000000000001,33.47066274295954
0.011430000000000001,33.471829050013966
0.011435,33.476526718920205
0.01144,33.48473522781411
0.011445,33.496433282230704
0.01145,33.51159882474774
0.011455000000000002,33.53020904476691
0.011460000000000001,33.54709273806519
0.011465000000000001,33.56053253821359
0.011470000000000001,33.565377306034605
0.011475,33.56163014288912
0.01148,33.54727227507631
0.011485,33.53259468484502
0.01149,33.51580815196206
0.011495000000000002,33.49903091385512
0.011500000000000002,33.48226339268286
0.011505000000000001,33.46732303722459
0.011510000000000001,33.45420187109028
0.011515000000000001,33.44469350787744
0.01152,33.43878178948974
0.011525,33.43644851117248
0.01153,33.437674665693784
0.011535,33.442440452581984
0.011540000000000002,33.45072528750995
0.011545000000000001,33.462507811823606
0.011550000000000001,33.47776590221127
0.011555000000000001,33.49647668051069
0.01156,33.51347107784655
0.011565,33.5270277230895
0.01157,33.53199764595372
0.011575,33.52838391196512
0.011580000000000002,33.514077623476915
0.011585000000000002,33.499447108236055
0.011590000000000001,33.4826771318656
0.011595000000000001,33.46591643542208
0.011600000000000001,33.44916545426886
0.011605,33.4342459113909
0.01161,33.42114985118734
0.011615,33.41167477426098
0.01162,33.405804471892694
0.011625000000000002,33.40352068438016
0.011630000000000001,33.40480434780938
0.011635000000000001,33.40963560331584
0.011640000000000001,33.417993806493186
0.011645,33.429857536946045
0.01165,33.44520460798424
0.011655,33.46401207645484
0.01166,33.48111292858709
0.011665000000000002,33.494781938979514
0.011670000000000002,33.49987222472019
0.011675000000000001,33.496386816868984
0.011680000000000001,33.484331300938095
0.011685000000000001,33.46767267364649
0.01169,33.44991425620551
0.011695,33.433149048777516
0.0117,33.416414329892405
0.011705,33.40150873988741
0.011710000000000002,33.38842298371359
0.011715000000000001,33.37896637957374
0.011720000000000001,33.3731226827612
0.011725000000000001,33.37087358234121
0.01173,33.37219996141061
0.011735,33.37708190638211
0.01174,33.38549871641633
0.011745,33.397428912998336
0.011750000000000002,33.412850249655804
0.011755000000000002,33.431739721815354
0.011760000000000001,33.44893234728899
0.011765000000000001,33.46269903307694
0.011770000000000001,33.46789495930904
0.011775,33.46452312627431
0.01178,33.45258908673596
0.011785,33.436061733810824
0.01179,33.4183520592361
0.011795000000000002,33.40163316420137
0.011800000000000001,33.3849141455611
0.011805000000000001,33.37002838661027
0.011810000000000001,33.35696662438286
0.011815,33.34754179898699
0.01182,33.341737617417394
0.011825,33.33953571643089
0.01183,33.34091692516505
0.011835000000000002,33.34586127444522
0.011840000000000002,33.35434800623965
0.011845000000000001,33.366355583259335
0.011850000000000001,33.3818616986997
0.011855000000000001,33.40084328612078
0.01186,33.418137319283716
0.011865,33.4320110374061
0.01187,33.43732160727697
0.011875,33.43407199636061
0.011880000000000002,33.42226772270562
0.011885000000000001,33.40587948167953
0.011890000000000001,33.388220295417625
0.011895000000000001,33.37154905208678
0.0119,33.35484498659946
0.011905,33.33997814983907
0.01191,33.32693931394373
0.011915,33.31754484578232
0.011920000000000002,33.3117784062052
0.011925000000000002,33.30962158203886
0.011930000000000001,33.31105515091455
0.011935000000000001,33.31605909059708
0.011940000000000001,33.324612588461854
0.011945,33.33669405111703
0.01195,33.35228111416767
0.011955,33.37135065211878
0.01196,33.388741505857375
0.011965000000000002,33.402717413574486
0.011970000000000001,33.40813743849702
0.011975000000000001,33.40500451675085
0.011980000000000001,33.39332413324227
0.011985,33.3770687036789
0.01199,33.35945770591979
0.011995,33.342831942452236
0.012,33.326142135228615
0.012005000000000002,33.311293345961076
0.012010000000000002,33.29827638000032
0.012015000000000001,33.28891087504289
0.012020000000000001,33.2831804478975
0.012025000000000001,33.28106663773527
0.01203,33.28255017302755
0.012035,33.287610980895465
0.01204,33.29622819660797
0.012045,33.30838017322523
0.012050000000000002,33.324044491384285
0.012055000000000001,33.343197969223795
0.012060000000000001,33.36068122992855
0.012065000000000001,33.37475466971361
0.01207,33.380279162081486
0.012075,33.37725761324713
0.01208,33.365695476483964
0.012085,33.34956680969148
0.012090000000000002,33.33200180165739
0.012095000000000002,33.31541944282612
0.012100000000000001,33.29874323918878
0.012105000000000001,33.283911670792726
0.012110000000000001,33.27091557455016
0.012115,33.26157771034569
0.01212,33.25588165294995
0.012125,33.25380889604642
0.01213,33.25534012118259
0.012135000000000002,33.260455207139294
0.012140000000000001,33.26913323944879
0.012145000000000001,33.28135252005844
0.012150000000000001,33.297090577136935
0.012155000000000001,33.31632417501968
0.01216,33.333895638225705
0.012165,33.34806217280359
0.01217,33.353686380295905
0.012175000000000002,33.350771138367186
0.012180000000000002,33.339321870096576
0.012185000000000001,33.32331420098153
0.012190000000000001,33.30579308925049
0.012195000000000001,33.28925215928871
0.0122,33.272588938181904
0.012205,33.257773805375436
0.01221,33.24479762784546
0.012215,33.235486145817994
0.012220000000000002,33.22982289393646
0.012225000000000001,33.22778932246422
0.012230000000000001,33.22936606815764
0.012235000000000001,33.23453296365431
0.012240000000000001,33.243269047010244
0.012245,33.255552571382985
0.01225,33.27136101485728
0.012255,33.29067109041044
0.012260000000000002,33.30832674661498
0.012265000000000002,33.32258214425975
0.012270000000000001,33.328301534433066
0.012275000000000001,33.32548776754666
0.012280000000000001,33.31414623785772
0.012285,33.298254067258014
0.01229,33.28077485598416
0.012295,33.26427347122614
0.0123,33.24762264154787
0.012305000000000002,33.23282319642103
0.012310000000000001,33.21986603149136
0.012315000000000001,33.21057973194108
0.012320000000000001,33.20494779410961
0.012325000000000001,33.20295162681306
0.01233,33.20457182405175
0.012335,33.20978817441653
0.01234,33.21857967064421
0.012345000000000002,33.23092451931914
0.012350000000000002,33.246800150717675
0.012355000000000001,33.266183228792286
0.012360000000000001,33.28391925240084
0.012365000000000001,33.29825947539404
0.01237,33.304069723479664
0.012375,33.301352821054834
0.01238,33.2901141348643
0.012385,33.27433221522558
0.012390000000000002,33.25689300033492
0.012395000000000002,33.24042936373273
0.012400000000000001,33.22379036201289
0.012405000000000001,33.209005891391485
0.012410000000000001,33.19606687486874
0.012415,33.1868046133554
0.01242,33.18120256662702
0.012425,33.17924210393529
0.012430000000000002,33.1809037784668
0.012435000000000002,33.18616733676659
0.012440000000000001,33.195011728310966
0.012445000000000001,33.20741511522681
0.012450000000000001,33.2233548821538
0.012455,33.24280764624663
0.01246,33.260620386232056
0.012465,33.27504158105998
0.01247,33.28093855953585
0.012475000000000002,33.27831412122392
0.012480000000000002,33.26717360660632
0.012485000000000001,33.25149692954539
0.012490000000000001,33.23409589395124
0.012495000000000001,33.217668290556524
0.0125,33.201040579270234
0.012505,33.18627040271669
0.01251,33.17334871000233
0.012515000000000002,33.16410939441223
0.012520000000000002,33.15853588081891
0.012525000000000001,33.15660950070686
0.012530000000000001,33.158310768302876
0.012535000000000001,33.16361939001604
0.01254,33.17251427402726
0.012545,33.18497354002534
0.01255,33.200974529086295
0.012555,33.22049381369276
0.012560000000000002,33.238379785222776
0.012565000000000002,33.2528782737649
0.012570000000000001,33.258858042949505
0.012575000000000001,33.256321868636036
0.012580000000000001,33.245275066236914
0.012585,33.22969885122557
0.01259,33.212334260600706
0.012595,33.195941053573534
0.012600000000000002,33.179324119768786
0.012605000000000002,33.16456758790596
0.012610000000000001,33.15166243200932
0.012615000000000001,33.14244501998852
0.012620000000000001,33.13689874339848
0.012625,33.13500489767195
0.01263,33.136743959845596
0.012635,33.14209559801563
0.01264,33.15103868094328
0.012645000000000002,33.16355128780692
0.012650000000000002,33.179610718097635
0.012655000000000001,33.19919350165512
0.012660000000000001,33.21714937834444
0.012665000000000001,33.23172164970709
0.01267,33.237780449026914
0.012675,33.2353285295353
0.01268,33.224371182713696
0.012685000000000002,33.20889086652597
0.012690000000000002,33.19156106541941
0.012695000000000001,33.175200692362736
0.012700000000000001,33.15859404645731
0.012705000000000001,33.143850539472666
0.01271,33.130961169218025
0.012715,33.12176466582692
0.01272,33.11624438905005
0.012725,33.11438159990595
0.012730000000000002,33.116156739930396
0.012735000000000002,33.12154944064694
0.012740000000000001,33.130538533187675
0.012745000000000001,33.14310205806057
0.012750000000000001,33.159217275060676
0.012755,33.17886067332161
0.01276,33.196883279945695
0.012765,33.21152598277675
0.012770000000000002,33.21766022254092
0.012775000000000002,33.21528873086929
0.012780000000000001,33.20441677639935
0.012785000000000001,33.18902800315016
0.012790000000000001,33.17173141134868
0.012795,33.155402380874264
0.0128,33.13880555555508
0.012805,33.124074481819775
0.01281,33.11120018018155
0.012815000000000002,33.10202363570298
0.012820000000000002,33.09652817777508
0.012825000000000001,33.09469503456531
0.012830000000000001,33.096504613721045
0.012835000000000001,33.10193651185441
0.01284,33.110969524177484
0.012845,33.1235816542843
0.01285,33.1397501240769
0.012855000000000002,33.15945138383177
0.012860000000000002,33.17753768942082
0.012865000000000001,33.19224762462289
0.012870000000000001,33.19845387822097
0.012875000000000001,33.196159161227
0.01288,33.18536872047207
0.012885,33.1700673321586
0.01289,33.15280244124434
0.012895,33.13650332972369
0.012900000000000002,33.11991587891786
0.012905000000000002,33.10519667368935
0.012910000000000001,33.09233675622397
0.012915000000000001,33.08317926409191
0.012920000000000001,33.077707497703486
0.012925,33.07590265386726
0.01293,33.07774510788144
0.012935,33.08321442303243
0.012940000000000002,33.092289360243804
0.012945000000000002,33.10494788787238
0.012950000000000001,33.121167191648304
0.012955000000000001,33.13579906165552
0.012960000000000001,33.147068331402416
0.012965,33.14984710379685
0.01297,33.14413893868502
0.012975,33.1293807225564
0.01298,33.11438148135612
0.012985000000000002,33.0978049712756
0.012990000000000002,33.08123772713945
0.012995000000000001,33.0646799544509
0.013000000000000001,33.04813139006893
0.013005000000000001,33.033455358272164
0.01301,33.020641992259726
0.013015,33.011548845063714
0.01302,33.00615911661184
0.013025000000000002,33.00445388564448
0.013030000000000002,33.00641340562849
0.013035000000000001,33.01201711430658
0.013040000000000001,33.02124364339759
0.013045000000000001,33.03407082844475
0.01305,33.05047571880843
0.013055,33.07043458780036
0.01306,33.08880531760829
0.013065,33.103815899631414
0.013070000000000002,33.110344737453445
0.013075000000000002,33.108394449433426
0.013080000000000001,33.09797018430289
0.013085000000000001,33.08306191875366
0.013090000000000001,33.06594136559197
0.013095,33.04977872390871
0.0131,33.033235803738584
0.013105,33.018572510025166
0.013110000000000002,33.00578001129434
0.013115000000000002,32.99671135729467
0.013120000000000001,32.99134971488636
0.013125000000000001,32.98967613638029
0.013130000000000001,32.99167084804711
0.013135,32.99731325967822
0.01314,33.00658197429774
0.013145,33.01945479802257
0.01315,33.03590875006705
0.013155000000000002,33.055920072889116
0.013160000000000002,33.07434757656544
0.013165000000000001,33.08941755594957
0.013170000000000001,33.09600935713898
0.013175000000000001,33.09412558080547
0.01318,33.08377135710791
0.013185,33.06893750022201
0.01319,33.05184262155061
0.013195000000000002,33.03570397024697
0.013200000000000002,33.01916719838672
0.013205000000000001,33.00451195436892
0.013210000000000001,32.99172940990998
0.013215000000000001,32.98267418776868
0.01322,32.97732943351296
0.013225,32.97567617642416
0.01323,32.97769461899821
0.013235,32.98336414651689
0.013240000000000002,32.992663336770384
0.013245000000000002,33.00556996992781
0.013250000000000001,33.02206103855261
0.013255000000000001,33.04211275775951
0.013260000000000001,33.060584811862824
0.013265,33.07570185603879
0.01327,33.08234412421768
0.013275,33.080514202594216
0.013280000000000002,33.07021720600533
0.013285000000000002,33.05544475468805
0.013290000000000001,33.038371927943906
0.013295000000000001,33.02225408611027
0.013300000000000001,33.00572361147716
0.013305,32.991076450430874
0.01331,32.97830378243847
0.013315,32.96926175953117
0.01332,32.963933506801965
0.013325000000000002,32.96230003136502
0.013330000000000002,32.96434151284081
0.013335000000000001,32.97003731293728
0.013340000000000001,32.97936598518218
0.013345000000000001,32.99230528480368
0.01335,33.00883217875592
0.013355,33.02380554666061
0.01336,33.035436816437986
0.013365000000000002,33.03860529099647
0.013370000000000002,33.03331441759557
0.013375000000000001,33.018720071790746
0.013380000000000001,33.00387070657213
0.013385000000000001,32.98734921089435
0.01339,32.97083694047972
0.013395,32.9543341416795
0.0134,32.93784051596524
0.013405,32.923232691668964
0.013410000000000002,32.910500665511236
0.013415000000000002,32.90151612846505
0.013420000000000001,32.89626211393432
0.013425000000000001,32.89471951809204
0.013430000000000001,32.8968684060502
0.013435,32.90268802148876
0.01344,32.91215679643644
0.013445,32.92525236120053
0.013450000000000002,32.94195155444204
0.013455000000000002,32.962230433393316
0.013460000000000001,32.98095372820888
0.013465000000000001,32.99633657852066
0.013470000000000001,33.00326434331562
0.013475,33.001739526636534
0.01348,32.99176715627941
0.013485,32.97583892495569
0.01349,32.95983036171211
0.013495000000000002,32.943330952931795
0.013500000000000002,32.92684101752484
0.013505000000000001,32.91224429827584
0.013510000000000001,32.89953199564157
0.013515000000000001,32.89056983578365
0.01352,32.88534082322938
0.013525,32.88382583380302
0.01353,32.88600491171031
0.013535000000000002,32.8918572791761
0.013540000000000002,32.901361346234204
0.013545000000000001,32.914494720666106
0.013550000000000001,32.931234218085216
0.013555000000000001,32.95155587216357
0.013560000000000001,32.97032509929587
0.013565,32.985755802991406
0.01357,32.99273403936022
0.013575,32.99126229839976
0.013580000000000002,32.98134559321064
0.013585000000000002,32.965436829906324
0.013590000000000001,32.949445799541444
0.013595000000000001,32.93295065946925
0.013600000000000001,32.9164650238193
0.013605,32.90187383722178
0.01361,32.889168261093324
0.013615,32.88021539485154
0.013620000000000002,32.87499822779315
0.013625000000000002,32.87349761893541
0.013630000000000001,32.875693595124126
0.013635000000000001,32.881565360679026
0.013640000000000001,32.891091307191374
0.013645000000000001,32.904249023470456
0.01365,32.921015305635805
0.013655,32.93625457434448
0.01366,32.948167774561426
0.013665000000000002,32.95163983657277
0.013670000000000002,32.94667411988778
0.013675000000000001,32.93220769560704
0.013680000000000001,32.9174753528187
0.013685000000000001,32.90099702649945
0.01369,32.88452788734015
0.013695,32.868068213744756
0.0137,32.85161767987228
0.013705000000000002,32.83706331770726
0.013710000000000002,32.82439502041802
0.013715000000000001,32.81549553132827
0.013720000000000001,32.81034775359806
0.013725000000000001,32.80893244061578
0.013730000000000001,32.811229510185655
0.013735,32.81721805421886
0.01374,32.82687634857732
0.013745,32.840181863067116
0.013750000000000002,32.85711127157818
0.013755000000000002,32.87764046236692
0.013760000000000001,32.89663951906023
0.013765000000000001,32.912313534388176
0.013770000000000001,32.919553304821676
0.013775,32.918361245000376
0.01378,32.90874228814255
0.013785,32.89294859977545
0.013790000000000002,32.877062578362384
0.013795000000000002,32.86060438778826
0.013800000000000002,32.844155637247525
0.013805000000000001,32.82960986536695
0.013810000000000001,32.81695813176364
0.013815000000000001,32.80807698765337
0.01382,32.80294931311955
0.013825,32.80155584720406
0.01383,32.80387649299015
0.013835000000000002,32.809890327299854
0.013840000000000002,32.81957561054416
0.013845000000000001,32.83290979672277
0.013850000000000001,32.84986954357021
0.013855000000000001,32.870430722844965
0.01386,32.88946388482539
0.013865,32.90517329649336
0.01387,32.912450228374595
0.013875000000000002,32.911297084857715
0.013880000000000002,32.90171878847167
0.013885000000000002,32.88593885813853
0.013890000000000001,32.87006517030947
0.013895000000000001,32.85360949851992
0.013900000000000001,32.83716330171511
0.013905,32.8226209195458
0.01391,32.80997337728303
0.013915,32.80109815496909
0.013920000000000002,32.795978122571896
0.013925000000000002,32.79459400794768
0.013930000000000001,32.79692570261827
0.013935000000000001,32.80295227147364
0.013940000000000001,32.81265196262745
0.013945,32.826002217422094
0.01395,32.84297968058028
0.013955,32.858453695736955
0.013960000000000002,32.870615889216104
0.013965000000000002,32.87435619089471
0.013970000000000002,32.86967788268834
0.013975000000000001,32.85532454457348
0.013980000000000001,32.840695658061804
0.013985000000000001,32.8242555003382
0.01399,32.807824503789
0.013995,32.79140297485472
0.014,32.77499056324826
0.014005000000000002,32.76048354635345
0.014010000000000002,32.747871722123406
0.014015000000000001,32.739047652785274
0.014020000000000001,32.73399412581599
0.014025000000000001,32.732691767778896
0.01403,32.73512036563176
0.014035,32.741258876473154
0.01404,32.751085437442306
0.014045000000000002,32.76457737576909
0.014050000000000002,32.781711218971
0.014055000000000002,32.80246270519372
0.014060000000000001,32.82170667588369
0.014065000000000001,32.83763929463254
0.014070000000000001,32.84515619036813
0.014075,32.84425969831578
0.01408,32.83495466768054
0.014085,32.8192804437939
0.014090000000000002,32.80350322642542
0.014095000000000002,32.78708158704114
0.014100000000000001,32.77066936129609
0.014105000000000001,32.7561687931086
0.014110000000000001,32.74357081538045
0.014115,32.734761599173154
0.01412,32.729723914001994
0.014125,32.72843837737531
0.014130000000000002,32.73088476698495
0.014135000000000002,32.73704203045664
0.014140000000000002,32.746888295253854
0.014145000000000001,32.76040087873186
0.014150000000000001,32.77755629833877
0.014155000000000001,32.79833028196026
0.01416,32.81759794265161
0.014165,32.833554982809
0.01417,32.84109730729654
0.014175000000000002,32.84022724443624
0.014180000000000002,32.83094963627964
0.014185000000000001,32.81528415814294
0.014190000000000001,32.79951471276121
0.014195000000000001,32.783094082399955
0.0142,32.76668290231348
0.014205,32.75218386177295
0.01421,32.73958786435523
0.014215000000000002,32.73078161561808
0.014220000000000002,32.725747879488246
0.014225000000000002,32.72446726726505
0.014230000000000001,32.72691955021311
0.014235000000000001,32.733083669315874
0.014240000000000001,32.74293774518252
0.014245,32.75645908810524
0.01425,32.77362420826329
0.014255,32.7893068246761
0.014260000000000002,32.801690281541326
0.014265000000000002,32.805668952205906
0.014270000000000001,32.801246049631104
0.014275000000000001,32.786993195767316
0.014280000000000001,32.77245623586455
0.014285,32.75604998347151
0.01429,32.73965286986434
0.014295,32.723265226372256
0.014300000000000002,32.706886680955925
0.014305000000000002,32.69242172787965
0.014310000000000002,32.679860080159166
0.014315000000000001,32.67110302660191
0.014320000000000001,32.66613325187536
0.014325000000000001,32.66493126983081
0.01433,32.66747675113982
0.014335,32.67374853308962
0.01434,32.683724629532705
0.014345000000000002,32.697382240987224
0.014350000000000002,32.714697764884846
0.014355000000000001,32.73564680596286
0.014360000000000001,32.75510843428696
0.014365000000000001,32.77127087746554
0.01437,32.77903405937897
0.014375,32.77840024467515
0.01438,32.769374207894266
0.014385000000000002,32.75380615086514
0.014390000000000002,32.73812562614797
0.014395000000000002,32.7217364651418
0.014400000000000001,32.70535669460924
0.014405000000000001,32.69089629543767
0.014410000000000001,32.67834608776792
0.014415,32.669600792447525
0.01442,32.664643080724424
0.014425,32.66345346209402
0.014430000000000002,32.66601160280634
0.014435000000000002,32.67229633566353
0.014440000000000001,32.68228566997144
0.014445000000000001,32.69595680164196
0.014450000000000001,32.71328612344286
0.014455,32.72915116079957
0.01446,32.74172805344315
0.014465,32.745915040509
0.014470000000000002,32.74171527473392
0.014475000000000002,32.7275504684799
0.014480000000000002,32.71309408062322
0.014485000000000001,32.69671779882031
0.014490000000000001,32.680350617363835
0.014495000000000001,32.66399289002474
0.0145,32.647644226516434
0.014505,32.63321627289612
0.01451,32.62069867668325
0.014515000000000002,32.612000322317414
0.014520000000000002,32.607103804867066
0.014525000000000001,32.60598953996792
0.014530000000000001,32.60863709697073
0.014535000000000001,32.61502520877937
0.01454,32.62513178184358
0.014545,32.63893390630309
0.01455,32.65640786627968
0.014555000000000002,32.67752915031402
0.014560000000000002,32.69718050655465
0.014565000000000002,32.71354326011269
0.014570000000000001,32.72152107071342
0.014575000000000001,32.72111614151391
0.014580000000000001,32.71233318200832
0.014585,32.69685773506647
0.01459,32.68126156638758
0.014595,32.66490085160997
0.014600000000000002,32.64854949929909
0.014605000000000002,32.63412422148957
0.014610000000000001,32.62161574399382
0.014615000000000001,32.612926226168426
0.014620000000000001,32.60803825371638
0.014625,32.60693224211042
0.01463,32.60958776059729
0.014635,32.615983542036304
0.014640000000000002,32.62609749289224
0.014645000000000002,32.63990670337974
0.014650000000000002,32.65738745775552
0.014655000000000001,32.67342080785941
0.014660000000000001,32.68617621839975
0.014665000000000001,32.69055550983199
0.01467,32.68656177927112
0.014675,32.67247808805294
0.01468,32.65809591201517
0.014685000000000002,32.64174705508289
0.014690000000000002,32.62540727652649
0.014695000000000001,32.609076950338945
0.014700000000000001,32.592755668842955
0.014705000000000001,32.57836170136999
0.01471,32.56588462872332
0.014715,32.557240369483765
0.01472,32.552411435825526
0.014725000000000002,32.551378152508704
0.014730000000000002,32.55411999512848
0.014735000000000002,32.560615599992914
0.014740000000000001,32.57084277415577
0.014745000000000001,32.58477850560113
0.014750000000000001,32.602398973576555
0.014755,32.6236795590713
0.01476,32.643506418237045
0.014765,32.6600544803353
0.014770000000000002,32.66823086656839
0.014775000000000002,32.66803772319122
0.014780000000000001,32.659479699501645
0.014785000000000001,32.64408987138363
0.014790000000000001,32.62857168315133
0.014795,32.61223718456869
0.0148,32.595912028155674
0.014805,32.581519161766764
0.014810000000000002,32.56904922111296
0.014815000000000002,32.56041125652659
0.014820000000000002,32.5555877744986
0.014825000000000001,32.55455910343503
0.014830000000000001,32.55730472275296
0.014835000000000001,32.56380327275682
0.01484,32.57403256466995
0.014845,32.587969590817714
0.01485,32.6055905349592
0.014855000000000002,32.62177971660651
0.014860000000000002,32.63470041513905
0.014865000000000001,32.639257769539874
0.014870000000000001,32.63545482541636
0.014875000000000001,32.621446207742835
0.01488,32.60713271279503
0.014885,32.59080919966334
0.01489,32.574494747298594
0.014895000000000002,32.558189748318185
0.014900000000000002,32.54189377883143
0.014905000000000002,32.52753124496011
0.014910000000000001,32.51509166446766
0.014915000000000001,32.50649747339803
0.014920000000000001,32.50173110713661
0.014925,32.500772806259064
0.01493,32.50360195950701
0.014935,32.51019711370246
0.014940000000000002,32.520535983817815
0.014945000000000002,32.53459546319806
0.014950000000000001,32.55235163393199
0.014955000000000001,32.57377977736879
0.014960000000000001,32.593769207696525
0.014965000000000001,32.61048892740318
0.01497,32.618849265269844
0.014975,32.618852314837596
0.014980000000000002,32.61050266963804
0.014985000000000002,32.59519214196604
0.014990000000000002,32.579746177986436
0.014995000000000001,32.5634359442505
0.015000000000000001,32.54713503501535
0.015005000000000001,32.5327721763624
0.01501,32.520337919965854
0.015015,32.511747701433876
0.01502,32.506983953865586
0.015025000000000002,32.50602692499697
0.015030000000000002,32.50885601101431
0.015035000000000001,32.515449766465764
0.015040000000000001,32.52578591432855
0.015045000000000001,32.5398413562281
0.015050000000000001,32.557592182806204
0.015055,32.57392574161375
0.01506,32.58699958028582
0.015065000000000002,32.591721912965845
0.015070000000000002,32.58809573753741
0.015075000000000002,32.57415666980528
0.015080000000000001,32.55990680199004
0.015085000000000001,32.543606760206984
0.015090000000000001,32.527315763427474
0.015095,32.5110342215045
0.0151,32.49476169550321
0.015105,32.4804282781922
0.015110000000000002,32.46802342867246
0.015115000000000002,32.459475622381525
0.015120000000000001,32.45476722355193
0.015125000000000001,32.453878394753296
0.015130000000000001,32.45678844424763
0.015135000000000001,32.463475835937835
0.01514,32.47391819947204
0.015145,32.48809234050076
0.015150000000000002,32.505974251083195
0.015155000000000002,32.52753912023964
0.015160000000000002,32.54767918861867
0.015165000000000001,32.56455796653143
0.015170000000000001,32.573088755127
0.015175000000000001,32.573273599101235
0.01518,32.56511704031164
0.015185,32.54987999030082
0.01519,32.53450094706899
0.015195000000000002,32.518213193123756
0.015200000000000002,32.501934747535756
0.015205000000000002,32.48759969085828
0.015210000000000001,32.47519849678144
0.015215000000000001,32.46665251790901
0.015220000000000001,32.46194411933224
0.015225,32.461053474034536
0.01523,32.46395990107669
0.015235000000000002,32.470641875541055
0.015240000000000002,32.48107703863166
0.015245000000000002,32.49524220792683
0.015250000000000001,32.51311338778111
0.015255000000000001,32.52958073174914
0.015260000000000001,32.542796476006785
0.015265,32.5476716843666
0.01527,32.5442093104892
0.015275,32.53033468920379
0.015280000000000002,32.51614377949734
0.015285000000000002,32.49986548519817
0.015290000000000002,32.48359622140671
0.015295000000000001,32.46733641394311
0.015300000000000001,32.45108560992745
0.015305000000000001,32.43677917177307
0.01531,32.42440650417045
0.015315,32.415901679081045
0.015320000000000002,32.41124699480288
0.015325000000000002,32.41042254162034
0.015330000000000002,32.41340755321808
0.015335000000000001,32.420180416660905
0.015340000000000001,32.43071868253011
0.015345000000000001,32.444999075212884
0.01535,32.462997503341256
0.015355,32.48468907037755
0.015360000000000002,32.504968728847736
0.015365000000000002,32.521994899599065
0.015370000000000002,32.53068363819906
0.015375000000000002,32.53103694408036
0.015380000000000001,32.52305931121612
0.015385000000000001,32.50789034954244
0.015390000000000001,32.49257331859947
0.015395,32.476306394954534
0.0154,32.4600487647533
0.015405000000000002,32.445739470394805
0.015410000000000002,32.4333689132811
0.015415000000000002,32.4248639291362
0.015420000000000001,32.42020682003051
0.015425000000000001,32.41937768967657
0.015430000000000001,32.42235578566536
0.015435,32.42911950944063
0.01544,32.43964642642965
0.015445000000000002,32.45391327632681
0.015450000000000002,32.47189598352681
0.015455000000000002,32.488487301839
0.015460000000000002,32.50183454543991
0.015465000000000001,32.5068514188603
0.015470000000000001,32.50354083478074
0.015475000000000001,32.491908198554874
0.01548,32.47598207308649
0.015485,32.458777050520986
0.015490000000000002,32.44261579294014
0.015495000000000002,32.42637628151188
0.015500000000000002,32.41014594164657
0.015505000000000001,32.395869728701214
0.015510000000000001,32.383538002579115
0.015515000000000001,32.375084186811506
0.01552,32.37049050745247
0.015525,32.369736984698214
0.015530000000000002,32.3728027800266
0.015535000000000002,32.37966620620716
0.015540000000000002,32.390304737467645
0.015545000000000002,32.40469501981407
0.015550000000000001,32.422812881500704
0.015555000000000001,32.444633343646764
0.015560000000000001,32.465053902199564
0.015565,32.482228247183805
0.01557,32.491075017816854
0.015575000000000002,32.49159616863275
0.015580000000000002,32.4837961462586
0.015585000000000002,32.468693799139054
0.015590000000000001,32.45343731719034
0.015595000000000001,32.43718983774735
0.015600000000000001,32.420951637202705
0.015605,32.40666637385346
0.01561,32.39432437826811
0.015615000000000002,32.38585762395756
0.015620000000000002,32.3812483542022
0.015625,32.3804766080635
0.01563,32.383521566428705
0.015635,32.39036156201339
0.01564,32.40097408952074
0.015645000000000003,32.41533581595406
0.01565,32.4334225910792
0.015655000000000002,32.45012959582237
0.01566,32.463599549949095
0.015665000000000002,32.4687486228752
0.01567,32.46557968903792
0.015675,32.45409811319123
0.015680000000000003,32.438334712851066
0.015685,32.42118953997401
0.015690000000000003,32.40508499793396
0.015695,32.388864126133804
0.015700000000000002,32.3726524127851
0.015705,32.35839925440782
0.015710000000000002,32.346094946015256
0.015715,32.33767781956561
0.01572,32.33313004470402
0.015725000000000003,32.33243157962254
0.01573,32.33556152182658
0.015735000000000002,32.34249811817174
0.01574,32.3532187750579
0.015745000000000002,32.36770006877689
0.01575,32.38591775601057
0.015755,32.407846784475815
0.01576,32.42838697810702
0.015765,32.44568765715941
0.015770000000000003,32.45466982534762
0.015775,32.455335398397814
0.015780000000000002,32.447688781878796
0.015785,32.43264482400343
0.015790000000000002,32.417441522456194
0.015795,32.40121191749329
0.0158,32.384991578985954
0.015805,32.37072842528563
0.01581,32.358412724792494
0.015815000000000003,32.349981157955014
0.01582,32.345415913951456
0.015825000000000002,32.344696972375964
0.01583,32.34780345276049
0.015835000000000002,32.35471362460329
0.01584,32.36540491755456
0.015845,32.379853931755406
0.015850000000000003,32.398036448327225
0.015855,32.41484988057982
0.015860000000000003,32.428432722617636
0.015865,32.43370341097769
0.015870000000000002,32.430664784916665
0.015875,32.41932217184074
0.015880000000000002,32.40370846293464
0.015885,32.38661834090336
0.01589,32.370565966107904
0.015895000000000003,32.354362233968025
0.0159,32.33816764838494
0.015905000000000002,32.323935690562976
0.01591,32.31165659574268
0.015915000000000002,32.30327321043686
0.01592,32.29876765241003
0.015925,32.29811982282751
0.01593,32.3013087603574
0.015935,32.3083126512324
0.015940000000000003,32.31910883946905
0.015945,32.333673837240894
0.015950000000000002,32.35198333540233
0.015955,32.368937652212544
0.015960000000000002,32.382669784233165
0.015965,32.3881011185499
0.01597,32.385234448040016
0.015975,32.37407505091072
0.01598,32.35865851508277
0.015985000000000003,32.3416415928881
0.01599,32.32565858680404
0.015995000000000002,32.30947831807945
0.016,32.293307133994304
0.016005000000000002,32.27910383974456
0.01601,32.266858614970744
0.016015,32.25852019166986
0.016020000000000003,32.2540706196745
0.016025,32.253489725516246
0.016030000000000003,32.25675647088467
0.016035,32.263848962721305
0.016040000000000002,32.27474446347144
0.016045,32.28941940149019
0.016050000000000002,32.30784938159974
0.016055,32.33000919579398
0.01606,32.350803593732095
0.016065000000000003,32.368372650515326
0.01607,32.37764237300502
0.016075000000000002,32.37861459454645
0.01608,32.37129363356621
0.016085000000000002,32.35637391792431
0.01609,32.341283802365766
0.016095,32.32509253408848
0.0161,32.308910485264434
0.016105,32.29469459187098
0.016110000000000003,32.28243500064066
0.016115,32.2740783561593
0.016120000000000002,32.26960673294428
0.016125,32.268999984574215
0.016130000000000002,32.27223710057583
0.016135,32.2792962165073
0.01614,32.29015462419928
0.016145,32.30478878215009
0.01615,32.3231743260718
0.016155000000000003,32.34021339198201
0.01616,32.35403553466481
0.016165000000000002,32.359563986933175
0.01617,32.35680151349718
0.016175000000000002,32.3457533626315
0.01618,32.33045681211869
0.016185,32.31348346604617
0.016190000000000003,32.297541750958146
0.016195,32.28137451042133
0.016200000000000003,32.26521638199292
0.016205,32.25102948993528
0.016210000000000002,32.23880394747058
0.016215,32.23049215401192
0.016220000000000002,32.22607611748396
0.016225,32.225535618324244
0.01623,32.22884957064511
0.016235000000000003,32.23599603234813
0.01624,32.24695221539657
0.016245000000000002,32.26169449624243
0.01625,32.28019842640478
0.016255000000000002,32.302438743196
0.01626,32.323321941130985
0.016265,32.340984819527044
0.01627,32.35035515732763
0.016275,32.35143475900838
0.016280000000000003,32.34422791243927
0.016285,32.32935139503086
0.016290000000000002,32.314300601958074
0.016295,32.298122312589975
0.016300000000000002,32.28195325008904
0.016305,32.26775354024687
0.01631,32.25551327520673
0.016315,32.247182623532055
0.01632,32.242743619342065
0.016325000000000003,32.24217607179781
0.01633,32.2454589245894
0.016335000000000002,32.25257026603887
0.01634,32.26348733936098
0.016345000000000002,32.27818655307836
0.01635,32.296643491587915
0.016355,32.313761964700085
0.016360000000000003,32.327668358682956
0.016365,32.33328760612363
0.016370000000000003,32.33062244545231
0.016375,32.31967809703865
0.016380000000000002,32.304493393733814
0.016385,32.287561069825145
0.016390000000000002,32.2716582276834
0.016395,32.255503650344494
0.0164,32.23935818371319
0.016405000000000003,32.225187013263294
0.01641,32.212980203810844
0.016415000000000003,32.20469353793767
0.01642,32.20030898473753
0.016425000000000002,32.199806281959425
0.01643,32.203164299667854
0.016435,32.21036105037597
0.01644,32.22137369933691
0.016445,32.236178574990035
0.016450000000000003,32.254751179558646
0.016455,32.27199796531785
0.016460000000000002,32.28604031780384
0.016465,32.29180585357413
0.016470000000000002,32.2892972688306
0.016475,32.27851973914983
0.01648,32.263514550341256
0.016485,32.246648916893356
0.01649,32.23080927507543
0.016495000000000003,32.214676119648736
0.0165,32.1985520154621
0.016505000000000002,32.18440699152071
0.01651,32.17223106356791
0.016515000000000002,32.16398536860427
0.01652,32.15965181390122
0.016525,32.15921006928873
0.016530000000000003,32.16263893478015
0.016535,32.169916350734546
0.016540000000000003,32.1810194081776
0.016545,32.19592435927785
0.016550000000000002,32.214606627974646
0.016555,32.23704082075454
0.016560000000000002,32.25813757065223
0.016565,32.2760259093279
0.01657,32.28563781928929
0.016575000000000003,32.286975035803536
0.01658,32.28004177353175
0.016585000000000003,32.265269625201555
0.01659,32.2503139127874
0.016595000000000002,32.23416782046331
0.0166,32.21803091603055
0.016605,32.20387090165725
0.01661,32.19167776701749
0.016615,32.18341005227204
0.016620000000000003,32.17904969520842
0.016625,32.178576399116054
0.016630000000000002,32.18196899846126
0.016635,32.189205469036104
0.016640000000000002,32.20026293826581
0.016645,32.21511769567114
0.01665,32.23374520348242
0.016655,32.25105323947627
0.01666,32.26516067919759
0.016665000000000003,32.27099648500888
0.01667,32.26856333271003
0.016675000000000002,32.25786637618835
0.01668,32.242948133873895
0.016685000000000002,32.226113916012736
0.01669,32.210304041507705
0.016695,32.19418011823043
0.016700000000000003,32.17806527694883
0.016705,32.163931964894296
0.016710000000000003,32.15177014425403
0.016715,32.143543623795914
0.016720000000000002,32.13923428032965
0.016725,32.138821750172205
0.016730000000000002,32.14228479873978
0.016735,32.14960133072517
0.01674,32.16074840043375
0.016745000000000003,32.1757022222751
0.01675,32.1944381814064
0.016755000000000003,32.21186653500339
0.01676,32.226101466418896
0.016765000000000002,32.23207445634678
0.01677,32.22978814098379
0.016775,32.21924763220752
0.01678,32.204497750093374
0.016785,32.18772605846274
0.016790000000000003,32.17197543797784
0.016795,32.155871579307835
0.016800000000000002,32.139776748253276
0.016805,32.1256679364343
0.016810000000000002,32.11353505931782
0.016815,32.10534694934392
0.01682,32.10108542532769
0.016825,32.10073005987122
0.01683,32.104259552674925
0.016835000000000003,32.111651740742296
0.01684,32.122883608743706
0.016845000000000002,32.137931299536056
0.01685,32.156770124834686
0.016855000000000002,32.17431271801163
0.01686,32.18866876503901
0.016865,32.19477215994
0.016870000000000003,32.192625501224896
0.016875,32.182233860778155
0.016880000000000003,32.167644265255255
0.016885,32.15093179365129
0.016890000000000002,32.135237292339816
0.016895,32.119152138502145
0.016900000000000002,32.10307598116022
0.016905,32.08899016319251
0.01691,32.07688454525756
0.016915000000000003,32.06873276947198
0.01692,32.06451659926094
0.016925000000000003,32.06421554635681
0.01693,32.0678082476676
0.016935000000000002,32.07527247550809
0.01694,32.086585147990384
0.016945,32.10172233957054
0.01695,32.12065929174789
0.016955,32.14337042391346
0.016960000000000003,32.164772296848845
0.016965,32.18298281581685
0.016970000000000002,32.19293998411718
0.016975,32.194645438076265
0.016980000000000002,32.18810328768432
0.016985,32.17348013922464
0.01699,32.15866014720478
0.016995,32.14255980806487
0.017,32.12646861554957
0.017005000000000003,32.11236512099642
0.01701,32.10023916035695
0.017015000000000002,32.092061261304494
0.01702,32.08781322377954
0.017025000000000002,32.08747459956185
0.01703,32.09102406680302
0.017035,32.09843944024155
0.017040000000000003,32.109697681576904
0.017045,32.12477490999964
0.017050000000000003,32.14364641287378
0.017055,32.161225651948776
0.017060000000000002,32.17562074374115
0.017065,32.18176642306992
0.017070000000000002,32.179665276104345
0.017075,32.16932236158288
0.01708,32.15478547763914
0.017085000000000003,32.138091572509644
0.01709,32.12241466131549
0.017095000000000003,32.10633448558869
0.0171,32.090263357268206
0.017105000000000002,32.07618412458455
0.01711,32.06408659958995
0.017115000000000002,32.05594608676392
0.01712,32.05174433078161
0.017125,32.051460822722106
0.017130000000000003,32.055074178154975
0.017135,32.06256214738085
0.017140000000000002,32.07390162583174
0.017145,32.08906866462726
0.017150000000000002,32.10803848128386
0.017155,32.12572678360422
0.01716,32.140237437530594
0.017165,32.14650745921546
0.01717,32.14453939893475
0.017175000000000003,32.134338277353564
0.01718,32.11995397759063
0.017185000000000002,32.10331676110865
0.01719,32.087693572058555
0.017195000000000002,32.07163160846548
0.0172,32.05557864158189
0.017205,32.04152163662372
0.017210000000000003,32.02945036400666
0.017215,32.02134467942157
0.017220000000000003,32.01718627499393
0.017225,32.01695458407109
0.017230000000000002,32.020628162678584
0.017235,32.028184699785655
0.017240000000000002,32.03960102773052
0.017245,32.05485313280228
0.01725,32.07391616597574
0.017255000000000003,32.09676445379584
0.01726,32.11831750648312
0.017265000000000003,32.136687692764134
0.01727,32.146816011571495
0.017275000000000002,32.14870405016217
0.01728,32.1423558666056
0.017285000000000002,32.12780643925283
0.01729,32.11305358179757
0.017295,32.09697570000357
0.017300000000000003,32.080906956622265
0.017305,32.0668312988382
0.017310000000000002,32.05473848023263
0.017315,32.04660499015093
0.017320000000000002,32.04241256005766
0.017325,32.04214066645998
0.01733,32.04576790984318
0.017335,32.053272024918584
0.01734,32.06462989103099
0.017345000000000003,32.07981754272248
0.01735,32.09881018044888
0.017355000000000002,32.116524094541575
0.01736,32.131062047223566
0.017365000000000002,32.13736164588174
0.01737,32.135425432153326
0.017375,32.125258417498564
0.017380000000000003,32.11091102765541
0.017385,32.094286761203975
0.017390000000000003,32.078675840763715
0.017395,32.06261729744807
0.017400000000000002,32.046567789859026
0.017405,32.032515341170246
0.017410000000000002,32.02044968607815
0.017415,32.012351848522314
0.01742,32.00820350747234
0.017425000000000003,32.00798408178157
0.01743,32.011672112499
0.017435000000000003,32.01924527314139
0.01744,32.030680380125446
0.017445000000000002,32.04595340335652
0.01745,32.06503947697032
0.017455000000000002,32.08285702143175
0.01746,32.097504767856734
0.017465,32.1039224872577
0.017470000000000003,32.1021126871819
0.017475,32.09208034293217
0.017480000000000002,32.07787785748871
0.017485,32.06130748257105
0.017490000000000002,32.045747633822955
0.017495,32.02970645846531
0.0175,32.013674266920916
0.017505,31.999642987592704
0.01751,31.987602317520757
0.017515000000000003,31.97953759785841
0.01752,31.975430457702902
0.017525000000000002,31.975260261120173
0.01753,31.97900549265399
0.017535000000000002,31.98664376762163
0.01754,31.99815184256985
0.017545,32.013505625887696
0.017550000000000003,32.03268018857269
0.017555,32.05059599237736
0.017560000000000003,32.06534790497641
0.017565,32.07187777058922
0.017570000000000002,32.07018806435785
0.017575,32.060283727198495
0.017580000000000002,32.04474264112746
0.017585,32.02913153766218
0.01759,32.01309788642145
0.017595000000000003,31.997073461610274
0.0176,31.981057997678075
0.017605000000000003,31.967047549029008
0.01761,31.95503182224713
0.017615000000000002,31.94700010771234
0.01762,31.94293398466812
0.017625000000000002,31.942812762905138
0.01763,31.946614870986046
0.017635,31.95431786656459
0.017640000000000003,31.96589844686532
0.017645,31.98133245932045
0.017650000000000002,32.00059491236031
0.017655,32.018608292270706
0.017660000000000002,32.03346363713285
0.017665,32.04010484730384
0.01767,32.03853436575868
0.017675,32.02875709928181
0.01768,32.01326520574601
0.017685000000000003,31.997699004789773
0.01769,31.981681218524507
0.017695000000000002,31.96567263801907
0.0177,31.94967301054117
0.017705000000000002,31.935682445592448
0.01771,31.92369067263544
0.017715,31.915690668718664
0.017720000000000003,31.911663965021123
0.017725,31.911589819168235
0.017730000000000003,31.91544660591404
0.017735,31.923211827482938
0.017740000000000002,31.934862124072353
0.017745,31.950373284512697
0.017750000000000002,31.969720257081352
0.017755,31.992877160467046
0.01776,32.014770080247494
0.017765000000000003,32.03349904869503
0.01777,32.04401174337369
0.017775000000000003,32.046309641444154
0.01778,32.04039668452489
0.017785000000000002,32.02601297576168
0.01779,32.011411055383796
0.017795000000000002,31.99538397951562
0.0178,31.97936599357528
0.017805,31.965353074882753
0.017810000000000003,31.953334807375413
0.017815,31.945300977571264
0.017820000000000003,31.94123316404428
0.017825,31.9411106752555
0.017830000000000002,31.944911938316082
0.017835,31.952614509308315
0.01784,31.9641950837673
0.017845,31.97962950731962
0.01785,31.998892786475714
0.017855000000000003,32.016907514943426
0.01786,32.031764523480575
0.017865000000000002,32.03840782098655
0.01787,32.03683984968617
0.017875000000000002,32.027065515507765
0.01788,32.011573899833294
0.017885,31.99600787590755
0.017890000000000003,31.979989297368654
0.017895,31.96397998907892
0.017900000000000003,31.947979696198637
0.017905,31.93398872800075
0.017910000000000002,31.92199678403944
0.017915,31.91399702955517
0.017920000000000002,31.909970993743826
0.017925,31.909897932027693
0.01793,31.913756216854726
0.017935000000000003,31.9215233480419
0.01794,31.933175963279357
0.017945000000000003,31.94868984879195
0.01795,31.968039950154765
0.017955000000000002,31.98615080824065
0.01796,32.0011095745643
0.017965000000000002,32.00786223586416
0.01797,32.00641120285928
0.017975,31.99676134808391
0.017980000000000003,31.981318273827245
0.017985,31.96579658788306
0.017990000000000003,31.949794030666123
0.017995,31.93380069300221
0.018000000000000002,31.917816333739236
0.018005,31.903845168976055
0.01801,31.89187693501512
0.018015,31.88390834448425
0.01802,31.879920880097846
0.018025000000000003,31.879893746856045
0.01803,31.883805265211983
0.018035000000000002,31.891632881436742
0.01804,31.90335317814533
0.018045000000000002,31.918941884980395
0.01805,31.93837388945013
0.018055,31.956575604401824
0.018060000000000003,31.971630641370805
0.018065,31.97848688837253
0.018070000000000003,31.977146726225175
0.018075,31.967614995745766
0.018080000000000002,31.952217756182492
0.018085,31.93673791679349
0.018090000000000002,31.920750251157656
0.018095,31.90477177700062
0.0181,31.888802265414846
0.018105000000000003,31.874849684005216
0.01811,31.862903794509005
0.018115000000000003,31.854964718997998
0.01812,31.85101389566941
0.018125000000000002,31.851030481215272
0.01813,31.85499274626338
0.018135000000000002,31.86287808576308
0.01814,31.87466302953238
0.018145,31.890323252963103
0.018150000000000003,31.909833587880357
0.018155,31.928122248134347
0.018160000000000003,31.94326943922619
0.018165,31.950224878289582
0.018170000000000002,31.94899091749244
0.018175,31.939572367253927
0.01818,31.924218915301424
0.018185,31.90877904177624
0.01819,31.89280547121557
0.018195000000000003,31.87684107440065
0.0182,31.860885633817634
0.018205000000000002,31.846950724087748
0.01821,31.835026127035405
0.018215000000000002,31.827115243574774
0.01822,31.82319946915585
0.018225,31.823257914076233
0.018230000000000003,31.82726880110743
0.018235,31.835209475900722
0.018240000000000003,31.84705641755471
0.018245,31.862785249341016
0.018250000000000002,31.88237074958466
0.018255,31.90578686269565
0.018260000000000002,31.927965187344288
0.018265,31.946995416092523
0.01827,31.957830826135698
0.018275000000000003,31.960472802218334
0.01828,31.95492518821563
0.018285000000000003,31.940680352653526
0.01829,31.926204893481657
0.018295000000000002,31.91022015531822
0.0183,31.894244476442122
0.018305000000000002,31.88028391526586
0.01831,31.86832790838912
0.018315,31.860377388490516
0.018320000000000003,31.8564138060753
0.018325,31.856416328829887
0.018330000000000003,31.860363238622046
0.018335,31.868231941883355
0.018340000000000002,31.879998980152994
0.018345,31.89564004077937
0.01835,31.915129967776114
0.018355,31.93339663913445
0.01836,31.948520883018357
0.018365000000000003,31.95545207484193
0.01837,31.954192573549502
0.018375000000000002,31.944747196658735
0.01838,31.929382719780005
0.018385000000000002,31.913932732483968
0.01839,31.89795493091819
0.018395,31.881986371567137
0.018400000000000003,31.866026831820992
0.018405,31.852087200545096
0.018410000000000003,31.840157224403573
0.018415,31.832239693154623
0.018420000000000002,31.828316010731807
0.018425,31.828365296584643
0.018430000000000002,31.83236578289158
0.018435,31.840294824962545
0.01844,31.852128911803
0.018445000000000003,31.867843676836152
0.01845,31.887413908779788
0.018455000000000003,31.905769236481333
0.01846,31.920987188477795
0.018465000000000002,31.928018918721275
0.01847,31.9268667572817
0.018475000000000002,31.91753549110667
0.01848,31.902215354002468
0.018485,31.886805846145368
0.018490000000000003,31.870842534566243
0.018495,31.854888415405288
0.018500000000000003,31.838943278741212
0.018505,31.82502152518474
0.018510000000000002,31.813112936935557
0.018515,31.805223486297802
0.018520000000000002,31.801334535424967
0.018525,31.80142515845269
0.01853,31.805473540834388
0.018535000000000003,31.813456989763118
0.01854,31.825351944755276
0.018545000000000002,31.84113398839267
0.01855,31.860777857219443
0.018555000000000002,31.87921486085052
0.01856,31.894519349500033
0.018565,31.901644184212664
0.018570000000000003,31.90059166818672
0.018575,31.8913665598674
0.018580000000000003,31.876087639537836
0.018585,31.860715764417833
0.018590000000000002,31.84476586995987
0.018595,31.82882514084739
0.018600000000000002,31.812893378231312
0.018605,31.798988351491257
0.01861,31.78709986654682
0.018615000000000003,31.779236957147734
0.01862,31.77538094546099
0.018625000000000003,31.775510862232046
0.01863,31.77960484816228
0.018635000000000002,31.78764016434961
0.01864,31.799593202891167
0.018645000000000002,31.815439497644512
0.01865,31.835153735144022
0.018655,31.853668841979367
0.018660000000000003,31.86905611038565
0.018665,31.876270043631685
0.018670000000000003,31.875312919182473
0.018675,31.866189468180902
0.018680000000000002,31.850949889112105
0.018685,31.83561392264799
0.018690000000000002,31.819676703965985
0.018695,31.803748633870516
0.0187,31.787829523776868
0.018705000000000003,31.773940381716947
0.01871,31.76207103204084
0.018715000000000002,31.754233452426973
0.01872,31.750408926655652
0.018725000000000002,31.750576443811113
0.01873,31.75471410162119
0.018735,31.76279911691604
0.018740000000000003,31.774807836249057
0.018745,31.790715746676632
0.018750000000000003,31.810497486693244
0.018755,31.829087538817056
0.018760000000000002,31.844554252636904
0.018765,31.851853711611913
0.018770000000000002,31.85098816849776
0.018775,31.841962328218163
0.01878,31.826760466250192
0.018785000000000003,31.81145892067919
0.01879,31.795533794952078
0.018795000000000003,31.779617805855572
0.0188,31.763710774508077
0.018805000000000002,31.749836824306932
0.01881,31.73798579536653
0.018815000000000002,31.730172497545606
0.01882,31.726378177723948
0.018825,31.72658178493438
0.018830000000000003,31.730761375589623
0.018835,31.73889412395836
0.018840000000000003,31.750956332803828
0.018845,31.766923444181383
0.018850000000000002,31.786770050391613
0.018855,31.805432131282124
0.018860000000000002,31.82097520456862
0.018865,31.828356874372354
0.01887,31.82757936969383
0.018875000000000003,31.81864737024854
0.01888,31.803481742525964
0.018885000000000002,31.788213262188712
0.01889,31.772299727157115
0.018895000000000002,31.756395319122973
0.0189,31.740499868464365
0.018905,31.726640496157337
0.018910000000000003,31.714807056602158
0.018915,31.707017084901175
0.018920000000000003,31.703251792439982
0.018925,31.70349008972503
0.018930000000000002,31.707709993426047
0.018935,31.715888636868968
0.018940000000000002,31.728002280691392
0.018945,31.744026323657373
0.01895,31.763935313627886
0.018955000000000003,31.787702958683447
0.01896,31.81026833257273
0.018965000000000003,31.82970710852925
0.01897,31.840980156174496
0.018975000000000002,31.84408873492924
0.01898,31.839036556121933
0.018985000000000002,31.824980064395252
0.01899,31.81067611745601
0.018995,31.794748820026495
0.019000000000000003,31.778830538898784
0.019005,31.764941001481553
0.019010000000000003,31.753069445290404
0.019015,31.745231916170884
0.019020000000000002,31.741409690969626
0.019025,31.74158174648668
0.019030000000000002,31.74572616764467
0.019035,31.75382015795458
0.01904,31.765840050143776
0.019045000000000003,31.78176131694295
0.01905,31.801558582028395
0.019055000000000002,31.820166888180808
0.01906,31.835653501387416
0.019065000000000002,31.842975073352154
0.01907,31.84213385009361
0.019075,31.833134529247868
0.019080000000000003,31.817942458121543
0.019085,31.80264982241879
0.019090000000000003,31.786727325869666
0.019095,31.7708140328511
0.019100000000000002,31.754909764480775
0.019105,31.74103975431674
0.019110000000000002,31.72919381321593
0.019115,31.721387780608485
0.01912,31.717602890582864
0.019125000000000003,31.717818078221494
0.01913,31.722011385510122
0.019135000000000003,31.730159971820537
0.01914,31.74224012455594
0.019145000000000002,31.75822726995533
0.01915,31.77809598405352
0.019155000000000002,31.796782794295904
0.01916,31.812352181785673
0.019165,31.81976230651276
0.019170000000000003,31.819015389194078
0.019175,31.810116100729626
0.019180000000000003,31.794962659662815
0.019185,31.77970525952821
0.019190000000000002,31.763795167224906
0.019195,31.74789423024638
0.019200000000000002,31.732002281028663
0.019205,31.718147529062005
0.01921,31.706319818919212
0.019215000000000003,31.69853767780354
0.01922,31.694782304401706
0.019225000000000003,31.695032595412307
0.01923,31.699266553244946
0.019235000000000002,31.70746129651938
0.01924,31.719593070727385
0.019245,31.735637259053934
0.019250000000000003,31.755568393354228
0.019255,31.774324422580396
0.019260000000000003,31.789967139884347
0.019265,31.79745614904924
0.019270000000000002,31.79679364802989
0.019275,31.787984283585022
0.019280000000000002,31.77286579223053
0.019285,31.757640305969495
0.01929,31.741741627377685
0.019295000000000003,31.725852078562546
0.0193,31.709971501435735
0.019305000000000003,31.696130955255875
0.01931,31.68432030591177
0.019315000000000002,31.676560670171067
0.01932,31.672833212878693
0.019325000000000002,31.67311679401281
0.01933,31.677389378111457
0.019335,31.68562804478747
0.019340000000000003,31.697808999406437
0.019345,31.713907583924062
0.019350000000000003,31.733898287879583
0.019355,31.752720427678568
0.019360000000000002,31.76843321041518
0.019365,31.775997628688806
0.019370000000000002,31.77541585867701
0.019375,31.76669252403438
0.01938,31.75160734270525
0.019385000000000003,31.736412261619165
0.01939,31.720524332525564
0.019395000000000003,31.704645517845208
0.0194,31.6887756682198
0.019405000000000002,31.67494858208219
0.01941,31.663154141470116
0.019415,31.65541595296419
0.019420000000000003,31.651715148935683
0.019425,31.652030554119868
0.019430000000000003,31.656340096702383
0.019435,31.6646208188494
0.019440000000000002,31.67684888740106
0.019445,31.69299960472447
0.019450000000000002,31.71304741972294
0.019455,31.731932964588793
0.01946,31.747712957952334
0.019465000000000003,31.75534972872139
0.01947,31.754845432171095
0.019475000000000003,31.74620466977679
0.01948,31.731151402101467
0.019485000000000002,31.715985446325416
0.01949,31.700107757128112
0.019495000000000002,31.684239171698806
0.0195,31.668379548907016
0.019505,31.654565321856374
0.019510000000000003,31.64278638616844
0.019515,31.63506874356346
0.019520000000000003,31.631393495202676
0.019525,31.631739431946745
0.019530000000000002,31.636084447038133
0.019535,31.644405546646
0.019540000000000002,31.656678860574484
0.019545,31.672879653130867
0.01955,31.692982334149978
0.019555000000000003,31.711928802037736
0.01956,31.727773380663397
0.019565000000000003,31.73547968488158
0.01957,31.73504984987589
0.019575000000000002,31.72648845580137
0.01958,31.711465837535272
0.019585,31.696327850908627
0.019590000000000003,31.68045996936028
0.019595,31.66460118319368
0.019600000000000003,31.648751359118737
0.019605,31.634949465193937
0.019610000000000002,31.623185409235077
0.019615,31.61548749759393
0.019620000000000002,31.61183680141401
0.019625,31.612212078974107
0.01963,31.616591189906035
0.019635000000000003,31.62495110575377
0.01964,31.637267920696033
0.019645000000000003,31.653516862429004
0.01965,31.673672303205375
0.019655000000000002,31.69267736000271
0.01966,31.708584052010085
0.019665000000000002,31.71635723163768
0.01967,31.71599901474397
0.019675,31.707513960976414
0.019680000000000003,31.69252081113868
0.019685,31.6774097148877
0.019690000000000003,31.66155125111452
0.019695,31.645701875486505
0.019700000000000002,31.629861462224262
0.019705,31.616071418758718
0.019710000000000002,31.604321664246964
0.019715,31.596642722838286
0.01972,31.593015636795336
0.019725000000000003,31.593419133048286
0.01973,31.597831038890167
0.019735000000000003,31.606228292549545
0.01974,31.618586953926993
0.019745000000000002,31.634882215491725
0.01975,31.655088413334823
0.019755,31.67414983718461
0.019760000000000003,31.690116288200436
0.019765,31.697953809810222
0.019770000000000003,31.697664499278712
0.019775,31.689252896521573
0.019780000000000002,31.674288094564353
0.019785,31.65920286569244
0.019790000000000002,31.643353456202785
0.019795,31.62751312826834
0.0198,31.611681763322334
0.019805000000000003,31.597903116351265
0.01981,31.58616711725014
0.019815000000000003,31.578506424517478
0.01982,31.574902052624356
0.019825000000000002,31.575332698334467
0.01983,31.57977615782125
0.019835000000000002,31.588209337253765
0.01984,31.600608263546423
0.019845,31.616948095269095
0.019850000000000003,31.63720313371388
0.019855,31.656318797274746
0.019860000000000003,31.67234275245505
0.019865,31.680242188927284
0.019870000000000002,31.68001918606355
0.019875,31.671678264791552
0.019880000000000002,31.65674073948426
0.019885,31.64168040028021
0.01989,31.62583970050903
0.019895000000000003,31.61000807611894
0.0199,31.59418541547768
0.019905000000000003,31.580417732838846
0.01991,31.56869496835227
0.019915000000000002,31.56105183460853
0.01992,31.55746931933334
0.019925000000000002,31.55792609025937
0.019930000000000003,31.562399913611777
0.019935,31.570867664706675
0.019940000000000003,31.583305338713682
0.019945,31.599688061578952
0.019950000000000002,31.619990101105092
0.019955,31.6391579619295
0.019960000000000002,31.655237256130924
0.019965,31.663196276542887
0.01997,31.663037085318308
0.019975000000000003,31.654764185111574
0.01998,31.6398529087169
0.019985000000000003,31.62481652128395
0.01999,31.608984201979546
0.019995000000000002,31.59316095218966
0.02,31.577346666952753
0.020005000000000002,31.563589534854014
0.02001,31.55187950587699
0.020015,31.544253269488017
0.020020000000000003,31.540691787673357
0.020025,31.541173700226505
0.020030000000000003,31.5456767445506
0.020035,31.55417776626911
0.020040000000000002,31.566652730000634
0.020045,31.583076730294405
0.020050000000000002,31.60342400272285
0.020055,31.622642097341735
0.02006,31.638774649017215
0.020065000000000003,31.646791012282627
0.02007,31.6466932327193
0.020075000000000003,31.638485795395532
0.02008,31.623599780252366
0.020085000000000002,31.608586443319883
0.02009,31.592762188665702
0.020095000000000002,31.57694699791384
0.020100000000000003,31.561140772521338
0.020105,31.547393793677195
0.020110000000000003,31.535696020813077
0.020115,31.528086045967743
0.020120000000000002,31.524544806355692
0.020125,31.525050914881607
0.020130000000000002,31.529582081210158
0.020135,31.538115122388376
0.02014,31.55062597363236
0.020145000000000003,31.56708969927472
0.02015,31.587480503869287
0.020155000000000003,31.60674694360059
0.02016,31.622930750430655
0.020165000000000002,31.631002300691037
0.02017,31.630963624014456
0.020175000000000002,31.622819188544238
0.02018,31.607957484761336
0.020185,31.59296633154877
0.020190000000000003,31.5771498380736
0.020195,31.561342403114676
0.020200000000000003,31.54554393430578
0.020205,31.531806726790407
0.020210000000000002,31.520120749086097
0.020215,31.512526424298084
0.020220000000000002,31.509004665800227
0.020225,31.509534060619103
0.02023,31.514092291723518
0.020235000000000003,31.522656148658193
0.02024,31.535201538341855
0.020245000000000003,31.551703496026242
0.02025,31.572136196412455
0.020255000000000002,31.59144916400135
0.02026,31.607682299365795
0.020265000000000002,31.615806962234178
0.020270000000000003,31.615825166890065
0.020275,31.607741365187977
0.020280000000000003,31.592903058865254
0.020285,31.577933255444908
0.020290000000000002,31.562124231296387
0.020295,31.546324260487285
0.020300000000000002,31.530533256595714
0.020305,31.516805453029292
0.02031,31.505130827046717
0.020315000000000003,31.497551564003388
0.02032,31.494048554328575
0.020325000000000003,31.49460036014331
0.02033,31.4991846387239
0.020335000000000002,31.50777815314641
0.02034,31.520356783095732
0.020345000000000002,31.53689553583569
0.02035,31.55736855733665
0.020355,31.576726304024625
0.020360000000000003,31.593006913910337
0.020365,31.601182693161025
0.020370000000000003,31.601255641288024
0.020375,31.59323019446923
0.020380000000000002,31.57841440618387
0.020385,31.56346515009318
0.020390000000000002,31.54766331448327
0.020395,31.531870527233576
0.0204,31.516086707642994
0.020405000000000003,31.502367954538926
0.02041,31.490704253591268
0.020415000000000003,31.483139486176427
0.02042,31.4796545206414
0.020425000000000002,31.48022789513773
0.02043,31.48483724221482
0.020435000000000002,31.493459299474843
0.020440000000000003,31.50606992039236
0.020445,31.52264408529518
0.020450000000000003,31.543155912502712
0.020455,31.562556755342708
0.020460000000000002,31.5788830555039
0.020465,31.587108030023547
0.020470000000000002,31.58723366419594
0.020475,31.579264379111507
0.02048,31.56447026254988
0.020485000000000003,31.549540781540124
0.02049,31.533745864276366
0.020495000000000003,31.517959990582135
0.0205,31.50218308526205
0.020505000000000002,31.488473042457166
0.02051,31.476819855931822
0.020515000000000002,31.469269039343754
0.02052,31.46580143978759
0.020525,31.466395572346226
0.020530000000000003,31.47102904577143
0.020535,31.479678573148856
0.020540000000000003,31.49231998272781
0.020545,31.508928228912357
0.020550000000000002,31.529477403410123
0.020555,31.548919722743523
0.020560000000000002,31.56528999602998
0.020565000000000003,31.573562316944695
0.02057,31.573738657099195
0.020575000000000003,31.565823423063502
0.02058,31.55105016374432
0.020585000000000003,31.536139714614336
0.02059,31.52035145567793
0.020595000000000002,31.504572235701005
0.0206,31.488801984786985
0.020605000000000002,31.47510032491944
0.020610000000000003,31.46345725765266
0.020615,31.455919867581677
0.020620000000000003,31.452468981347465
0.020625,31.453083091831225
0.020630000000000003,31.457739784881465
0.020635,31.466415749988688
0.020640000000000002,31.479086791124942
0.020645,31.495727837744823
0.02065,31.516312955944326
0.020655000000000003,31.53579519300017
0.02066,31.552207786813263
0.020665000000000003,31.560525674751236
0.02067,31.560750815257055
0.020675000000000002,31.552887600926045
0.02068,31.5381344149895
0.020685000000000002,31.523242282480144
0.02069,31.507460431632904
0.020695,31.49168761530864
0.020700000000000003,31.475923768710416
0.020705,31.462230176729
0.020710000000000003,31.45059684841574
0.020715,31.443072380264432
0.020720000000000002,31.43963757923109
0.020725,31.44027091682958
0.020730000000000002,31.444949956865916
0.020735000000000003,31.453651366122184
0.02074,31.46635092520558
0.020745000000000003,31.48302353955887
0.02075,31.50364325062893
0.020755000000000003,31.523163905225648
0.02076,31.539617229082392
0.020765000000000002,31.547978971551792
0.02077,31.548251078403208
0.020775000000000002,31.540437928782428
0.020780000000000003,31.525704061832787
0.020785,31.510829557570634
0.020790000000000003,31.495053873982645
0.020795,31.479287220647986
0.020800000000000003,31.463529537677697
0.020805,31.449843710374864
0.020810000000000002,31.43821975500607
0.020815,31.43070772314418
0.02082,31.427288402800006
0.020825000000000003,31.42794024492312
0.02083,31.43264079210543
0.020835000000000003,31.441366689274044
0.02084,31.454093694549364
0.020845000000000002,31.470796690264766
0.02085,31.49144969414434
0.020855000000000002,31.51100732248335
0.02086,31.527499845677426
0.020865,31.535903794548446
0.020870000000000003,31.536221102668428
0.020875,31.528456136239107
0.020880000000000003,31.513740862234517
0.020885,31.49888332371863
0.020890000000000002,31.483113575612524
0.020895,31.467352853650617
0.020900000000000002,31.45160110266748
0.020905000000000003,31.437922748232307
0.02091,31.42630781355575
0.020915000000000003,31.418807750605374
0.02092,31.41540332915882
0.020925000000000003,31.41607298037421
0.02093,31.420794226426583
0.020935000000000002,31.429543691209435
0.02094,31.442297111201462
0.020945000000000002,31.459029346495125
0.020950000000000003,31.479714391983293
0.020955,31.499307604528045
0.020960000000000003,31.515837853881294
0.020965,31.524282422965253
0.020970000000000003,31.524643233613006
0.020975,31.516924639568668
0.020980000000000002,31.5022272597542
0.020985,31.48738604938255
0.02099,31.471622013692336
0.020995000000000003,31.455867000191628
0.021,31.44012095826104
0.021005000000000003,31.426449795850058
0.02101,31.414843542852427
0.021015000000000002,31.40735499900123
0.02102,31.403964916526167
0.021025000000000002,31.404651707537703
0.02103,31.409392874561313
0.021035,31.41816502124735
0.021040000000000003,31.430943863246146
0.021045,31.44770423924509
0.021050000000000003,31.468420122163877
0.021055,31.48804758159967
0.021060000000000002,31.50461413929919
0.021065,31.51309780201979
0.021070000000000002,31.51350048029677
0.021075000000000003,31.505826515884845
0.02108,31.49114635776644
0.021085000000000003,31.476320861899623
0.02109,31.460562323942845
0.021095000000000003,31.444812804369526
0.0211,31.429072256935445
0.021105000000000002,31.415408016260063
0.02111,31.40381011866905
0.021115000000000002,31.396332661009716
0.021120000000000003,31.3929563786233
0.021125,31.393659665288435
0.021130000000000003,31.398420004619535
0.021135,31.407213980784544
0.021140000000000003,31.420017289388213
0.021145,31.436804748517314
0.021150000000000002,31.457550309944118
0.021155,31.477210729215095
0.02116,31.493812230732086
0.021165000000000003,31.50233351788465
0.02117,31.502776490334906
0.021175000000000003,31.49514547829871
0.02118,31.48048189465598
0.021185000000000002,31.465671522716402
0.02119,31.449918275878897
0.021195000000000002,31.434174043761846
0.0212,31.41843878433176
0.021205,31.404781205261443
0.021210000000000003,31.393191349066743
0.021215,31.38572456096149
0.021220000000000003,31.382361560033132
0.021225,31.383080722417436
0.021230000000000002,31.387859513528436
0.021235,31.396674498783888
0.021240000000000002,31.409501354496296
0.021245000000000003,31.426314878925986
0.02125,31.447089003492604
0.021255000000000003,31.466781143912794
0.02126,31.4834162759999
0.021265000000000003,31.491973773595078
0.02127,31.492455525895892
0.021275000000000002,31.48486585201302
0.02128,31.470218219949313
0.021285000000000002,31.45542240355435
0.021290000000000003,31.43967424898692
0.021295,31.4239351056146
0.021300000000000003,31.408204935456407
0.021305,31.394553767636815
0.021310000000000003,31.382971650629226
0.021315,31.375515131098258
0.021320000000000002,31.372164912488447
0.021325,31.372899353955738
0.021330000000000002,31.377695903397772
0.021335000000000003,31.38653110818677
0.02134,31.399380626068027
0.021345000000000003,31.416219236220567
0.02135,31.43702085047626
0.021355000000000002,31.45674351991163
0.02136,31.473411018675588
0.021365000000000002,31.48200336586418
0.02137,31.482522440603713
0.021375,31.474972551316995
0.021380000000000003,31.4603402713452
0.021385,31.44555846347306
0.021390000000000003,31.42981520979963
0.021395,31.414080963928466
0.021400000000000002,31.398355691778768
0.021405,31.38471069426433
0.021410000000000002,31.373136025592192
0.021415000000000003,31.36568938872525
0.02142,31.362351472053
0.021425000000000003,31.363100618389694
0.02143,31.367914258774885
0.021435000000000003,31.376768923213444
0.02144,31.389640251581234
0.021445000000000002,31.40650300469307
0.02145,31.42733107552922
0.021455000000000002,31.447083126648185
0.021460000000000003,31.463781775695
0.021465,31.472407662770845
0.021470000000000003,31.472962657309242
0.021475,31.46545105744685
0.021480000000000003,31.450833552609584
0.021485,31.436065226796472
0.021490000000000002,31.420326689833228
0.021495,31.4045971574069
0.021500000000000002,31.388876599190322
0.021505000000000003,31.375237540090605
0.02151,31.363670039832986
0.021515000000000003,31.356232914222986
0.02152,31.35290683716086
0.021525000000000002,31.353670135733292
0.02153,31.358500224755332
0.021535000000000002,31.36737361751718
0.02154,31.380265936696844
0.021545,31.397151925435104
0.021550000000000003,31.41800545856905
0.021555,31.43778578715866
0.021560000000000003,31.454514415808475
0.021565,31.463172582286376
0.021570000000000002,31.463762146697384
0.021575,31.45628739727855
0.021580000000000002,31.44168411230149
0.021585000000000003,31.426928761869018
0.02159,31.41119476435407
0.021595000000000003,31.395469768233426
0.0216,31.379753746792446
0.021605000000000003,31.366120402931877
0.02161,31.354559801687717
0.021615000000000002,31.347131829885676
0.02162,31.343817147481257
0.021625000000000002,31.344594066424698
0.021630000000000003,31.349439985916238
0.021635,31.35833140315959
0.021640000000000003,31.371243924281227
0.021645,31.38815227541209
0.021650000000000003,31.409030313927992
0.021655,31.428837857273503
0.021660000000000002,31.44559533884256
0.021665,31.45428457160846
0.021670000000000002,31.454907406698304
0.021675000000000003,31.447468122821576
0.02168,31.432878523298527
0.021685000000000003,31.41813566061015
0.02169,31.402406031943418
0.021695000000000002,31.386685401646467
0.0217,31.370973746481457
0.021705000000000002,31.357345903071753
0.02171,31.34579194156458
0.021715,31.338372779555037
0.021720000000000003,31.335069063577997
0.021725,31.335859091016054
0.021730000000000003,31.34072024604151
0.021735,31.349629010376134
0.021740000000000002,31.36256097421689
0.021745,31.379490847324153
0.021750000000000002,31.400392470268674
0.021755000000000004,31.420226205593934
0.02176,31.437011455741168
0.021765000000000003,31.44573058727189
0.02177,31.446385442672675
0.021775000000000003,31.43898029148352
0.02178,31.424403863092188
0.021785000000000002,31.40967301883753
0.02179,31.39394759483038
0.021795000000000002,31.37823116628216
0.021800000000000003,31.362523713301144
0.021805,31.348901163626152
0.021810000000000003,31.337353592323506
0.021815,31.32994290901969
0.021820000000000003,31.3266497473333
0.021825,31.32745239062677
0.021830000000000002,31.332328208609237
0.021835,31.341253668102354
0.021840000000000002,31.354204343972253
0.021845000000000003,31.37115493022397
0.02185,31.39207925125475
0.021855000000000003,31.41193819422125
0.02186,31.428750169356924
0.021865000000000002,31.43749807600676
0.02187,31.438183748341533
0.021875000000000002,31.43081144707633
0.02188,31.416247694823493
0.021885,31.401528417329686
0.021890000000000003,31.385807039963957
0.021895,31.370094655255695
0.021900000000000003,31.354391246533552
0.021905,31.340773791645848
0.021910000000000002,31.32923237039313
0.021915,31.321829847151072
0.021920000000000002,31.31854684310739
0.021925000000000004,31.31936162813129
0.02193,31.32425155801226
0.021935000000000003,31.333193085231834
0.02194,31.346161769901457
0.021945000000000003,31.363132290862932
0.02195,31.384078456947837
0.021955000000000002,31.40396166021015
0.02196,31.420799355964412
0.021965000000000002,31.429574956316145
0.021970000000000003,31.430290287432854
0.021975,31.422949601536388
0.021980000000000003,31.408398049031515
0.021985,31.393689903600283
0.021990000000000003,31.377972420796407
0.021995,31.362263927953823
0.022000000000000002,31.346564411500534
0.022005,31.33295185992945
0.022010000000000002,31.32141635759749
0.022015000000000003,31.314021687748383
0.02202,31.310748459606177
0.022025000000000003,31.311574930053915
0.02203,31.31647844148459
0.022035000000000003,31.325435432578523
0.02204,31.33842144924698
0.022045000000000002,31.355411155738402
0.02205,31.376378345903674
0.022055,31.396284897719227
0.022060000000000003,31.413147347468115
0.022065,31.421949600746004
0.022070000000000003,31.422693476017905
0.022075,31.415383217331627
0.022080000000000002,31.400843406087752
0.022085,31.386145974357508
0.022090000000000002,31.370432239751324
0.022095000000000004,31.354727492511582
0.0221,31.339031722049143
0.022105000000000003,31.32542388951984
0.02211,31.313894083665655
0.022115000000000003,31.30650697206583
0.02212,31.303243152430333
0.022125000000000002,31.30408086914409
0.02213,31.308997451707057
0.022135000000000002,31.317969325517026
0.022140000000000003,31.33097202281875
0.022145,31.347980193815744
0.022150000000000003,31.368967617941188
0.022155,31.3888966408322
0.022160000000000003,31.40578291427909
0.022165,31.414610818821483
0.022170000000000002,31.41538216551137
0.022175,31.40810119052971
0.022180000000000002,31.393572679290543
0.022185000000000003,31.37888555862246
0.02219,31.363175431350417
0.022195000000000003,31.347474288947485
0.0222,31.331782123695294
0.022205000000000003,31.318178832858266
0.02221,31.306654509398683
0.022215000000000002,31.29927467199646
0.02222,31.296019907280215
0.022225,31.296868447606464
0.022230000000000003,31.30179761006666
0.022235,31.31078380727525
0.022240000000000003,31.32380255832407
0.022245,31.340828499899562
0.022250000000000002,31.361835397559048
0.022255,31.381786047024832
0.022260000000000002,31.39869524883521
0.022265000000000004,31.407547840624588
0.02227,31.408345626310524
0.022275000000000003,31.401092834502762
0.02228,31.38657519859519
0.022285000000000003,31.371898001482265
0.02229,31.35619134597469
0.022295000000000002,31.34049367293276
0.0223,31.324804977400962
0.022305000000000002,31.3112060575718
0.022310000000000003,31.29968701046923
0.022315,31.292314173888077
0.022320000000000003,31.289068123792035
0.022325,31.28992708096127
0.022330000000000003,31.294868350545066
0.022335,31.303868332854933
0.022340000000000002,31.31690253432413
0.022345,31.33394557862998
0.022350000000000002,31.35497121797545
0.022355000000000003,31.37494268125307
0.02236,31.3918739497406
0.022365000000000003,31.400750300988836
0.02237,31.40157353204902
0.022375000000000003,31.394347864244246
0.02238,31.37984069495507
0.022385000000000002,31.365173048453457
0.02239,31.349469734235623
0.022395,31.333775400170286
0.022400000000000003,31.31809004396098
0.022405,31.304495330869873
0.022410000000000003,31.29298136182998
0.022415,31.285615262967287
0.022420000000000002,31.282377599981416
0.022425,31.283246582511218
0.022430000000000002,31.28819950421261
0.022435000000000004,31.297212753556547
0.02244,31.31026182479341
0.022445000000000003,31.32732132908035
0.02245,31.34836500576782
0.022455000000000003,31.368356500639344
0.02246,31.385309006501313
0.022465000000000002,31.39420822428811
0.02247,31.395055944442728
0.022475000000000002,31.387856381275427
0.022480000000000003,31.373359285251585
0.022485,31.358700830433303
0.022490000000000003,31.343000731933948
0.022495,31.327309611360867
0.022500000000000003,31.311627468976713
0.022505,31.2980368045274
0.022510000000000002,31.28652772270807
0.022515,31.279168108349094
0.022520000000000002,31.275938517271726
0.022525000000000003,31.276817148392226
0.02253,31.281781284305108
0.022535000000000003,31.290807302085735
0.02254,31.30387068425948
0.022545000000000003,31.32094602993381
0.02255,31.34200706608974
0.022555000000000002,31.36201783973429
0.02256,31.378990784834556
0.022565,31.38791200979707
0.022570000000000003,31.3887832987049
0.022575,31.38160885911905
0.022580000000000003,31.367121457790347
0.022585,31.35247184921653
0.022590000000000002,31.33677484558356
0.022595,31.321086817734308
0.022600000000000002,31.305407768394364
0.022605000000000004,31.2918210004321
0.02261,31.280316622163404
0.022615000000000003,31.272963248609624
0.02262,31.269741426084913
0.022625000000000003,31.270629343185913
0.02263,31.275604271861415
0.022635000000000002,31.28464257821947
0.02264,31.297719733501086
0.022645000000000002,31.314810325216936
0.022650000000000003,31.335888068443385
0.022655,31.355917396332334
0.022660000000000003,31.37291001253007
0.022665,31.38185241760174
0.022670000000000003,31.382746389509524
0.022675,31.3755961293188
0.022680000000000002,31.361118058342335
0.022685,31.346476963556285
0.022690000000000002,31.330782938479427
0.022695000000000003,31.31509788712426
0.0227,31.299421814586747
0.022705000000000003,31.285838796675016
0.02271,31.274338945189612
0.022715000000000003,31.266991577901102
0.02272,31.263777231973812
0.022725000000000002,31.264674086072592
0.02273,31.269659401900597
0.022735000000000002,31.278709535010744
0.022740000000000003,31.291799945783755
0.022745,31.30890521056931
0.022750000000000003,31.329999032986564
0.022755,31.350046217820314
0.022760000000000002,31.367057765842674
0.022765,31.376020555039492
0.022770000000000002,31.376936357482062
0.022775000000000004,31.36980936798427
0.02278,31.355340276709768
0.022785000000000003,31.340707375749062
0.02279,31.3250162172892
0.022795000000000003,31.30933403056648
0.0228,31.29366082295817
0.022805000000000002,31.28008141416378
0.02281,31.26858591933759
0.022815000000000002,31.26124433258884
0.022820000000000003,31.258037182275903
0.022825,31.258942637505104
0.022830000000000003,31.26393795011901
0.022835,31.27299946551208
0.022840000000000003,31.286102633612895
0.022845,31.303222020029594
0.022850000000000002,31.324331317354716
0.022855,31.34439568803934
0.022860000000000002,31.361425456396645
0.022865000000000003,31.370407863649003
0.02287,31.37134467619827
0.022875000000000003,31.364240082841757
0.02288,31.34977963379696
0.022885000000000003,31.33515461872392
0.02289,31.319466219148755
0.022895000000000002,31.30378678940079
0.0229,31.28811633905284
0.022905000000000002,31.274540403739113
0.022910000000000003,31.263049101841563
0.022915,31.255713078390198
0.022920000000000003,31.252512853268367
0.022925,31.253426586383085
0.022930000000000002,31.258431520086926
0.022935,31.267503989997643
0.022940000000000002,31.2806194359845
0.022945000000000004,31.29775241331778
0.02295,31.313866508599396
0.022955000000000003,31.326958509519592
0.02296,31.33201392950729
0.022965000000000003,31.32903550988524
0.02297,31.318028411572143
0.022975000000000002,31.30309393632825
0.02298,31.286580332075417
0.022985000000000002,31.271165602080057
0.022990000000000003,31.255512738033016
0.022995,31.239868671986507
0.023000000000000003,31.22423344638507
0.023005,31.210700903347526
0.023010000000000003,31.19926127235367
0.023015,31.19199270446624
0.023020000000000002,31.18887562050119
0.023025,31.189888072974966
0.023030000000000002,31.195007193532767
0.023035000000000003,31.2042092038136
0.02304,31.217469426482598
0.023045000000000003,31.234762296427103
0.02305,31.256061372112868
0.023055000000000003,31.27633612377358
0.02306,31.29358873036822
0.023065000000000002,31.30281080854189
0.02307,31.30400405556265
0.023075000000000002,31.297172586914716
0.023080000000000003,31.282818464449214
0.023085,31.268290556012474
0.023090000000000003,31.2526370577794
0.023095,31.236992439443537
0.023100000000000002,31.221356739813075
0.023105,31.207824133618583
0.023110000000000002,31.196384809745908
0.023115000000000004,31.189117262584286
0.02312,31.186001909350615
0.023125000000000003,31.18701679856186
0.02313,31.192139057694963
0.023135000000000003,31.201344904054345
0.02314,31.21460965580676
0.023145000000000002,31.231907743179843
0.02315,31.253212719820837
0.023155000000000002,31.27349423596742
0.023160000000000004,31.290754128960867
0.023165,31.299984197949396
0.023170000000000003,31.301186137819887
0.023175,31.294364061500062
0.023180000000000003,31.280013050703488
0.023185,31.265487934721378
0.023190000000000002,31.249834903189328
0.023195,31.234190787475193
0.023200000000000002,31.21855562595206
0.023205000000000003,31.205023944707193
0.02321,31.19358591681659
0.023215000000000003,31.18632035904131
0.02322,31.183207684659
0.023225000000000003,31.184225937882744
0.02323,31.189352241730738
0.023235000000000002,31.19856280889598
0.02324,31.21183295278335
0.023245000000000002,31.22913709871041
0.023250000000000003,31.25044879526836
0.023255,31.270737867234164
0.023260000000000003,31.288005821378913
0.023265,31.297244633972277
0.023270000000000002,31.298455997342643
0.023275,31.29164402168964
0.023280000000000002,31.27729667682637
0.023285000000000004,31.26277488470266
0.02329,31.247122785539304
0.023295000000000003,31.23147961781837
0.0233,31.21584542029456
0.023305000000000003,31.20231506439091
0.02331,31.190878716936
0.023315000000000002,31.183615509934313
0.02332,31.1805058526745
0.023325000000000002,31.181527785027196
0.023330000000000004,31.186658425522467
0.023335,31.195873982221514
0.023340000000000003,31.209149763755825
0.023345,31.226460190530073
0.023350000000000003,31.247778806085144
0.023355,31.268075603743686
0.023360000000000002,31.28535177129702
0.023365,31.294599456124324
0.023370000000000002,31.295820347975766
0.023375000000000003,31.289018554309084
0.02338,31.27467503444567
0.023385000000000003,31.260156723031958
0.02339,31.244505738122093
0.023395000000000003,31.228863691187325
0.0234,31.213230621707307
0.023405000000000002,31.19970173666799
0.02341,31.188267200907188
0.023415000000000002,31.181006452088795
0.023420000000000003,31.177899895573592
0.023425,31.178925566963056
0.023430000000000003,31.18406058037937
0.023435,31.193281139339074
0.023440000000000003,31.206562547794178
0.023445,31.223879221336983
0.023450000000000002,31.24520469856516
0.023455000000000004,31.265509135266772
0.02346,31.282793411867175
0.023465000000000003,31.292049840713762
0.02347,31.293280109023375
0.023475000000000003,31.286488321562704
0.02348,31.27214861619583
0.023485000000000002,31.25763378116376
0.02349,31.241983966015702
0.023495000000000002,31.22634309131192
0.023500000000000004,31.210711197390367
0.023505,31.197183815627806
0.023510000000000003,31.18575111075168
0.023515,31.178492815614216
0.023520000000000003,31.1753893317561
0.023525,31.176418690629717
0.023530000000000002,31.181558002075345
0.023535,31.19078346519664
0.023540000000000002,31.204070379403586
0.023545000000000003,31.221393155619246
0.02355,31.24272532764669
0.023555000000000003,31.263037207747722
0.02356,31.280329380365114
0.023565000000000003,31.28959431674461
0.02357,31.29083370164157
0.023575000000000002,31.284051637209338
0.02358,31.269715662802053
0.023585000000000002,31.255204230285027
0.023590000000000003,31.239555584655584
0.023595,31.223915880132804
0.023600000000000003,31.208285157952762
0.023605,31.194759262337882
0.023610000000000003,31.18332835871992
0.023615,31.176072464501942
0.023620000000000002,31.172971977530235
0.023625000000000004,31.17400492524588
0.02363,31.179148413350358
0.023635000000000003,31.188378636682767
0.02364,31.20167089026455
0.023645000000000003,31.218999580508026
0.02365,31.235333248244416
0.023655000000000002,31.248659232300874
0.02366,31.253968076887926
0.023665000000000002,31.251262449327633
0.023670000000000004,31.240547431709597
0.023675,31.225928957762825
0.023680000000000003,31.209532988069135
0.023685,31.194230125455995
0.023690000000000003,31.178615499987345
0.023695,31.1630096454846
0.023700000000000002,31.147412634919057
0.023705,31.1339282310902
0.023710000000000002,31.122546708663492
0.023715000000000003,31.115355236265874
0.02372,31.1123341172819
0.023725000000000003,31.11346127676282
0.02373,31.118713714861173
0.023735000000000003,31.12806751775121
0.02374,31.14149786871748
0.023745000000000002,31.158979059407734
0.02375,31.18048450124657
0.023755000000000002,31.20098843381435
0.023760000000000003,31.21848401575809
0.023765,31.227967707348856
0.023770000000000003,31.229441130250933
0.023775,31.222908319716424
0.023780000000000003,31.208669446613712
0.023785,31.194246701536365
0.023790000000000002,31.178629997880886
0.023795000000000004,31.163022148418012
0.0238,31.14742322124291
0.023805000000000003,31.133936937863382
0.02381,31.122553530317184
0.023815000000000003,31.115360172804746
0.02382,31.11233716952987
0.023825000000000002,31.113462446338083
0.02383,31.118713004158693
0.023835000000000002,31.12806492992566
0.023840000000000004,31.141493407666548
0.023845,31.158972729755764
0.023850000000000003,31.180476308328597
0.023855,31.200978383718784
0.023860000000000003,31.218472111961884
0.023865,31.22795395378867
0.023870000000000002,31.22942553132576
0.023875,31.22289088028626
0.023880000000000002,31.208650782724987
0.023885000000000003,31.194226873319977
0.02389,31.178609250471848
0.023895000000000003,31.163000518824386
0.0239,31.14740074493167
0.023905000000000003,31.133913642825867
0.02391,31.122529427055262
0.023915000000000002,31.115335267961445
0.02392,31.112311470057445
0.023925000000000002,31.11343595949641
0.023930000000000003,31.11868573750602
0.023935,31.128036891309616
0.023940000000000003,31.141464605215262
0.023945,31.158943171869257
0.023950000000000003,31.180446003670294
0.023955,31.200947342984247
0.023960000000000002,31.21844034153983
0.023965000000000004,31.227921461995063
0.02397,31.229392326653254
0.023975000000000003,31.222856971402027
0.02398,31.208616369567892
0.023985000000000003,31.19419197870424
0.02399,31.17857395611918
0.023995000000000002,31.162964841338866
0.024,31.147364700237606
0.024005000000000002,31.13387724686446
0.024010000000000004,31.122492687935956
0.024015,31.115298195081092
0.024020000000000003,31.112274072912015
0.024025,31.11339824767689
0.024030000000000003,31.118647720692923
0.024035,31.127998579267565
0.024040000000000002,31.141426007787736
0.024045,31.15890429897336
0.024050000000000002,31.1804068652917
0.024055000000000003,31.200907951632317
0.02406,31.218400704743015
0.024065000000000003,31.227881589783482
0.02407,31.229352229110823
0.024075000000000003,31.222816658663845
0.02408,31.208575869395045
0.024085000000000002,31.194151297929473
0.02409,31.178533108319897
0.024095000000000002,31.1629238339605
0.024100000000000003,31.147323540430346
0.024105,31.133835945011455
0.024110000000000003,31.122451250919003
0.024115,31.11525663329233
0.024120000000000003,31.112232396749878
0.024125,31.11335646754104
0.024130000000000002,31.118605846980454
0.024135000000000004,31.127956622369293
0.02414,31.141383978084537
0.024145000000000003,31.15886220683262
0.02415,31.175363632585675
0.024155000000000003,31.1888683788805
0.02416,31.194370831540272
0.024165000000000002,31.19187360135657
0.02417,31.181381710201485
0.024175000000000002,31.167004628801322
0.024180000000000004,31.15069854571162
0.024185,31.135481162880986
0.024190000000000003,31.119895781144624
0.024195,31.10431914796761
0.024200000000000003,31.088751359705505
0.024205,31.075303755198203
0.024210000000000002,31.06396664444848
0.024215,31.056834082313546
0.024220000000000002,31.053886282489586
0.024225000000000003,31.055101072677544
0.02423,31.060455352604517
0.024235000000000003,31.06992510498666
0.02424,31.083485406660557
0.024245000000000003,31.10111043987956
0.02425,31.122773503771356
0.024255000000000002,31.143452479815178
0.02426,31.16113363872113
0.024265000000000002,31.17081713938575
0.024270000000000003,31.1725045457319
0.024275,31.166199831736126
0.024280000000000003,31.152048990019946
0.024285,31.13770657331157
0.024290000000000003,31.122117985976217
0.024295,31.1065382324141
0.024300000000000002,31.09096740311704
0.024305000000000004,31.07751650975643
0.024310000000000002,31.066175817694873
0.024315000000000003,31.059039129198386
0.02432,31.056086662166322
0.024325000000000003,31.057296248764615
0.02433,31.062644793283297
0.024335000000000002,31.072108283098103
0.02434,31.08566179980069
0.024345000000000002,31.10327953049369
0.024350000000000004,31.12493477924699
0.024355,31.14560529138942
0.024360000000000003,31.16327759392561
0.024365,31.172951707171443
0.024370000000000003,31.174629197689356
0.024375,31.168314042226964
0.024380000000000002,31.154158649787668
0.024385,31.139812032925644
0.024390000000000002,31.124221457012016
0.024395000000000003,31.10863975314615
0.0244,31.093067009415908
0.024405000000000003,31.079613955850313
0.02441,31.06827083883369
0.024415000000000003,31.061131207549227
0.02442,31.05817528345419
0.024425000000000002,31.059380902548067
0.02443,31.064724973056297
0.024435000000000002,31.074183486390652
0.024440000000000003,31.087731528278052
0.024445,31.10534329005422
0.024450000000000003,31.126992080118576
0.024455,31.147655514093607
0.024460000000000003,31.16532036382911
0.024465,31.174986517776077
0.024470000000000002,31.176655544764888
0.024475000000000004,31.17033142393674
0.024480000000000002,31.156172336045085
0.024485000000000003,31.141822325519072
0.02449,31.126230327685818
0.024495000000000003,31.11064721944819
0.0245,31.095073087395605
0.024505000000000002,31.081618397816623
0.02451,31.070273387961425
0.024515000000000002,31.063131368513435
0.024520000000000004,31.06017256415275
0.024525,31.061374814364367
0.024530000000000003,31.066715030960747
0.024535,31.076169209040856
0.024540000000000003,31.089712438117523
0.024545,31.107318913409774
0.024550000000000002,31.128961947296222
0.024555,31.1496190311437
0.024560000000000002,31.167277171597526
0.024565000000000003,31.176936130855676
0.02457,31.17859747981329
0.024575000000000003,31.172265199796776
0.02458,31.15810285753026
0.024585000000000003,31.143749867733153
0.02459,31.128156722256588
0.024595000000000002,31.112572474605987
0.0246,31.09699721029276
0.024605000000000002,31.083541145040055
0.024610000000000003,31.072194511401655
0.024615,31.065050392828585
0.024620000000000003,31.06208901701228
0.024625,31.06328822670072
0.024630000000000003,31.0686249370686
0.024635,31.078075146674955
0.024640000000000002,31.09161394858926
0.024645000000000004,31.109215541682246
0.024650000000000002,31.12585537313032
0.024655000000000003,31.139507609789906
0.02466,31.14516980894535
0.024665000000000003,31.142844534741158
0.02467,31.132536759358487
0.024675000000000002,31.11835887358142
0.02468,31.10212693850798
0.024685000000000002,31.086980068500946
0.024690000000000004,31.071418785164376
0.024695,31.05586623365023
0.024700000000000003,31.04032252954576
0.024705,31.02690526573044
0.024710000000000003,31.01560478054802
0.024715,31.008520813590273
0.024720000000000002,31.005633504525942
0.024725,31.006920600703126
0.024730000000000002,31.012358918957037
0.024735000000000004,31.021924356607826
0.02474,31.035591902627417
0.024745000000000003,31.05333564897165
0.02475,31.075128802074122
0.024755000000000003,31.09595225007699
0.02476,31.113786577155576
0.024765000000000002,31.123634995694893
0.02477,31.12549902195786
0.024775000000000002,31.119382579343313
0.024780000000000003,31.105304387863285
0.024785,31.091028263257463
0.024790000000000003,31.075462868303944
0.024795,31.059906291056485
0.024800000000000003,31.044358640464125
0.024805,31.030936946586763
0.024810000000000002,31.019631501925684
0.024815000000000004,31.012541580601432
0.024820000000000002,31.00964732926954
0.024825000000000003,31.010926502763372
0.02483,31.016355925596738
0.024835000000000003,31.025911502959172
0.02484,31.039568231880242
0.024845000000000002,31.057300212559053
0.02485,31.079080659855443
0.024855000000000002,31.09989021276377
0.024860000000000004,31.11770992546137
0.024865,31.127542756995336
0.024870000000000003,31.129390228059687
0.024875,31.12325626672557
0.024880000000000003,31.10917079360184
0.024885,31.094887976932867
0.024890000000000002,31.07931972164342
0.024895,31.06376032294432
0.024900000000000002,31.048209886686593
0.024905000000000004,31.034784935102703
0.02491,31.02347574069259
0.024915000000000003,31.01638111885315
0.02492,31.013481222475356
0.024925000000000003,31.014753813132458
0.02493,31.02017572227188
0.024935000000000002,31.029722862207937
0.02494,31.043370237283497
0.024945000000000002,31.061091955196808
0.024950000000000003,31.082861238489954
0.024955,31.103658487701978
0.024960000000000003,31.12146520753366
0.024965,31.131284114724536
0.024970000000000003,31.133116733960435
0.024975,31.12696699753545
0.024980000000000002,31.112875201181623
0.024985000000000004,31.098586593042604
0.024990000000000002,31.083016076920178
0.024995000000000003,31.06745443551951
0.025,31.051901772525493
0.025005000000000003,31.038474128748412
0.02501,31.027161766571346
0.025015000000000003,31.020063064977627
0.02502,31.01715818265789
0.025025000000000002,31.018424887468004
0.025030000000000004,31.023840017327885
0.025035,31.033379491211686
0.025040000000000003,31.04701832030676
0.025045,31.064730619337908
0.025050000000000003,31.086489618053122
0.025055,31.107275488073846
0.025060000000000002,31.12507016684481
0.025065,31.134876138560603
0.025070000000000002,31.13669493163087
0.025075000000000004,31.130530482295516
0.02508,31.116432902596944
0.025085000000000003,31.102139007543194
0.02509,31.086566536428734
0.025095000000000003,31.071002948826525
0.0251,31.05544834670094
0.025105000000000002,31.04201831079654
0.02511,31.030703097854893
0.025115000000000002,31.02360066915141
0.025120000000000003,31.020691188868096
0.025125,31.021952430815745
0.025130000000000003,31.027361239053516
0.025135,31.03689353887656
0.025140000000000003,31.050524347972466
0.025145,31.068227787742888
0.025150000000000002,31.084981883848464
0.025155000000000004,31.09875588537298
0.025160000000000002,31.104549967925124
0.025165000000000003,31.102366657138486
0.02517,31.092210884170314
0.025175000000000003,31.07819745057442
0.02518,31.062026730244757
0.025185000000000003,31.04693807385796
0.02519,31.03139668510102
0.025195000000000002,31.0158640143808
0.025200000000000004,31.00034019316069
0.025205,30.986947977580954
0.025210000000000003,30.975677729368186
0.025215,30.968633881365932
0.025220000000000003,30.965796512126975
0.025225,30.96714330266123
0.025230000000000002,30.972651001369524
0.025235,30.982295435070245
0.025240000000000002,30.996051520195444
0.025245000000000004,31.01389327415258
0.02525,31.035793826848217
0.025255000000000003,31.056736548694573
0.02526,31.0746973291218
0.025265000000000003,31.084681901443574
0.02527,31.0866917425754
0.025275000000000002,31.080730734159875
0.02528,31.066712521489084
0.025285000000000002,31.052491126506197
0.025290000000000003,31.03694487858457
0.025295,31.02140743511855
0.025300000000000003,31.005878920294645
0.025305,30.992481332889035
0.025310000000000003,30.9812049878016
0.025315,30.97415367665776
0.025320000000000002,30.971307487294997
0.025325000000000004,30.972644110701847
0.025330000000000002,30.978140305529806
0.025335000000000003,30.987771909116436
0.02534,31.001513848677828
0.025345000000000003,31.01934015266655
0.02535,31.041223962291664
0.025355000000000003,31.062148305528552
0.02536,31.08008971824342
0.025365000000000002,31.09005358567011
0.025370000000000004,31.092041390634254
0.025375,31.086057021020252
0.025380000000000003,31.072029272362343
0.025385,31.057799128283957
0.025390000000000003,31.04224930051476
0.025395,31.0267083165809
0.025400000000000002,31.011176296998215
0.025405,30.997774545982313
0.025410000000000002,30.986493357590863
0.025415000000000004,30.979435894952722
0.02542,30.976582254351268
0.025425000000000003,30.97791013591428
0.02543,30.983396307702076
0.025435000000000003,30.993016616726962
0.02544,31.006746000142005
0.025445000000000002,31.02455849659526
0.02545,31.04642725774591
0.025455000000000002,31.0673349833322
0.025460000000000003,31.085258829549375
0.025465,31.0952038481436
0.025470000000000003,31.097171527355496
0.025475,31.091165760802657
0.025480000000000003,31.077129519572036
0.025485,31.062891604536993
0.025490000000000002,31.047338823427324
0.025495000000000004,31.031794904762595
0.025500000000000002,31.016259966341437
0.025505000000000003,31.002854651242767
0.02551,30.991569242597773
0.025515000000000003,30.984506303726985
0.02552,30.981645938840856
0.025525000000000003,30.982965856659
0.02553,30.988442834096393
0.025535000000000002,30.998052727279326
0.025540000000000004,31.01177048273046
0.025545,31.029570148719397
0.025550000000000003,31.046432182775447
0.025555,31.060321195909147
0.025560000000000003,31.06623983320143
0.025565,31.064190583921974
0.025570000000000002,31.05417834049408
0.025575,31.040320178047377
0.025580000000000002,31.02420730486577
0.025585000000000004,31.00917365956189
0.02559,30.993651119082777
0.025595000000000003,30.978137280240574
0.0256,30.96263228961364
0.025605000000000003,30.949263773834677
0.02561,30.938022118289
0.025615000000000002,30.931016182693796
0.02562,30.928225987930965
0.025625000000000002,30.929629152414314
0.025630000000000003,30.935202359972287
0.025635,30.944921370901888
0.025640000000000003,30.9587610331923
0.025645,30.97669529391451
0.025650000000000003,30.998697210773276
0.025655,31.019752495186115
0.025660000000000002,31.037832609056096
0.025665000000000004,31.047945663173323
0.025670000000000002,31.05009309732595
0.025675000000000003,31.044278753757496
0.02568,31.030317157336604
0.025685000000000003,31.01614742565698
0.02569,31.000619273259474
0.025695000000000003,30.98509991129574
0.0257,30.969589478386148
0.025705000000000002,30.95621465962798
0.025710000000000004,30.94496579176574
0.025715000000000002,30.937950927062207
0.025720000000000003,30.93515009787059
0.025725,30.936540934954444
0.025730000000000003,30.942100134837972
0.025735,30.951803470855385
0.025740000000000002,30.96562580436984
0.025745,30.983541096158277
0.025750000000000002,31.005522417958574
0.025755000000000004,31.02655505071933
0.02576,31.044611269248076
0.025765000000000003,31.054698746845027
0.02577,31.05681893061471
0.025775000000000003,31.050975670534076
0.02578,31.037002382819818
0.025785000000000002,31.02282193430241
0.02579,31.007289502072727
0.025795000000000002,30.99176590096471
0.025800000000000003,30.976251265352662
0.025805,30.962871409357717
0.025810000000000003,30.95161664769151
0.025815,30.944594243792174
0.025820000000000003,30.941784240552174
0.025825,30.943164280145897
0.025830000000000002,30.94871107084935
0.025835000000000004,30.958400398084827
0.025840000000000002,30.972207135635177
0.025845000000000003,30.990105257023913
0.02585,31.00707770239108
0.025855000000000003,31.02108434798816
0.02586,31.027130359932432
0.025865000000000003,31.02521819031544
0.02587,31.015352691962917
0.025875000000000002,31.000234806359856
0.025880000000000004,30.985059864597297
0.025885000000000002,30.969548328412422
0.025890000000000003,30.954045758766952
0.025895,30.938551867173747
0.025900000000000003,30.923066813853932
0.025905,30.909723307939686
0.025910000000000002,30.898511756799522
0.025915,30.89154570458697
0.025920000000000002,30.888805111667583
0.025925000000000004,30.89026753071826
0.02593,30.895909577758406
0.025935000000000003,30.9057069432324
0.02594,30.919634403262084
0.025945000000000003,30.937665831065626
0.02595,30.959774208539002
0.025955000000000002,30.980947703280822
0.02596,30.999153131656687
0.025965000000000002,31.00940109892967
0.025970000000000003,31.011693005906125
0.025975,31.006032653464203
0.025980000000000003,30.9921305567897
0.025985,30.97801512493458
0.025990000000000003,30.96250604598147
0.025995,30.947005739273013
0.026000000000000002,30.931514358711844
0.026005000000000004,30.91816350719965
0.026010000000000002,30.90694354602709
0.026015000000000003,30.89996699847111
0.02602,30.89721383863836
0.026025000000000003,30.898661634071548
0.02603,30.904287016078882
0.026035000000000003,30.914065690810936
0.02604,30.92797245050736
0.026045000000000002,30.94598118490993
0.026050000000000004,30.968064892838097
0.026055000000000002,30.989211219014777
0.026060000000000003,31.007387967672976
0.026065,31.01760521271909
0.026070000000000003,31.019864363760167
0.026075,31.01416923098185
0.026080000000000002,31.00025313459049
0.026085,30.986124875109322
0.026090000000000002,30.970610733003742
0.026095000000000004,30.955105407118225
0.0261,30.93960904643215
0.026105000000000003,30.926252197150276
0.02611,30.915025196392257
0.026115000000000003,30.908039609785956
0.02612,30.905275424193295
0.026125000000000002,30.906710220971295
0.02613,30.912320645657957
0.026135000000000002,30.922082419043416
0.026140000000000004,30.935970348410976
0.026145,30.953958338944318
0.026150000000000003,30.976019405297215
0.026155,30.997140690349298
0.026160000000000003,31.01529094696141
0.026165,31.025479739229056
0.026170000000000002,31.027708484946597
0.026175000000000004,31.021981002973696
0.026180000000000002,31.00805216488893
0.026185000000000003,30.993912255104263
0.02619,30.97839377972735
0.026195000000000003,30.96288414173924
0.0262,30.947383486268436
0.026205000000000003,30.93402135048042
0.02621,30.922788058230633
0.026215000000000002,30.91579425915344
0.026220000000000004,30.913019952165943
0.026225000000000002,30.914442731696703
0.026230000000000003,30.920039256758777
0.026235,30.929785262015475
0.026240000000000003,30.94365556901571
0.026245,30.961624097595593
0.026250000000000002,30.978675579673226
0.026255,30.99276647401192
0.026260000000000002,30.99890376612995
0.026265000000000004,30.997089881449412
0.02627,30.987329644380228
0.026275000000000003,30.9722529604416
0.02628,30.95711568925346
0.026285000000000003,30.94161785068168
0.02629,30.92612897685994
0.026295000000000002,30.91064878929359
0.0263,30.895177438937104
0.026305000000000002,30.8818509971269
0.026310000000000004,30.870659832916704
0.026315,30.863721063740556
0.026320000000000003,30.861014607930198
0.026325,30.862517972072524
0.026330000000000003,30.86820772463168
0.026335,30.878059507051706
0.026340000000000002,30.89204804502939
0.026345000000000004,30.910147159953816
0.026350000000000002,30.932329780508727
0.026355000000000003,30.953585805792024
0.02636,30.97187877509815
0.026365000000000003,30.982221052113122
0.02637,30.984614010361398
0.026375000000000003,30.979061421758317
0.02638,30.96520091786929
0.026385000000000002,30.95112344116075
0.026390000000000004,30.935627644920785
0.026395000000000002,30.920140614829588
0.026400000000000003,30.904662515235263
0.026405,30.89132841475135
0.026410000000000003,30.880128688677917
0.026415,30.87317901299381
0.026420000000000003,30.870459320791834
0.026425,30.871947135092014
0.026430000000000002,30.877619041271398
0.026435000000000004,30.887450698160265
0.02644,30.901416849308575
0.026445000000000003,30.91949133441884
0.02645,30.9416471009418
0.026455000000000003,30.962873460727838
0.02646,30.981135064904695
0.026465000000000002,30.991443680458335
0.02647,30.993800690587662
0.026475000000000002,30.988209877452345
0.026480000000000004,30.974334016485326
0.026485,30.960242469364253
0.026490000000000003,30.944741151729154
0.026495,30.92924864281353
0.026500000000000003,30.91376510177198
0.026505,30.900424411530423
0.026510000000000002,30.889216923590357
0.026515000000000004,30.88225723740504
0.026520000000000002,30.879525300345705
0.026525000000000003,30.880998650902615
0.02653,30.88665389039172
0.026535000000000003,30.896466694044506
0.02654,30.910411822267925
0.026545000000000003,30.928463132070767
0.02655,30.945607441412257
0.026555000000000002,30.959797230643513
0.026560000000000004,30.966041603620443
0.026565000000000002,30.96434295451253
0.026570000000000003,30.954706074444115
0.026575,30.939677909321805
0.026580000000000003,30.924585019737165
0.026585,30.90910354878512
0.026590000000000003,30.89363102369734
0.026595,30.878167178309397
0.026600000000000002,30.862712153389154
0.026605000000000004,30.849405937757084
0.02661,30.838238863306294
0.026615000000000003,30.83133221100119
0.02662,30.8286658500952
0.026625000000000003,30.83021723337308
0.02663,30.835962873794678
0.026635000000000002,30.845878355620933
0.02664,30.859938345710475
0.026645000000000002,30.87811660498306
0.026650000000000004,30.900386000046222
0.026655,30.921738445312428
0.026660000000000003,30.940133666043963
0.026665,30.9505860726376
0.026670000000000003,30.95309700677344
0.026675,30.94767020656616
0.026680000000000002,30.933858353859286
0.026685000000000004,30.919825282687118
0.026690000000000002,30.904345127570434
0.026695000000000003,30.88887372426092
0.0267,30.873411249566033
0.026705000000000003,30.8600968076553
0.02671,30.84892079355779
0.026715000000000003,30.842002553782336
0.02672,30.839321973620947
0.026725000000000002,30.84085652420881
0.026730000000000004,30.84658273740044
0.026735000000000002,30.856476216888478
0.026740000000000003,30.870511649492908
0.026745,30.88866281661709
0.026750000000000003,30.910902605866784
0.026755,30.932222269238327
0.026760000000000003,30.950582788473973
0.026765,30.960997900934537
0.026770000000000002,30.963468959045127
0.026775000000000004,30.957999712308887
0.02678,30.944170784290595
0.026785000000000003,30.930122064789366
0.02679,30.914635753167722
0.026795000000000003,30.899158238283633
0.0268,30.883689691268774
0.026805000000000002,30.87036787900424
0.02681,30.859183171265585
0.026815000000000002,30.852253698640478
0.026820000000000004,30.84955936251342
0.026825,30.851077651458947
0.026830000000000003,30.856785115300834
0.026835,30.86665737622361
0.026840000000000003,30.880669140054533
0.026845,30.898794207712136
0.026850000000000002,30.921005486817783
0.026855000000000004,30.94229359195332
0.026860000000000002,30.960620709906497
0.026865000000000003,30.970999930543755
0.02687,30.973432616627253
0.026875000000000003,30.967922528615446
0.02688,30.954077579958664
0.026885000000000003,30.940014217977232
0.02689,30.924522524290126
0.026895000000000002,30.90903964935416
0.026900000000000004,30.893565759613203
0.026905000000000002,30.88023734150545
0.026910000000000003,30.86904475026248
0.026915,30.86210495372119
0.026920000000000003,30.859397868534813
0.026925,30.860900999837515
0.026930000000000003,30.866590914526416
0.026935,30.87644325236613
0.026940000000000002,30.890432737263552
0.026945000000000004,30.908533188709196
0.02695,30.925732678498118
0.026955000000000003,30.939981295467856
0.02696,30.946289416618377
0.026965000000000003,30.94465941748855
0.02697,30.93509606935
0.026975000000000002,30.920096649552747
0.02698,30.90503003845084
0.026985000000000002,30.889558086696553
0.026990000000000004,30.8740950821922
0.026995,30.85864076565642
0.027000000000000003,30.84319527127806
0.027005,30.829900940165757
0.027010000000000003,30.818748076231998
0.027015,30.81186046038671
0.027020000000000002,30.809217932491414
0.027025000000000004,30.81079791310081
0.027030000000000002,30.816576881918742
0.027035000000000003,30.82653038893834
0.02704,30.84063306575292
0.027045000000000003,30.858858637033855
0.02705,30.88117993217185
0.027055000000000003,30.9025900773199
0.02706,30.921046504344897
0.027065000000000002,30.931564854216525
0.027070000000000004,30.934146449536676
0.027075000000000002,30.928795008165427
0.027080000000000003,30.9150122251833
0.027085,30.901005679882545
0.027090000000000003,30.885534791848286
0.027095,30.87007265249278
0.027100000000000003,30.85461944588608
0.027105,30.84131670129983
0.027110000000000002,30.83015482302978
0.027115000000000004,30.82325536374716
0.027120000000000002,30.8205981800517
0.027125000000000003,30.822160711930753
0.02713,30.827919459105043
0.027135000000000003,30.837849992161033
0.02714,30.85192696385393
0.027145000000000002,30.87012412057761
0.02715,30.89241431399774
0.027155000000000002,30.913789962840884
0.027160000000000004,30.932209842151245
0.027165,30.942688874178096
0.027170000000000003,30.94522839287139
0.027175,30.93983212812683
0.027180000000000003,30.92603134164724
0.027185,30.91200829892022
0.027190000000000002,30.896530949667255
0.027195000000000004,30.881062392413305
0.027200000000000002,30.865602805389816
0.027205000000000003,30.85229229053981
0.02721,30.841121227462615
0.027215000000000003,30.83420986987827
0.02722,30.831538091538427
0.027225000000000003,30.833083351022086
0.02723,30.83882216720886
0.027235000000000002,30.84873013040361
0.027240000000000004,30.8627819136316
0.027245000000000002,30.880951284100483
0.027250000000000003,30.898228048675115
0.027255,30.91255898716553
0.027260000000000003,30.918956238515246
0.027265,30.91742215225226
0.027270000000000003,30.907961471946468
0.027275,30.893002452288624
0.027280000000000002,30.87797279807117
0.027285000000000004,30.86251449410314
0.027290000000000002,30.84706512031887
0.027295000000000003,30.83162442774901
0.0273,30.8161925421583
0.027305000000000003,30.802915063283365
0.02731,30.791782264730035
0.027315000000000002,30.784921390710494
0.02732,30.782312240253848
0.027325000000000002,30.783932189153184
0.027330000000000004,30.78975767093528
0.027335,30.799764188020145
0.027340000000000003,30.813926323051632
0.027345,30.832217750395245
0.027350000000000003,30.854611247799568
0.027355,30.876101617616094
0.027360000000000002,30.894643119480612
0.027365000000000004,30.905253096679346
0.027370000000000002,30.90793284532091
0.027375000000000003,30.90268605514502
0.02738,30.888943756298392
0.027385000000000003,30.874974162950313
0.02739,30.859516298762323
0.027395000000000003,30.844067170738963
0.0274,30.828626973337506
0.027405000000000002,30.815340592467425
0.027410000000000004,30.80419844911043
0.027415000000000002,30.79732514891496
0.027420000000000003,30.79470050871818
0.027425,30.796301925348036
0.027430000000000003,30.802105854003898
0.027435,30.812087819407623
0.027440000000000003,30.82622242712558
0.027445,30.844483375057777
0.027450000000000002,30.86684346509047
0.027455000000000004,30.888296729608836
0.027460000000000002,30.906798891762268
0.027465000000000003,30.91736651260282
0.02747,30.920000900481952
0.027475000000000003,30.914705758130975
0.02748,30.900944015493454
0.027485000000000002,30.886956601694312
0.02749,30.87149173982195
0.027495000000000002,30.85603565971999
0.027500000000000004,30.840588549592436
0.027505,30.82729374181056
0.027510000000000003,30.816141631296826
0.027515,30.809255408725434
0.027520000000000003,30.8066149095976
0.027525,30.808197550974075
0.027530000000000002,30.81397980890511
0.027535000000000004,30.823937229573136
0.027540000000000002,30.83804444060621
0.027545000000000004,30.856275162558504
0.02755,30.873620754629698
0.027555000000000003,30.88802503597888
0.02756,30.894501721875642
0.027565000000000003,30.893053138653986
0.02757,30.883684005176935
0.027575000000000002,30.868760920942567
0.027580000000000004,30.85376413152151
0.027585000000000002,30.83831787774494
0.027590000000000003,30.822880545286626
0.027595,30.807451894137664
0.027600000000000003,30.792032042296533
0.027605,30.778769503750212
0.027610000000000003,30.767654522151926
0.027615,30.760817438966228
0.027620000000000002,30.75823801674406
0.027625000000000004,30.759893591285547
0.027630000000000002,30.765760554856683
0.027635000000000003,30.77581436736631
0.02764,30.790029567714345
0.027645000000000003,30.808379785307494
0.02765,30.830837751738674
0.027655000000000002,30.85239976923209
0.02766,30.8710172588179
0.027665000000000002,30.881709087002925
0.027670000000000004,30.884476526224002
0.027675,30.87932324109303
0.027680000000000003,30.86561707590572
0.027685,30.85168046007751
0.027690000000000003,30.83623418063261
0.027695,30.820796628917027
0.027700000000000002,30.805368008567555
0.027705000000000004,30.792096208359464
0.027710000000000002,30.780971662900175
0.027715000000000004,30.77412170925706
0.02772,30.77152612871198
0.027725000000000003,30.773162279498138
0.02773,30.779006577000747
0.027735000000000003,30.789034504924985
0.02774,30.80322062663501
0.027745000000000002,30.821538596660268
0.027750000000000004,30.8439611723655
0.027755000000000002,30.865483830141116
0.027760000000000003,30.8840595620708
0.027765,30.894706395702194
0.027770000000000003,30.897425616495195
0.027775,30.892220902888255
0.027780000000000003,30.878494057878793
0.027785,30.864538487846996
0.027790000000000002,30.849084769474388
0.027795000000000004,30.83363982495921
0.027800000000000002,30.818203851377856
0.027805000000000003,30.80492307159345
0.02781,30.79378789365464
0.027815000000000003,30.78692413623041
0.02782,30.78431160060404
0.027825000000000003,30.785927666694086
0.02783,30.79174877223504
0.027835000000000002,30.801750423936188
0.027840000000000004,30.815907208811407
0.027845,30.83419280567623
0.027850000000000003,30.85159996290075
0.027855,30.866069850172934
0.027860000000000003,30.87261759339757
0.027865,30.87124549815961
0.027870000000000002,30.861958261219105
0.027875000000000004,30.847067316278885
0.027880000000000002,30.832099919179683
0.027885000000000004,30.816664434508606
0.02789,30.80123786380166
0.027895000000000003,30.785819975044546
0.0279,30.770410879265018
0.027905000000000003,30.757161698279234
0.02791,30.746062648679224
0.027915000000000002,30.73924684351507
0.027920000000000004,30.736694012698578
0.027925000000000002,30.738381456245488
0.027930000000000003,30.74428552950267
0.027935,30.754381654340772
0.027940000000000003,30.768644330518235
0.027945,30.78704714721293
0.027950000000000003,30.809562794717827
0.027955,30.83118891749855
0.027960000000000002,30.84987439630031
0.027965000000000004,30.860639460763377
0.027970000000000002,30.863485362143763
0.027975000000000003,30.85841574256956
0.02798,30.844741905216186
0.027985000000000003,30.830834793186806
0.02799,30.81539887471902
0.027995000000000003,30.799971676681736
0.028,30.784553410916114
0.028005000000000002,30.771294653411733
0.028010000000000004,30.760185850851638
0.028015,30.753356784623204
0.028020000000000003,30.75078720419195
0.028025,30.752454433254677
0.028030000000000003,30.758334851568975
0.028035,30.76840390613615
0.028040000000000002,30.782636122555477
0.028045000000000004,30.801005116545944
0.028050000000000002,30.823483605631758
0.028055000000000004,30.845068358457205
0.02806,30.863709923046414
0.028065000000000003,30.87442763932686
0.02807,30.877222772273942
0.028075000000000003,30.872098978587616
0.02808,30.85840336005708
0.028085000000000002,30.84447628375856
0.028090000000000004,30.829032535003037
0.028095000000000002,30.813597553135775
0.028100000000000003,30.798171543168486
0.028105,30.78490331466536
0.028110000000000003,30.77378328736873
0.028115,30.76693963174864
0.028120000000000003,30.76435211846739
0.028125,30.765998094205642
0.028130000000000002,30.771853962409732
0.028135000000000004,30.78189519446499
0.028140000000000002,30.79609634104021
0.028145000000000003,30.814431043599495
0.02815,30.831893293698414
0.028155000000000003,30.846421889980036
0.02816,30.853033220743296
0.028165000000000003,30.85172957300519
0.02817,30.8425156237462
0.028175000000000002,30.827653438932273
0.028180000000000004,30.8127123437423
0.028185,30.79728649516233
0.028190000000000003,30.781869554017632
0.028195,30.766461295446202
0.028200000000000003,30.75106182423575
0.028205,30.737824595970707
0.028210000000000002,30.72673980300253
0.028215000000000004,30.719943038696155
0.028220000000000002,30.717414003754723
0.028225000000000004,30.719129966170488
0.02823,30.725067248251417
0.028235000000000003,30.735201237827727
0.02824,30.74950639963008
0.028245000000000003,30.767956286835485
0.02825,30.790523552777472
0.028255000000000002,30.812207043111542
0.028260000000000004,30.830953365247165
0.028265000000000002,30.841783968710892
0.028270000000000003,30.84470008580399
0.028275,30.83970533853377
0.028280000000000003,30.826060431041277
0.028285,30.81217972164253
0.028290000000000003,30.79675307478662
0.028295,30.781335141852043
0.028300000000000002,30.765926142021197
0.028305000000000004,30.7526790561023
0.028310000000000002,30.741584341574313
0.028315000000000003,30.734773967276123
0.02832,30.732227654200567
0.028325000000000003,30.73392269513758
0.02833,30.73983543796127
0.028335000000000003,30.74994129682637
0.02834,30.764214763536035
0.028345000000000002,30.782629419077406
0.028350000000000004,30.805157945321096
0.028355,30.826798267367455
0.028360000000000003,30.8454987460172
0.028365,30.85627989566479
0.028370000000000003,30.85914296295394
0.028375,30.854091585130597
0.028380000000000002,30.84042391127551
0.028385000000000004,30.826522334096623
0.028390000000000002,30.81108750703728
0.028395000000000004,30.795661440639538
0.0284,30.780244347016115
0.028405000000000003,30.76698735060375
0.02841,30.755880881604867
0.028415000000000003,30.749055215147735
0.02842,30.7464900944916
0.028425000000000002,30.748162836572174
0.028430000000000004,30.754049814150903
0.028435000000000002,30.76412646700131
0.028440000000000003,30.77836731326654
0.028445,30.79674596098448
0.028450000000000003,30.814257514255143
0.028455,30.82883864983952
0.028460000000000003,30.835506885771096
0.028465,30.83426449245018
0.028470000000000002,30.825116129156292
0.028475000000000004,30.81027968203488
0.028480000000000002,30.795362124651252
0.028485000000000003,30.779944899428184
0.02849,30.76453657580237
0.028495000000000003,30.7491369353123
0.0285,30.733746077161175
0.028505000000000003,30.72051954545519
0.02851,30.7094475108504
0.028515000000000002,30.702667786380033
0.028520000000000004,30.70016004660797
0.028525000000000002,30.701901530868273
0.028530000000000003,30.707868531901934
0.028535,30.718036407075974
0.028540000000000003,30.73237958977419
0.028545,30.75087160095599
0.028550000000000002,30.773485060879366
0.028555000000000004,30.79521989016197
0.028560000000000002,30.814020661772297
0.028565000000000004,30.824909916930686
0.02857,30.82788887097558
0.028575000000000003,30.822961127907927
0.02858,30.80934211009707
0.028585000000000003,30.795485028728496
0.02859,30.78006667912057
0.028595000000000002,30.764657037610853
0.028600000000000004,30.749256329951475
0.028605000000000002,30.736019689057006
0.028610000000000003,30.724937582066893
0.028615,30.718143935401585
0.028620000000000003,30.71561844457334
0.028625,30.717338374713094
0.028630000000000003,30.72328004516201
0.028635,30.73341884067995
0.028640000000000002,30.747729222825466
0.028645000000000004,30.766184741503686
0.028650000000000002,30.783782423197817
0.028655000000000003,30.798455278576732
0.02866,30.80522277791992
0.028665000000000003,30.804087162680464
0.02867,30.79505306131737
0.028675000000000003,30.780261727236415
0.02868,30.765385451420425
0.028685000000000002,30.74998361790091
0.028690000000000004,30.734590656262736
0.028695000000000002,30.71920635991672
0.028700000000000003,30.70383081912057
0.028705,30.69062319043281
0.028710000000000003,30.67957361572306
0.028715,30.672823747419468
0.028720000000000002,30.670353214754144
0.028725000000000004,30.67213920737502
0.028730000000000002,30.678157966771096
0.028735000000000004,30.68838479751296
0.02874,30.702794078665367
0.028745000000000003,30.721359275368048
0.02875,30.744052950581004
0.028755000000000003,30.76587688173712
0.02876,30.784772127878515
0.028765000000000002,30.79576311601139
0.028770000000000004,30.798851032067862
0.028775000000000002,30.79403944884016
0.028780000000000003,30.780465432424776
0.028785,30.76664943210131
0.028790000000000003,30.751245626295965
0.028795,30.735850510063752
0.028800000000000003,30.720464320857378
0.028805,30.70724591105789
0.028810000000000002,30.69618576849127
0.028815000000000004,30.689421202206542
0.028820000000000002,30.68693186362746
0.028825000000000003,30.68869497003362
0.02883,30.694686791407168
0.028835000000000003,30.704882661662037
0.02884,30.71925699004496
0.028845000000000003,30.737783272704633
0.02885,30.760434104425144
0.028855000000000002,30.78221023261479
0.028860000000000004,30.80105468030515
0.028865000000000002,30.81199082818508
0.028870000000000003,30.815019878112356
0.028875,30.81014541980822
0.028880000000000003,30.796546070876822
0.028885,30.78270684409459
0.028890000000000002,30.767293885227073
0.028895000000000004,30.75188966802666
0.028900000000000002,30.73649442209417
0.028905000000000004,30.72326492219255
0.02891,30.712191625846454
0.028915000000000003,30.70540994511174
0.02892,30.702899556337393
0.028925000000000003,30.70463770383341
0.02893,30.71060068544266
0.028935000000000002,30.72076386375875
0.028940000000000004,30.735101677515516
0.028945000000000002,30.75358765314457
0.028950000000000004,30.771219609760575
0.028955,30.785929045992276
0.028960000000000003,30.792736236852388
0.028965,30.791643412168998
0.028970000000000003,30.782655188003364
0.028975,30.767881608413187
0.028980000000000002,30.753021547266282
0.028985000000000004,30.737625410596625
0.028990000000000002,30.722238159502407
0.028995000000000003,30.706859591215245
0.029,30.691489791373744
0.029005000000000003,30.678289401167802
0.02901,30.667248539095485
0.029015000000000003,30.66051043535142
0.02902,30.658054700695274
0.029025000000000002,30.659858504509533
0.029030000000000004,30.665898067366307
0.029035000000000002,30.676148672276923
0.029040000000000003,30.690584676113556
0.029045,30.70917952119923
0.029050000000000003,30.731905747062452
0.029055,30.753765897563063
0.029060000000000002,30.77269958102081
0.029065000000000004,30.78373200273496
0.029070000000000002,30.786864336639784
0.029075000000000004,30.782100142785534
0.02908,30.768544329296276
0.029085000000000003,30.754744931874338
0.02909,30.739346849277705
0.029095000000000003,30.72395745980348
0.0291,30.708577005267813
0.029105000000000002,30.69536587058155
0.029110000000000004,30.684314546820374
0.029115000000000002,30.677561737625005
0.029120000000000004,30.675087076320327
0.029125,30.67686776053396
0.029130000000000003,30.682880039971156
0.029135,30.693099227652706
0.029140000000000003,30.707499711324612
0.029145,30.72605496503615
0.029150000000000002,30.74873756088221
0.029155000000000004,30.770548984416145
0.029160000000000002,30.78943086250792
0.029165000000000003,30.800407325459094
0.02917,30.803479563470116
0.029175000000000003,30.79865115388852
0.02918,30.78506952637783
0.029185000000000003,30.771246465703584
0.02919,30.75583911493714
0.029195000000000002,30.74044050532138
0.029200000000000004,30.72505087084549
0.029205000000000002,30.71182846297078
0.029210000000000003,30.70076374426459
0.029215,30.693993469646347
0.029220000000000003,30.691497298004816
0.029225,30.693252454694967
0.029230000000000003,30.699235218003928
0.029235000000000004,30.709420930377114
0.029240000000000002,30.723784009816143
0.029245000000000004,30.742297961444823
0.02925,30.75996131461118
0.029255000000000003,30.77470421333144
0.02926,30.78154765381244
0.029265000000000003,30.78049385529394
0.02927,30.77154742255666
0.029275000000000002,30.75679022061293
0.029280000000000004,30.74194513525556
0.029285000000000002,30.726554463188513
0.029290000000000004,30.711172674585775
0.029295,30.69579957069796
0.029300000000000003,30.680435233540734
0.029305,30.667241637289404
0.029310000000000003,30.656208885875888
0.029315,30.649481626173074
0.029320000000000002,30.647039452267286
0.029325000000000004,30.64885951525972
0.029330000000000002,30.654918016860712
0.029335000000000003,30.66519022064731
0.02934,30.679650463492955
0.029345000000000003,30.69827216716571
0.02935,30.721027850091154
0.029355000000000003,30.74292074242317
0.02936,30.761889153603434
0.029365000000000002,30.77295898590163
0.029370000000000004,30.77613140243107
0.029375000000000002,30.771409951754798
0.029380000000000003,30.7578706439996
0.029385,30.74408630952314
0.029390000000000003,30.72869350675729
0.029395,30.7133093940931
0.029400000000000003,30.69793421751206
0.029405000000000004,30.68472973573611
0.029410000000000002,30.673686445679298
0.029415000000000004,30.66694430067012
0.02942,30.664482917771952
0.029425000000000003,30.666279476960103
0.02943,30.672310209729414
0.029435000000000003,30.682550410339786
0.02944,30.696974447233725
0.029445000000000002,30.715555774622203
0.029450000000000004,30.733294603984405
0.029455000000000002,30.74811787144823
0.029460000000000004,30.7550482815018
0.029465,30.754088028027304
0.029470000000000003,30.74524168880875
0.029475,30.730524039428683
0.029480000000000003,30.715715150407334
0.029485,30.700338006577507
0.029490000000000002,30.684969717808638
0.029495000000000004,30.669610095839058
0.029500000000000002,30.65425921494327
0.029505000000000003,30.641082210736236
0.02951,30.630069163026196
0.029515000000000003,30.62336807873976
0.02952,30.62095851227651
0.029525000000000003,30.62281757124059
0.02953,30.628921412475602
0.029535000000000002,30.639245253340963
0.029540000000000004,30.653763383160683
0.029545000000000002,30.672449174840786
0.029550000000000003,30.695275096651727
0.029555,30.717246003431388
0.029560000000000003,30.736297130019107
0.029565,30.747456028725903
0.029570000000000003,30.750723836922038
0.029575000000000004,30.746104075850507
0.029580000000000002,30.73260417803935
0.029585000000000004,30.718855821581762
0.02959,30.70347577032286
0.029595000000000003,30.6881043919203
0.0296,30.67274194263655
0.029605000000000003,30.659553435920856
0.02961,30.648529387277133
0.029615000000000002,30.641812709931894
0.029620000000000004,30.63938298236256
0.029625000000000002,30.64121734266607
0.029630000000000004,30.647291979139972
0.029635,30.657582141546047
0.029640000000000003,30.672062152546314
0.029645,30.690705419307424
0.029650000000000003,30.713484445269856
0.029655,30.735402940639194
0.029660000000000002,30.754398324862823
0.029665000000000004,30.765496987570355
0.029670000000000002,30.76870008365414
0.029675000000000003,30.764011152994854
0.02968,30.750483397883166
0.029685000000000003,30.736709499468372
0.02969,30.721319398107493
0.029695000000000003,30.705938022443096
0.0297,30.690565620269243
0.029705000000000002,30.67736489697034
0.029710000000000004,30.6663263368779
0.029715000000000002,30.65959074410623
0.029720000000000003,30.657137724798556
0.029725,30.65894444705922
0.029730000000000003,30.664987130117446
0.029735,30.67524105557838
0.029740000000000003,30.689680578846236
0.029745000000000004,30.708279140715742
0.029750000000000002,30.726037410598266
0.029755000000000004,30.740881450941277
0.02976,30.74783443109464
0.029765000000000003,30.746898538315012
0.02977,30.738078343314374
0.029775000000000003,30.723370702994995
0.02978,30.70857094508066
0.029785000000000002,30.69319690133696
0.029790000000000004,30.67783172820343
0.029795000000000002,30.662475239309835
0.029800000000000004,30.647127505987857
0.029805,30.633954520142456
0.029810000000000003,30.62294634469272
0.029815,30.61625189654099
0.029820000000000003,30.61385071947913
0.029825,30.615719909468297
0.029830000000000002,30.62183561133109
0.029835000000000004,30.632173030033155
0.029840000000000002,30.646706442137205
0.029845000000000003,30.665409207425828
0.02985,30.688253780689276
0.029855000000000003,30.71024545979937
0.02986,30.729318640915825
0.029865000000000003,30.740501326215764
0.02987,30.743794646175267
0.029875000000000002,30.739202114712946
0.029880000000000004,30.72571262972162
0.029885000000000002,30.711973766526945
0.029890000000000003,30.69659694125456
0.029895,30.681228794182303
0.029900000000000003,30.665869583957864
0.029905,30.652685209107332
0.029910000000000003,30.641666185457897
0.029915000000000004,30.63495623190009
0.029920000000000002,30.632534916478466
0.029925000000000004,30.63437936595934
0.029930000000000002,30.640465756947613
0.029935000000000003,30.650769327155476
0.02994,30.665264386843408
0.029945000000000003,30.68392433042972
0.02995,30.701751359279882
0.029955000000000002,30.716668614343842
0.029960000000000004,30.72370082074503
0.029965000000000002,30.7228501426411
0.029970000000000004,30.714121126152204
0.029975,30.699449522748942
0.029980000000000003,30.684682744489347
0.029985,30.669321033699067
0.029990000000000003,30.653968167153547
0.029995,30.638623968054326
0.030000000000000002,30.62328850070112
0.030005000000000004,30.610130636293864
0.030010000000000002,30.599140416003014
0.030015000000000003,30.5924698169102
0.03002,30.590098346659442
0.030025000000000003,30.592003061593818
0.03003,30.598160065670594
0.030035000000000003,30.608544521759892
0.03004,30.62313066311608
0.030045000000000002,30.64189180501811
0.030050000000000004,30.664800356575036
0.030055000000000002,30.686863095281524
0.030060000000000003,30.70601161721895
0.030065,30.717275427282328
0.030070000000000003,30.7206556325005
0.030075,30.716155721908613
0.030080000000000003,30.70270213525578
0.030085000000000004,30.68899604454784
0.030090000000000002,30.67363083762693
0.030095000000000004,30.658274292985737
0.030100000000000002,30.642926678643907
0.030105000000000003,30.629756857306443
0.03011,30.618755361832104
0.030115000000000003,30.61206860676401
0.03012,30.60967612500404
0.030125000000000002,30.611555005177383
0.030130000000000004,30.61768138454668
0.030135000000000002,30.628030460297264
0.030140000000000004,30.64257650099488
0.030145,30.661292858212228
0.030150000000000003,30.684151978320397
0.030155,30.706159422574288
0.030160000000000003,30.725249109504873
0.030165,30.73644930862028
0.030170000000000002,30.739761145469846
0.030175000000000004,30.7351881287949
0.030180000000000002,30.72170510491148
0.030185000000000003,30.707972023198366
0.03019,30.69259620387438
0.030195000000000003,30.67722910020948
0.0302,30.661870971366724
0.030205000000000003,30.64868822798418
0.03021,30.637671371169503
0.030215000000000002,30.63096457380997
0.030220000000000004,30.62854739818627
0.030225000000000002,30.63039696479165
0.030230000000000003,30.636489443739837
0.030235,30.646800066036818
0.030240000000000003,30.661303135024944
0.030245,30.679972037995633
0.030250000000000003,30.69780922512119
0.030255000000000004,30.712737362522752
0.030260000000000002,30.719781427826213
0.030265000000000004,30.718943581690848
0.030270000000000002,30.710228366495706
0.030275000000000003,30.695561923528555
0.03028,30.680799841732828
0.030285000000000003,30.665439601535834
0.03029,30.650088222571444
0.030295000000000002,30.63474552871555
0.030300000000000004,30.61941158236238
0.030305000000000002,30.60625571835279
0.030310000000000004,30.595267964894514
0.030315,30.58860079174218
0.030320000000000003,30.58623370084839
0.030325,30.588143742303092
0.030330000000000003,30.594307013603167
0.030335,30.604698670953933
0.030340000000000002,30.61929294074348
0.030345000000000004,30.638063131185948
0.030350000000000002,30.660981644130022
0.030355000000000004,30.6830554980524
0.03036,30.702215832748195
0.030365000000000003,30.713492397780538
0.03037,30.716886296474282
0.030375000000000003,30.712401013926538
0.03038,30.698952968927717
0.030385000000000002,30.685251925659948
0.030390000000000004,30.669888381477982
0.030395000000000002,30.65453350616128
0.030400000000000003,30.639187568873723
0.030405,30.62601991284735
0.030410000000000003,30.61502106937885
0.030415,30.60833789070323
0.030420000000000003,30.605949904080184
0.030425000000000004,30.6078341920044
0.030430000000000002,30.613966885410264
0.030435000000000004,30.62432317495986
0.030440000000000002,30.638877322503447
0.030445000000000003,30.65760267270878
0.03045,30.675503082799334
0.030455000000000003,30.690498535611855
0.03046,30.697615437713008
0.030465000000000002,30.696855928528773
0.030470000000000004,30.688224527833842
0.030475000000000002,30.67359123228296
0.030480000000000004,30.658859487652276
0.030485,30.64351061261527
0.030490000000000003,30.628170573088223
0.030495,30.612839201800604
0.030500000000000003,30.59751655474221
0.030505,30.58437461158233
0.030510000000000002,30.573403381221702
0.030515000000000004,30.5667581444009
0.030520000000000002,30.56441836985911
0.030525000000000004,30.566361071285463
0.03053,30.57256230863075
0.030535000000000003,30.58299719942467
0.03054,30.597639930266055
0.030545000000000003,30.616463768482255
0.03055,30.63944107395394
0.030555000000000002,30.66158022409824
0.030560000000000004,30.680809787031983
0.030565000000000002,30.692160892475414
0.030570000000000003,30.69563462221045
0.030575,30.691234438472172
0.030580000000000003,30.677819385447354
0.030585,30.66414846220084
0.030590000000000003,30.648795605003407
0.030595000000000004,30.633451401399057
0.030600000000000002,30.618116129186326
0.030605000000000004,30.6049618541677
0.030610000000000002,30.59397912358949
0.030615000000000003,30.587317265568934
0.03062,30.584955775083625
0.030625000000000003,30.586871699592262
0.03063,30.593041133890228
0.030635000000000003,30.603439231412757
0.030640000000000004,30.618040215710806
0.030645000000000002,30.636817392095917
0.030650000000000004,30.659743159450304
0.030655,30.68182461936768
0.030660000000000003,30.700992777112397
0.030665,30.712277466521062
0.030670000000000003,30.715679788726035
0.030675,30.711203226556886
0.030680000000000002,30.6977574237651
0.030685000000000004,30.68405830577934
0.030690000000000002,30.668694369874352
0.030695000000000004,30.653339141327372
0.0307,30.637992888759918
0.030705000000000003,30.62482510610068
0.03071,30.613826308393115
0.030715000000000003,30.60714347181995
0.030720000000000004,30.60475612216239
0.030725000000000002,30.606641340294857
0.030730000000000004,30.612775255460402
0.030735000000000002,30.623133056559656
0.030740000000000003,30.637689003612454
0.030745,30.656416439388188
0.030750000000000003,30.67431929590972
0.030755,30.68931741306316
0.030760000000000003,30.696437273221314
0.030765000000000004,30.695681014910868
0.030770000000000002,30.687053156934073
0.030775000000000004,30.672420995332107
0.030780000000000002,30.65769026476363
0.030785000000000003,30.642341510511443
0.03079,30.62700160971242
0.030795000000000003,30.611670394767707
0.0308,30.59634792063341
0.030805000000000003,30.583206303951936
0.030810000000000004,30.572235544035472
0.030815000000000002,30.565591067120533
0.030820000000000004,30.563252340343602
0.030825,30.56519637562338
0.030830000000000003,30.571399231075073
0.030835,30.581836022328577
0.030840000000000003,30.596480934019617
0.030845,30.615307231450103
0.030850000000000002,30.638287272413876
0.030855000000000004,30.660429507180442
0.030860000000000002,30.67966236577699
0.030865000000000004,30.691017051845158
0.03087,30.694494646116187
0.030875000000000003,30.690098609703636
0.03088,30.676685048444025
0.030885000000000003,30.66301547651268
0.030890000000000004,30.647662983864784
0.030895000000000002,30.632319152324534
0.030900000000000004,30.616984259806426
0.030905000000000002,30.603830516034883
0.030910000000000003,30.59284846517457
0.030915,30.586187566855983
0.030920000000000003,30.58382731440002
0.030925,30.58574475346104
0.030930000000000003,30.59191597696905
0.030935000000000004,30.602316136433682
0.030940000000000002,30.616919453420973
0.030945000000000004,30.63569923119907
0.030950000000000002,30.65366070490579
0.030955000000000003,30.668721229368938
0.03096,30.675908610360114
0.030965000000000003,30.67522496672503
0.03097,30.666674796315167
0.030975000000000003,30.65207337830248
0.030980000000000004,30.637370786588082
0.030985000000000002,30.622032592640796
0.030990000000000004,30.606703226939697
0.030995,30.591382530142656
0.031000000000000003,30.57607055132426
0.031005,30.562941856850873
0.031010000000000003,30.551986428767993
0.031015,30.545362296939263
0.031020000000000002,30.543048897729445
0.031025000000000004,30.545023209333436
0.031030000000000002,30.551261255082288
0.031035000000000004,30.56173811477592
0.03104,30.576427936189024
0.031045000000000003,30.59530394674628
0.03105,30.61833846536324
0.031055000000000003,30.64054120082505
0.031060000000000004,30.6598382015419
0.031065000000000002,30.67126194932474
0.031070000000000004,30.674813504946428
0.031075000000000002,30.670496308340528
0.031080000000000003,30.657113320825196
0.031085,30.64347166195171
0.031090000000000003,30.62812908146684
0.031095,30.612795147348614
0.031100000000000003,30.597470145532913
0.031105000000000004,30.584328807264377
0.031110000000000002,30.573361691760844
0.031115000000000004,30.56672055165636
0.031120000000000002,30.564384850370047
0.031125000000000003,30.56633160110411
0.03113,30.57253686331502
0.031135000000000003,30.582975754031583
0.03114,30.597622459345928
0.031145000000000003,30.616450246073637
0.031150000000000004,30.63446556024613
0.031155000000000002,30.649583447302795
0.031160000000000004,30.65683294264892
0.031165,30.65621614699976
0.031170000000000003,30.647737538896234
0.031175,30.633164255767987
0.031180000000000003,30.61848739879991
0.031185,30.603158683891493
0.031190000000000002,30.58783878714404
0.031195000000000004,30.572527556336343
0.031200000000000002,30.55722503459857
0.031205000000000004,30.544108062137973
0.03121,30.533166599040623
0.031215000000000003,30.526561091816152
0.03122,30.52427094834798
0.031225000000000003,30.526273115607644
0.031230000000000004,30.532543584714585
0.031235000000000002,30.543057402282447
0.031240000000000004,30.557788681938707
0.031245000000000002,30.576710616013834
0.03125,30.59979548739619
0.031255000000000005,30.622054174739453
0.03126,30.641410512438867
0.031265,30.652898170395993
0.03127,30.656518190903085
0.031275000000000004,30.652273994277497
0.03128,30.63891923567508
0.031285,30.62530334177628
0.031290000000000005,30.60996983133089
0.031295,30.59464495930552
0.0313,30.579329018852818
0.031305,30.566199083722072
0.031310000000000004,30.55524572440478
0.031315,30.548622824183006
0.03132,30.546309818731384
0.031325000000000006,30.54828369113687
0.031330000000000004,30.55452046978997
0.031335,30.564995239715856
0.03134,30.579682154078622
0.031345000000000005,30.598554445854823
0.03135,30.616619686868596
0.031355,30.63179077542074
0.031360000000000006,30.639097890110378
0.031365000000000004,30.638543114829034
0.03137,30.63013091019671
0.031375,30.615583696490482
0.031380000000000005,30.6009306816835
0.031385,30.585610712313397
0.03139,30.57029955441812
0.031395,30.55499706228533
0.031400000000000004,30.539703273422198
0.031405,30.526597141575277
0.03141,30.51566860522222
0.031415000000000005,30.50908035713196
0.031420000000000003,30.506811778730825
0.031425,30.508839787984243
0.03143,30.515140346086124
0.031435000000000005,30.525688468817822
0.03144,30.540458238080564
0.031445,30.559422813597543
0.031450000000000006,30.58255444478192
0.031455000000000004,30.604865098026004
0.03146,30.62427654911265
0.031465,30.63582357261532
0.031470000000000005,30.63950719365762
0.031475,30.63533081433234
0.03148,30.622002264284987
0.031485000000000006,30.608410289864192
0.031490000000000004,30.593085183682213
0.031495,30.577768709692055
0.0315,30.562461167708154
0.031505000000000005,30.54934180924703
0.03151,30.53840121473415
0.031515,30.531795248349095
0.03152,30.52950331998005
0.031525000000000004,30.531502384723293
0.03153,30.53776844209434
0.031535,30.548276547371287
0.031540000000000006,30.563000823111395
0.031545000000000004,30.58191447083712
0.03155,30.604989782887795
0.031555,30.627237316108378
0.031560000000000005,30.646581540817166
0.031565,30.658055799922046
0.03157,30.661661139773003
0.031575000000000006,30.65740098506415
0.031580000000000004,30.64403870436971
0.031585,30.63041580023689
0.03159,30.615078542430748
0.031595000000000005,30.599749972501982
0.0316,30.58443038032496
0.031605,30.571296176401734
0.03161,30.560337907442467
0.031615000000000004,30.553708838039928
0.03162,30.5513884120929
0.031625,30.553353621596234
0.031630000000000005,30.559580504105377
0.031635,30.57004415406405
0.03164,30.58471873430501
0.031645,30.60357748772003
0.031650000000000005,30.6216276703548
0.031655,30.636782782415693
0.03166,30.64407268166162
0.031665000000000006,30.643499456967568
0.031670000000000004,30.63506757424452
0.031675,30.62051232427748
0.03168,30.605851931959034
0.031685000000000005,30.590528952532765
0.03169,30.575214808707383
0.031695,30.55990935202417
0.031700000000000006,30.544612620768795
0.031705000000000004,30.531502971674247
0.03171,30.52057033941358
0.031715,30.513976782156575
0.031720000000000005,30.511701688938334
0.031725,30.51372198605004
0.03173,30.520013643264342
0.031735,30.530551685190837
0.031740000000000004,30.545310202805048
0.031745,30.56426236514697
0.03175,30.587380431185515
0.031755000000000005,30.6096760629125
0.031760000000000004,30.62907161195091
0.031765,30.64060154365619
0.03177,30.644266888076594
0.031775000000000005,30.640071052524906
0.03178,30.626734849133733
0.031785,30.61313587752635
0.031790000000000006,30.597808179431656
0.031795000000000004,30.58248912486988
0.0318,30.567179011391556
0.031805,30.55405647872841
0.031810000000000005,30.543112099991703
0.031815,30.536501183609694
0.03182,30.534203146772004
0.031825000000000006,30.53619495249317
0.031830000000000004,30.54245260845223
0.031835,30.5529511783327
0.03184,30.567664793335712
0.031845000000000005,30.586566663862627
0.03185,30.604665115910457
0.031855,30.619871609308188
0.03186,30.627217088445118
0.031865000000000004,30.626703626001476
0.03187,30.618335670650897
0.031875,30.603805761175025
0.031880000000000006,30.589168566153983
0.031885000000000004,30.57385433344685
0.03189,30.558548912611215
0.031895,30.543252162092916
0.031900000000000005,30.527964115457596
0.031905,30.514865141418547
0.03191,30.50394516181701
0.031915000000000006,30.497368373209813
0.031920000000000004,30.49511413934057
0.031925,30.49715935878483
0.03193,30.50347997272964
0.031935000000000005,30.514050976340986
0.03194,30.5288464303048
0.031945,30.547839472537778
0.03195,30.571002330064196
0.031955000000000004,30.593347698115732
0.03196,30.612795973045625
0.031965,30.62438266959559
0.031970000000000005,30.628108801411678
0.031975,30.623977758401573
0.03198,30.610666699512997
0.031985,30.597090685865
0.031990000000000005,30.581771158371083
0.031995,30.566460260998927
0.032,30.551158297939136
0.032005000000000006,30.538045979408015
0.032010000000000004,30.52711389149375
0.032015,30.520519225369085
0.03202,30.518241373662697
0.032025000000000005,30.520257272734323
0.03203,30.526542902769968
0.032035,30.537073299133418
0.032040000000000006,30.551822563891044
0.032045000000000004,30.57076387750624
0.03205,30.588906560074637
0.032055,30.604160175515194
0.032060000000000005,30.611556677705735
0.032065,30.611098124434633
0.03207,30.602788948514906
0.032075,30.588282156777527
0.032080000000000004,30.57366610811662
0.032085,30.55835967265443
0.03209,30.543062040172472
0.032095000000000005,30.527773074987913
0.032100000000000004,30.512492805808176
0.032105,30.499403468198405
0.03211,30.48849496624307
0.032115000000000005,30.481933480599626
0.03212,30.479698351624418
0.032125,30.48176645225458
0.032130000000000006,30.48811369722758
0.032135000000000004,30.498715054459748
0.03214,30.513544556598642
0.032145,30.53257531274524
0.032150000000000005,30.555779520342277
0.032155,30.578170835020025
0.03216,30.597667835552635
0.032165000000000006,30.6093070120419
0.032170000000000004,30.613089362959023
0.032175,30.60901826210454
0.03218,30.595730386390063
0.032185000000000005,30.582175532728705
0.03219,30.566863457843308
0.032195,30.55156000629205
0.0322,30.536265488201092
0.032205000000000004,30.523162536920346
0.03221,30.51224174791772
0.032215,30.505662061550925
0.032220000000000006,30.50340284766958
0.032225000000000004,30.505441017908108
0.03223,30.511752526946758
0.032235,30.522312383873825
0.032240000000000005,30.537094663721405
0.032245,30.55607251917079
0.03225,30.574256194523535
0.032255000000000006,30.589553491033517
0.032260000000000004,30.59699730107074
0.032265,30.596589668610857
0.03227,30.58833501175341
0.032275000000000005,30.573849625433965
0.03228,30.559253153555673
0.032285,30.543953900723142
0.03229,30.52866344525861
0.032295000000000004,30.51338165682776
0.0323,30.498108559526298
0.032305,30.485028124026716
0.032310000000000005,30.47413023672896
0.032315,30.467582922354982
0.03232,30.465365499540454
0.032325,30.467454817409248
0.032330000000000005,30.47382676613079
0.032335,30.484456288309037
0.03234,30.499317390545308
0.032345000000000006,30.518383155171062
0.032350000000000004,30.541625752147077
0.032355,30.564059730065473
0.03236,30.58360197771648
0.032365000000000005,30.59528989206529
0.03237,30.599124457488106
0.032375,30.595109032823622
0.032380000000000006,30.5818426743764
0.032385000000000004,30.56830745871435
0.03239,30.55300228450641
0.032395,30.537705728466488
0.032400000000000005,30.52241810619184
0.032405,30.509323838849006
0.03241,30.49841353008616
0.032415,30.491847746455353
0.032420000000000004,30.489605836636766
0.032425,30.491664689285834
0.03243,30.498000235377866
0.032435000000000005,30.50858745958034
0.032440000000000004,30.523400411798708
0.032445,30.542412218892093
0.03245,30.560633984510737
0.032455000000000005,30.575971870930065
0.03246,30.583459643148096
0.032465,30.583099332303536
0.032470000000000006,30.574895342821492
0.032475000000000004,30.560429842238165
0.03248,30.545851556621887
0.032485,30.53055896898212
0.032490000000000005,30.515275174026982
0.032495,30.500000046373145
0.0325,30.484733605809044
0.032505000000000006,30.47166143625246
0.032510000000000004,30.460773407422778
0.032515,30.454239258588412
0.03252,30.452038288193172
0.032525000000000005,30.454147323223314
0.03253,30.460542231008773
0.032535,30.47119793062176
0.03254,30.48608840444933
0.032545000000000004,30.505186709936158
0.03255,30.528464991493593
0.032555,30.55093862802843
0.032560000000000006,30.57052293690436
0.032565000000000004,30.582256158325613
0.03257,30.586139263565133
0.032575,30.582175597552332
0.032580000000000005,30.56892923912537
0.032585,30.55541227643292
0.03259,30.54011351300376
0.032595000000000006,30.524823363169702
0.032600000000000004,30.509542147605668
0.032605,30.496455949811335
0.03261,30.485555380932233
0.032615000000000005,30.479002519592733
0.03262,30.47677669479081
0.032625,30.478854773817073
0.03263,30.48521266560697
0.032635000000000004,30.495825332122358
0.03264,30.510666799906755
0.032645,30.52971017181053
0.032650000000000005,30.552927638882224
0.032655,30.5753330433915
0.03266,30.594844641883
0.032665,30.606499113857677
0.032670000000000005,30.610297453585584
0.032675,30.606243030492642
0.03268,30.59296014056338
0.032685000000000006,30.579409679436896
0.032690000000000004,30.564097768825146
0.032695,30.548794528354303
0.0327,30.533500268074228
0.032705000000000005,30.52039797491714
0.03271,30.509478225331815
0.032715,30.502900263129906
0.032720000000000006,30.500643454359302
0.032725000000000004,30.502684706510703
0.03273,30.5089999699652
0.032735,30.519564249358805
0.032740000000000005,30.534351615120396
0.032745,30.553335215179438
0.03275,30.57152546625429
0.032755,30.586829840410832
0.032760000000000004,30.594281404916863
0.032765,30.59388220144013
0.03277,30.585636645603948
0.032775000000000006,30.57115451561113
0.032780000000000004,30.556560993486734
0.032785,30.541262513053756
0.03279,30.52597285161427
0.032795000000000005,30.51069187889391
0.0328,30.49541961731389
0.032805,30.48234035697749
0.032810000000000006,30.471443970932196
0.032815000000000004,30.464898823297997
0.03282,30.46268422884978
0.032825,30.464777032462283
0.032830000000000005,30.471153119909964
0.032835,30.481787429258066
0.03284,30.496653962427438
0.032845000000000006,30.51572579692951
0.032850000000000004,30.538975097767487
0.032855,30.561416580836074
0.03286,30.58096681803387
0.032865000000000005,30.59266337615289
0.03287,30.596507237050893
0.032875,30.592501756885536
0.03288,30.57923910483933
0.032885000000000005,30.565707259345583
0.03289,30.55040313347055
0.032895,30.535107634575855
0.032900000000000006,30.519821078876593
0.032905000000000004,30.50672822011173
0.03291,30.495819658841842
0.032915,30.48925626486828
0.032920000000000005,30.48701738299173
0.032925,30.489079897649134
0.03293,30.495419735459052
0.032935000000000006,30.506011876595842
0.032940000000000004,30.52083036633746
0.032945,30.539848326783062
0.03295,30.55807702291377
0.032955000000000005,30.57342230921999
0.03296,30.58091811448633
0.032965,30.58056646749684
0.03297,30.57237177016465
0.032975000000000004,30.557909853093026
0.03298,30.543334839065135
0.032985,30.52804338836416
0.032990000000000005,30.512760734038718
0.032995000000000003,30.497486751445447
0.033,30.482221459400474
0.033005,30.46915074384122
0.033010000000000005,30.458264469330107
0.033015,30.451732696090172
0.03302,30.449534718812895
0.033025000000000006,30.451647360367353
0.033030000000000004,30.45804648383349
0.033035,30.4687070039026
0.03304,30.483602898451718
0.033045000000000005,30.502707220288254
0.03305,30.525992109061
0.033055,30.54847309970599
0.033060000000000006,30.568065214238395
0.033065000000000004,30.579806851304205
0.03307,30.583698979738696
0.033075,30.57974494188214
0.033080000000000005,30.56650227627003
0.033085,30.552988681290543
0.03309,30.537691073255637
0.033095,30.522402079927787
0.033100000000000004,30.507122022854013
0.033105,30.49403729743144
0.03311,30.48313851528321
0.033115000000000006,30.476588038887826
0.033120000000000004,30.47436519356215
0.033125,30.47644684259949
0.03313,30.48280889081069
0.033135000000000005,30.493426295907454
0.03314,30.50827308005937
0.033145,30.527322341620913
0.033150000000000006,30.54558613353282
0.033155000000000004,30.560968807531555
0.03316,30.568505092566223
0.033165,30.568197005607757
0.033170000000000005,30.560048935988284
0.033175,30.545605368053
0.03318,30.531047139375936
0.033185000000000006,30.515761888270667
0.033190000000000004,30.500485425725724
0.033195,30.485217631783442
0.0332,30.46995852143662
0.033205000000000005,30.456895460500977
0.03321,30.446018299804443
0.033215,30.439498672398027
0.03322,30.43731585442913
0.033225000000000005,30.43944664843834
0.03323,30.44586689653432
0.033235,30.456551491803104
0.033240000000000006,30.471474389891434
0.033245000000000004,30.49060862076043
0.03325,30.51392630060577
0.033255,30.53644372558614
0.033260000000000005,30.55607447709204
0.033265,30.567857726853482
0.03327,30.57179443167386
0.033275000000000006,30.56788792112259
0.033280000000000004,30.554663641757873
0.033285,30.541166828887757
0.03329,30.525875136154315
0.033295000000000005,30.510592052416843
0.0333,30.495317903940723
0.033305,30.48224061050115
0.03331,30.471350791312187
0.033315000000000004,30.464812195324317
0.03332,30.46260412979653
0.033325,30.464703438421637
0.033330000000000005,30.471086005791467
0.033335000000000004,30.481726768788704
0.03334,30.49659972815255
0.033345,30.515677960214422
0.033350000000000005,30.533974250439996
0.033355,30.549391553481737
0.03336,30.556965342138206
0.033365000000000006,30.55669762243049
0.033370000000000004,30.548592772027003
0.033375,30.534166175081083
0.03338,30.51962346777699
0.033385000000000005,30.504343913490942
0.03339,30.489073143162223
0.033395,30.47381104107881
0.033400000000000006,30.458557618583793
0.033405000000000004,30.44550161676631
0.03341,30.43463287250612
0.033415,30.428124480489824
0.033420000000000005,30.425955699647712
0.033425,30.428103313644687
0.03343,30.434543145115533
0.033435,30.445250067082455
0.033440000000000004,30.460198014546727
0.033445,30.47935999625082
0.03345,30.50270810660708
0.033455000000000006,30.525259349530028
0.033460000000000004,30.54492596694152
0.033465,30.55674784934623
0.03347,30.56072594237511
0.033475000000000005,30.556863563738098
0.03348,30.543656341039846
0.033485,30.530175095232206
0.033490000000000006,30.51488887360069
0.033495000000000004,30.499611256803746
0.0335,30.484342575445904
0.033505,30.47127216633069
0.033510000000000005,30.460390655187304
0.033515,30.453863079887224
0.03352,30.451668730910086
0.033525000000000006,30.453784433735112
0.033530000000000004,30.46018605416519
0.033535,30.470848509726626
0.03354,30.485745781242873
0.033545000000000005,30.50485092457833
0.03355,30.523177406310715
0.033555,30.538626882053517
0.03356,30.546235516242668
0.033565000000000005,30.546005304724453
0.03357,30.53794061432863
0.033575,30.523529779660613
0.033580000000000006,30.50900148759786
0.033585000000000004,30.49372721686421
0.03359,30.47846172634471
0.033595,30.463204904252727
0.033600000000000005,30.447956758518572
0.033605,30.434907308880863
0.03361,30.42404637901232
0.033615000000000006,30.41754842254001
0.033620000000000004,30.415392682390046
0.033625,30.417555924681007
0.03363,30.42401395394505
0.033635000000000005,30.43474162455305
0.03364,30.449712852314082
0.033645,30.4689006262453
0.03365,30.492277020508567
0.033655000000000004,30.514859697117338
0.03366,30.534559652497208
0.033665,30.546417445495614
0.033670000000000005,30.550434011357833
0.033675000000000004,30.546612656769266
0.03368,30.533421286329933
0.033685,30.519954508064885
0.033690000000000005,30.50467336788759
0.033695,30.489400828906977
0.0337,30.474137225752624
0.033705000000000006,30.461073212779617
0.033710000000000004,30.450199421665843
0.033715,30.44368208873783
0.03372,30.44150048887518
0.033725000000000005,30.44363143062345
0.03373,30.45005076231683
0.033735,30.46073338348529
0.033740000000000006,30.475653256435727
0.033745000000000004,30.49478341800336
0.03375,30.513137968098114
0.033755,30.528617354419623
0.033760000000000005,30.536258384522128
0.033765,30.53606304479219
0.03377,30.528035691982563
0.033775,30.513639510327298
0.033780000000000004,30.499124618903792
0.033785,30.483855258375474
0.03379,30.46859467468888
0.033795000000000006,30.45334275970293
0.033800000000000004,30.4380995181707
0.033805,30.42505615876334
0.03381,30.414202492825027
0.033815000000000005,30.407714237572005
0.03382,30.405570621049826
0.033825,30.407748393062526
0.033830000000000006,30.4142233413104
0.033835000000000004,30.424970302822285
0.03384,30.439963175562212
0.033845,30.459174930206565
0.033850000000000005,30.4825776220881
0.033855,30.505189525157288
0.03386,30.524920477706765
0.033865000000000006,30.53681166004585
0.033870000000000004,30.54086399776322
0.033875,30.53708078729366
0.03388,30.523904155615543
0.033885000000000005,30.510450828601112
0.03389,30.49517441227566
0.033895,30.479906593810828
0.0339,30.464647711576987
0.033905000000000005,30.451589645050543
0.03391,30.44072303141874
0.033915,30.43421522139144
0.033920000000000006,30.432045475342882
0.033925000000000004,30.434190586073175
0.03393,30.44062638567355
0.033935,30.45132775694037
0.033940000000000005,30.466268644963197
0.033945,30.485422068883214
0.03395,30.503802717519427
0.033955000000000006,30.51930991538259
0.033960000000000004,30.52698106803554
0.033965,30.526818153068856
0.03397,30.5188255178654
0.033975000000000005,30.504442960717654
0.03398,30.48994052930608
0.033985,30.47467573402613
0.03399,30.45941971247384
0.033995000000000004,30.444172359897067
0.034,30.428933678093713
0.034005,30.41589598126941
0.034010000000000006,30.405049069294886
0.034015000000000004,30.39856983434055
0.03402,30.396437490615313
0.034025,30.39862877275318
0.034030000000000005,30.405119452803405
0.034035,30.41588435166935
0.03404,30.430897350721864
0.034045000000000006,30.450131403583185
0.034050000000000004,30.473558548077854
0.034055,30.49619762717159
0.03406,30.515957402256152
0.034065000000000005,30.527879631512874
0.03407,30.531965231551272
0.034075,30.528217489274606
0.034080000000000006,30.515054562257056
0.034085000000000004,30.501613742714838
0.03409,30.486341718671415
0.034095,30.471078289395958
0.034100000000000005,30.455823796736837
0.034105,30.44277125935854
0.03411,30.431911319566794
0.034115,30.42541236428971
0.034120000000000004,30.42325364041367
0.034125,30.425411926097805
0.03413,30.431863038329773
0.034135000000000006,30.442581844346105
0.034140000000000004,30.45754227322675
0.034145,30.47671732766001
0.03415,30.495122244067726
0.034155000000000005,30.51065530255246
0.03416,30.51835446474111
0.034165,30.518221700045284
0.034170000000000006,30.51026134713523
0.034175000000000004,30.495891458724742
0.03418,30.481400613239696
0.034185,30.466140062890524
0.034190000000000005,30.450888283377765
0.034195,30.435645173100326
0.0342,30.420410731108078
0.034205000000000006,30.407378299597838
0.034210000000000004,30.396537667769692
0.034215,30.39006682033574
0.03422,30.38794495863882
0.034225000000000005,30.390148803206962
0.034230000000000003,30.396654111536186
0.034235,30.407435689535475
0.03424,30.422467403146335
0.034245000000000005,30.441722190133124
0.03425,30.4651720720402
0.034255,30.487836420937814
0.034260000000000006,30.507622996850642
0.034265000000000004,30.519574095300047
0.03427,30.52369062454622
0.034275,30.519975862629448
0.034280000000000005,30.506825678964727
0.034285,30.493396489560848
0.03429,30.478128549677447
0.034295000000000006,30.46286920168816
0.034300000000000004,30.44761879067536
0.034305,30.434571394588488
0.03431,30.42371766049186
0.034315000000000005,30.417226938851215
0.03432,30.415078464011128
0.034325,30.41724900051671
0.03433,30.423714351311414
0.034335000000000004,30.434449369163318
0.03434,30.449427968265695
0.034345,30.468623136007974
0.034350000000000006,30.487050618006062
0.034355000000000004,30.502607723208943
0.03436,30.510332930305303
0.034365,30.51022820110151
0.034370000000000005,30.50229786616625
0.034375,30.487939757880355
0.03438,30.47345968565877
0.034385000000000006,30.458203082479304
0.034390000000000004,30.44295524744868
0.034395,30.427716081895806
0.0344,30.412485582315217
0.034405000000000005,30.39945804679161
0.03441,30.38862325460246
0.034415,30.382160206370667
0.034420000000000006,30.38004809147539
0.034425000000000004,30.38226361732811
0.03443,30.388782527892367
0.034435,30.39957961513446
0.034440000000000005,30.41462873064883
0.034445,30.43390279745417
0.03445,30.45737382195658
0.034455,30.480061668219545
0.034460000000000005,30.499873165136353
0.034465,30.511851107879448
0.03447,30.51599639694533
0.034475000000000006,30.51231230213297
0.034480000000000004,30.499173967991922
0.034485,30.48575559297851
0.03449,30.47049145078332
0.034495000000000005,30.45523589781037
0.0345,30.43998928214914
0.034505,30.42694666673591
0.034510000000000006,30.416098703059617
0.034515000000000004,30.40961563754124
0.03452,30.407476692863238
0.034525,30.409658620911554
0.034530000000000005,30.416137211570504
0.034535,30.426887304154548
0.03454,30.44188279901442
0.034545000000000006,30.46109666931375
0.034550000000000004,30.479545134147745
0.034555,30.495124599428316
0.03456,30.502874024639336
0.034565000000000005,30.502795364515332
0.034570000000000004,30.494892942091717
0.034575,30.480545787669058
0.03458,30.46607573307089
0.034585000000000005,30.450822800202992
0.03459,30.435578632985045
0.034595,30.420343135470453
0.034600000000000006,30.405116301777632
0.034605000000000004,30.392093318833343
0.03461,30.38126395668835
0.034615,30.37480816062052
0.034620000000000005,30.372705108884496
0.034625,30.374931496695197
0.03463,30.38146305543284
0.034635000000000006,30.392274564098983
0.034640000000000004,30.407339860947285
0.034645,30.426631855285066
0.03465,30.450122539441935
0.034655000000000005,30.472832234966333
0.03466,30.492666904929482
0.034665,30.504669809109526
0.03467,30.508841840783806
0.034675000000000004,30.505186262088017
0.03468,30.492058946345082
0.034685,30.478650627200704
0.034690000000000006,30.463390016322787
0.034695000000000004,30.448137992182698
0.0347,30.432894905666135
0.034705,30.41985673560942
0.034710000000000005,30.409014137615756
0.034715,30.402538191219207
0.03472,30.400408108258087
0.034725000000000006,30.402600628847132
0.034730000000000004,30.409091530727473
0.034735,30.419855640703577
0.03474,30.43486684625455
0.034745000000000005,30.454098107316042
0.03475,30.472566083252786
0.034755,30.48816634027845
0.034760000000000006,30.495938284949244
0.034765000000000004,30.495883865423874
0.03477,30.488007397732833
0.034775,30.473670428870726
0.034780000000000005,30.45920968926098
0.034785,30.44396016926891
0.03479,30.42871941260322
0.034795,30.41348732585069
0.034800000000000005,30.398263900920284
0.034805,30.385245151237655
0.03481,30.374420838273974
0.034815000000000006,30.367971785704203
0.034820000000000004,30.36587716143872
0.034825,30.368113649351343
0.03483,30.37465696912156
0.034835000000000005,30.385481887695555
0.03484,30.40056223092191
0.034845,30.419870895358276
0.034850000000000006,30.443379860245116
0.034855000000000004,30.466109872527912
0.03486,30.48596609018441
0.034865,30.497992205011094
0.034870000000000005,30.502189103572476
0.034875,30.49856004087851
0.03488,30.48544297070523
0.034885000000000006,30.472044002113027
0.034890000000000004,30.45678667486619
0.034895,30.441537932047048
0.0349,30.42629812714139
0.034905000000000005,30.413264090644542
0.034910000000000004,30.402426481985383
0.034915,30.395957155376724
0.03492,30.393835312573344
0.034925000000000005,30.39603768274437
0.03493,30.402540032339484
0.034935,30.413317176530615
0.034940000000000006,30.428342990828046
0.034945000000000004,30.447590422867222
0.03495,30.46607654140206
0.034955,30.481696131844203
0.034960000000000005,30.48948901646463
0.034965,30.489457137307465
0.03497,30.481604803889617
0.034975000000000006,30.46727730617491
0.034980000000000004,30.452825228202194
0.034985,30.43757888170744
0.03499,30.422341296378466
0.034995000000000005,30.40711238115775
0.035,30.391892125899794
0.035005,30.378877312558657
0.03501,30.36805769462771
0.035015000000000004,30.361614912568424
0.03502,30.35952812467245
0.035025,30.361774004267986
0.035030000000000006,30.36832826015449
0.035035000000000004,30.379165648068298
0.03504,30.39425998232302
0.035045,30.41358414762091
0.035050000000000005,30.437110111031327
0.035055,30.45985901505956
0.03506,30.479735269058935
0.035065000000000006,30.49178296654262
0.035070000000000004,30.49600298783317
0.035075,30.492398581314553
0.03508,30.479291038088885
0.035085000000000005,30.46590076420316
0.03509,30.450646490274192
0.035095,30.43540079862482
0.035100000000000006,30.42016404515855
0.035105000000000004,30.407133852294557
0.03511,30.396300883019055
0.035115,30.3898377118878
0.035120000000000005,30.387723531279306
0.035125,30.38993506018481
0.03513,30.39644805455452
0.035135,30.40723731874372
0.035140000000000005,30.422276717133393
0.035145,30.441539185921517
0.03515,30.460042174536678
0.035155000000000006,30.475679742353798
0.035160000000000004,30.483492098200504
0.035165,30.483481178435184
0.03517,30.475651286518044
0.035175000000000005,30.461332595646578
0.03518,30.4468885717856
0.035185,30.43164517619975
0.035190000000000006,30.41641053977062
0.035195000000000004,30.401184573631177
0.0352,30.38596726572553
0.035205,30.372956112631748
0.035210000000000005,30.362140860424986
0.035215,30.355703909063976
0.03522,30.35362440789632
0.035225000000000006,30.355879020444238
0.035230000000000004,30.362443445390287
0.035235,30.373292428047233
0.03524,30.388399772002753
0.035245000000000005,30.407738350935226
0.035250000000000004,30.431280120596632
0.035255,30.454046591307552
0.03526,30.47394147630526
0.035265000000000005,30.4860092426433
0.03527,30.490250764840038
0.035275,30.48666928511822
0.035280000000000006,30.473570600622224
0.035285000000000004,30.460188411598228
0.03529,30.444936976828096
0.035295,30.42969412234013
0.035300000000000005,30.414460206285977
0.035305,30.40143358746328
0.03531,30.390604932166102
0.035315000000000006,30.38414748476847
0.035320000000000004,30.382040428930235
0.035325,30.384260474178653
0.03533,30.390783366700887
0.035335000000000005,30.401583900794254
0.03534,30.416635930491015
0.035345,30.435912381353926
0.03535,30.4544310567858
0.035355000000000004,30.47008534104892
0.03536,30.477915802414522
0.035365,30.47792437195409
0.035370000000000006,30.470115347495902
0.035375000000000004,30.45580484575769
0.03538,30.44136831109488
0.035385,30.426127659441846
0.035390000000000005,30.4108957650774
0.035395,30.395672541171322
0.0354,30.380457973891346
0.035405000000000006,30.367450224316006
0.035410000000000004,30.35663903162251
0.035415,30.350207501995925
0.03542,30.348134776467116
0.035425000000000005,30.35039750944013
0.03543,30.356971390190207
0.035435,30.367831154337644
0.035440000000000006,30.38295059549652
0.035445000000000004,30.402302577094538
0.03545,30.425859044360088
0.035455,30.448641849630587
0.035460000000000005,30.468554058852657
0.035465,30.48064048642017
0.03547,30.484902001454433
0.035475,30.48134184044912
0.035480000000000005,30.46825139333351
0.035485,30.454876722100867
0.03549,30.439627927351616
0.035495000000000006,30.424387711027197
0.035500000000000004,30.409156433369713
0.035505,30.396133137905885
0.03551,30.385308494005574
0.035515000000000005,30.37885636888019
0.03552,30.376755938082468
0.035525,30.378983902339456
0.035530000000000006,30.38551599876006
0.035535000000000004,30.396327012289092
0.03554,30.411390787335957
0.035545,30.43068023957411
0.035550000000000005,30.449213501552983
0.035555,30.46488332977438
0.03556,30.472730626741917
0.035565000000000006,30.472757318610963
0.035570000000000004,30.46496769797292
0.035575,30.450664810984023
0.03558,30.43623524022873
0.035585000000000006,30.420997140049693
0.035590000000000004,30.40576779542213
0.035595,30.390547121409803
0.0356,30.375335102528652
0.035605000000000005,30.36233051774975
0.03561,30.35152309983619
0.035615,30.34509661166482
0.035620000000000006,30.343030186533102
0.035625000000000004,30.34530047036645
0.03563,30.351883143692618
0.035635,30.362752933119268
0.035640000000000005,30.377883622986413
0.035645,30.397248067190084
0.03565,30.420818201173176
0.035655000000000006,30.44361619530097
0.035660000000000004,30.463544513630268
0.035665,30.47564829353287
0.03567,30.479928399111603
0.035675000000000005,30.476388061532877
0.03568,30.463305274029675
0.035685,30.449937593292237
0.03569,30.43469125339341
0.035695000000000005,30.419453490192346
0.0357,30.404224665874988
0.035705,30.39120446067039
0.035710000000000006,30.380383546808496
0.035715000000000004,30.37393637065239
0.03572,30.371842100216345
0.035725,30.374077428044448
0.035730000000000005,30.380618082804077
0.035735,30.39143884074354
0.03574,30.40651353732433
0.035745000000000006,30.425815079024243
0.035750000000000004,30.444361904453014
0.035755,30.460046186383018
0.03576,30.467909138107206
0.035765000000000005,30.467952681209667
0.03577,30.460181103412253
0.035775,30.4458852970759
0.035780000000000006,30.431462201781233
0.035785000000000004,30.41622647411638
0.03579,30.400999500387744
0.035795,30.385781197420204
0.035800000000000005,30.370571548193762
0.035805000000000003,30.35756990623319
0.03581,30.34676599833737
0.035815,30.34034419801469
0.035820000000000005,30.33828363137164
0.035825,30.340560936449705
0.03583,30.347151785642684
0.035835000000000006,30.358030897177738
0.035840000000000004,30.37317204677133
0.035845,30.392548079456336
0.03585,30.416130921576528
0.035855000000000005,30.43894303921862
0.03586,30.45888633676603
0.035865,30.47100625191492
0.035870000000000006,30.475303644101576
0.035875000000000004,30.471781739538834
0.03588,30.45870607440457
0.035885,30.445344893850585
0.035890000000000005,30.43010083661953
0.035895,30.414865354480305
0.0359,30.399638811426357
0.035905000000000006,30.386621479730913
0.035910000000000004,30.37580403428338
0.035915,30.369361459976982
0.03592,30.367272917816255
0.035925000000000006,30.369515092736275
0.035930000000000004,30.376063705554994
0.035935,30.38689352443416
0.03594,30.401978376514975
0.035945000000000005,30.42129115972456
0.03595,30.439850597265966
0.035955,30.45554831912474
0.035960000000000006,30.463425827584533
0.035965000000000004,30.463485039978753
0.03597,30.455730239501243
0.035975,30.441441017182072
0.035980000000000005,30.427023943160723
0.035985,30.411790421602465
0.03599,30.39656565247844
0.035995000000000006,30.381349554251145
0.036000000000000004,30.36614210847237
0.036005,30.35314320292154
0.03601,30.342342558851602
0.036015000000000005,30.335925117572973
0.03602,30.33386999850554
0.036025,30.33615383235981
0.03603,30.34275228396617
0.036035000000000005,30.353640063759087
0.03604,30.36879093943629
0.036045,30.388177747789193
0.036050000000000006,30.411772406700635
0.036055000000000004,30.434597657236978
0.03606,30.45455488336357
0.036065,30.466689802036242
0.036070000000000005,30.47100326835208
0.036075,30.46749850391778
0.03608,30.454429461591126
0.036085000000000006,30.441074325299226
0.036090000000000004,30.425832390630138
0.036095,30.410599029559602
0.0361,30.395374607761774
0.036105000000000005,30.38235994802821
0.03611,30.371545727721255
0.036115,30.365107432491875
0.036120000000000006,30.36302421682654
0.036125000000000004,30.365272758585014
0.03613,30.37182877128637
0.036135,30.382667015573002
0.036140000000000005,30.397761310849383
0.036145000000000004,30.417084547091722
0.03615,30.435655712135045
0.036155,30.451365931249057
0.036160000000000005,30.45925697543833
0.036165,30.459330758083773
0.03617,30.451591558168786
0.036175000000000006,30.437308458065335
0.036180000000000004,30.422896982986543
0.036185,30.40766551279906
0.03619,30.392442793649188
0.036195000000000005,30.377228745522157
0.0362,30.362023348641735
0.036205,30.34902698756948
0.036210000000000006,30.33822937840143
0.036215000000000004,30.331815990424502
0.03622,30.32976593684097
0.036225,30.332055841544584
0.036230000000000005,30.338661362332783
0.036235,30.349557202393928
0.03624,30.364717121969463
0.036245000000000006,30.384113950187373
0.036250000000000004,30.40276873991188
0.036255,30.418568634822847
0.03626,30.42655750293611
0.036265000000000006,30.426737228710056
0.036270000000000004,30.419112060182076
0.036275,30.404875550683382
0.03628,30.390506883851856
0.036285000000000005,30.37529279658059
0.03629,30.36008739889005
0.036295,30.3448906236874
0.036300000000000006,30.32970244358176
0.036305000000000004,30.316727164156756
0.03631,30.30595448618624
0.036315,30.299574019488475
0.036320000000000005,30.297564827998826
0.036325,30.299903481656052
0.03633,30.306565582617132
0.036335000000000006,30.317525776767514
0.036340000000000004,30.332757765406708
0.036345,30.352234317105406
0.03635,30.37592727973026
0.036355000000000005,30.39886165568119
0.03636,30.418934549887993
0.036365,30.431193976019536
0.03637,30.435640753206947
0.036375000000000005,30.432278064896114
0.03638,30.41926422568075
0.036385,30.405959498078886
0.036390000000000006,30.390735569653483
0.036395000000000004,30.375520180498164
0.0364,30.360313711029182
0.036405,30.347321516657573
0.036410000000000005,30.336534305504184
0.036415,30.33013168439764
0.03642,30.328092754027228
0.036425000000000006,30.330394133873014
0.036430000000000004,30.337011477241003
0.036435,30.347919482752367
0.03644,30.363091906007735
0.036445000000000005,30.38250157142269
0.03645,30.40116964230714
0.036455,30.416983094987177
0.036460000000000006,30.424985909640323
0.036465000000000004,30.425179967030203
0.03647,30.417569511402828
0.036475,30.403337078146645
0.036480000000000005,30.38897195214075
0.036485000000000004,30.373757603558246
0.03649,30.35855198423003
0.036495,30.34335502708656
0.036500000000000005,30.328166701803227
0.036505,30.315191478770167
0.03651,30.30441903625537
0.036515000000000006,30.298039186002732
0.036520000000000004,30.296030990014486
0.036525,30.29837101605779
0.03653,30.305034864028848
0.036535000000000005,30.315997177464453
0.03654,30.331231655228898
0.036545,30.350711063372362
0.036550000000000006,30.374407247157066
0.036555000000000004,30.39734530499207
0.03656,30.417422159526453
0.036565,30.429685921787254
0.036570000000000005,30.43413740961686
0.036575,30.430779805078938
0.03658,30.417767686356104
0.036585000000000006,30.404464506712625
0.036590000000000004,30.38924087943741
0.036595,30.374025808515487
0.0366,30.35881967421445
0.036605000000000006,30.345828019888973
0.036610000000000004,30.335041546200618
0.036615,30.32864003234125
0.03662,30.326602576879868
0.036625000000000005,30.328905796981637
0.03663,30.3355253435555
0.036635,30.346435912744578
0.036640000000000006,30.361611257591626
0.036645000000000004,30.38102419987574
0.03665,30.39969599591866
0.036655,30.41551344448965
0.036660000000000005,30.423520620148143
0.036665,30.423719402368064
0.03667,30.416114034014974
0.036675000000000006,30.401883483003
0.036680000000000004,30.387520068157997
0.036685,30.37230623475341
0.03669,30.357101138337832
0.036695000000000005,30.341904712035877
0.0367,30.32671692476152
0.036705,30.313742419991506
0.03671,30.302970870535887
0.036715000000000005,30.29659227203974
0.03672,30.29458568438916
0.036725,30.296927673025248
0.036730000000000006,30.303593835440395
0.036735000000000004,30.314558812690848
0.03674,30.32979630108473
0.036745,30.34927906404156
0.036750000000000005,30.372978944119463
0.036755,30.39592112986585
0.03676,30.416002373241977
0.036765000000000006,30.428270876787085
0.036770000000000004,30.432727456965544
0.036775,30.429375294375436
0.03678,30.416365228710173
0.036785000000000005,30.403063918230327
0.03679,30.387840898012136
0.036795,30.37262643720575
0.036800000000000006,30.35742091648196
0.036805000000000004,30.34443005878927
0.03681,30.33364456392378
0.036815,30.32724437470709
0.036820000000000006,30.325208587603047
0.036825000000000004,30.327513817489027
0.03683,30.33413571291205
0.036835,30.345048967580254
0.036840000000000005,30.360227332029382
0.036845,30.379643625460496
0.03685,30.39831919105994
0.036855000000000006,30.414140661893207
0.036860000000000004,30.422152200712976
0.036865,30.422355685715818
0.03687,30.414755358405277
0.036875000000000005,30.400526762662096
0.03688,30.38616513390955
0.036885,30.370951932374794
0.036890000000000006,30.355747469028522
0.036895000000000004,30.340551677426426
0.0369,30.325364525987165
0.036905,30.312390820948107
0.036910000000000005,30.301620232691825
0.036915,30.29524292983336
0.03692,30.29323797023183
0.036925000000000006,30.295581917104858
0.036930000000000004,30.302250365650007
0.036935,30.313217954558386
0.03694,30.328458377703615
0.036945000000000006,30.34794439600238
0.036950000000000004,30.371647849442684
0.036955,30.39459401055627
0.03696,30.414679472339063
0.036965000000000005,30.426952522616027
0.03697,30.431413976535175
0.036975,30.42806701329671
0.036980000000000006,30.415058946608447
0.036985000000000004,30.401759459565632
0.03699,30.386537069739365
0.036995,30.371323239583937
0.037000000000000005,30.356118350253688
0.037005,30.343128292662044
0.03701,30.332343767022547
0.037015000000000006,30.32594486899386
0.037020000000000004,30.32391069305544
0.037025,30.326217851930036
0.03703,30.332841991941642
0.037035000000000005,30.34375780450783
0.037040000000000003,30.358939037807275
0.037045,30.37835850861836
0.03705,30.39703764097523
0.037055000000000005,30.412862913740938
0.03706,30.420878571762458
0.037065,30.421086492032867
0.037070000000000006,30.413490914773416
0.037075000000000004,30.399264178480383
0.03708,30.384904249833895
0.037085,30.3696916666525
0.037090000000000005,30.35448782156705
0.037095,30.33929264858462
0.0371,30.324106115706158
0.037105000000000006,30.311133180879335
0.037110000000000004,30.300363512763145
0.037115,30.293987441207083
0.03712,30.29198402217352
0.037125000000000005,30.29432981680034
0.03713,30.301000418139232
0.037135,30.31197046267022
0.037140000000000006,30.327213641991595
0.037145000000000004,30.346702714681328
0.03715,30.370409518326312
0.037155,30.39335940358595
0.037160000000000006,30.41344881559031
0.037165000000000004,30.425726121506862
0.03717,30.430192135252568
0.037175,30.42685003472074
0.037180000000000005,30.41384384492547
0.037185,30.400546070632117
0.03719,30.38532428026739
0.037195000000000006,30.37011104929337
0.037200000000000004,30.354906759335908
0.037205,30.341917457687387
0.03721,30.331133845195872
0.037215000000000005,30.32473615977504
0.03722,30.322703494053698
0.037225,30.32501245874563
0.037230000000000006,30.3316386981023
0.037235000000000004,30.3425569014061
0.03724,30.35774081463869
0.037245,30.37716325232058
0.037250000000000005,30.39584571367839
0.037255,30.411674534164025
0.03726,30.419694034978185
0.037265000000000006,30.419906091991724
0.037270000000000005,30.41231494423033
0.037275,30.39808994529493
0.03728,30.38373160542846
0.037285000000000006,30.36851960343766
0.037290000000000004,30.353316339213325
0.037295,30.338121747192393
0.0373,30.322935794996067
0.037305000000000005,30.309963581715113
0.03731,30.299194774513378
0.037315,30.29281985324578
0.037320000000000006,30.29081787210859
0.037325000000000004,30.29316539030335
0.03733,30.299837998883962
0.037335,30.310810332272105
0.037340000000000005,30.326056079947946
0.037345,30.345547998312504
0.03735,30.369257922717708
0.037355000000000006,30.392211276477582
0.037360000000000004,30.4123043672175
0.037365,30.42458563589018
0.03737,30.429055895266433
0.037375000000000005,30.425718322022927
0.037380000000000004,30.41271388112874
0.037385,30.399417702921298
0.03739,30.384196472649695
0.037395000000000005,30.368983801403292
0.0374,30.35378007125081
0.037405,30.340791474934512
0.037410000000000006,30.330008713942135
0.037415000000000004,30.323612158492445
0.03742,30.321580899492297
0.037425,30.323891545786292
0.037430000000000005,30.330519739697678
0.037435,30.341440168522325
0.03744,30.35662657619794
0.037445000000000006,30.37605177514451
0.037450000000000004,30.394737334510193
0.037455,30.410569456389666
0.03746,30.418592532985475
0.037465000000000005,30.418808439124277
0.03747,30.411221412719463
0.037475,30.396998030962546
0.037480000000000006,30.382641170035512
0.037485000000000004,30.367429709722064
0.03749,30.352226986819634
0.037495,30.337032936166946
0.037500000000000006,30.32184752503382
0.037505000000000004,30.30887598376921
0.03751,30.298107978168392
0.037515,30.29173412758646
0.037520000000000005,30.289733484576974
0.037525,30.292082606540447
0.03753,30.298757082672655
0.037535000000000006,30.309731545480787
0.037540000000000004,30.324979682475018
0.037545,30.344474248031613
0.03755,30.363238788072447
0.037555000000000005,30.379155688279397
0.03756,30.38727134822384
0.037565,30.387587615307712
0.037570000000000006,30.380108698081422
0.037575000000000004,30.36592966563428
0.03758,30.351613573145997
0.037585,30.336418822067348
0.037590000000000005,30.321232747305146
0.037595,30.306055296040963
0.0376,30.290886428443564
0.037605000000000006,30.27793513273148
0.037610000000000005,30.267191061323004
0.037615,30.260848798776653
0.03762,30.258887350428694
0.037625000000000006,30.26128322197352
0.037630000000000004,30.268011949286688
0.037635,30.279048109963178
0.03764,30.29436533503132
0.037645000000000005,30.31393632083862
0.03765,30.337732841105566
0.037655,30.360782307928243
0.037660000000000006,30.380977265728202
0.037665000000000004,30.39336817537798
0.03767,30.397955817982194
0.037675,30.39474333662103
0.037680000000000005,30.383735822239288
0.037685,30.369092804775228
0.03769,30.352984255805808
0.037695000000000006,30.33803710022295
0.037700000000000004,30.322849195590802
0.037705,30.30987640503239
0.03771,30.299108626123065
0.037715000000000005,30.29273474231231
0.037720000000000004,30.290733805655897
0.037725,30.29308237539559
0.03773,30.299756042610156
0.037735000000000005,30.31072944173131
0.03774,30.325976262235056
0.037745,30.345469260504597
0.037750000000000006,30.36423192251983
0.037755000000000004,30.380146759173687
0.03776,30.388260108927632
0.037765,30.388573819899133
0.037770000000000005,30.381092101415064
0.037775,30.366911104019604
0.03778,30.352593127807868
0.037785000000000006,30.33739686656652
0.037790000000000004,30.322209322573215
0.037795,30.307030441260657
0.0378,30.291860181395133
0.037805000000000005,30.278907401861495
0.03781,30.268161737580296
0.037815,30.261817642553975
0.037820000000000006,30.259854123954383
0.037825000000000004,30.262247689452963
0.03783,30.268973876944912
0.037835,30.28000726608692
0.037840000000000006,30.295321490010572
0.037845000000000004,30.314889247207628
0.03785,30.338682313583277
0.037855,30.361728041456427
0.037860000000000005,30.381919087883283
0.037865,30.394305852884152
0.03787,30.398889118728505
0.037875000000000006,30.395672029719073
0.037880000000000004,30.3827142041593
0.037885,30.369460574668814
0.03789,30.35425434719603
0.037895000000000005,30.339056663751286
0.0379,30.323867918383993
0.037905,30.310898166849686
0.037910000000000006,30.300138130125074
0.037915000000000004,30.293771691868734
0.03792,30.291777897223152
0.037925,30.29413330535955
0.037930000000000005,30.300813507360488
0.037935,30.31179313773555
0.03794,30.32704588611233
0.037945000000000007,30.346544509098976
0.037950000000000005,30.36531243208513
0.037955,30.38123231691524
0.03796,30.389350440732
0.037965000000000006,30.38966865061188
0.037970000000000004,30.382191154909023
0.037975,30.3680107862142
0.03798,30.353693264591325
0.037985000000000005,30.338496246322244
0.03799,30.32330795355532
0.037995,30.308128331898015
0.038000000000000006,30.29295733938043
0.038005000000000004,30.280003691383097
0.03801,30.269257018464685
0.038015,30.262911643860846
0.038020000000000005,30.260946576494472
0.038025,30.263338325932352
0.03803,30.270062432020833
0.038035000000000006,30.281093476422765
0.038040000000000004,30.296405094330147
0.038045,30.31596998634864
0.03805,30.339759930550006
0.038055000000000005,30.362802211276065
0.038060000000000004,30.382989614051894
0.038065,30.395372469832314
0.03807,30.399951562009612
0.038075000000000005,30.396730036075297
0.03808,30.38377044759958
0.038085,30.370515204818563
0.038090000000000006,30.355308362418555
0.038095000000000004,30.340110068032107
0.0381,30.324920715140497
0.038105,30.311950222546393
0.038110000000000005,30.301189308901783
0.038115,30.29482173362372
0.03812,30.29282654349757
0.038125000000000006,30.295180299475078
0.038130000000000004,30.30185859447376
0.038135,30.312836064891815
0.03814,30.328086402298368
0.038145000000000005,30.34758236529525
0.03815,30.366347313996894
0.038155,30.382264034709703
0.038160000000000006,30.39037873827882
0.038165000000000004,30.390693272776097
0.03817,30.383211847614664
0.038175,30.36902991341488
0.038180000000000006,30.354710957997224
0.038185000000000004,30.339513391456872
0.03819,30.32432455245251
0.038195,30.309144386145928
0.038200000000000005,30.29397285083432
0.038205,30.281018539047803
0.03821,30.270271081868387
0.038215000000000006,30.26392467195601
0.038220000000000004,30.261958319781403
0.038225,30.26434853660719
0.03823,30.27107086402845
0.038235000000000005,30.28209988550901
0.03824,30.29740923809332
0.038245,30.316971624290225
0.038250000000000006,30.340758824124695
0.038255000000000004,30.363798058923525
0.03826,30.383982233452596
0.038265,30.39636161466493
0.038270000000000005,30.40093698695631
0.038275,30.397711496882916
0.03828,30.384750366495364
0.038285000000000007,30.371493715564974
0.038290000000000005,30.356286368532995
0.038295,30.34108757058544
0.0383,30.32589771478811
0.038305000000000006,30.312926593607703
0.038310000000000004,30.302164924785256
0.038315,30.295796352876476
0.03832,30.293799926166884
0.038325000000000005,30.296152207236087
0.03833,30.302828790680536
0.038335,30.313804314627717
0.038340000000000006,30.32905247242567
0.038345000000000004,30.34854602450411
0.03835,30.367308270358038
0.038355,30.383222111902793
0.038360000000000005,30.39133369842466
0.038365,30.39164487890501
0.03837,30.38415986372558
0.038375000000000006,30.36997651594819
0.038380000000000004,30.35565626735062
0.038385,30.340458222381283
0.03839,30.32526890560835
0.038395000000000006,30.31008826183069
0.038400000000000004,30.29491624963749
0.038405,30.281961347697735
0.03841,30.27121318812383
0.038415000000000005,30.26486584256266
0.03842,30.2628983229121
0.038425,30.26528714199918
0.038430000000000006,30.272007843032853
0.038435000000000004,30.283035011139532
0.03844,30.298342285074384
0.038445,30.31790236910431
0.038450000000000005,30.336740480334605
0.038455,30.352735814995953
0.03846,30.360936469649918
0.038465000000000006,30.36134426685778
0.038470000000000004,30.35396338870001
0.038475,30.339822886301263
0.03848,30.325542037349308
0.038485000000000005,30.31036024889581
0.03849,30.295187127831234
0.038495,30.280022630907276
0.038500000000000006,30.2648667099548
0.038505000000000005,30.251931492132368
0.03851,30.241206597459847
0.038515,30.23488994524479
0.038520000000000006,30.232960501542173
0.038525000000000004,30.23539472898084
0.03853,30.242168119005303
0.038535,30.253255203432772
0.038540000000000005,30.268629566186075
0.038545,30.28826385519873
0.03855,30.312129794488158
0.038555000000000006,30.335256411452654
0.038560000000000004,30.355533193448757
0.038565,30.368012241793835
0.03857,30.372694312101853
0.038575000000000005,30.369582520394292
0.03858,30.35868192900696
0.038585,30.344153557239366
0.038590000000000006,30.328086633832655
0.038595000000000004,30.313178771151456
0.0386,30.298003214893182
0.038605,30.285046051999732
0.038610000000000005,30.274297208795787
0.038615000000000003,30.267948400819346
0.03862,30.26597864200138
0.03862500000000001,30.268364450329695
0.038630000000000005,30.27508137432681
0.038635,30.286104004583834
0.03864,30.30140598546999
0.038645000000000006,30.320960027013946
0.038650000000000004,30.339791157161205
0.038655,30.35577894652992
0.03866,30.363971299375397
0.038665000000000005,30.364370040751684
0.03867,30.356979355419607
0.038675,30.342834063073735
0.038680000000000006,30.32854873790725
0.038685000000000004,30.313364421807016
0.03869,30.298188815068272
0.038695,30.283021872001026
0.038700000000000005,30.267863543611057
0.038705,30.254925582905383
0.03871,30.2441975946092
0.038715000000000006,30.237877108957996
0.038720000000000004,30.235943096901387
0.038725,30.238372026397474
0.03873,30.24513939436865
0.038735000000000006,30.256219738256746
0.038740000000000004,30.271586647753892
0.038745,30.29121277670556
0.03875,30.31506985518176
0.038755000000000005,30.338186725216907
0.03876,30.358453224472555
0.038765,30.370921265870997
0.038770000000000006,30.375591608175302
0.038775000000000004,30.372467370735684
0.03878,30.361553619394233
0.038785,30.34701120324211
0.038790000000000005,30.330938938254338
0.038795,30.31602603134315
0.0388,30.300848649462637
0.038805000000000006,30.287889297159193
0.038810000000000004,30.277137889015513
0.038815,30.27078581343849
0.03882,30.268812088890613
0.038825000000000005,30.271193238249765
0.03883,30.27790481507381
0.038835,30.288921415132528
0.038840000000000006,30.30421668811512
0.038845000000000005,30.323763349509502
0.03885,30.34258625096654
0.038855,30.35856529910426
0.038860000000000006,30.36674821909135
0.038865000000000004,30.367136838719205
0.03887,30.35973534565769
0.038875,30.345585699145392
0.038880000000000005,30.331296381942785
0.038885,30.316110492605596
0.03889,30.300933321825585
0.038895000000000006,30.285764822553855
0.038900000000000004,30.270604946386413
0.038905,30.25766511391089
0.03891,30.24693492962917
0.038915000000000005,30.240611570384292
0.03892,30.23867401133695
0.038925,30.241098725056165
0.038930000000000006,30.247861213217444
0.038935000000000004,30.2589360181559
0.03894,30.274296734595204
0.038945,30.29391602154863
0.038950000000000005,30.317765614388218
0.038955000000000004,30.34087418509892
0.03896,30.36113189307769
0.03896500000000001,30.373590478521283
0.038970000000000005,30.37825070292072
0.038975,30.375115688519227
0.03898,30.364190504215017
0.038985000000000006,30.349635842445807
0.038990000000000004,30.333559082578095
0.038995,30.31864193223752
0.039,30.303463168437343
0.039005000000000005,30.290502091500564
0.03901,30.27974861129085
0.039015,30.273393817633032
0.039020000000000006,30.27141673303461
0.039025000000000004,30.27379388474777
0.03903,30.28050083084094
0.039035,30.29151217172887
0.039040000000000005,30.306801561878245
0.039045,30.326341721685022
0.03905,30.345157340599815
0.039055000000000006,30.361128634496787
0.039060000000000004,30.369303163824288
0.039065,30.369682758819938
0.03907,30.362271609757823
0.039075000000000006,30.348118152872107
0.039080000000000004,30.333825349147826
0.039085,30.318638161675096
0.03909,30.303459695252418
0.039095000000000005,30.288289901828108
0.0391,30.273128733754927
0.039105,30.260187306879025
0.039110000000000006,30.249455228141464
0.039115000000000004,30.243129350456954
0.03912,30.24118865281041
0.039125,30.243609611962462
0.039130000000000005,30.25036773391233
0.039135,30.261437565449125
0.03914,30.276792705879004
0.039145000000000006,30.2964058189243
0.039150000000000004,30.315303473687397
0.039155,30.331362286201244
0.03916,30.33963172590367
0.039165000000000005,30.340113595253808
0.03917,30.33281205491191
0.039175,30.318702731792627
0.039180000000000006,30.304450402447646
0.039185000000000005,30.28927910272788
0.03919,30.274116463090376
0.039195,30.25896244803468
0.039200000000000006,30.24381700264743
0.039205000000000004,30.230894793455704
0.03921,30.220185414301287
0.039215,30.213889482320393
0.039220000000000005,30.211985931789076
0.039225,30.214451190495843
0.03923,30.2212607139402
0.039235000000000006,30.23238899690487
0.039240000000000004,30.247809585204095
0.039245,30.267495087604246
0.03925,30.291417187912828
0.039255000000000005,30.314606220290983
0.03926,30.33494919896183
0.039265,30.347499552346072
0.039270000000000006,30.35225801543554
0.039275000000000004,30.349227682361054
0.03928,30.33841359231362
0.039285,30.32397796946939
0.039290000000000005,30.307944721839355
0.039295000000000004,30.293068647778476
0.0393,30.277903082054326
0.03930500000000001,30.264958562582517
0.039310000000000005,30.25422503896272
0.039315,30.247896517868043
0.03932,30.245951982386565
0.039325000000000006,30.248367917131773
0.039330000000000004,30.255119836198283
0.039335,30.26618229471031
0.03934,30.281528900545883
0.039345000000000005,30.301132326233
0.03935,30.32001884715029
0.039355,30.33606565526651
0.039360000000000006,30.344321921546968
0.039365000000000004,30.344789452387467
0.03937,30.337472412674963
0.039375,30.323356005868405
0.039380000000000005,30.309097095559377
0.039385,30.293922443365492
0.03939,30.2787564941362
0.039395000000000006,30.263599209363825
0.039400000000000004,30.24845053377662
0.039405,30.23552456169746
0.03941,30.224810873431252
0.039415000000000006,30.21850948785535
0.039420000000000004,30.216599346615855
0.039425,30.21905688554304
0.03943,30.22585756841267
0.039435000000000005,30.236975898515052
0.03944,30.252385430400153
0.039445,30.27205878179497
0.039450000000000006,30.29596764568923
0.039455000000000004,30.319142069280133
0.03946,30.339469609371438
0.039465,30.3520034028059
0.039470000000000005,30.35674418933007
0.039475,30.353695068107772
0.03948,30.34286108363805
0.039485000000000006,30.328404196218532
0.039490000000000004,30.31236298336805
0.039495,30.297479388470084
0.0395,30.282311216704155
0.039505000000000005,30.269363521255777
0.03951,30.258626238096728
0.039515,30.252292868620376
0.039520000000000007,30.250342402845703
0.039525000000000005,30.252751332872478
0.03953,30.259495180508736
0.039535,30.27054850881617
0.039540000000000006,30.285884933831223
0.039545000000000004,30.305477136458038
0.03955,30.324351118800596
0.039555,30.340384593750873
0.039560000000000005,30.34862645470832
0.039565,30.34907851225754
0.03957,30.341744935740508
0.039575000000000006,30.327621926655436
0.039580000000000004,30.313356968394608
0.039585,30.29817998979146
0.03959,30.28301172392046
0.039595000000000005,30.267852130353543
0.0396,30.252701154894563
0.039605,30.23977237741088
0.039610000000000006,30.22905537984955
0.039615000000000004,30.22274963420434
0.03962,30.22083408861119
0.039625,30.223285186009697
0.039630000000000006,30.23007839750625
0.039635000000000004,30.241188233940115
0.03964,30.256588257625477
0.03964500000000001,30.276251094265678
0.039650000000000005,30.300148445035784
0.039655,30.323310093392255
0.03966,30.34362409519093
0.039665000000000006,30.356143319399195
0.039670000000000004,30.360868509970377
0.039675,30.357802770531
0.03968,30.346951150295887
0.039685000000000005,30.332475366523493
0.03969,30.31642724373076
0.039695,30.30153712567434
0.039700000000000006,30.286366855239244
0.039705000000000004,30.27341652821718
0.03971,30.262676074182792
0.039715,30.256338531676516
0.039720000000000005,30.25438289697385
0.039725,30.25678566894189
0.03973,30.263522376367813
0.039735000000000006,30.274567589501327
0.039740000000000004,30.289894931772814
0.039745,30.30947709168332
0.03975,30.32833981969967
0.039755000000000006,30.344361308511242
0.039760000000000004,30.352590195978088
0.039765,30.353028296468867
0.03977,30.345679783354797
0.039775000000000005,30.331550892594286
0.03978,30.317280553664045
0.039785,30.302101583823625
0.039790000000000006,30.286931329676094
0.039795000000000004,30.27176974927527
0.0398,30.25661678963151
0.039805,30.243685558004245
0.039810000000000005,30.232965640526466
0.039815,30.226656006834208
0.03982,30.224735610988677
0.039825000000000006,30.227180902424596
0.039830000000000004,30.233967358948668
0.039835,30.245069498302797
0.03984,30.260460889903275
0.039845000000000005,30.280114166752167
0.039850000000000003,30.29905692258265
0.039855,30.315163817917732
0.03986000000000001,30.323485362647517
0.039865000000000005,30.324023344002576
0.03987,30.316781906415656
0.039875,30.302696202271367
0.039880000000000006,30.288465477102054
0.039885000000000004,30.27330212163582
0.03989,30.258147420912238
0.039895,30.24300134529288
0.039900000000000005,30.227863834747495
0.039905,30.214951480316316
0.03991,30.204253855917727
0.039915000000000006,30.197973623251983
0.039920000000000004,30.196089692512228
0.039925,30.198578465083877
0.03993,30.205415369226117
0.039935000000000005,30.21657487165561
0.03994,30.23203048930648
0.039945,30.251754801262663
0.039950000000000006,30.27571946085889
0.039955000000000004,30.29895579262997
0.03996,30.319348936450545
0.039965,30.331953326529966
0.039970000000000006,30.336769682231974
0.039975000000000004,30.333801081097874
0.03998,30.323052544778673
0.03998500000000001,30.30868721060956
0.039990000000000005,30.292679482602217
0.039995,30.27782749805904
0.04,30.262669502035887
0.040005000000000006,30.249734562904013
0.040010000000000004,30.239012647862403
0.040015,30.232699499986524
0.04002,30.230774078989885
0.040025000000000005,30.23321284419288
0.04003,30.23999128359853
0.040035,30.251083925451997
0.040040000000000006,30.266464349975923
0.040045000000000004,30.28610520127787
0.04005,30.30503370014817
0.040055,30.321125235810456
0.040060000000000005,30.32942993925111
0.040065,30.32994960272557
0.04007,30.322688376059176
0.040075000000000006,30.30859385988686
0.040080000000000005,30.294354967779732
0.040085,30.279187638728192
0.04009,30.264029007832857
0.040095000000000006,30.248879042027767
0.040100000000000004,30.233737681282115
0.040105,30.220820794361174
0.04011,30.210117943044494
0.040115000000000005,30.2038310323074
0.04012,30.201938981587592
0.040125,30.204418202366483
0.040130000000000006,30.21124413329878
0.040135000000000004,30.22239125179219
0.04014,30.237833085763224
0.040145,30.25754222556553
0.040150000000000005,30.281490336086495
0.040155,30.30470837790025
0.04016,30.325082179178185
0.040165000000000006,30.337665804355986
0.040170000000000004,30.342459978768094
0.040175,30.339467786279528
0.04018,30.328694255213946
0.040185000000000005,30.31430218803829
0.040190000000000003,30.298284508648255
0.040195,30.28342312842212
0.04020000000000001,30.268261936485516
0.040205000000000005,30.255323075230763
0.04021,30.244596496831996
0.040215,30.23827730408495
0.040220000000000006,30.236344465451815
0.040225000000000004,30.23877444970616
0.04023,30.2455427545934
0.040235,30.256623918386378
0.040240000000000005,30.27199153161665
0.040245,30.291618248977915
0.04025,30.310530944487994
0.040255000000000006,30.326605668441555
0.040260000000000004,30.334892199625262
0.040265,30.335392335583013
0.04027,30.328110231766388
0.040275000000000005,30.31400741058648
0.04028,30.29976091340817
0.040285,30.2845906879368
0.040290000000000006,30.26942917079086
0.040295000000000004,30.254276326559822
0.0403,30.23913209665744
0.040305,30.22621169744024
0.040310000000000006,30.215504693757783
0.040315000000000004,30.209212297067747
0.04032,30.20731343502443
0.04032500000000001,30.20978452811173
0.040330000000000005,30.216601024268158
0.040335,30.227737410462755
0.04034,30.243167224447014
0.040345000000000006,30.26286306667917
0.040350000000000004,30.286796612416893
0.040355,30.30999848748704
0.04036,30.33035515349777
0.040365000000000005,30.342920334897652
0.04037,30.347694762348425
0.040375,30.34468152536732
0.040380000000000006,30.33388565825139
0.040385000000000004,30.31946965495808
0.04039,30.303443235737976
0.040395,30.28857360500892
0.040400000000000005,30.273409771509794
0.040405,30.26046759163699
0.04041,30.249737009902184
0.040415000000000006,30.243412541752654
0.040420000000000005,30.24147316358305
0.040425,30.243895352747757
0.04043,30.2506546158421
0.040435000000000006,30.26172550025412
0.040440000000000004,30.277081605892192
0.040445,30.296695597084636
0.04045,30.31559402842937
0.040455000000000005,30.33165355926896
0.04046,30.33992364402045
0.040465,30.340406085025663
0.040470000000000006,30.33310504284533
0.040475000000000004,30.318994770394827
0.04048,30.304741457204184
0.040485,30.289568715365423
0.040490000000000005,30.27440468516104
0.040495,30.259249329272073
0.0405,30.24410259065988
0.040505000000000006,30.231179085851103
0.040510000000000004,30.22046838520789
0.040515,30.21417106260284
0.04052,30.212266053207824
0.040525000000000005,30.21472978574762
0.040530000000000004,30.221537716662183
0.040535,30.232664341678905
0.04054000000000001,30.248083207560946
0.040545000000000005,30.267766924027846
0.04055,30.286743861367903
0.040555,30.302887198047127
0.040560000000000006,30.31124823250161
0.040565000000000004,30.31182874042041
0.04057,30.304632853937658
0.040575,30.290565050300366
0.040580000000000005,30.27635069864752
0.040585,30.261193364015206
0.04059,30.246044680079454
0.040595000000000006,30.230904621644548
0.040600000000000004,30.215773124802183
0.040605,30.202868239157308
0.04061,30.19217952352831
0.040615000000000005,30.18591118916522
0.04062,30.18404212800904
0.040625,30.186548721434626
0.040630000000000006,30.19340637705606
0.040635000000000004,30.204589540319105
0.04064,30.220071706269973
0.040645,30.239825431496683
0.040650000000000006,30.26382234623901
0.040655000000000004,30.287094525623832
0.04066,30.307525688980036
0.04066500000000001,30.32017103279189
0.040670000000000005,30.32503126457879
0.040675,30.32210944930904
0.04068,30.31141059534031
0.040685000000000006,30.29709853207982
0.040690000000000004,30.28111014507138
0.040695,30.26627641766861
0.0407,30.25112415862172
0.040705000000000005,30.238196480304925
0.04071,30.227483363255327
0.040715,30.221181866546406
0.040720000000000006,30.21927093217638
0.040725000000000004,30.221727000296305
0.04073,30.228525539134726
0.040735,30.23964105656549
0.040740000000000005,30.25504711185156
0.040745,30.274716327561016
0.04075,30.293676641000104
0.040755000000000006,30.309802075114046
0.040760000000000005,30.318143488477403
0.040765,30.318702662628848
0.04077,30.31148373597867
0.040775000000000006,30.29740581044483
0.040780000000000004,30.283182089882885
0.040785,30.26802031094748
0.04079,30.252867226524202
0.040795000000000005,30.237722807671304
0.0408,30.222586990751118
0.040805,30.20967698935707
0.040810000000000006,30.198982351228466
0.040815000000000004,30.192706410791132
0.04082,30.190828070651314
0.040825,30.1933237238367
0.040830000000000005,30.200168789963087
0.040835,30.211337726822027
0.04084,30.226804042144927
0.040845000000000006,30.24654030553944
0.040850000000000004,30.27051816059459
0.040855,30.29376926012168
0.04086,30.31417812218278
0.040865000000000005,30.326799514224938
0.040870000000000004,30.331634150659802
0.040875,30.328685103757625
0.04088000000000001,30.317957389582933
0.040885000000000005,30.303614448872477
0.04089,30.287614605201664
0.040895,30.272770061201104
0.040900000000000006,30.257614159190155
0.040905000000000004,30.244681993261064
0.04091,30.233963527867513
0.040915,30.22765507948845
0.040920000000000005,30.22573560024845
0.040925,30.228181541242424
0.04093,30.23496838197906
0.040935000000000006,30.24607064194398
0.040940000000000004,30.261461892338946
0.040945,30.28111476799307
0.04095,30.300056803736975
0.040955000000000005,30.316162789803233
0.04096,30.324483176002598
0.040965,30.325019749995583
0.040970000000000006,30.31777665670641
0.040975000000000004,30.303689135691485
0.04098,30.289456629940453
0.040985,30.274291522584164
0.040990000000000006,30.25913512021355
0.040995000000000004,30.243987391220777
0.041,30.228848273692414
0.04100500000000001,30.215934224260106
0.041010000000000005,30.205234794815347
0.041015,30.198952515134227
0.04102,30.197066297348275
0.041025000000000006,30.19955254492245
0.041030000000000004,30.206386688236645
0.041035,30.21754319616894
0.04104,30.23299558785506
0.041045000000000005,30.25271644462029
0.04105,30.271735083315747
0.041055,30.28792287590444
0.041060000000000006,30.296332082007517
0.041065000000000004,30.2969644632366
0.04107,30.28982413672553
0.041075,30.2757781774496
0.041080000000000005,30.26158380768603
0.041085,30.246433831117834
0.04109,30.231292499550452
0.041095000000000007,30.216159793235203
0.041100000000000005,30.201035643564087
0.041105,30.18813987816573
0.04111,30.177462037791308
0.041115000000000006,30.171208222631964
0.041120000000000004,30.169357302374262
0.041125,30.171885633995178
0.04113000000000001,30.178768599937627
0.041135000000000005,30.189980619713545
0.04114,30.205495161683437
0.041145,30.225284755008595
0.041150000000000006,30.249321001772113
0.041155000000000004,30.272636891991997
0.04116,30.293114413513198
0.041165,30.305809691953932
0.041170000000000005,30.310723420392495
0.041175,30.30785864846796
0.04118,30.297220368330716
0.041185000000000006,30.282973252936753
0.041190000000000004,30.2670084509766
0.041195,30.252196986969775
0.0412,30.23705172826887
0.041205000000000006,30.224132907461502
0.041210000000000004,30.213430521499266
0.041215,30.207143233556252
0.04122000000000001,30.205249964034753
0.041225000000000005,30.207727129717554
0.04123,30.21455017472739
0.041235,30.225693582104938
0.041240000000000006,30.24113088556289
0.041245000000000004,30.26083468141238
0.04125,30.27983378030374
0.041255,30.29600053986129
0.041260000000000005,30.30438670550059
0.041265,30.30499404569604
0.04127,30.29782668494255
0.041275000000000006,30.283768986389028
0.041280000000000004,30.269563762868028
0.041285,30.254408752689233
0.04129,30.239262432426884
0.041295000000000005,30.224124778172524
0.0413,30.208995721897722
0.041305,30.19609411640303
0.041310000000000006,30.185409492382696
0.041315000000000004,30.179146926616703
0.04132,30.177285301194527
0.041325,30.17980098664978
0.041330000000000006,30.186669379390867
0.041335000000000004,30.1978649132985
0.04134,30.213361071499662
0.04134500000000001,30.23313039831413
0.041350000000000005,30.25714451136965
0.041355,30.280435907223755
0.04136,30.300887507089072
0.041365000000000006,30.313554935291698
0.041370000000000004,30.31843889292903
0.041375,30.315542438137985
0.04138,30.304870572039984
0.041385000000000005,30.29058751333632
0.04139,30.274609411171657
0.041395,30.259785390315816
0.041400000000000006,30.244635937559416
0.041405000000000004,30.231711933836127
0.04141,30.221003358598352
0.041415,30.21470800765367
0.041420000000000005,30.212804813212642
0.041425000000000003,30.215270204821667
0.04143,30.222079639760643
0.04143500000000001,30.233207614615534
0.041440000000000005,30.24862767702704
0.041445,30.268312437611453
0.04145,30.287290236641006
0.041455000000000006,30.303434328503236
0.041460000000000004,30.31179598089696
0.041465,30.312376969435814
0.04147000000000001,30.30518142621223
0.041475000000000005,30.291112555051882
0.04148,30.27689710393228
0.041485,30.26173823564451
0.041490000000000006,30.24658806824065
0.041495000000000004,30.231446574749153
0.0415,30.21631368920228
0.041505,30.203407379965412
0.041510000000000005,30.192717183149707
0.041515,30.18644723538981
0.04152,30.184576429896786
0.041525000000000006,30.1870811493916
0.041530000000000004,30.193936802852267
0.041535,30.205117837106183
0.04154,30.220597748598724
0.041545000000000006,30.240349095334434
0.041550000000000004,30.259401971983937
0.041555,30.275626266040454
0.04156000000000001,30.284075026955186
0.041565000000000005,30.284750004779223
0.04157,30.277655304327585
0.041575,30.26362727524269
0.041580000000000006,30.249449306167833
0.041585000000000004,30.234305360648516
0.04159,30.219170056060886
0.041595,30.204043377106892
0.041600000000000005,30.188925251294755
0.041605,30.17603696719576
0.04161,30.16536805044376
0.041615000000000006,30.15912615330609
0.041620000000000004,30.15729012718729
0.041625,30.15983630902107
0.04163,30.16674006057148
0.041635000000000005,30.177975780044793
0.04164,30.19351691387784
0.041645,30.21333596869923
0.041650000000000006,30.23740452345937
0.041655000000000005,30.26075631998996
0.04166,30.2812719232784
0.041665,30.29400822245851
0.041670000000000006,30.29896589874486
0.041675000000000004,30.296147989182984
0.04168,30.285559472608202
0.04168500000000001,30.27136571517464
0.041690000000000005,30.2554202859163
0.041695,30.240627108977055
0.0417,30.22548759675289
0.041705000000000006,30.21257604873614
0.041710000000000004,30.201882475241632
0.041715,30.195606857584142
0.04172,30.193728098421772
0.041725000000000005,30.196222595336714
0.04173,30.203065772644983
0.041735,30.214232092982737
0.041740000000000006,30.229695069068814
0.041745000000000004,30.249427275639736
0.04175,30.268458241027655
0.041755,30.28465895435538
0.041760000000000005,30.29308188981061
0.041765000000000004,30.29372880513344
0.04177,30.28660381338516
0.04177500000000001,30.272562732574574
0.041780000000000005,30.25837270538896
0.041785,30.24322325444023
0.04179,30.22808248975464
0.041795000000000006,30.212950391554774
0.041800000000000004,30.197826888199593
0.041805,30.184932179506667
0.04181000000000001,30.174255782108638
0.041815000000000005,30.168004204562603
0.04182,30.16615631209917
0.041825,30.16868845676818
0.041830000000000006,30.175576015908103
0.041835000000000004,30.186793403751587
0.04184,30.202314083207593
0.041845,30.222110577816164
0.041850000000000005,30.246154483871976
0.041855,30.269478991296015
0.04186,30.289965709060077
0.041865000000000006,30.302670965645415
0.041870000000000004,30.307595451208854
0.041875,30.30474221227367
0.04188,30.294116237682196
0.041885000000000006,30.279882385443923
0.041890000000000004,30.263922148062733
0.041895,30.249114990868158
0.04190000000000001,30.233970836677106
0.041905000000000005,30.221053539204775
0.04191,30.210353090203757
0.041915,30.204068501139712
0.041920000000000006,30.202178687858964
0.041925000000000004,30.204660062200507
0.04193,30.211488063177786
0.041935,30.222637168559025
0.041940000000000005,30.23808090662362
0.041945,30.257791868090955
0.04195,30.276799055121188
0.041955000000000006,30.292974459989686
0.041960000000000004,30.30137002251112
0.041965,30.301987508399638
0.04197,30.294831039203174
0.041975000000000005,30.280777493122038
0.04198,30.266576056213683
0.041985,30.25142231438455
0.041990000000000006,30.236277270093453
0.041995000000000005,30.221140900177783
0.042,30.20601313533722
0.042005,30.1931131862302
0.042010000000000006,30.18243057598907
0.042015000000000004,30.176170761711813
0.04202,30.174312621061475
0.04202500000000001,30.176832519712395
0.042030000000000005,30.183705849055382
0.042035,30.194907037797428
0.04204,30.21040956373787
0.042045000000000006,30.230185965717148
0.042050000000000004,30.249266977595557
0.042055,30.265521266971586
0.04206,30.27400253235593
0.042065000000000005,30.274712514299715
0.04207,30.26765530749484
0.042075,30.253642012559492
0.042080000000000006,30.239477520750548
0.042085000000000004,30.224338531094258
0.04209,30.2092081790369
0.042095,30.194086452937395
0.042100000000000005,30.178973277111965
0.042105000000000004,30.166091140690387
0.04211,30.155429556878637
0.04211500000000001,30.149197453393217
0.042120000000000005,30.147373666615145
0.042125,30.149934517007228
0.04213,30.15685534934034
0.042135000000000006,30.168110544312423
0.042140000000000004,30.183673530344187
0.042145,30.203516795547607
0.04215000000000001,30.227611899863412
0.042155000000000005,30.250993202942457
0.04216,30.27154010050805
0.042165,30.284310109129404
0.042170000000000006,30.28930390027189
0.042175000000000004,30.28652450063212
0.04218,30.27597687810349
0.042185,30.261826968490908
0.042190000000000005,30.245897459017367
0.042195,30.231119309727422
0.0422,30.21598451968419
0.042205000000000006,30.20307894813325
0.042210000000000004,30.192392616368682
0.042215,30.18612658891532
0.04222,30.184259753849645
0.042225000000000006,30.186768492975386
0.042230000000000004,30.19362821433199
0.042235,30.204813363787785
0.04224000000000001,30.220297436809513
0.042245000000000005,30.240052990404344
0.04225,30.259110142675162
0.042255,30.27533875814866
0.042260000000000006,30.283791909896944
0.042265000000000004,30.284471346839048
0.04227,30.27738117264042
0.042275,30.263353747750344
0.042280000000000005,30.24917620841594
0.042285,30.23403132583002
0.04229,30.218895126507277
0.042295000000000006,30.20376759406501
0.042300000000000004,30.188648653893367
0.042305,30.175759612750223
0.04231,30.16508997571179
0.042315000000000005,30.158847427928926
0.04232,30.15701082077809
0.042325,30.159556491119723
0.042330000000000007,30.166459800621155
0.042335000000000005,30.17769514736884
0.04234,30.19323597765716
0.042345,30.213054797949965
0.042350000000000006,30.23712318701103
0.042355000000000004,30.260474904548005
0.04236,30.280990481169894
0.04236500000000001,30.293726824012946
0.042370000000000005,30.29868461424334
0.042375,30.295866888840575
0.04238,30.28527862655639
0.042385000000000006,30.271085210765936
0.042390000000000004,30.255139654132986
0.042395,30.24034635499407
0.0424,30.225206554993367
0.042405000000000005,30.212294768508713
0.04241,30.20160099740017
0.042415,30.195325252127063
0.042420000000000006,30.193446435088063
0.042425000000000004,30.195940943570715
0.04243,30.20278420157764
0.042435,30.213950671413134
0.042440000000000005,30.229413865446052
0.042445000000000004,30.249146358045063
0.04245,30.268177695291296
0.04245500000000001,30.284378832291647
0.042460000000000005,30.29280226118677
0.042465,30.293449739555708
0.04247,30.28632538028124
0.042475000000000006,30.272284427907184
0.042480000000000004,30.258094507471956
0.042485,30.242944978411963
0.04249000000000001,30.22780414414092
0.042495000000000005,30.212671984626272
0.0425,30.197548427829055
0.042505,30.184653705289364
0.042510000000000006,30.173977329473715
0.042515000000000004,30.167725842599868
0.04252,30.165878109553923
0.042525,30.16841048200182
0.042530000000000005,30.17529833688168
0.042535,30.18651608800968
0.04254,30.202037197862335
0.042545000000000006,30.221834189531588
0.042550000000000004,30.24093832214593
0.042555,30.25721726082845
0.04256,30.26572523746881
0.042565000000000006,30.266463984811335
0.042570000000000004,30.259437589228995
0.042575,30.245436402399772
0.04258000000000001,30.23128298582539
0.042585000000000005,30.2161480687539
0.04259,30.20102178654279
0.042595,30.185904130556146
0.042600000000000006,30.170795022487116
0.042605000000000004,30.157917938050886
0.04261,30.14726238024043
0.042615,30.141038324900748
0.042620000000000005,30.139224596066953
0.042625,30.141797500666538
0.04263,30.148732369505836
0.042635000000000006,30.160003568894965
0.042640000000000004,30.175584512449465
0.042645,30.195447673064862
0.04265,30.21956459506028
0.042655000000000005,30.24297014579309
0.042660000000000003,30.263542760118007
0.042665,30.276340470213153
0.04267000000000001,30.28136393953229
0.042675000000000005,30.27861618626753
0.04268,30.26810216932055
0.042685,30.25398829261935
0.042690000000000006,30.23807186557793
0.042695000000000004,30.223306065588197
0.0427,30.208175156099458
0.04270500000000001,30.1952744958394
0.042710000000000005,30.184594115124465
0.042715,30.178335968631313
0.04272,30.176478932453634
0.042725000000000006,30.178999375428873
0.042730000000000004,30.185872692220837
0.042735,30.197073314918534
0.04274,30.212574724811418
0.042745000000000005,30.23234946433714
0.04275,30.251428136255743
0.042755,30.267679680932204
0.042760000000000006,30.276157663585153
0.042765000000000004,30.27686382588468
0.04277,30.26980226377501
0.042775,30.25578606093808
0.042780000000000006,30.241618783770132
0.042785000000000004,30.226477655336293
0.04279,30.21134520770039
0.04279500000000001,30.1962214272694
0.042800000000000005,30.18110623699377
0.042805,30.168221853284038
0.04281,30.157557771719645
0.042815000000000006,30.15132264434337
0.042820000000000004,30.149495311146733
0.042825,30.152052096507916
0.04283000000000001,30.158968349216178
0.042835000000000005,30.17021845408947
0.04284,30.185775843768752
0.042845,30.20561301068517
0.042850000000000006,30.229701519196066
0.042855000000000004,30.2530755972439
0.04286,30.273614889269215
0.042865,30.286376777930766
0.042870000000000005,30.29136193700648
0.042875,30.288573395633087
0.04288,30.278016124270124
0.042885000000000006,30.26385593802356
0.042890000000000005,30.247922445619416
0.042895,30.23314053464351
0.0429,30.218004312794566
0.042905000000000006,30.205097055085442
0.042910000000000004,30.19440877168226
0.042915,30.18814029398945
0.04292000000000001,30.186270513354778
0.042925000000000005,30.18877581510782
0.04293,30.1956316109157
0.042935,30.206812350374914
0.042940000000000006,30.222291532779472
0.042945000000000004,30.242041719061476
0.04295,30.26109290228114
0.042955,30.27731518522924
0.042960000000000005,30.285761513932528
0.042965,30.28643363928483
0.04297,30.279335667048148
0.042975000000000006,30.265305063831004
0.042980000000000004,30.251124607311876
0.042985,30.23597854018783
0.04299,30.22084116559363
0.042995000000000005,30.205712466068903
0.043000000000000003,30.190592367324143
0.043005,30.1777019398315
0.04301000000000001,30.167030687292602
0.043015000000000005,30.160786043646407
0.04302,30.158946863279265
0.043025,30.16148948634539
0.043030000000000006,30.168389277906098
0.043035000000000004,30.17962063954068
0.04304,30.195157021133827
0.04304500000000001,30.214970932835776
0.043050000000000005,30.234094065425786
0.043055,30.250393260220616
0.04306,30.258923187425886
0.043065000000000006,30.259685573370493
0.043070000000000004,30.252684497591183
0.043075,30.23869326086572
0.04308,30.224548945610053
0.043085000000000005,30.209417375275056
0.04309,30.194294437549978
0.043095,30.179180126268463
0.043100000000000006,30.164074360968076
0.043105000000000004,30.1512014281124
0.04311,30.140550822301638
0.043115,30.134333380703556
0.043120000000000006,30.13252791720774
0.043125000000000004,30.135110727618716
0.04313,30.14205713126718
0.04313500000000001,30.15334148263973
0.043140000000000005,30.168937183185417
0.043145,30.18881669329533
0.04315,30.212951544451162
0.043155000000000006,30.236377021229384
0.043160000000000004,30.25697076886967
0.043165,30.26979124326318
0.04317000000000001,30.274839101279944
0.043175000000000005,30.272117354123328
0.04318,30.26163095330585
0.043185,30.24754668744603
0.043190000000000006,30.231641011182344
0.043195000000000004,30.216885359503
0.0432,30.20175763894567
0.043205,30.18886101464741
0.043210000000000005,30.17818552433904
0.043215,30.171933854199107
0.04322,30.170084870474223
0.043225000000000006,30.17261493134647
0.043230000000000005,30.179499420487947
0.043235,30.190712758664187
0.04324,30.206228415514143
0.043245000000000006,30.226018921502664
0.043250000000000004,30.24511527766752
0.043255,30.261385664923345
0.04326000000000001,30.269884052921057
0.043265000000000005,30.270612177373774
0.04327,30.26357412788065
0.043275,30.249567147013924
0.043280000000000006,30.235408303008086
0.043285000000000004,30.22027025963168
0.04329,30.20514089502736
0.043295,30.19002019789456
0.043300000000000005,30.17490808917886
0.043305,30.162027532817977
0.04331,30.151368016587163
0.043315000000000006,30.14513898709402
0.043320000000000004,30.143319274974225
0.043325,30.145885194348423
0.04333,30.152812083422997
0.043335000000000005,30.16407431611221
0.043340000000000004,30.179645313837064
0.043345,30.199497557496976
0.04335000000000001,30.22360259961052
0.043355000000000005,30.246995052902424
0.04336,30.26755383358473
0.043365,30.280336715087312
0.043370000000000006,30.285344365116668
0.043375000000000004,30.282579806364506
0.04338,30.272048002476094
0.04338500000000001,30.25791512334176
0.043390000000000005,30.241991544984312
0.043395,30.2272189924831
0.0434,30.21208571105946
0.043405000000000006,30.199182174971735
0.043410000000000004,30.18849840121172
0.043415,30.18223589581367
0.04342,30.180373541044005
0.043425000000000005,30.182887712405577
0.04343,30.18975381142854
0.043435,30.20094627726648
0.043440000000000006,30.21643859846886
0.043445000000000004,30.236203324925995
0.04345,30.255270817013034
0.043455,30.271510477111136
0.043460000000000006,30.27997562423798
0.043465000000000004,30.280668003793682
0.04347,30.273591715688585
0.04347500000000001,30.259569617119887
0.043480000000000005,30.245396937783013
0.043485,30.23025371558136
0.04349,30.21511918405307
0.043495000000000006,30.199993327851534
0.043500000000000004,30.184876070837817
0.043505,30.17198917289502
0.04351000000000001,30.161322130522052
0.043515000000000005,30.155083110449453
0.04352,30.15325095843518
0.043525,30.155802005173424
0.043530000000000006,30.16271160596548
0.043535000000000004,30.173954152334723
0.04354,30.18950308381821
0.043545,30.20933089993105
0.043550000000000005,30.228469646171078
0.043555,30.244785486873973
0.04356,30.25333345244117
0.043565000000000006,30.254115263929577
0.043570000000000005,30.247134995258094
0.043575,30.233151935250334
0.04358,30.21901509920451
0.043585000000000006,30.203886279124195
0.043590000000000004,30.188766089804435
0.043595,30.1736545271083
0.04360000000000001,30.15855150880195
0.043605000000000005,30.14568198759936
0.04361,30.13503545120381
0.043615,30.128823444594083
0.043620000000000006,30.12702477332246
0.043625000000000004,30.12961572405293
0.04363,30.136571606685806
0.043635,30.147866765991456
0.043640000000000005,30.163474593420865
0.043645,30.183367539089303
0.04365,30.20751712392905
0.043655000000000006,30.23095897537557
0.043660000000000004,30.25157008978493
0.043665,30.26440927124384
0.04367,30.269477171212
0.043675000000000005,30.266776795149628
0.043680000000000004,30.256313088497034
0.043685,30.242253156000665
0.04369000000000001,30.22635631442624
0.043695000000000005,30.21160900234529
0.0437,30.196483902362832
0.043705,30.183590594705414
0.043710000000000006,30.172919123196753
0.043715000000000004,30.166672775143258
0.04372,30.16483040869946
0.04372500000000001,30.16736837329119
0.043730000000000005,30.17426204355785
0.043735,30.18548583095967
0.04374,30.201013195561533
0.043745000000000006,30.220816657989378
0.043750000000000004,30.239927546574503
0.043755,30.25621341813644
0.04376,30.264728574677275
0.043765000000000005,30.265474747014856
0.04377,30.258456019534144
0.043775,30.2444566170253
0.043780000000000006,30.23030470315683
0.043785000000000004,30.215169194994576
0.04379,30.20004236393961
0.043795,30.18492420057525
0.043800000000000006,30.16981462419954
0.043805000000000004,30.15693721304718
0.04381,30.146281448480163
0.04381500000000001,30.14005743005728
0.043820000000000005,30.13824398072586
0.043825,30.140817406177156
0.04383,30.147753035920868
0.043835000000000006,30.15902523491092
0.043840000000000004,30.174607415348028
0.043845,30.194472048655175
0.04385000000000001,30.218590677622167
0.043855000000000005,30.24199823117709
0.04386,30.262573027094074
0.043865,30.27537315992784
0.043870000000000006,30.28039929239552
0.043875000000000004,30.2776544418925
0.04388,30.267143566464274
0.043885,30.25303312755306
0.043890000000000005,30.237117696282642
0.043895,30.222352834314876
0.0439,30.20722196925072
0.043905000000000007,30.194321491487646
0.043910000000000005,30.1836414236266
0.043915,30.177383826093784
0.04392,30.17552757369284
0.043925000000000006,30.178049033851273
0.043930000000000004,30.18492359976899
0.043935,30.196125702017856
0.04394000000000001,30.211628820317785
0.043945000000000005,30.231405495485234
0.04395,30.250486389744545
0.043955,30.266740329899793
0.043960000000000006,30.275220941482186
0.043965000000000004,30.27592996537726
0.04397,30.268871496686636
0.043975,30.2548563870008
0.043980000000000005,30.240690098735367
0.043985,30.225549214411583
0.04399,30.210417019235564
0.043995000000000006,30.19529349959772
0.044000000000000004,30.1801785778393
0.044005,30.167294580382123
0.04401,30.156630997806072
0.044015000000000006,30.15039659902938
0.044020000000000004,30.148570222719428
0.044025,30.15112819179644
0.04403000000000001,30.15804585354119
0.044035000000000005,30.169297591213372
0.04404,30.184856835846652
0.044045,30.204696078216504
0.044050000000000006,30.22384765531857
0.044055000000000004,30.240177175164373
0.04406,30.24873996415424
0.04406500000000001,30.249537739012673
0.044070000000000005,30.24257456904201
0.044075,30.228598228432787
0.04408,30.214467538592967
0.044085000000000006,30.199340978595245
0.044090000000000004,30.18422304783831
0.044095,30.169113743852964
0.0441,30.154012982949677
0.044105000000000005,30.141146265348432
0.04411,30.13050307308478
0.044115,30.12429553279688
0.044120000000000006,30.12250244318562
0.044125000000000004,30.125100083403574
0.04413,30.132063755601433
0.044135,30.143367796565006
0.044140000000000006,30.158985589529188
0.044145000000000004,30.178889576164842
0.04415,30.203051268735024
0.04415500000000001,30.226506576427177
0.044160000000000005,30.247131962362918
0.044165,30.25998651676633
0.04417,30.26507088665108
0.044175000000000006,30.262388072757815
0.044180000000000004,30.251943015536877
0.044185,30.23790307951983
0.04419000000000001,30.222013498046596
0.044195000000000005,30.207273039214982
0.0442,30.192150092747855
0.044205,30.179259510613356
0.044210000000000006,30.168591341642177
0.044215000000000004,30.16234936713085
0.04422,30.160512438584064
0.044225,30.163056898231982
0.044230000000000005,30.169958113291205
0.044235000000000003,30.181190487575122
0.04424,30.196727473280916
0.04424500000000001,30.216541582949176
0.044250000000000005,30.235664413871895
0.044255,30.251963010004673
0.04426,30.26049194646649
0.044265000000000006,30.26125295005243
0.044270000000000004,30.25425010086252
0.044275,30.240256926036782
0.04428000000000001,30.22611070716191
0.044285000000000005,30.210977282367924
0.04429,30.195852533313143
0.044295,30.18073645212902
0.044300000000000006,30.165628956759672
0.044305000000000004,30.15275413025194
0.04431,30.142101448697574
0.044315,30.135881548232444
0.044320000000000005,30.1340732454858
0.044325,30.13665283922188
0.04433,30.143595651803672
0.044335000000000006,30.154876040821733
0.044340000000000004,30.17046741089982
0.044345,30.190342225673472
0.04435,30.209533724859856
0.044355000000000006,30.22590579369662
0.044360000000000004,30.234514675276426
0.044365,30.235362072860188
0.04437000000000001,30.228452041406584
0.044375000000000005,30.21449663714475
0.04438,30.200385102524216
0.044385,30.18526563918867
0.044390000000000006,30.170154796489413
0.044395000000000004,30.155052577283435
0.0444,30.13995889351291
0.04440500000000001,30.127100941659325
0.044410000000000005,30.116468187934046
0.044415,30.11027456107249
0.04442,30.108498838525158
0.044425000000000006,30.11111727614975
0.044430000000000004,30.118105152065354
0.044435,30.129436778299528
0.04444,30.14508551261249
0.044445000000000005,30.165023770494457
0.04445,30.189223037332255
0.044455,30.212720094727537
0.044460000000000006,30.233389754744582
0.044465000000000005,30.24629199361445
0.04447,30.25142744456306
0.044475,30.24879909369645
0.044480000000000006,30.238411865993097
0.044485000000000004,30.2244339303156
0.04449,30.208566882265682
0.04449500000000001,30.19384769430283
0.044500000000000005,30.178731454682868
0.044505,30.165849349368283
0.04451,30.155191443492996
0.044515000000000006,30.1489630481459
0.044520000000000004,30.147142994226293
0.044525,30.149707601669004
0.04453000000000001,30.156632214692277
0.044535000000000005,30.167891213417878
0.04454,30.18345802566787
0.044545,30.20330513893417
0.044550000000000006,30.222464983255232
0.044555000000000004,30.238803014691293
0.04456,30.24737465398257
0.044565,30.24818161545938
0.044570000000000005,30.24122796594553
0.044575000000000004,30.22725409881828
0.04458,30.21312553711951
0.04458500000000001,30.197998582440253
0.044590000000000005,30.182880298478533
0.044595,30.16777068219163
0.0446,30.1526696473599
0.044605000000000006,30.13980284015653
0.044610000000000004,30.129159720704024
0.044615,30.122952586628525
0.04462000000000001,30.121160234990857
0.044625000000000005,30.123758943101382
0.04463,30.13072401118922
0.044635,30.142029774040427
0.044640000000000006,30.157649612813092
0.044645000000000004,30.177555967025445
0.04465,30.201720346713234
0.044655,30.225178745155247
0.044660000000000005,30.24580746577344
0.044665,30.258665684041837
0.04467,30.26375404587899
0.044675000000000006,30.261075550848485
0.044680000000000004,30.250635138142535
0.044685,30.236600250563242
0.04469,30.220712253397984
0.044695000000000006,30.20597328820046
0.044700000000000004,30.19085056448663
0.044705,30.177960388710154
0.04471000000000001,30.16729280251378
0.044715000000000005,30.161051732466372
0.04472,30.159216028248625
0.044725,30.16176203010324
0.044730000000000006,30.168665103187234
0.044735000000000004,30.179899649183398
0.04474,30.195439118088245
0.04474500000000001,30.21525602017276
0.044750000000000005,30.23438203368305
0.044755,30.250684048038725
0.04476,30.259216720494276
0.044765000000000006,30.259981776737288
0.044770000000000004,30.2529832956813
0.044775,30.238991715710945
0.04478,30.22484694468519
0.044785000000000005,30.209713933602846
0.04479,30.19458960637468
0.044795,30.17947395524447
0.044800000000000006,30.16436689744349
0.044805000000000005,30.151492666387256
0.04481,30.14084073280252
0.044815,30.134621892598336
0.044820000000000006,30.13281496057396
0.044825000000000004,30.13539623348111
0.04483,30.142341031602253
0.04483500000000001,30.153623710380362
0.044840000000000005,30.16921767222549
0.044845,30.18909537849435
0.04485,30.208290147356653
0.044855000000000006,30.224665714252573
0.044860000000000004,30.233278401907572
0.044865,30.23412991246259
0.04487000000000001,30.227224299679808
0.044875000000000005,30.213270578717225
0.04488,30.19916057906267
0.044885,30.184041628224282
0.044890000000000006,30.168931301440097
0.044895000000000004,30.15382960185735
0.0449,30.13873644088928
0.044905,30.12587916166002
0.044910000000000005,30.1152472271593
0.044915000000000004,30.10905472189001
0.04492,30.107280421490913
0.04492500000000001,30.109900579830676
0.044930000000000005,30.116890472974386
0.044935,30.12822441083156
0.04494,30.143875748981213
0.044945000000000006,30.163816900670145
0.044950000000000004,30.18801934898049
0.044955,30.21151995146718
0.04496000000000001,30.23219337640372
0.044965000000000005,30.2450996771431
0.04497,30.250239485733346
0.044975,30.247615787028842
0.044980000000000006,30.237233504683473
0.044985000000000004,30.223260877655445
0.04499,30.207395734407793
0.044995,30.192678344301505
0.045000000000000005,30.177562647200023
0.045005,30.164681239767546
0.04501,30.15402418770266
0.045015000000000006,30.14779693505955
0.045020000000000004,30.14597831095945
0.045025,30.14854463341196
0.04503,30.155471244648467
0.045035000000000006,30.166732522743107
0.045040000000000004,30.182301893410404
0.045045,30.202151841975706
0.04505000000000001,30.221314871042395
0.045055000000000005,30.237656298285952
0.04506,30.246231618126572
0.045065,30.247042543818587
0.045070000000000006,30.240093141039075
0.045075000000000004,30.22612092882653
0.04508,30.211993879529903
0.04508500000000001,30.19686746763259
0.045090000000000005,30.18174972685523
0.045095,30.166640654540792
0.0451,30.151540164076735
0.045105000000000006,30.13867403769081
0.045110000000000004,30.12803173374172
0.045115,30.121825694466175
0.04512,30.120034715226865
0.045125000000000005,30.122635071471816
0.04513,30.129602061508375
0.045135,30.140910018142193
0.045140000000000007,30.156532320493156
0.045145000000000005,30.176441405984363
0.04515,30.195671388596992
0.045155,30.212084485034467
0.045160000000000006,30.22073782615329
0.045165000000000004,30.22163310222037
0.04517,30.214774354348048
0.04517500000000001,30.200839103633314
0.045180000000000005,30.18674600340315
0.045185,30.1716333190267
0.04519,30.156529250708864
0.045195000000000006,30.141433806309298
0.045200000000000004,30.126346893404964
0.045205,30.113497350568018
0.04521000000000001,30.102874627019844
0.045215000000000005,30.096694396020048
0.04522,30.094935414470243
0.045225,30.097573915699588
0.045230000000000006,30.104585154584232
0.045235000000000004,30.115943419204275
0.04524,30.13162204267784
0.045245,30.15159341516851
0.045250000000000005,30.175828996062137
0.045255000000000004,30.199366411993836
0.04526,30.220078875745696
0.04526500000000001,30.233027221735153
0.045270000000000005,30.23821206985337
0.045275,30.2356363920513
0.04528,30.22530509834136
0.045285000000000006,30.21138713673608
0.045290000000000004,30.195541863526635
0.045295,30.18084323015586
0.04530000000000001,30.165733449576553
0.045305000000000005,30.152859518867896
0.04531,30.142211518184805
0.045315,30.13599624019759
0.045320000000000006,30.134192495861207
0.045325000000000004,30.136776583529134
0.04533,30.143723825156957
0.045335,30.155008577931902
0.045340000000000005,30.170604246079055
0.045345,30.190483292840614
0.04535,30.209678954924495
0.045355000000000006,30.226055150204605
0.045360000000000004,30.23466811855605
0.045365,30.2355195622439
0.04537,30.228613535240605
0.045375000000000006,30.214658346369017
0.045380000000000004,30.200546865272287
0.045385,30.18542615914971
0.04539000000000001,30.170314119637546
0.045395000000000005,30.155210748336398
0.0454,30.140115954966127
0.045405,30.127256899737947
0.045410000000000006,30.11662302696956
0.045415000000000004,30.110428243594974
0.04542,30.108651327725735
0.04542500000000001,30.111268535896578
0.045430000000000005,30.118255146902126
0.045435,30.129585473444152
0.04544,30.145232873955802
0.045445000000000006,30.165169764599042
0.045450000000000004,30.18936763143139
0.045455,30.212863247067357
0.04546,30.233531439979274
0.045465000000000005,30.24643217710672
0.045470000000000003,30.251566092071087
0.045475,30.248936171382326
0.04548000000000001,30.238547340431
0.045485000000000005,30.224567760597264
0.04549,30.208699843336632
0.045495,30.193979832788706
0.045500000000000006,30.17886306463384
0.045505000000000004,30.165980426645014
0.04551,30.155321974290477
0.04551500000000001,30.149093000530446
0.045520000000000005,30.14727233665232
0.045525,30.149836302995794
0.04553,30.15676024418653
0.045535000000000006,30.168018540756258
0.045540000000000004,30.18358462093958
0.045545,30.203430972643467
0.04555000000000001,30.222590018071454
0.045555000000000005,30.238927228037824
0.04556,30.247498015250642
0.045565,30.24830409427052
0.045570000000000006,30.24134953215908
0.045575000000000004,30.227375177477274
0.04558,30.213246158333288
0.045585,30.19811890935912
0.045590000000000006,30.18300034047823
0.045595000000000004,30.16789044821563
0.0456,30.152789146056772
0.04560500000000001,30.139922063746056
0.045610000000000005,30.129278657422205
0.045615,30.12307120718597
0.04562,30.12127851036071
0.045625000000000006,30.1238768445379
0.045630000000000004,30.130841510232088
0.045635,30.142146842519043
0.04564000000000001,30.157766222850803
0.045645000000000005,30.177672091043746
0.04565,30.196898483712342
0.045655,30.213307765143558
0.045660000000000006,30.221956987601224
0.045665000000000004,30.222847842548397
0.04567,30.215984372368915
0.045675,30.202047212490953
0.045680000000000005,30.187952361192398
0.045685,30.172838980711624
0.04569,30.157734220538988
0.045695000000000006,30.14263808793213
0.045700000000000005,30.127550490716516
0.045705,30.114700121435753
0.04571,30.10407642911072
0.045715000000000006,30.097894931840393
0.045720000000000004,30.09613438837719
0.045725,30.09877103407662
0.04573000000000001,30.105780125903518
0.045735000000000005,30.1171359540882
0.04574,30.132811853959666
0.045745,30.152780217952138
0.045750000000000006,30.177012507781004
0.045755000000000004,30.20054627542566
0.04576,30.22125487491483
0.04576500000000001,30.234199064834602
0.045770000000000005,30.239379466274965
0.045775,30.23679905245813
0.04578,30.226462734739396
0.045785000000000006,30.212539392360476
0.045790000000000004,30.196692142841815
0.045795,30.181991643710358
0.0458,30.16688125430832
0.045805000000000005,30.15400656438279
0.045810000000000003,30.143357651972963
0.045815,30.137141178653657
0.04582000000000001,30.135335957156457
0.045825000000000005,30.137918287756083
0.04583,30.144863494389174
0.045835,30.156145936282947
0.045840000000000006,30.17173901976069
0.045845000000000004,30.191615210220057
0.04585,30.210807673162677
0.04585500000000001,30.227180462225764
0.045860000000000005,30.235789744971466
0.045865,30.23663722473927
0.04587,30.22972695664541
0.045875000000000006,30.215770093593537
0.045880000000000004,30.201657080555755
0.045885,30.186535803467
0.04589000000000001,30.171423194126263
0.045895000000000005,30.156319253692132
0.0459,30.14122389221513
0.045905,30.128364136116282
0.045910000000000006,30.117729430764932
0.045915000000000004,30.111533540881023
0.04592,30.109755246255315
0.045925,30.112370805263033
0.045930000000000006,30.11935549859728
0.045935000000000004,30.130683640915485
0.04594,30.14632859266286
0.04594500000000001,30.166262772068997
0.045950000000000005,30.18552093327976
0.045955,30.201964071243186
0.04596,30.210649966865432
0.045965000000000006,30.21158030089884
0.045970000000000004,30.204759104317056
0.045975,30.190838610535245
0.04598000000000001,30.176759008422515
0.045985000000000005,30.161651287704355
0.04599,30.14655217969757
0.045995,30.13146169592473
0.046000000000000006,30.116379740766277
0.046005000000000004,30.10353635518598
0.04601,30.092920975962514
0.046015,30.086750553752168
0.046020000000000005,30.085003830410038
0.046025,30.08765702276919
0.04603,30.094685368686573
0.046035000000000006,30.106063138707196
0.046040000000000005,30.1217636479055
0.046045,30.1417592679001
0.04605,30.166021439038104
0.046055000000000006,30.189588406715927
0.046060000000000004,30.21033221266861
0.046065,30.223314319705846
0.04607000000000001,30.228535337954664
0.046075000000000005,30.225998229001245
0.04608,30.215707891899356
0.046085,30.201833845180847
0.046090000000000006,30.186004516161283
0.046095000000000004,30.171320933477737
0.0461,30.156215882373807
0.04610500000000001,30.14334793733521
0.046110000000000005,30.132707189514804
0.046115,30.126501516445252
0.04612,30.124709714477618
0.046125000000000006,30.127308066162815
0.046130000000000004,30.134271877155022
0.046135,30.14557548784803
0.04614,30.16119228518849
0.046145000000000005,30.18109471466216
0.046150000000000004,30.200316603646918
0.046155,30.21672074370593
0.04616000000000001,30.22536397451186
0.046165000000000005,30.226247989495214
0.04617,30.21937683321827
0.046175,30.205435321150166
0.046180000000000006,30.19133634700374
0.046185000000000004,30.1762202162567
0.04619,30.161112749113652
0.04619500000000001,30.146013950575146
0.046200000000000005,30.130923727387767
0.046205,30.118070348391107
0.04621,30.10744324632968
0.046215000000000006,30.10125750652554
0.046220000000000004,30.099491893214953
0.046225,30.10212264772007
0.04623000000000001,30.10912503314048
0.046235000000000005,30.120473346007106
0.04624,30.136140928113175
0.046245,30.15610017851842
0.046250000000000006,30.180322565722705
0.046255000000000004,30.203845432995895
0.04626,30.224542528803514
0.046265,30.237474399622318
0.046270000000000006,30.24264167006937
0.046275000000000004,30.240047317096273
0.04628,30.22969625598761
0.04628500000000001,30.215757174290072
0.046290000000000005,30.199903960185324
0.046295,30.18519782884509
0.0463,30.170085421537653
0.046305000000000006,30.157208302956594
0.046310000000000004,30.146556538693467
0.046315,30.14033642222525
0.04632000000000001,30.138526771371204
0.046325000000000005,30.141103891897373
0.04633,30.14804311339568
0.046335,30.159318800910395
0.046340000000000006,30.174904366741263
0.046345000000000004,30.194772282419645
0.04635,30.213955514899254
0.046355,30.230318496244724
0.046360000000000005,30.23891719233214
0.046365,30.2397533095746
0.04637,30.23283090635535
0.046375000000000006,30.218869164592338
0.046380000000000005,30.20475167949035
0.046385,30.189628649717275
0.04639,30.174514297283825
0.046395000000000006,30.15940862184985
0.046400000000000004,30.144311534157993
0.046405,30.131449686390717
0.04641000000000001,30.120812524004823
0.046415000000000005,30.114613413875205
0.04642,30.112831140528804
0.046425,30.1154419675273
0.046430000000000006,30.122421180910546
0.046435000000000004,30.13374310084077
0.04644,30.149381093423838
0.04644500000000001,30.169307582703613
0.046450000000000005,30.18855713136354
0.046455,30.204991099686918
0.04646,30.213667074129653
0.046465000000000006,30.214586738336102
0.046470000000000004,30.207754126358537
0.046475,30.19382909305092
0.04648,30.179745333876273
0.046485000000000005,30.164636032193176
0.046490000000000004,30.14953534807531
0.046495,30.13444329179009
0.04650000000000001,30.119359768535887
0.046505000000000005,30.1065144589458
0.04651,30.095896801812223
0.046515,30.0897233649605
0.046520000000000006,30.087972894778332
0.046525000000000004,30.09062161306526
0.04653,30.0976447628003
0.04653500000000001,30.109016619804006
0.046540000000000005,30.124710504577635
0.046545,30.14469879431577
0.04655,30.16895293508836
0.046555000000000006,30.19251098735534
0.046560000000000004,30.213245342811994
0.046565,30.226217276439353
0.04657000000000001,30.23142740130357
0.046575000000000005,30.22887868210942
0.04658,30.218576021206747
0.046585,30.204688766674018
0.046590000000000006,30.188854619533625
0.046595000000000004,30.174166488530755
0.0466,30.159059985600702
0.046605,30.14619021445483
0.046610000000000006,30.135547262168494
0.046615000000000004,30.129338681825317
0.04662,30.12754327415586
0.04662500000000001,30.13013732644878
0.046630000000000005,30.137096149244673
0.046635,30.14839408797046
0.04664,30.164004534750482
0.046645000000000006,30.18389994039071
0.046650000000000004,30.20311395578876
0.046655,30.219509709011255
0.04666000000000001,30.228143860517143
0.046665000000000005,30.229018106385926
0.04667,30.22213649400084
0.046675,30.20819087011086
0.046680000000000006,30.194088134884932
0.046685000000000004,30.178970617672196
0.04669,30.163861765738456
0.046695,30.148761583036208
0.046700000000000005,30.133669977172577
0.046705,30.12081488560797
0.04671,30.110185744200525
0.046715000000000007,30.103997286036094
0.046720000000000005,30.102228279503127
0.046725,30.104854970475582
0.04673,30.111852626748846
0.046735000000000006,30.123195549691612
0.046740000000000004,30.13885708607488
0.046745,30.158809640074114
0.04675000000000001,30.178088434584907
0.046755000000000005,30.19455356994567
0.04676,30.203263303050367
0.046765,30.204219307684454
0.046770000000000006,30.19742560739772
0.046775000000000004,30.18351591912942
0.04678,30.16944620078393
0.04678500000000001,30.154342114620146
0.046790000000000005,30.13924663871678
0.046795,30.12415978727852
0.0468,30.10908146234522
0.046805000000000006,30.096242585311472
0.046810000000000004,30.085632583845005
0.046815,30.079469343954162
0.04682,30.07773159647648
0.046825000000000006,30.080395546166024
0.046830000000000004,30.08743641841774
0.046835,30.09882847093686
0.04684000000000001,30.11454500558563
0.046845000000000005,30.134558380403455
0.04685,30.15884002179663
0.046855,30.182428628239034
0.046860000000000006,30.203195383986383
0.046865000000000004,30.21620221197791
0.04687,30.22144971519106
0.04687500000000001,30.218940847622566
0.046880000000000005,30.208680500301934
0.046885,30.194838609514054
0.04689,30.179020955356947
0.046895000000000006,30.164348393283703
0.046900000000000004,30.149246805257793
0.046905,30.136383243124477
0.04691000000000001,30.125747806089635
0.046915000000000005,30.11954916605802
0.04692,30.117766108687228
0.046925,30.120374904957018
0.046930000000000006,30.127350848585124
0.046935000000000004,30.13866826766864
0.04694,30.154300536502365
0.046945,30.174220087570212
0.046950000000000006,30.193461180758117
0.046955000000000004,30.20988578290733
0.04696,30.21855117288209
0.04696500000000001,30.219459037643926
0.046970000000000005,30.2126134148647
0.046975,30.198681917403864
0.04698,30.184592101259586
0.046985000000000006,30.169479320753606
0.046990000000000004,30.15437520165023
0.046995,30.139279751439556
0.04700000000000001,30.124192874691037
0.047005000000000005,30.111343652018586
0.04701,30.10072150769243
0.047015,30.09454238988929
0.047020000000000006,30.092785052685503
0.047025000000000004,30.09542572626404
0.04703,30.10243966223209
0.047035,30.11380114527974
0.047040000000000005,30.12948350501591
0.047045000000000003,30.149459127977522
0.04705,30.16876382513864
0.04705500000000001,30.185256574495362
0.047060000000000005,30.193996230103657
0.047065,30.194984457004356
0.04707,30.188225269429267
0.047075000000000006,30.174329148845057
0.047080000000000004,30.160271841248115
0.047085,30.145172323629502
0.04709000000000001,30.130081412846806
0.047095000000000005,30.114999126484115
0.0471,30.099925363657373
0.047105,30.087092150386574
0.047110000000000006,30.0764889030641
0.047115000000000004,30.070334681232243
0.04712,30.068608201903306
0.04712500000000001,30.071285654674465
0.047130000000000005,30.078342249303326
0.047135,30.089752227383936
0.04714,30.105488874200194
0.047145000000000006,30.125524530752767
0.047150000000000004,30.14983060595568
0.047155,30.173446366688026
0.04716,30.19424192146473
0.047165000000000006,30.207279770478642
0.047170000000000004,30.212560507735827
0.047175,30.21008707770987
0.04718000000000001,30.199864361361595
0.047185000000000005,30.186062819059316
0.04719,30.170259816302682
0.047195,30.155601084592824
0.047200000000000006,30.140503844620667
0.047205000000000004,30.12764578439773
0.04721,30.117017013304487
0.04721500000000001,30.110827199838223
0.047220000000000005,30.109055116239784
0.047225,30.11167701897111
0.04723,30.118668186773853
0.047235000000000006,30.130002932317108
0.047240000000000004,30.145654614022156
0.047245,30.16559564806035
0.04725000000000001,30.184860836912186
0.047255000000000005,30.201311112781458
0.04726,30.210004305512243
0.047265,30.21094209394971
0.047270000000000006,30.204128507120608
0.047275000000000005,30.190209575601592
0.04728,30.176131250651686
0.047285,30.161022674889093
0.047290000000000006,30.145922757696894
0.047295000000000004,30.130831509691344
0.0473,30.115748832713138
0.04730500000000001,30.1029048257849
0.047310000000000005,30.092288902576822
0.047315,30.086118093757484
0.04732,30.08437114065666
0.047325000000000006,30.087024259482323
0.047330000000000004,30.09405268742347
0.047335,30.10543069431496
0.04734000000000001,30.12113159447956
0.047345000000000005,30.141127758743412
0.04735,30.16539062662093
0.047355,30.188958483441358
0.047360000000000006,30.209703294755077
0.047365000000000004,30.222686563760927
0.04737,30.227908900210856
0.047375,30.225373265276858
0.047380000000000005,30.215084557559766
0.047385000000000004,30.2012123332207
0.04739,30.18538339260393
0.04739500000000001,30.17070017449663
0.047400000000000005,30.155594966940647
0.047405,30.1427269606847
0.04741,30.132086238046693
0.047415000000000006,30.125880744198188
0.047420000000000004,30.12408927472438
0.047425,30.126688111332374
0.04743000000000001,30.133652558795564
0.047435000000000005,30.14495695659064
0.04744,30.160574690711314
0.047445,30.180478205655156
0.047450000000000006,30.199701367668933
0.047455000000000004,30.21610689401258
0.04746,30.224751663751814
0.04746500000000001,30.225637369849352
0.047470000000000005,30.21876805636168
0.047475,30.204827136920986
0.04748,30.19072869307077
0.047485000000000006,30.175612628860957
0.047490000000000004,30.160505237430712
0.047495,30.1454065236156
0.0475,30.130316393630846
0.047505000000000006,30.117463187538767
0.047510000000000004,30.106836333168356
0.047515,30.10065099148295
0.04752000000000001,30.098885925884552
0.047525000000000005,30.101517376773888
0.04753,30.108520606295293
0.047535,30.119869909991106
0.047540000000000006,30.135538628633064
0.047545000000000004,30.155499160227095
0.04755,30.174786935909612
0.04755500000000001,30.191261658519824
0.047560000000000005,30.19998179637659
0.047565,30.2009490202168
0.04757,30.194167350338564
0.047575000000000006,30.180262336204013
0.047580000000000004,30.16619688849235
0.047585,30.151094320390094
0.04759000000000001,30.136000365318615
0.047595000000000005,30.120915038514212
0.0476,30.105838240838604
0.047605,30.09300128409859
0.047610000000000006,30.08239359020384
0.047615000000000005,30.07623345990588
0.04762,30.0744996191802
0.047625,30.077168267447636
0.047630000000000006,30.0842146245989
0.047635000000000004,30.095612942666328
0.04764,30.11133651767299
0.04764500000000001,30.13135770165528
0.047650000000000005,30.155647914855063
0.047655,30.17924605714944
0.04766,30.20002293158061
0.047665000000000006,30.213040665612194
0.047670000000000004,30.218299859064288
0.047675,30.215803462580737
0.04768000000000001,30.20555636364485
0.047685000000000005,30.191728684306806
0.04769,30.175916167110504
0.047695,30.161248453922553
0.047700000000000006,30.14614836697757
0.047705000000000004,30.13328671598381
0.04771,30.122653602935188
0.047715,30.116458052649087
0.047720000000000005,30.114678846044313
0.047725000000000004,30.11729224897166
0.04773,30.124273549857083
0.04773500000000001,30.135597071345416
0.047740000000000005,30.151236182120943
0.047745,30.171163308901104
0.04775,30.19041290389182
0.047755000000000006,30.20684656719619
0.047760000000000004,30.215521772964014
0.047765,30.216440205289754
0.04777000000000001,30.20960589879076
0.047775000000000005,30.195678828935826
0.04778,30.18159306071338
0.047785,30.166481750464747
0.047790000000000006,30.15137910141788
0.047795000000000004,30.13628512213761
0.0478,30.12119971619745
0.04780500000000001,30.108352325033053
0.047810000000000005,30.097732368801633
0.047815,30.091556179200893
0.04782,30.089802505795987
0.047825000000000006,30.09244757382332
0.047830000000000004,30.09946662978627
0.047835,30.11083395311603
0.04784,30.126522868009726
0.047845000000000006,30.14650575544179
0.047850000000000004,30.165818612135855
0.047855,30.18232006157822
0.04786000000000001,30.191069146439787
0.047865000000000005,30.192067529004866
0.04787,30.185319220567603
0.047875,30.171427370428514
0.047880000000000006,30.157373968561142
0.047885000000000004,30.142275882458158
0.04789,30.1271864025689
0.04789500000000001,30.112105547525797
0.047900000000000005,30.097033215504794
0.047905,30.084201781345854
0.04791,30.073600657676288
0.047915000000000006,30.067449274615633
0.047920000000000004,30.065726344813253
0.047925,30.0684080530828
0.04793000000000001,30.075469604246496
0.047935000000000005,30.086885234813238
0.04794,30.102628224834135
0.047945,30.122670909931525
0.047950000000000007,30.146984693497767
0.047955000000000005,30.17060902196244
0.04796,30.191413664025188
0.047965,30.20446130222278
0.047970000000000006,30.20975252772985
0.047975000000000004,30.207290282014228
0.04798,30.197079442858673
0.04798500000000001,30.183290636189078
0.047990000000000005,30.16749225530054
0.047995,30.152837886433744
0.048,30.13774201538076
0.048005000000000006,30.12488568870238
0.048010000000000004,30.11425901889882
0.048015,30.108071989251336
0.04802000000000001,30.106303367764397
0.048025000000000005,30.108929406315706
0.04803,30.115925378917918
0.048035,30.127265593368307
0.048040000000000006,30.14292340307557
0.048045000000000004,30.162871219059724
0.04805,30.182144015205743
0.048055,30.198602396875827
0.048060000000000005,30.207304367966625
0.048065000000000004,30.20825160476051
0.04807,30.201448133554358
0.04807500000000001,30.187533168552033
0.048080000000000005,30.17345847075315
0.048085,30.15835122094213
0.04809,30.143252628899443
0.048095000000000006,30.128162706225044
0.048100000000000004,30.113081353894312
0.048105,30.100238992625886
0.04811000000000001,30.08962503270039
0.048115000000000005,30.083456846724435
0.04812,30.08171317200199
0.048125,30.084370220327116
0.048130000000000006,30.091403224334915
0.048135000000000004,30.10278644916825
0.04814,30.118493204321766
0.04814500000000001,30.138495855659286
0.048150000000000005,30.157830903667797
0.048155,30.174356010406854
0.04816,30.18313073009232
0.048165000000000006,30.184156717516984
0.048170000000000004,30.177437975992405
0.048175,30.163557749940864
0.04818,30.149514981021387
0.048185000000000006,30.134420809720424
0.048190000000000004,30.119335241649054
0.048195,30.104258298336664
0.04820000000000001,30.08918987545632
0.048205000000000005,30.076363294108322
0.04821,30.06576795728366
0.048215,30.05962430039196
0.048220000000000006,30.05791102423909
0.048225000000000004,30.060604300654493
0.04823,30.067679321064624
0.04823500000000001,30.079110308176695
0.048240000000000005,30.09487052783998
0.048245,30.11493230108061
0.04825,30.139267016306228
0.048255000000000006,30.162914606855498
0.048260000000000004,30.183743919924122
0.048265,30.19681813253792
0.04827000000000001,30.20213782818614
0.048275000000000005,30.19970594017858
0.04828,30.18952733767268
0.048285,30.175773095535487
0.048290000000000007,30.159987266069
0.048295000000000005,30.14534474526867
0.0483,30.130252599362368
0.048305,30.117400986235616
0.048310000000000006,30.106780027114805
0.048315000000000004,30.100600558988145
0.04832,30.09884133836683
0.04832500000000001,30.10147860469206
0.048330000000000005,30.10848761914743
0.048335,30.11984267631406
0.04834,30.135517116002863
0.048345000000000006,30.155483335259945
0.048350000000000004,30.17477677276859
0.048355,30.191257147598275
0.04836000000000001,30.19998293562701
0.048365000000000005,30.2009558061844
0.04837,30.194179778161608
0.048375,30.18027557775295
0.048380000000000006,30.166210723879747
0.048385000000000004,30.151107076198745
0.04839,30.136012083849742
0.048395,30.120925761111046
0.048400000000000006,30.10584800662089
0.048405000000000004,30.093010113490823
0.04841,30.0824014829258
0.04841500000000001,30.076240414820532
0.048420000000000005,30.07450563555994
0.048425,30.07717334496671
0.04843,30.084218763324923
0.048435000000000006,30.09561614305204
0.048440000000000004,30.11133878054818
0.048445,30.1313590282189
0.04845000000000001,30.155648306667494
0.048455000000000005,30.1792455158685
0.04846,30.200021458111344
0.048465,30.21303826080664
0.048470000000000006,30.218296524007876
0.048475000000000004,30.215799198591895
0.04848,30.205551172274504
0.04848500000000001,30.19172256794381
0.048490000000000005,30.175909463903587
0.048495,30.161241194909064
0.0485,30.146140684365974
0.048505000000000006,30.13327862299279
0.048510000000000005,30.12264510401113
0.048515,30.116449150235862
0.04852,30.11466954274583
0.048525000000000006,30.117282547551035
0.048530000000000004,30.124263453232256
0.048535,30.13558658258481
0.04854000000000001,30.151225304439233
0.048545000000000005,30.1711520456551
0.04855,30.190401259222373
0.048555,30.206834543577532
0.048560000000000006,30.215509373596234
0.048565000000000004,30.216427433465608
0.04857,30.2095927578948
0.04857500000000001,30.1956654236625
0.048580000000000005,30.181579402976777
0.048585,30.166467883213393
0.04859,30.151365033263627
0.048595000000000006,30.136270861339497
0.048600000000000004,30.121185270702014
0.048605,30.108337702667935
0.04861000000000001,30.097717573560914
0.048615000000000005,30.09154121489425
0.048620000000000003,30.089787376287106
0.048625,30.0924322830289
0.04863000000000001,30.099451181673462
0.048635000000000005,30.110818351699944
0.04864,30.126507117350958
0.048645,30.146489859644028
0.048650000000000006,30.165802576337484
0.048655000000000004,30.182303888871534
0.04866,30.191052840936223
0.04866500000000001,30.19205109484703
0.048670000000000005,30.18530266192822
0.048675,30.17141070916179
0.04868,30.157357208629755
0.048685000000000006,30.142259033746676
0.048690000000000004,30.127169468940007
0.048695,30.112088532687828
0.04870000000000001,30.097016123022257
0.048705000000000005,30.08418461600814
0.04871,30.07358342253816
0.048715,30.067431974010194
0.048720000000000006,30.065708983081823
0.048725000000000004,30.068390634572953
0.04873,30.075452133310343
0.048735,30.086867715805763
0.048740000000000006,30.102610662111534
0.048745000000000004,30.12265330784961
0.04875,30.146967056410382
0.04875500000000001,30.170591355348563
0.048760000000000005,30.191395971189824
0.048765,30.204443587599897
0.04877,30.209734795756518
0.048775000000000006,30.20727253712952
0.048780000000000004,30.19706168950254
0.048785,30.183272879903598
0.04879000000000001,30.167474475104758
0.048795000000000005,30.1528200834637
0.0488,30.137724182586147
0.048805,30.12486782954466
0.048810000000000006,30.11424113606588
0.048815000000000004,30.108054087199466
0.04882,30.106285450938085
0.04882500000000001,30.10891147914539
0.048830000000000005,30.115907445818685
0.048835,30.127247658738636
0.04884,30.14290547129606
0.048845000000000006,30.162853294491875
0.048850000000000005,30.182126103345567
0.048855,30.19858450104049
0.04886,30.207286492618984
0.048865000000000006,30.2082337543559
0.048870000000000004,30.201430312539483
0.048875,30.18751534823634
0.04888000000000001,30.17344065010831
0.048885000000000005,30.158333389572185
0.04889,30.143234787578454
0.048895,30.12814485570127
0.048900000000000006,30.113063494882358
0.048905000000000004,30.100221127825787
0.04891,30.089607164444345
0.04891500000000001,30.0834389794498
0.048920000000000005,30.081695310126
0.048925,30.08435236824442
0.04893,30.091385386416473
0.048935000000000006,30.102768629760245
0.048940000000000004,30.11847540774452
0.048945,30.13847808620626
0.04895000000000001,30.157813166753154
0.048955000000000005,30.174338309299397
0.048960000000000004,30.183113069196022
0.048965,30.184139101223394
0.04897000000000001,30.177420408679513
0.048975000000000005,30.163540197015227
0.04898,30.149497440822
0.048985,30.134403269449187
0.048990000000000006,30.119317701650218
0.048995000000000004,30.104240758946375
0.049,30.08917233699259
0.04900500000000001,30.076345758929154
0.049010000000000005,30.06575042757008
0.049015,30.059606780490178
0.04902,30.057893518471914
0.049025000000000006,30.06058681331884
0.049030000000000004,30.0676618564305
0.049035,30.079092870486253
0.04904000000000001,30.09485312130651
0.049045000000000005,30.114914929887636
0.04905,30.13924968460652
0.049055,30.162897319896437
0.049060000000000006,30.183726680877477
0.049065000000000004,30.196800945685837
0.04907,30.202120697795394
0.049075,30.199688870499493
0.049080000000000006,30.189510332938067
0.049085000000000004,30.175756160993256
0.04909,30.159970354943653
0.04909500000000001,30.14532785622949
0.049100000000000005,30.130235715211754
0.049105,30.117384109302314
0.04911,30.106763159675207
0.049115000000000006,30.100583705219254
0.049120000000000004,30.09882450242115
0.049125,30.101461790695474
0.04913000000000001,30.108470831198275
0.049135000000000005,30.119825918482235
0.04914,30.13550039232891
0.049145,30.155466649754203
0.049150000000000006,30.174760130491745
0.049155000000000004,30.19124055160675
0.04916,30.199966390043258
0.04916500000000001,30.200939315116013
0.049170000000000005,30.194163345700296
0.049175,30.180259167298132
0.04918,30.166194333461434
0.049185000000000006,30.151090692150472
0.049190000000000005,30.13599570623674
0.049195,30.12090939000168
0.0492,30.1058316420757
0.049205000000000006,30.09299375752875
0.049210000000000004,30.082385137513914
0.049215,30.076224084007077
0.04922000000000001,30.074489323369075
0.049225000000000005,30.077157055396125
0.04923,30.084202500345004
0.049235,30.095599910604975
0.049240000000000006,30.111322582547125
0.049245000000000004,30.131342868547122
0.04925,30.150697718964654
0.04925500000000001,30.16724393727647
0.049260000000000005,30.17604153451776
0.049265,30.177092158795002
0.04927,30.17039980629482
0.049275000000000006,30.156529950630155
0.049280000000000004,30.142496667469853
0.049285,30.127405984373052
0.04929000000000001,30.112323902152916
0.049295000000000005,30.097250444912962
0.049300000000000004,30.082185506079952
0.049305,30.069363251729325
0.04931000000000001,30.058773076108327
0.049315000000000005,30.052636312311215
0.04932,30.050931650569982
0.049325,30.053635251121506
0.049330000000000006,30.06072229343208
0.049335000000000004,30.072166987886227
0.04934,30.087942587653064
0.04934500000000001,30.108021400726358
0.049350000000000005,30.132374802134347
0.049355,30.156043160047258
0.04936,30.176894498713068
0.049365000000000006,30.189992436757255
0.049370000000000004,30.195337550807384
0.049375,30.192932766889438
0.04938000000000001,30.18278294645974
0.049385000000000005,30.16905956531502
0.04939,30.15328494056142
0.049395,30.138652996568744
0.049400000000000006,30.123564174285434
0.049405000000000004,30.110716767566334
0.04941,30.100100905366695
0.049415,30.09392818705665
0.049420000000000006,30.092177358884573
0.049425000000000004,30.09482464918649
0.04943,30.101845307690237
0.04943500000000001,30.113213617175457
0.049440000000000005,30.128902905310685
0.049445,30.148885556663792
0.04945,30.168197425008543
0.049455000000000006,30.18469743790494
0.049460000000000004,30.19344449273586
0.049465,30.194440252622456
0.04947000000000001,30.187688729842943
0.049475000000000005,30.173794140747173
0.04948,30.15973807607791
0.049485,30.144637643723623
0.049490000000000006,30.129545864588454
0.049495000000000004,30.114462755340014
0.0495,30.09938821252709
0.04950500000000001,30.086554308344564
0.049510000000000005,30.075950435864417
0.049515,30.069795723088014
0.04952,30.068068886649485
0.049525000000000007,30.070746115680908
0.049530000000000005,30.077802619436785
0.049535,30.089212638970576
0.04954,30.104949458988784
0.049545000000000006,30.12498541987844
0.049550000000000004,30.14435787183786
0.049555,30.160922855251687
0.04956000000000001,30.169740787168017
0.049565000000000005,30.170813309750265
0.04957,30.16414441285217
0.049575,30.15028377523581
0.049580000000000006,30.13625892383367
0.049585000000000004,30.121171341783477
0.04959,30.106092358486976
0.04959500000000001,30.09102200033681
0.049600000000000005,30.075960158764417
0.049605,30.063141750849574
0.04961,30.052556163082336
0.049615000000000006,30.046425526409084
0.049620000000000004,30.0447285216637
0.049625,30.047441298779503
0.04963000000000001,30.054539026592554
0.049635000000000006,30.06599590453494
0.049640000000000004,30.08178517450565
0.049645,30.10187913291527
0.04965000000000001,30.126249142900438
0.049655000000000005,30.149935959100695
0.04966,30.170806874345427
0.049665,30.183925899744885
0.049670000000000006,30.18929360582793
0.049675000000000004,30.1869129121467
0.04968,30.17678867331271
0.04968500000000001,30.16309272146024
0.049690000000000005,30.147328055658242
0.049695,30.132705512525337
0.0497,30.11761964452488
0.049705000000000006,30.104775976679736
0.049710000000000004,30.094164644820953
0.049715,30.087997925909615
0.04972000000000001,30.086254557072607
0.049725000000000005,30.08891075677578
0.04973,30.095941764565215
0.049735,30.107321852731516
0.049740000000000006,30.12302433815124
0.049745000000000004,30.143021594301725
0.04975,30.162349843880126
0.049755,30.178867310970197
0.049760000000000006,30.187633267579205
0.049765000000000004,30.18864937131028
0.04977,30.18191962856412
0.04977500000000001,30.168033582003126
0.049780000000000005,30.153985329186167
0.049785,30.138887754704186
0.04979,30.123798831557036
0.049795000000000006,30.108718578536156
0.049800000000000004,30.09364689033351
0.049805,30.0808165315774
0.04981000000000001,30.07021688811427
0.049815000000000005,30.064067823949827
0.04982,30.062348047051874
0.049825,30.065033737050896
0.049830000000000006,30.07210009339845
0.049835000000000004,30.083521347047895
0.04984,30.099270772312632
0.04984500000000001,30.119320698897848
0.049850000000000005,30.138708833273068
0.049855000000000003,30.155290535878805
0.04986,30.164126585535683
0.04986500000000001,30.16521861911192
0.049870000000000005,30.15857062081872
0.049875,30.14471819599897
0.04988,30.130700856818855
0.049885000000000006,30.115616037282503
0.049890000000000004,30.100539814633535
0.049895,30.085472217303284
0.04990000000000001,30.070413134944335
0.049905000000000005,30.05759815380476
0.04991,30.04701665345138
0.049915,30.040891475741535
0.049920000000000006,30.039201293135218
0.049925000000000004,30.04192224638516
0.04993,30.049029494855677
0.04993500000000001,30.06049722822001
0.049940000000000005,30.076298678335267
0.049945,30.096406131291168
0.04995,30.120790939628694
0.049955000000000006,30.14449420234681
0.049960000000000004,30.165382560551727
0.049965,30.17852037507306
0.04997000000000001,30.18390821100563
0.049975000000000006,30.18154898213323
0.049980000000000004,30.171447536968564
0.049985,30.157776025157123
0.04999000000000001,30.14202023282789
0.049995000000000005,30.127406065903934
0.05,30.112322830034362
0.050005,30.099482493429527
0.050010000000000006,30.088875198041848
0.050015000000000004,30.08271382459143
0.05002,30.08097710207762
0.05002500000000001,30.083641240171666
0.050030000000000005,30.0906814693474
0.050035,30.10207205254935
0.05004,30.117786297038087
0.050045000000000006,30.13779656640896
0.050050000000000004,30.157139412084806
0.050055,30.173672431323407
0.05006000000000001,30.182455229937503
0.050065000000000005,30.183489460613536
0.05007,30.17677912451513
0.050075,30.16290068953189
0.050080000000000006,30.148859397232908
0.050085000000000005,30.133764369103254
0.05009,30.11867799063458
0.050095,30.103600282510513
0.050100000000000006,30.088531137768335
0.050105000000000004,30.075703938021718
0.05011,30.06510806267655
0.05011500000000001,30.05896403154731
0.050120000000000005,30.05725054487976
0.050125,30.059943773838135
0.05013,30.06701890913921
0.050135000000000006,30.07845017273678
0.050140000000000004,30.09421082968361
0.050145,30.114273200166995
0.05015000000000001,30.13860867171401
0.050155000000000005,30.162257219333803
0.05016,30.1830876107346
0.050165,30.196163065093792
0.050170000000000006,30.201484165501878
0.050175000000000004,30.199053844829137
0.05018,30.188876971753036
0.05018500000000001,30.17512466038553
0.050190000000000005,30.15933925512837
0.050195000000000004,30.144697132708874
0.0502,30.12960483746344
0.05020500000000001,30.116753173950798
0.050210000000000005,30.10613225446493
0.050215,30.099952986654316
0.05022,30.098194126225636
0.050225000000000006,30.100831911734186
0.050230000000000004,30.107841603439272
0.050235,30.119197494959923
0.05024000000000001,30.13487292510771
0.050245000000000005,30.154840289892746
0.05025,30.174135068537794
0.050255,30.19061690262102
0.050260000000000006,30.19934430910889
0.050265000000000004,30.20031895683977
0.05027,30.193544864173916
0.05027500000000001,30.179641290956717
0.050280000000000005,30.165576998831497
0.050285,30.150473427487146
0.05029,30.135378520767414
0.050295000000000006,30.12029229279001
0.050300000000000004,30.105214641648907
0.050305,30.092376934790764
0.05031000000000001,30.081768568416667
0.050315000000000006,30.075607921369972
0.050320000000000004,30.07387371916314
0.050325,30.076542160655467
0.05033000000000001,30.083588465132454
0.050335000000000005,30.09498688397822
0.05034,30.11071071252535
0.050345,30.13073230207816
0.050350000000000006,30.15008864143492
0.050355000000000004,30.166636460634134
0.05036,30.17543580970866
0.05036500000000001,30.1764883362446
0.050370000000000005,30.16979803587067
0.050375,30.15592892787926
0.05038,30.141896323369597
0.050385000000000006,30.12680583238442
0.050390000000000004,30.111723946307762
0.050395,30.09665068928767
0.05040000000000001,30.081585954407256
0.050405000000000005,30.06876397915312
0.05041,30.058174155149207
0.050415,30.052037891330404
0.050420000000000006,30.05033387706089
0.050425000000000005,30.053038271623027
0.05043,30.06012625349628
0.050435,30.07157203204641
0.050440000000000006,30.087348859392378
0.050445000000000004,30.107429042446785
0.05045,30.131783955126206
0.05045500000000001,30.15545400289115
0.050460000000000005,30.176307139366465
0.050465,30.189407021033364
0.05047,30.194754223953787
0.050475000000000006,30.192351673551887
0.050480000000000004,30.182204230646317
0.050485,30.168483405487525
0.05049000000000001,30.152709683735395
0.050495000000000005,30.138078591917473
0.0505,30.12299001261309
0.050505,30.110142925866967
0.050510000000000006,30.099527460428785
0.050515000000000004,30.09335528082546
0.05052,30.09160513244136
0.05052500000000001,30.094253242676228
0.050530000000000005,30.101274860291145
0.050535000000000004,30.11264426706889
0.05054,30.128334789651532
0.05054500000000001,30.14831881155125
0.050550000000000005,30.16763222220531
0.050555,30.184133881152302
0.05056,30.192882721982752
0.050565000000000006,30.193880407294746
0.050570000000000004,30.18713094880864
0.050575,30.173237157509732
0.05058000000000001,30.15918182133748
0.050585000000000005,30.144081643882167
0.05059,30.12899012031782
0.050595,30.11390726748193
0.050600000000000006,30.098832981713215
0.050605000000000004,30.085999401985802
0.05061,30.075395920294735
0.05061500000000001,30.069241735616938
0.050620000000000005,30.067515563755947
0.050625,30.070193592932604
0.05063,30.077251031460822
0.050635000000000006,30.08866211942458
0.050640000000000004,30.10440014053238
0.050645,30.12443743414518
0.05065000000000001,30.14381138492922
0.050655000000000006,30.16037796747998
0.050660000000000004,30.1691976338426
0.050665,30.17027202567281
0.05067000000000001,30.163605132283067
0.050675000000000005,30.14974527668793
0.05068,30.13572114012346
0.050685,30.12063381574124
0.050690000000000006,30.105555090315548
0.050695000000000004,30.090484990420386
0.0507,30.07542340730135
0.05070500000000001,30.062605322706567
0.050710000000000005,30.052020122286343
0.050715,30.04589000568713
0.05072,30.044193652935878
0.050725000000000006,30.046907213081003
0.050730000000000004,30.05400585404538
0.050735,30.065463774320055
0.05074000000000001,30.081254214835518
0.050745000000000005,30.10134947100677
0.05075,30.12572090494823
0.050755,30.149409304627337
0.050760000000000007,30.17028189979378
0.050765000000000005,30.1834027354031
0.05077,30.188772381460314
0.050775,30.186393756961348
0.050780000000000006,30.176271715929527
0.050785000000000004,30.162578121234997
0.05079,30.146814308984396
0.05079500000000001,30.132192571550206
0.050800000000000005,30.117106954484807
0.050805,30.104263605352834
0.05081,30.093652660499096
0.050815000000000006,30.08748645529763
0.050820000000000004,30.08574372609017
0.050825,30.08840069049286
0.05083000000000001,30.09543258717518
0.050835000000000005,30.106813687524557
0.05084,30.122517307488256
0.050845,30.142515819588514
0.050850000000000006,30.161845478343302
0.050855000000000004,30.17836444715776
0.05086,30.187132030351073
0.05086500000000001,30.188149885051363
0.050870000000000005,30.181422017153313
0.050875000000000004,30.167536704862574
0.05088,30.153489123413713
0.05088500000000001,30.138391793485848
0.050890000000000005,30.123303114808085
0.050895,30.10822310635182
0.0509,30.093151662646065
0.050905000000000006,30.080321608029383
0.050910000000000004,30.06972232769049
0.050915,30.06357374910206
0.05092000000000001,30.06185457948504
0.050925000000000005,30.06454099765104
0.05093,30.071608202206725
0.050935,30.083030423234906
0.050940000000000006,30.098780934153165
0.050945000000000004,30.118832063745938
0.05095,30.13822154921478
0.05095500000000001,30.15480469234744
0.050960000000000005,30.163642303170832
0.050965,30.16473601809682
0.05097,30.15808982085033
0.050975000000000006,30.14423810332642
0.050980000000000004,30.130221411064543
0.050985,30.115136828949282
0.05099000000000001,30.10006084359533
0.050995000000000006,30.084993483608443
0.051000000000000004,30.06993463848652
0.051005,30.057119952193727
0.05101000000000001,30.04653880368423
0.051015000000000005,30.04041409613162
0.05102,30.038724501273848
0.051025,30.041446159072017
0.051030000000000006,30.048554228073698
0.051035000000000004,30.06002289711062
0.05104,30.075825397173944
0.05104500000000001,30.09593401346338
0.051050000000000005,30.120320097606175
0.051055,30.14402477830697
0.05106,30.164914640451634
0.051065000000000006,30.178054075037686
0.051070000000000004,30.18344364669137
0.051075,30.181086268699065
0.05108000000000001,30.170986789047564
0.051085000000000005,30.157317384772576
0.05109,30.141562357422643
0.051095,30.12694891260721
0.051100000000000007,30.11186590344757
0.051105000000000005,30.099025853870934
0.05111,30.088418906350608
0.051115,30.082257993687225
0.051120000000000006,30.080521844179156
0.051125000000000004,30.083186666739124
0.05113,30.090227691058487
0.05113500000000001,30.101619179275684
0.051140000000000005,30.117334437821892
0.051145,30.137345829440118
0.05115,30.15668993391079
0.051155000000000006,30.1732242944183
0.051160000000000004,30.182008545571115
0.051165,30.183044339631618
0.05117000000000001,30.17633567731175
0.051175000000000005,30.16245789871175
0.05118,30.148417206643224
0.051185,30.133322397998928
0.051190000000000006,30.118236238878257
0.051195000000000004,30.103158750127783
0.0512,30.088089824641777
0.05120500000000001,30.075262897256973
0.051210000000000006,30.06466734682055
0.051215000000000004,30.058523749718997
0.05122,30.056810805532027
0.05122500000000001,30.059504684693557
0.051230000000000005,30.06658057716693
0.051235,30.078012704129645
0.05124,30.093774329835664
0.051245000000000006,30.11383777365125
0.051250000000000004,30.13324108688348
0.051255,30.14983897184978
0.05126000000000001,30.15869255753302
0.051265000000000005,30.159803475676256
0.05127,30.15317570502931
0.051275,30.13933122925235
0.051280000000000006,30.12532116103234
0.051285000000000004,30.11023901521241
0.05129,30.09516546447911
0.05129500000000001,30.080100539236803
0.051300000000000005,30.065044127416105
0.051305,30.05223246295703
0.05131,30.041654918722877
0.051315000000000006,30.035535024665908
0.051320000000000005,30.033851445141014
0.051325,30.036580312014987
0.05133000000000001,30.043696775484445
0.051335000000000006,30.055175015777014
0.051340000000000004,30.070988255030212
0.051345,30.091108769344174
0.05135000000000001,30.115507901004293
0.051355000000000005,30.13922708231781
0.05136,30.160132323582765
0.051365,30.173288324124943
0.051370000000000006,30.178695643779534
0.051375000000000004,30.17635719074714
0.05138,30.166277807637403
0.05138500000000001,30.15262995141758
0.051390000000000005,30.136882747716783
0.051395,30.122276688119662
0.0514,30.107195999854603
0.051405000000000006,30.094358887529644
0.051410000000000004,30.083755499020974
0.051415,30.077599299431608
0.05142000000000001,30.075869009894227
0.051425000000000005,30.078540831567707
0.051430000000000003,30.085589986144804
0.051435,30.096990727523938
0.05144000000000001,30.11271635365831
0.051445000000000005,30.132739218578408
0.05145,30.15209619188342
0.05145500000000001,30.168644264121017
0.051460000000000006,30.177443364197043
0.051465000000000004,30.17849514003902
0.05147,30.171803587741614
0.05147500000000001,30.157932520030478
0.051480000000000005,30.143897964839212
0.051485,30.128805401316658
0.05149,30.11372148583608
0.051495000000000006,30.098646240912544
0.051500000000000004,30.08357955798169
0.051505,30.070755415842246
0.05151000000000001,30.06016318766575
0.051515000000000005,30.05402402802921
0.05152,30.0523166297042
0.051525,30.055017155660366
0.051530000000000006,30.06210078816004
0.051535000000000004,30.07354174044629
0.05154,30.089313268608436
0.05154500000000001,30.109387683621303
0.051550000000000006,30.128803316671398
0.051555000000000004,30.145414335925842
0.05156,30.154282154568676
0.05156500000000001,30.15540840018313
0.051570000000000005,30.148797047086372
0.051575,30.134959023136354
0.05158,30.12095485638511
0.051585000000000006,30.105874880755696
0.051590000000000004,30.090803498746148
0.051595,30.075740742362402
0.05160000000000001,30.060686498137688
0.051605000000000005,30.047877525697157
0.05161,30.03730319246566
0.051615,30.031187586872797
0.051620000000000006,30.029509366695116
0.051625000000000004,30.032244656587295
0.05163,30.039368599305153
0.05163500000000001,30.050855367409962
0.051640000000000005,30.066678175150532
0.051645,30.086809290519135
0.05165,30.111220047477406
0.051655000000000006,30.13495214885437
0.051660000000000005,30.155871092967594
0.051665,30.16904185387528
0.05167000000000001,30.17446498714375
0.051675000000000006,30.172143396442106
0.051680000000000004,30.16208191958888
0.051685,30.148453262981675
0.05169000000000001,30.13271303010919
0.051695000000000005,30.1181135506996
0.0517,30.10303493018926
0.051705,30.090200434824965
0.051710000000000006,30.079600217291862
0.051715000000000004,30.073448216993818
0.05172,30.071723148678682
0.05172500000000001,30.07440120659647
0.051730000000000005,30.081457605312945
0.051735,30.092866591384468
0.05174,30.108601455210085
0.051745000000000006,30.128634543057196
0.051750000000000004,30.1480029827652
0.051755,30.16456327246005
0.05176000000000001,30.173375603278377
0.051765000000000005,30.174441619285236
0.051770000000000004,30.16776531246116
0.051775,30.153900224254635
0.05178000000000001,30.13987113710848
0.051785000000000005,30.124780573951625
0.05179,30.109698657521665
0.05179500000000001,30.094625411820154
0.051800000000000006,30.07956072698284
0.051805000000000004,30.06673906649962
0.05181,30.05614979848254
0.05181500000000001,30.050014592698602
0.051820000000000005,30.04831213585313
0.051825,30.051018584264853
0.05183,30.058109113334243
0.051835000000000006,30.069557929234467
0.051840000000000004,30.08533828077991
0.051845,30.105422471468312
0.05185000000000001,30.12484908187019
0.051855000000000005,30.14147180420286
0.05186,30.150352304885196
0.051865,30.1514922077939
0.051870000000000006,30.144895483296498
0.051875000000000004,30.131063208113215
0.05188,30.1170642997406
0.05188500000000001,30.101986257782155
0.051890000000000006,30.08691680813896
0.051895000000000004,30.071855984243886
0.0519,30.056803671384966
0.05190500000000001,30.043997097593895
0.051910000000000005,30.033425625448622
0.051915,30.027313841004492
0.05192,30.02564039617648
0.051925000000000006,30.028381409192995
0.051930000000000004,30.03551201617982
0.051935,30.047006382867213
0.05194000000000001,30.06283771647483
0.051945000000000005,30.082978277770525
0.05195,30.10739939329915
0.051955,30.131143006935783
0.051960000000000006,30.152074160802265
0.051965000000000004,30.165258073754703
0.05197,30.170695297555675
0.05197500000000001,30.168388731836565
0.051980000000000005,30.158343210146814
0.051985,30.14473166113682
0.05199,30.128997639528276
0.051995000000000006,30.114404023307234
0.052000000000000005,30.099327245228707
0.052005,30.086495081662086
0.05201000000000001,30.075897689577015
0.052015000000000006,30.069749430998847
0.052020000000000004,30.06802901498629
0.052025,30.070712629633285
0.05203000000000001,30.077775483155172
0.052035000000000005,30.08919181556622
0.05204,30.104934910534464
0.052045,30.124977107410036
0.052050000000000006,30.14435576413507
0.052055000000000004,30.160926940067377
0.05206,30.169751060002067
0.05206500000000001,30.170829764562583
0.052070000000000005,30.164167042063614
0.052075,30.15030728182785
0.05208,30.13628306692162
0.052085000000000006,30.121194286161735
0.052090000000000004,30.106114150957417
0.052095,30.091042686634726
0.05210000000000001,30.075979782171142
0.052105000000000005,30.063160332936334
0.052110000000000004,30.052573702533934
0.052115,30.046442019786486
0.05212000000000001,30.04474396599402
0.052125000000000005,30.047455691549
0.05213,30.054552365737717
0.05213500000000001,30.066008188433795
0.052140000000000006,30.081796401969306
0.052145000000000004,30.101889303179625
0.05215,30.12132569484676
0.05215500000000001,30.137958845097025
0.052160000000000005,30.146850645992018
0.052165,30.148002718105772
0.05217,30.141419028286517
0.052175000000000006,30.127591875485766
0.052180000000000004,30.113597652539895
0.052185,30.098521333557184
0.05219000000000001,30.08345360572744
0.052195000000000005,30.068394503755034
0.0522,30.053343911818427
0.052205,30.04053947531895
0.052210000000000006,30.02997055251564
0.052215000000000004,30.02386217286897
0.05222,30.022192983071
0.05222500000000001,30.024939095624084
0.052230000000000006,30.032075640746363
0.052235000000000004,30.043576778081377
0.05224,30.05941570858552
0.05224500000000001,30.07956468658939
0.052250000000000005,30.103995032029186
0.052255,30.127748903562008
0.05226,30.148690936820376
0.052265000000000006,30.16188656878549
0.052270000000000004,30.167336347830656
0.052275,30.165043169989445
0.05228000000000001,30.155011865007406
0.052285000000000005,30.141415559571364
0.05229,30.125687072453672
0.052295,30.11109868057401
0.052300000000000006,30.096023544176557
0.052305000000000004,30.083193458336332
0.05231,30.072598583840616
0.05231500000000001,30.06645365928801
0.052320000000000005,30.064737388667975
0.052325,30.067425954589122
0.05233,30.07449455960832
0.052335000000000007,30.08591743791055
0.052340000000000005,30.10166786716621
0.052345,30.12171818056191
0.05235000000000001,30.141105941070844
0.052355000000000006,30.157686817090205
0.052360000000000004,30.1665214416145
0.052365,30.167611452200557
0.05237000000000001,30.160960833896645
0.052375000000000005,30.147105821102432
0.05238,30.13308594756273
0.052385,30.117998754991422
0.052390000000000006,30.102920206932026
0.052395000000000004,30.087850329890784
0.0524,30.072789011813096
0.05240500000000001,30.059971532891446
0.052410000000000005,30.04938725271225
0.052415,30.043258709135543
0.05242,30.041564578645037
0.052425000000000006,30.044281006352655
0.052430000000000004,30.051383156096694
0.052435,30.06284522213762
0.05244000000000001,30.078640441031517
0.052445000000000006,30.098741103677284
0.052450000000000004,30.118186210856614
0.052455,30.13482865281311
0.05246000000000001,30.14373052266542
0.052465000000000005,30.14489343804477
0.05247,30.138321362663532
0.05247500000000001,30.12449877411748
0.052480000000000006,30.110508726080596
0.052485000000000004,30.095433942340264
0.05249,30.080367748717283
0.05249500000000001,30.065310181048968
0.052500000000000005,30.050261122525118
0.052505,30.037458590440696
0.05251,30.02689193920644
0.052515000000000006,30.020786593375135
0.052520000000000004,30.019121194985043
0.052525,30.021871851436348
0.05253000000000001,30.029013687683246
0.052535000000000005,30.04052085794575
0.05254,30.056366557599432
0.052545,30.07652303523904
0.052550000000000006,30.100961604912175
0.052555000000000004,30.12472461665563
0.05256,30.145676343903087
0.05256500000000001,30.158882417994253
0.052570000000000006,30.164343384282414
0.052575000000000004,30.162062135595402
0.05258,30.152043498289295
0.05258500000000001,30.138460775509593
0.052590000000000005,30.122737219852574
0.052595,30.108153483077587
0.0526,30.09307980948588
0.052605000000000006,30.080251574985873
0.052610000000000004,30.06965894376654
0.052615,30.063516989968836
0.05262000000000001,30.06180441306532
0.052625000000000005,30.064497390776957
0.05263,30.07157112061866
0.052635,30.0829998315813
0.052640000000000006,30.098756795991143
0.052645000000000004,30.1188143415428
0.05265,30.13821021390067
0.05265500000000001,30.154799733099825
0.052660000000000005,30.163643717649062
0.052665000000000003,30.16474380237273
0.05267,30.158103969408575
0.05267500000000001,30.14425318678161
0.052680000000000005,30.130237181579474
0.052685,30.115151404149977
0.05269000000000001,30.100074270302464
0.052695000000000006,30.085005807594744
0.052700000000000004,30.069945903052623
0.052705,30.057130179761653
0.05271000000000001,30.046547993728733
0.052715000000000005,30.040422247283313
0.05272,30.03873161261753
0.052725,30.041452230138145
0.052730000000000006,30.04855925882906
0.052735000000000004,30.060026887949167
0.05274,30.075828348907912
0.05274500000000001,30.095935927314574
0.052750000000000005,30.11538880037675
0.052755,30.132039521628897
0.05276,30.140950363339822
0.052765000000000006,30.14212294051858
0.052770000000000004,30.135561214083374
0.052775,30.121742692477564
0.05278000000000001,30.107756364457735
0.052785000000000006,30.092682948682008
0.052790000000000004,30.077618122100866
0.052795,30.06256192156109
0.05280000000000001,30.047514229371586
0.052805000000000005,30.034713394199954
0.05281,30.024148767027917
0.05281500000000001,30.01804612445194
0.052820000000000006,30.016384104363514
0.052825000000000004,30.019138809616614
0.05283,30.02628536047501
0.05283500000000001,30.03779790632616
0.052840000000000005,30.05364963757289
0.052845,30.07381279769903
0.05285,30.098258695505226
0.052855000000000006,30.122029851555517
0.052860000000000004,30.142990216549393
0.052865,30.156205595008025
0.05287000000000001,30.16167652959379
0.052875000000000005,30.159405910278025
0.05288,30.149398560396673
0.052885,30.13582794032724
0.052890000000000006,30.12010877880624
0.052895000000000005,30.105529189922596
0.0529,30.09045681975148
0.05290500000000001,30.077630234872405
0.052910000000000006,30.06703960250536
0.052915000000000004,30.0609002957735
0.05292,30.05919101012464
0.05292500000000001,30.061887918924622
0.052930000000000005,30.068966215195776
0.052935,30.0804001233008
0.05294,30.09616291080412
0.052945000000000006,30.116226900506774
0.052950000000000004,30.135630000858566
0.052955,30.152227221489476
0.05296000000000001,30.161079546209237
0.052965000000000005,30.162188607407433
0.05297,30.155558384628435
0.052975,30.141711371255973
0.052980000000000006,30.127698812903077
0.052985000000000004,30.112614296423633
0.05299,30.097538422697557
0.05299500000000001,30.082471220219677
0.053000000000000005,30.067412575196375
0.053005000000000004,30.054598416245163
0.05301,30.044018096183468
0.05301500000000001,30.037894842098055
0.053020000000000005,30.036207322357136
0.053025,30.038931673174947
0.05303000000000001,30.046043049209928
0.053035000000000006,30.05751563526438
0.053040000000000004,30.073322658161867
0.053045,30.093436398798396
0.05305000000000001,30.112896191584355
0.053055000000000005,30.1295542900324
0.05306,30.13847312604155
0.053065,30.139654312284407
0.053070000000000006,30.133101807189444
0.053075000000000004,30.119286909396102
0.05308,30.105303896065795
0.05308500000000001,30.09023169920328
0.053090000000000005,30.075168090713117
0.053095,30.0601131083416
0.0531,30.04506663361267
0.053105000000000006,30.03226731046073
0.053110000000000004,30.0217044868121
0.053115,30.01560425294876
0.05312000000000001,30.01394524306728
0.053125000000000006,30.016703555970736
0.053130000000000004,30.02385430774357
0.053135,30.03537164346722
0.05314000000000001,30.051228749113566
0.053145000000000005,30.07139786361244
0.05315,30.095850291089214
0.05315500000000001,30.11962870405476
0.053160000000000006,30.140596765639035
0.053165000000000004,30.153820434675104
0.05317,30.159300251427588
0.05317500000000001,30.157039103322575
0.053180000000000005,30.147041811004957
0.053185,30.133481974952463
0.05319,30.11776672878897
0.053195000000000006,30.10319083584859
0.053200000000000004,30.0881196270793
0.053205,30.075294512080916
0.05321000000000001,30.064705660774194
0.053215000000000005,30.05856871268783
0.05322,30.056862359683397
0.053225,30.05956277124618
0.053230000000000006,30.066645136395426
0.053235000000000005,30.078083675369925
0.05324,30.093851651491107
0.05324500000000001,30.11392138319963
0.053250000000000006,30.13333092399388
0.053255000000000004,30.149935006919982
0.05326,30.158794763077683
0.05326500000000001,30.159911822687096
0.053270000000000005,30.15329016298177
0.053275,30.13944650817144
0.05328,30.125437021104208
0.053285000000000006,30.110353628183578
0.053290000000000004,30.095278877277984
0.053295,30.08021279771717
0.05330000000000001,30.065155274977403
0.053305000000000005,30.052342509917825
0.05331,30.041763852513885
0.053315,30.035642819224645
0.053320000000000006,30.033958075011
0.053325000000000004,30.036685752351488
0.05333,30.043801002050376
0.05333500000000001,30.05527800493897
0.053340000000000005,30.07108998375462
0.053345000000000004,30.091209215193608
0.05335,30.110675173740546
0.05335500000000001,30.12733984557619
0.053360000000000005,30.13626580483673
0.053365,30.13745466211286
0.05337000000000001,30.13091037361462
0.053375000000000006,30.11709870478851
0.053380000000000004,30.103118644984082
0.053385,30.08804753422381
0.05339000000000001,30.072985011103253
0.053395000000000005,30.057931114170195
0.0534,30.042885724249153
0.053405,30.030087748369475
0.053410000000000006,30.01952653173503
0.053415000000000004,30.013428444134565
0.05342,30.01177211647236
0.05342500000000001,30.014533643941963
0.053430000000000005,30.02168813890385
0.053435,30.03320974260261
0.05344,30.049071637061985
0.053445000000000006,30.069246057153997
0.053450000000000004,30.093704302838145
0.053455,30.117489182016264
0.05346000000000001,30.138464101581896
0.053465000000000006,30.15169515786639
0.053470000000000004,30.157182888997898
0.053475,30.1549301801346
0.05348000000000001,30.144941849523512
0.053485000000000005,30.131391622477516
0.05349,30.11567986505999
0.05349500000000001,30.10110726535841
0.053500000000000006,30.086037091446318
0.053505000000000004,30.07321328617261
0.05351,30.06262602186452
0.05351500000000001,30.056491175429137
0.053520000000000005,30.054787435532564
0.053525,30.05749096820232
0.05353,30.064576958890747
0.053535000000000006,30.07601962416208
0.053540000000000004,30.091792223557036
0.053545,30.111867071631018
0.05355000000000001,30.131282351126668
0.053555000000000005,30.14789254864249
0.05356,30.1567589265197
0.053565,30.15788311304533
0.053570000000000007,30.15126908339389
0.053575000000000005,30.13742842120175
0.05358,30.12342167077749
0.05358500000000001,30.108339278994364
0.053590000000000006,30.093265528568402
0.053595000000000004,30.078200449573284
0.0536,30.063143926834694
0.05360500000000001,30.050332403790378
0.053610000000000005,30.039755227883486
0.053615,30.033636173415765
0.05362,30.03195390231206
0.053625000000000006,30.03468454372227
0.053630000000000004,30.04180324501642
0.053635,30.05328418348748
0.05364000000000001,30.069100578231826
0.053645000000000005,30.089224702203587
0.05365,30.10869615469935
0.053655,30.125366683696047
0.053660000000000006,30.134298990069077
0.053665000000000004,30.135494682554096
0.05367,30.128957715384416
0.05367500000000001,30.115148923702094
0.053680000000000005,30.101171495611766
0.053685000000000004,30.08610135261364
0.05369,30.071039796602424
0.05369500000000001,30.05598686684006
0.053700000000000005,30.04094244352784
0.053705,30.02814566812365
0.05371000000000001,30.017585883405513
0.053715000000000006,30.011489708214327
0.053720000000000004,30.00983577052077
0.053725,30.012600162302164
0.05373000000000001,30.019757992600795
0.053735000000000005,30.031283399242433
0.05374,30.047149560732898
0.053745,30.06732870832851
0.053750000000000006,30.091792138276805
0.053755000000000004,30.11558277911858
0.05376,30.136563809430104
0.05376500000000001,30.14980144805943
0.053770000000000005,30.155296231230995
0.053775,30.153051042082186
0.05378,30.14307069672341
0.053785000000000006,30.12952903170084
0.053790000000000004,30.11382038290071
0.053795,30.099250717611515
0.05380000000000001,30.08418146580013
0.053805000000000006,30.071358827545435
0.053810000000000004,30.060772977318965
0.053815,30.0546400035418
0.05382000000000001,30.05293859203273
0.053825000000000005,30.05564490573828
0.05383,30.062734126932533
0.05383500000000001,30.07418046890552
0.053840000000000006,30.089957187829217
0.053845000000000004,30.110036594797077
0.05385,30.129456987713773
0.05385500000000001,30.14607263358271
0.053860000000000005,30.15494491168672
0.053865,30.15607544859037
0.05387,30.149468217633498
0.053875000000000006,30.13563022198832
0.053880000000000004,30.121625910026463
0.053885,30.1065444102984
0.05389000000000001,30.0914715513413
0.053895000000000005,30.076407363891732
0.0539,30.061351732195686
0.053905,30.0485413158385
0.053910000000000007,30.037965460006944
0.053915000000000005,30.031848168751292
0.05392,30.03016810129116
0.05392500000000001,30.032901383810458
0.053930000000000006,30.04002316061917
0.053935000000000004,30.051507605857473
0.05394,30.06732793537748
0.05394500000000001,30.08745641879893
0.053950000000000005,30.106932766631008
0.053955,30.12360851460121
0.05396,30.132546476514786
0.053965000000000006,30.133748259454503
0.053970000000000004,30.127217815892312
0.053975,30.11341158786446
0.05398000000000001,30.09943650474056
0.053985000000000005,30.084367224058674
0.05399,30.069306529781997
0.053995,30.054254461808846
0.054000000000000006,30.03921089978521
0.054005000000000004,30.026415194054486
0.05401,30.015856685233178
0.05401500000000001,30.009762214077995
0.054020000000000006,30.008110405945654
0.054025000000000004,30.01087734994769
0.05403,30.018038152169716
0.05403500000000001,30.029566947391242
0.054040000000000005,30.04543691098342
0.054045,30.065620270980858
0.05405000000000001,30.09008832032359
0.054055000000000006,30.11388409504672
0.054060000000000004,30.134870570286363
0.054065,30.14811407405801
0.05407000000000001,30.153615140889833
0.054075000000000005,30.151376652118586
0.05408,30.141403421950915
0.054085,30.12786938604643
0.054090000000000006,30.112163507153358
0.054095000000000004,30.097596456547333
0.0541,30.08252802636592
0.05410500000000001,30.069706427973593
0.054110000000000005,30.05912183775253
0.054115,30.052990532591526
0.05412,30.05129119577232
0.054125000000000006,30.053999987496145
0.054130000000000005,30.0610920872051
0.054135,30.0725417052718
0.05414000000000001,30.08832209486651
0.054145000000000006,30.108405563997945
0.054150000000000004,30.127830513184932
0.054155,30.144451013762517
0.05416000000000001,30.153328549213384
0.054165000000000005,30.15446474456731
0.05417,30.14786357152935
0.05417500000000001,30.134027951888154
0.054180000000000006,30.120025812697456
0.054185000000000004,30.104945107827458
0.05419,30.089873043206097
0.05419500000000001,30.074809650160603
0.054200000000000005,30.05975481242042
0.054205,30.046945382167376
0.05421,30.036370702577695
0.054215000000000006,30.030254982417148
0.054220000000000004,30.028576878494846
0.054225,30.03131251435191
0.05423000000000001,30.038437031571696
0.054235000000000005,30.049924601485106
0.054240000000000003,30.065748437053465
0.054245,30.085880804925445
0.05425000000000001,30.105361514705297
0.054255000000000005,30.122041912997396
0.05426,30.130984914232233
0.05426500000000001,30.132192124019753
0.054270000000000006,30.125667493262476
0.054275000000000004,30.111863549557114
0.05428,30.097890555895596
0.05428500000000001,30.082822043573245
0.054290000000000005,30.067762117137807
0.054295,30.052710817054592
0.0543,30.03766802247479
0.054305000000000006,30.024873269867506
0.054310000000000004,30.014315897923208
0.054315,30.0082229451348
0.05432000000000001,30.006573034529854
0.054325000000000005,30.009342252666364
0.05433,30.016505702995442
0.054335,30.02803751758222
0.054340000000000006,30.043910869004765
0.054345000000000004,30.064097982426993
0.05435,30.088570147841814
0.05435500000000001,30.112370497066212
0.054360000000000006,30.133361823962684
0.054365000000000004,30.146610553819464
0.05437,30.152117219653263
0.05437500000000001,30.14988470119641
0.054380000000000005,30.13991781095919
0.054385,30.12639057291543
0.05439000000000001,30.110687162124467
0.054395000000000006,30.09612244130962
0.054400000000000004,30.081054743234613
0.054405,30.068234071402788
0.05441000000000001,30.0576506038988
0.054415000000000005,30.051520785544017
0.05442,30.04982329735956
0.054425,30.052534297100465
0.054430000000000006,30.059628961685444
0.054435000000000004,30.071081498887555
0.05444,30.08686515920243
0.05444500000000001,30.10695224789013
0.054450000000000005,30.12638125690296
0.054455,30.14300608322736
0.05446,30.15188830319239
0.054465000000000006,30.15302954046026
0.054470000000000005,30.14643376527937
0.054475,30.132600262756284
0.05448000000000001,30.118600059594836
0.054485000000000006,30.103520062976358
0.054490000000000004,30.08844870614109
0.054495,30.073386020942575
0.05450000000000001,30.05833189065001
0.054505000000000005,30.04552333905668
0.05451,30.034949707547327
0.05451500000000001,30.028835387297683
0.054520000000000006,30.027159032969063
0.054525000000000004,30.0298967657477
0.05453,30.037023724787446
0.05453500000000001,30.04851407891599
0.054540000000000005,30.06434103851889
0.054545,30.08447686759743
0.05455,30.10396146405368
0.054555000000000006,30.12064600597553
0.054560000000000004,30.129593497454678
0.054565,30.13080554278874
0.05457000000000001,30.124286091481796
0.054575000000000005,30.110484183202537
0.054580000000000004,30.096513051338686
0.054585,30.081445223656555
0.05459000000000001,30.066385981399513
0.054595000000000005,30.051335365538094
0.0546,30.036293254782603
0.05460500000000001,30.023499351447843
0.054610000000000006,30.012942992508133
0.054615000000000004,30.006851392647512
0.05462,30.005203172818188
0.05462500000000001,30.007974417302854
0.054630000000000005,30.015140227205176
0.054635,30.02667473217166
0.05464,30.042551102291615
0.054645000000000006,30.062741560171045
0.054650000000000004,30.08721739317685
0.054655,30.11102181847166
0.05466000000000001,30.13201746839566
0.054665000000000005,30.14527085491111
0.05467,30.15078250968796
0.054675,30.14855531102893
0.054680000000000006,30.138594069932772
0.054685000000000004,30.12507288906494
0.05469,30.109371677455353
0.05469500000000001,30.09480903258112
0.054700000000000006,30.07974198684329
0.054705000000000004,30.066922140615315
0.05471,30.056339673498826
0.05471500000000001,30.05021117995007
0.054720000000000005,30.04851533897586
0.054725,30.05122830615159
0.05473000000000001,30.058325256147523
0.054735000000000006,30.069780394420384
0.054740000000000004,30.085566969082613
0.054745,30.10565728294512
0.05475000000000001,30.125089909431207
0.054755000000000005,30.141718590175476
0.05476,30.150604984236963
0.054765,30.15175071405934
0.054770000000000006,30.145159748593034
0.054775000000000004,30.13132813251002
0.05478,30.11732965443095
0.05478500000000001,30.10225028889395
0.054790000000000005,30.087179562725463
0.054795,30.07211750824797
0.0548,30.057064008320587
0.054805000000000006,30.0442562396495
0.054810000000000005,30.03368354202319
0.054815,30.027570469152256
0.05482000000000001,30.02589567378418
0.054825000000000006,30.028635275006938
0.054830000000000004,30.035764409809566
0.054835,30.047257244789318
0.05484000000000001,30.063086988036595
0.054845000000000005,30.08322590119379
0.05485,30.10271396083997
0.05485500000000001,30.119402194907813
0.054860000000000006,30.128353687380937
0.054865000000000004,30.12957004138757
0.05487,30.12305520518575
0.05487500000000001,30.109255110555605
0.054880000000000005,30.095285637630717
0.054885,30.080218419991425
0.05489,30.065159787365715
0.054895000000000006,30.050109781174307
0.054900000000000004,30.035068279734638
0.054905,30.022275133136922
0.05491000000000001,30.011719676826317
0.054915000000000005,30.005629282480484
0.054920000000000004,30.003982569202385
0.054925,30.006755619247325
0.05493000000000001,30.01392353162729
0.054935000000000005,30.025460433833704
0.05494,30.041339493738274
0.05494500000000001,30.061532931667813
0.054950000000000006,30.086012032649343
0.054955000000000004,30.10982008989199
0.05496,30.130819591812852
0.05496500000000001,30.14407712760436
0.054970000000000005,30.149593227736435
0.054975,30.147370769237952
0.05498,30.137414561760835
0.054985000000000006,30.123898778088044
0.054990000000000004,30.108199526040295
0.054995,30.093638730915256
0.05500000000000001,30.078572266436908
0.055005000000000005,30.065753155856207
0.05501,30.05517158012647
0.055015,30.049044267034844
0.055020000000000006,30.047349893793292
0.055025000000000004,30.050064614035076
0.05503,30.057163600426964
0.05503500000000001,30.06862105636178
0.055040000000000006,30.084410227828393
0.055045000000000004,30.104503415455447
0.05505,30.123939265260287
0.05505500000000001,30.140571380452563
0.055060000000000005,30.149461493807177
0.055065,30.15061122668199
0.05507000000000001,30.144024546870927
0.055075000000000006,30.13019461168428
0.055080000000000004,30.116197670725192
0.055085,30.101118867507967
0.05509000000000001,30.086048703289734
0.055095000000000005,30.07098721081084
0.0551,30.055934272564976
0.055105,30.043127201510085
0.055110000000000006,30.032555336012308
0.055115000000000004,30.026443374607556
0.05512,30.024769968338006
0.05512500000000001,30.027511234421997
0.055130000000000005,30.034642307919615
0.055135,30.046137353440713
0.05514,30.061969577030624
0.055145000000000007,30.08211123822983
0.055150000000000005,30.10160238372193
0.055155,30.118293907645036
0.05516000000000001,30.12724896516977
0.055165000000000006,30.128469158382423
0.055170000000000004,30.121958434430738
0.055175,30.10815995583718
0.05518000000000001,30.09419196109574
0.055185000000000005,30.079125287029928
0.05519,30.064067197611028
0.05519500000000001,30.049017734660875
0.055200000000000006,30.03397677614689
0.055205000000000004,30.02118430383328
0.05521,30.01062965180265
0.05521500000000001,30.0045403316205
0.055220000000000005,30.00289496074205
0.055225,30.005669619616114
0.05523,30.01283940539088
0.055235000000000006,30.024378443637534
0.055240000000000004,30.040259900251794
0.055245,30.06045599352963
0.05525000000000001,30.084938006413104
0.055255000000000006,30.10874929987196
0.055260000000000004,30.12975223408185
0.055265,30.143013467050462
0.05527000000000001,30.148533528178472
0.055275000000000005,30.14631529335969
0.05528,30.136363571045976
0.05528500000000001,30.12285259649787
0.055290000000000006,30.107155090501017
0.055295000000000004,30.092595943579255
0.0553,30.077529997027227
0.05530500000000001,30.06471154193878
0.055310000000000005,30.054130760471633
0.055315,30.048004499216287
0.05532,30.04631143378544
0.055325000000000006,30.049027716081802
0.055330000000000004,30.05612851698699
0.055335,30.06758803805476
0.05534000000000001,30.083379523381826
0.055345000000000005,30.103475271652314
0.05535,30.122913993567884
0.055355,30.13954916899583
0.055360000000000006,30.14844259639491
0.055365000000000004,30.14959589615552
0.05537,30.143013035041083
0.05537500000000001,30.129184597602837
0.055380000000000006,30.11518902628141
0.055385000000000004,30.100110724114437
0.05539,30.085041060617204
0.05539500000000001,30.069980068902392
0.055400000000000005,30.054927631138067
0.055405,30.042121181688167
0.05541000000000001,30.031550057651437
0.055415000000000006,30.025439086609147
0.055420000000000004,30.023766918084014
0.055425,30.02650966762843
0.05543000000000001,30.03364246858372
0.055435000000000005,30.045139483788866
0.05544,30.060973917466953
0.055445,30.081118027285626
0.055450000000000006,30.10061192239444
0.055455000000000004,30.117306377715067
0.05546,30.126264611848686
0.05546500000000001,30.127488225953172
0.055470000000000005,30.120981166186958
0.055475000000000003,30.107184127549054
0.05548,30.093217449930375
0.05548500000000001,30.078151260211087
0.055490000000000005,30.063093654811993
0.055495,30.04804467591235
0.05550000000000001,30.03300420116768
0.055505000000000006,30.02021232966918
0.055510000000000004,30.00965839428539
0.055515,30.003570031227646
0.05552000000000001,30.001925856482973
0.055525000000000005,30.004701948890517
0.05553,30.011873403937788
0.05553500000000001,30.023414345484905
0.055540000000000006,30.03929793766693
0.055545000000000004,30.05949639697025
0.05555,30.083981004479167
0.05555500000000001,30.107795181540908
0.055560000000000005,30.128801174062694
0.055565,30.142065701369503
0.05557,30.147589291909213
0.055575000000000006,30.145374820564278
0.055580000000000004,30.135427094717226
0.055585,30.121920405298734
0.05559000000000001,30.106224455105668
0.055595000000000006,30.0916667768014
0.055600000000000004,30.076601291743206
0.055605,30.063783420725546
0.05561000000000001,30.053203346979316
0.055615000000000005,30.047078022953738
0.05562,30.045386122836486
0.05562500000000001,30.048103796988283
0.055630000000000006,30.055206214700082
0.055635000000000004,30.066667575886992
0.05564,30.08246112295971
0.05564500000000001,30.102559152869734
0.055650000000000005,30.12200043395512
0.055655,30.13863833618
0.05566,30.14753471653018
0.055665000000000006,30.14869119453402
0.055670000000000004,30.142111736036693
0.055675,30.128284633154397
0.05568000000000001,30.114290282236954
0.055685000000000005,30.09921242652655
0.05569,30.084143209192497
0.055695,30.06908266367924
0.055700000000000006,30.054030671864734
0.055705000000000005,30.04122477629066
0.05571,30.030654312926472
0.05571500000000001,30.024544224338243
0.055720000000000006,30.022873158694736
0.055725000000000004,30.025617230063933
0.05573,30.032751570255677
0.05573500000000001,30.044250340531022
0.055740000000000005,30.060086743489375
0.055745,30.08023303512956
0.05575000000000001,30.09972938026094
0.055755000000000006,30.116426447578387
0.055760000000000004,30.125387512202312
0.055765,30.126614174463345
0.05577000000000001,30.120110379638398
0.055775000000000005,30.10631462406072
0.05578,30.09234912005307
0.055785,30.07728336190663
0.055790000000000006,30.062226187789246
0.055795000000000004,30.047177640198687
0.0558,30.03213759651253
0.05580500000000001,30.019346260365236
0.055810000000000005,30.008792963543502
0.055815000000000003,30.002705453323323
0.05582,30.00106234438347
0.05582500000000001,30.003839714128826
0.055830000000000005,30.011012656567136
0.055835,30.022555294033932
0.05584000000000001,30.038440789095436
0.055845000000000006,30.058641356625618
0.055850000000000004,30.083128276053447
0.055855,30.106945022525
0.05586000000000001,30.127953740129588
0.055865000000000005,30.141221202828383
0.05587,30.14674793822035
0.05587500000000001,30.144536820286746
0.055880000000000006,30.134592655457286
0.055885000000000004,30.121089784267063
0.05589,30.105395220359707
0.05589500000000001,30.09083885065456
0.055900000000000005,30.07577377680652
0.055905,30.062956426220165
0.05591,30.05237698308263
0.055915000000000006,30.04625249416765
0.055920000000000004,30.044561632393147
0.055925,30.04728054674589
0.05593000000000001,30.05438440509947
0.055935000000000006,30.065847405908862
0.055940000000000004,30.081642790082487
0.055945,30.101742853027996
0.05595000000000001,30.12118641443986
0.055955000000000005,30.137826746353934
0.05596,30.146725757906072
0.05596500000000001,30.147885067856475
0.055970000000000006,30.14130864123215
0.055975000000000004,30.12748272749458
0.05598,30.113489464007714
0.05598500000000001,30.098412006108628
0.055990000000000005,30.083343186324495
0.055995,30.06828303839534
0.056,30.05323144394062
0.056005000000000006,30.04042604189289
0.056010000000000004,30.029856167215375
0.056015,30.023746864930306
0.05602000000000001,30.022076782000077
0.056025000000000005,30.024822031169993
0.05603,30.031957742885275
0.056035,30.043458077000984
0.056040000000000006,30.059296234669745
0.056045000000000005,30.079444470403413
0.05605,30.098942998606546
0.05605500000000001,30.115642393321515
0.056060000000000006,30.12460598002973
0.056065000000000004,30.125835358324704
0.05607,30.119334472697876
0.05607500000000001,30.10553986038008
0.056080000000000005,30.091575402108543
0.056085,30.076510028511414
0.05609000000000001,30.06145323868395
0.056095000000000006,30.046405075407677
0.056100000000000004,30.031365415812548
0.056105,30.01857455668537
0.05611000000000001,30.008021828848925
0.056115000000000005,30.001935078542388
0.05612,30.000292919278845
0.056125,30.003071427185176
0.056130000000000006,30.01024569495062
0.056135000000000004,30.021789843552195
0.05614,30.037677034158264
0.05614500000000001,30.057879480206047
0.056150000000000005,30.082368459649544
0.056155000000000004,30.106187495571827
0.05616,30.127198641338225
0.05616500000000001,30.140468719593077
0.056170000000000005,30.145998257178864
0.056175,30.14379012727387
0.05618000000000001,30.13384913545882
0.056185000000000006,30.12034966646839
0.056190000000000004,30.104656337799128
0.056195,30.0901011341101
0.05620000000000001,30.075036426667364
0.056205000000000005,30.06221953980689
0.05621,30.051640658567855
0.05621500000000001,30.04551691377107
0.056220000000000006,30.04382697720304
0.056225000000000004,30.04654699662626
0.05623,30.053652138651426
0.05623500000000001,30.06511660043248
0.056240000000000005,30.080913621539235
0.056245,30.101015496003704
0.05625,30.120461089281054
0.056255000000000006,30.137103586149014
0.056260000000000004,30.146004942211235
0.056265,30.14716677554351
0.05627000000000001,30.140593050443826
0.056275000000000006,30.126768196283543
0.056280000000000004,30.112775901742438
0.056285,30.09769879830974
0.05629000000000001,30.082630332759052
0.056295000000000005,30.06757053909383
0.0563,30.052519298703164
0.05630500000000001,30.039714336407872
0.056310000000000006,30.029144986274577
0.056315000000000004,30.02303638461826
0.05632,30.021367177326336
0.05632500000000001,30.024113475965557
0.056330000000000005,30.03125040976521
0.056335,30.042752137327557
0.05634,30.05859185851609
0.056345000000000006,30.078741826517703
0.056350000000000004,30.09824229992834
0.056355,30.114943768451056
0.05636000000000001,30.12390960244101
0.056365000000000005,30.125141400834906
0.05637,30.1186431074243
0.056375,30.10484951379851
0.056380000000000006,30.090885987321247
0.056385000000000005,30.0758209563735
0.05639,30.060764508964283
0.05639500000000001,30.04571668812799
0.056400000000000006,30.030677370773898
0.056405000000000004,30.017886936691436
0.05641,30.007334715844483
0.05641500000000001,30.001248642652534
0.056420000000000005,29.999607329589978
0.056425,30.002386851644964
0.05643000000000001,30.009562300331858
0.056435000000000006,30.021107795417226
0.056440000000000004,30.036996496823825
0.056445,30.05720061670873
0.05645000000000001,30.081691431711644
0.056455000000000005,30.105512507629523
0.05646,30.126525816988835
0.056465,30.13979822581264
0.056470000000000006,30.145330260269382
0.056475000000000004,30.143124792821855
0.05648,30.133186628294297
0.05648500000000001,30.119690190805017
0.056490000000000005,30.10399796278414
0.056495000000000004,30.089443798063822
0.0565,30.074379417103415
0.05650500000000001,30.061562943441942
0.056510000000000005,30.050984562877797
0.056515,30.04486148112119
0.05652000000000001,30.043172368950504
0.056525000000000006,30.045893373037377
0.056530000000000004,30.052999658867183
0.056535,30.064465422434598
0.05654000000000001,30.08026390211668
0.056545000000000005,30.100367390719697
0.05655,30.119814794473488
0.05655500000000001,30.136459220405154
0.056560000000000006,30.14536266552314
0.056565000000000004,30.146526747293358
0.05657,30.139955429364196
0.05657500000000001,30.126131519331235
0.056580000000000005,30.112140088161
0.056585,30.09706330057256
0.05659,30.081995150658578
0.056595000000000006,30.06693567265721
0.056600000000000004,30.051884747752304
0.056605,30.039080177294682
0.05661000000000001,30.028511294552064
0.056615000000000006,30.022403317185017
0.056620000000000004,30.020734890123148
0.056625,30.02348212388305
0.05663000000000001,30.03062014661057
0.056635000000000005,30.042123115791682
0.05664,30.057964230141202
0.05664500000000001,30.078115741665428
0.056650000000000006,30.09761794833665
0.056655000000000004,30.114321264708096
0.05666,30.12328910111931
0.05666500000000001,30.12452305592175
0.056670000000000005,30.118027072283333
0.056675,30.10423438635435
0.05668,30.090271690144437
0.056685000000000006,30.075206964511523
0.056690000000000004,30.060150822211178
0.056695,30.045103306503112
0.05670000000000001,30.030064294099986
0.056705000000000005,30.017274238749998
0.05671,30.00672246965171
0.056715,30.000636999796946
0.056720000000000007,29.998996440734587
0.056725000000000005,30.0017768664381
0.05673,30.008953367375
0.05673500000000001,30.020500062233292
0.056740000000000006,30.036390109825863
0.056745000000000004,30.05659572116907
0.05675,30.08108817173158
0.05675500000000001,30.10491106537017
0.056760000000000005,30.12592630258054
0.056765,30.139200788037957
0.05677000000000001,30.144735047310302
0.056775000000000006,30.14253195222283
0.056780000000000004,30.132596306925706
0.056785,30.11910257062972
0.05679000000000001,30.103411323332207
0.056795000000000005,30.088858084376124
0.0568,30.073793994325012
0.056805,30.06097788884099
0.056810000000000006,30.05039995439894
0.056815000000000004,30.044277463438643
0.05682,30.042589085840202
0.05682500000000001,30.04531096730323
0.056830000000000006,30.052418272310426
0.056835000000000004,30.063885195823495
0.05684,30.07968497515671
0.05684500000000001,30.09978990202413
0.056850000000000005,30.11923891898756
0.056855,30.13588506379503
0.05686000000000001,30.14479037034836
0.056865000000000006,30.14595645557007
0.056870000000000004,30.13938728252971
0.056875,30.12556421375335
0.05688000000000001,30.111573551882376
0.056885000000000005,30.096497045724274
0.05689,30.0814291770557
0.05689500000000001,30.06636998032393
0.056900000000000006,30.051319336529932
0.056905000000000004,30.038515115215937
0.05691,30.027946648937796
0.05691500000000001,30.021839227838395
0.056920000000000005,30.020171495993868
0.056925,30.022919562985102
0.05693,30.030058555992525
0.056935000000000006,30.041562631507464
0.056940000000000004,30.057404987221204
0.056945,30.077557874088114
0.05695000000000001,30.097061625166408
0.056955000000000006,30.113766588047746
0.056960000000000004,30.12273620869937
0.056965,30.123972084951273
0.05697000000000001,30.117478159415718
0.056975000000000005,30.103686282282265
0.05698,30.089724325874997
0.05698500000000001,30.074659872290248
0.056990000000000006,30.059604001854563
0.056995000000000004,30.044556758028396
0.057,30.029518017349233
0.05700500000000001,30.016728299465598
0.057010000000000005,30.006176932894117
0.057015,30.000092000637817
0.05702,29.998452113420907
0.057025000000000006,30.001233344312745
0.057030000000000004,30.00841078284806
0.057035,30.019958546753795
0.05704000000000001,30.035849793853895
0.057045000000000005,30.056056734148342
0.057050000000000003,30.080550642062295
0.057055,30.10437515536544
0.05706000000000001,30.125392110371074
0.057065000000000005,30.1386684461952
0.05707,30.144204687870552
0.05707500000000001,30.142003706654314
0.057080000000000006,30.132070306096033
0.057085000000000004,30.118578976675348
0.05709,30.102888603243045
0.05709500000000001,30.0883361891813
0.057100000000000005,30.073272358342447
0.057105,30.0604565809198
0.05711000000000001,30.049879043991044
0.057115000000000006,30.043757079454757
0.057120000000000004,30.042069356390652
0.057125,30.044792019632244
0.05713000000000001,30.051900232768773
0.057135000000000005,30.063368189841544
0.05714,30.079169127217824
0.057145,30.099275335638506
0.057150000000000006,30.118725790038646
0.057155000000000004,30.135373466435777
0.05716,30.144280431605225
0.05716500000000001,30.145448301985322
0.057170000000000006,30.138881040129867
0.057175000000000004,30.125058720948058
0.05718,30.111068744554636
0.05718500000000001,30.09599248916264
0.057190000000000005,30.08092487109538
0.057195,30.06586592498649
0.05720000000000001,30.050815531673962
0.057205000000000006,30.038011621461415
0.057210000000000004,30.027443526270414
0.057215,30.021336600828565
0.05722000000000001,30.01966948845154
0.057225000000000005,30.02241829788645
0.05723,30.029558155453536
0.05723500000000001,30.041063216757813
0.057240000000000006,30.05690667857859
0.057245000000000004,30.077060790932876
0.05725,30.09656591814197
0.05725500000000001,30.11327234813192
0.057260000000000005,30.122243558615786
0.057265,30.123481146958884
0.05727,30.116989055278346
0.057275000000000006,30.103197898815278
0.057280000000000005,30.089236601602853
0.057285,30.07417239042432
0.05729000000000001,30.05911676223132
0.057295000000000006,30.04406976066321
0.057300000000000004,30.029031262101363
0.057305,30.016241844914244
0.05731000000000001,30.00569083701086
0.057315000000000005,29.999606383777092
0.05732,29.997967095202345
0.05732500000000001,30.000749043550375
0.057330000000000006,30.007927317524768
0.057335000000000004,30.019476033996117
0.05734,30.035368349907205
0.05734500000000001,30.05557647435232
0.057350000000000005,30.08007168082688
0.057355,30.103897637318344
0.05736,30.12491612295082
0.057365000000000006,30.138194107528452
0.057370000000000004,30.143732115607122
0.057375,30.141533017937842
0.05738000000000001,30.13160161753499
0.057385000000000005,30.11811243274005
0.057390000000000004,30.102422837957896
0.057395,30.087871158911227
0.05740000000000001,30.072807559041244
0.057405000000000005,30.05999207393491
0.05741,30.049414891206986
0.05741500000000001,30.04329339573635
0.057420000000000006,30.04160625588949
0.057425000000000004,30.044329615728206
0.05743,30.051438638045642
0.05743500000000001,30.06290751606298
0.057440000000000005,30.078709485303683
0.057445,30.098816835641475
0.05745000000000001,30.11826857085735
0.057455000000000006,30.134917611964394
0.057460000000000004,30.14382605502962
0.057465,30.144995516059904
0.05747000000000001,30.138429957149498
0.057475000000000005,30.124608305887516
0.05748,30.110618940283047
0.057485,30.095542908334064
0.057490000000000006,30.080475513562977
0.057495000000000004,30.065416790769465
0.0575,30.050366620646326
0.05750500000000001,30.037562987638083
0.057510000000000006,30.02699522310111
0.057515000000000004,30.0208887393107
0.05752,30.019222178904922
0.05752500000000001,30.021971649887956
0.057530000000000005,30.02911227781356
0.057535,30.040618217497038
0.05754000000000001,30.05646266490506
0.057545000000000006,30.076617869219454
0.057550000000000004,30.09612422261817
0.057555,30.11283195986276
0.05756000000000001,30.121804586953097
0.057565000000000005,30.123043700840487
0.05757,30.11655324320086
0.05757500000000001,30.102762728884986
0.057580000000000006,30.088802019042543
0.057585000000000004,30.073738023857988
0.05759,30.058682611513287
0.05759500000000001,30.043635825807158
0.057600000000000005,30.0285975429819
0.057605,30.015808393727855
0.05761,30.005257705412607
0.057615000000000006,29.999173679007782
0.057620000000000005,29.997534923848043
0.057625,30.000317511479313
0.05763000000000001,30.007496529864593
0.057635000000000006,30.01904609511143
0.057640000000000004,30.03493936337744
0.057645,30.055148542949937
0.05765000000000001,30.079644906495865
0.057655000000000005,30.103472148927978
0.05766,30.124491998412473
0.05766500000000001,30.13777145209788
0.057670000000000006,30.143311034115197
0.057675000000000004,30.141113614764404
0.05768,30.13118399658302
0.05768500000000001,30.11769672273858
0.057690000000000005,30.10200782176603
0.057695,30.087456797648304
0.0577,30.072393403581167
0.057705000000000006,30.059578178940786
0.057710000000000004,30.049001311820493
0.057715,30.042880234306796
0.05772000000000001,30.041193614130712
0.057725000000000005,30.04391759466637
0.057730000000000004,30.051027337997567
0.057735,30.062497036614722
0.05774000000000001,30.07829992528943
0.057745000000000005,30.09840829312276
0.05775,30.11786116959859
0.05775500000000001,30.13451142671879
0.057760000000000006,30.143421186650475
0.057765000000000004,30.14459206501606
0.05777,30.138028023500336
0.05777500000000001,30.124206967382644
0.057780000000000005,30.110218146016468
0.057785,30.09514231316446
0.05779000000000001,30.080075117359527
0.057795000000000006,30.065016593549284
0.057800000000000004,30.049966622297152
0.057805,30.037163236289445
0.05781000000000001,30.02659576637892
0.057815000000000005,30.020489676118267
0.05782,30.018823607541762
0.057825,30.02157366799162
0.057830000000000006,30.028714982338627
0.057835000000000004,30.04022170469441
0.05784,30.05606703030157
0.05784500000000001,30.07622320759772
0.057850000000000006,30.095730653582255
0.057855000000000004,30.112439555644972
0.05786,30.121413444990445
0.05786500000000001,30.12265391820108
0.057870000000000005,30.1161649165597
0.057875,30.102374974423622
0.05788000000000001,30.088414787952185
0.057885000000000006,30.07335098522724
0.057890000000000004,30.058295765212307
0.057895,30.043249171848156
0.05790000000000001,30.028211081253133
0.057905000000000005,30.015422170738578
0.05791,30.004871767189634
0.05791500000000001,29.998788121107115
0.057920000000000006,29.99714984124228
0.057925000000000004,29.99993299850143
0.05793,30.00711268018769
0.05793500000000001,30.018663001728708
0.057940000000000005,30.034557118582466
0.057945,30.05476723831724
0.05795,30.07926463286176
0.057955000000000007,30.10309302112036
0.057960000000000005,30.124114085853595
0.057965,30.137394848574974
0.05797000000000001,30.142935833036915
0.057975000000000006,30.140739909137526
0.057980000000000004,30.130811878989412
0.057985,30.11732630788116
0.05799000000000001,30.10163802512174
0.057995000000000005,30.087087584572863
0.058,30.07202437388461
0.05800500000000001,30.0592093813302
0.058010000000000006,30.04863279542941
0.058015000000000004,30.04251209033269
0.05802,30.040825933204815
0.05802500000000001,30.0435504668072
0.058030000000000005,30.050660852591577
0.058035,30.062131282397218
0.05804,30.077934990325772
0.058045000000000006,30.098044264789817
0.058050000000000004,30.117498158175618
0.058055,30.134149498813983
0.05806000000000001,30.143060432128298
0.058065000000000005,30.144232573398437
0.058070000000000004,30.13766988394433
0.058075,30.12384935812488
0.05808000000000001,30.109861021697593
0.058085000000000005,30.094785366249265
0.05809,30.07971834773144
0.05809500000000001,30.064660001223547
0.058100000000000006,30.049610207173732
0.058105000000000004,30.036807041253745
0.05811,30.026239833867614
0.05811500000000001,30.0201340942583
0.058120000000000005,30.018468463922083
0.058125,30.021219049611325
0.05813000000000001,30.028360975588285
0.058135000000000006,30.039868395337564
0.058140000000000004,30.055714503456585
0.058145,30.075871547719842
0.05815000000000001,30.095379967243673
0.058155000000000005,30.112089907207654
0.05816,30.121064921274826
0.058165,30.122306605698864
0.058170000000000006,30.115818901412315
0.058175000000000004,30.102029469112175
0.05818,30.08806974898602
0.05818500000000001,30.073006117750563
0.058190000000000006,30.057951069109443
0.058195000000000004,30.04290464712998
0.0582,30.02786672782008
0.05820500000000001,30.015078030032306
0.058210000000000005,30.004527880221943
0.058215,29.998444573022375
0.05822000000000001,29.99680671666501
0.058225000000000006,29.99959038148624
0.058230000000000004,30.006770654201194
0.058235,30.018321649631694
0.05824000000000001,30.03421652261234
0.058245000000000005,30.054427480070704
0.05825,30.078925793277747
0.05825500000000001,30.102755202515265
0.058260000000000006,30.123777350085533
0.058265000000000004,30.137059279212266
0.05827,30.14260151331055
0.05827500000000001,30.14040692192039
0.058280000000000005,30.1304803067758
0.058285000000000003,30.116996252876117
0.05829,30.10130852097025
0.05829500000000001,30.08675860040542
0.058300000000000005,30.07169555311535
0.058305,30.058880767359163
0.05831000000000001,30.048304432036623
0.058315000000000006,30.042184058778883
0.058320000000000004,30.04049831424618
0.058325,30.043223340653956
0.05833000000000001,30.050334298890768
0.058335000000000005,30.061805380215677
0.05834,30.077609818133396
0.05834500000000001,30.097719900443042
0.058350000000000006,30.117174699937813
0.058355000000000004,30.133827006035823
0.05836,30.142738984882747
0.05836500000000001,30.14391225145325
0.058370000000000005,30.137350766742134
0.058375,30.12353071344042
0.05838,30.1095428091138
0.058385000000000006,30.094467311739514
0.058390000000000004,30.079400451191837
0.058395,30.064342262667687
0.05840000000000001,30.049292626512482
0.058405000000000006,30.03648965669978
0.058410000000000004,30.02592268323377
0.058415,30.01981725606935
0.05842000000000001,30.01815201622341
0.058425000000000005,30.020903069922753
0.05843,30.028045540887355
0.05843500000000001,30.039553582043176
0.058440000000000006,30.055400387412725
0.058445000000000004,30.075558204179636
0.05845,30.095067491167377
0.05845500000000001,30.11177835594446
0.058460000000000005,30.12075437218532
0.058465,30.121997135850755
0.05847000000000001,30.11551058756119
0.058475000000000006,30.101721609546015
0.058480000000000004,30.087762304952847
0.058485,30.072698826521645
0.05849000000000001,30.0576439305817
0.058495000000000005,30.042597661313103
0.0585,30.02755989462535
0.058505,30.01477138638596
0.058510000000000006,30.004221462667193
0.058515000000000005,29.998138457426393
0.05852,29.99650097843176
0.05852500000000001,29.99928509551187
0.058530000000000006,30.0064658948579
0.058535000000000004,30.01801749075189
0.05854,30.03391303747297
0.05854500000000001,30.0541247413778
0.058550000000000005,30.078623873151262
0.058555,30.102454192123368
0.05856000000000001,30.12347730454637
0.058565000000000006,30.13676027298867
0.058570000000000004,30.14230362056479
0.058575,30.140110216495653
0.05858000000000001,30.13018486217791
0.058585000000000005,30.116702160174007
0.05859,30.101014919101505
0.05859500000000001,30.086465461864044
0.058600000000000006,30.071402560168533
0.058605000000000004,30.05858795867814
0.05861,30.048011846631194
0.05861500000000001,30.04189176905575
0.058620000000000005,30.04020639216246
0.058625000000000003,30.042931857680294
0.05863,30.050043325995965
0.05863500000000001,30.061514987851577
0.058640000000000005,30.07732007621993
0.058645,30.097430878353507
0.05865000000000001,30.116886485228967
0.058655000000000006,30.13353965159157
0.058660000000000004,30.14245256205142
0.058665,30.143626831311227
0.05867000000000001,30.137066420076092
0.058675000000000005,30.12324678780729
0.05868,30.109259268500303
0.05868500000000001,30.094183911976536
0.058690000000000006,30.079117192186818
0.058695000000000004,30.06405914443275
0.0587,30.049009648968195
0.05870500000000001,30.036206853895223
0.058710000000000005,30.02564008886176
0.058715,30.019534940098705
0.05872,30.017870048195807
0.058725000000000006,30.020621518911554
0.058730000000000004,30.027764475482776
0.058735,30.039273070337597
0.05874000000000001,30.05512049698629
0.058745000000000006,30.07527900208601
0.058750000000000004,30.094789062020077
0.058755,30.11150075084397
0.05876000000000001,30.12047766006317
0.058765000000000005,30.121721385377466
0.05877,30.11523586712916
0.05877500000000001,30.101447293900748
0.058780000000000006,30.08748835956472
0.058785000000000004,30.07242501728844
0.05879,30.057370257411577
0.05879500000000001,30.042324124214694
0.058800000000000005,30.02728649351961
0.058805,30.014498154175694
0.05881000000000001,30.003948431913937
0.058815000000000006,29.997865695730923
0.058820000000000004,29.996228552982135
0.058825,29.999013073043656
0.05883000000000001,30.00619434163983
0.058835000000000005,30.017746472571705
0.05884,30.033642619623453
0.058845,30.05385498864306
0.058850000000000006,30.078354849793154
0.058855000000000005,30.102185979376515
0.05886,30.123209951523307
0.05886500000000001,30.136493846038903
0.058870000000000006,30.14203818576996
0.058875000000000004,30.139845839653105
0.05888,30.12992160878439
0.05888500000000001,30.11644011137573
0.058890000000000005,30.100753307656124
0.058895,30.086204263262562
0.05890000000000001,30.07114149129785
0.058905000000000006,30.05832705399594
0.058910000000000004,30.047751140896825
0.058915,30.04163132678658
0.05892000000000001,30.039946277475252
0.058925000000000005,30.042672134258364
0.05893,30.04978405707547
0.05893500000000001,30.06125623620802
0.058940000000000006,30.07706190415487
0.058945000000000004,30.097173347681437
0.05895,30.11662967396658
0.05895500000000001,30.133283606860626
0.058960000000000005,30.142197347426258
0.058965000000000004,30.14337251012383
0.05897,30.13681305540034
0.05897500000000001,30.122993798289322
0.058980000000000005,30.109006622050796
0.058985,30.09393139103069
0.05899000000000001,30.078864796662174
0.058995000000000006,30.06380687434008
0.059000000000000004,30.048757504236736
0.059005,30.035954864864117
0.05901000000000001,30.025388285552697
0.059015000000000005,30.0192833848568
0.05902,30.017618802985584
0.05902500000000001,30.02037064528025
0.059030000000000006,30.027514034547103
0.059035000000000004,30.03902312277071
0.05904,30.0548711030049
0.05904500000000001,30.075030221437718
0.059050000000000005,30.09454097009903
0.059055,30.111253393182846
0.05906,30.1202310980828
0.059065000000000006,30.121475680266126
0.059070000000000004,30.114991079827345
0.059075,30.10120286728072
0.05908000000000001,30.08724426285915
0.059085000000000006,30.07218104190257
0.059090000000000004,30.057126403263563
0.059095,30.042080391312226
0.05910000000000001,30.027042881792244
0.059105000000000005,30.014254692941215
0.05911,30.003705150185997
0.05911500000000001,29.997622653744635
0.059120000000000006,29.995985810604846
0.059125000000000004,29.998770689739533
0.05913,30.005952376457056
0.05913500000000001,30.017504984129868
0.059140000000000005,30.033401666101156
0.059145,30.05361462776562
0.05915000000000001,30.078115138820557
0.059155000000000006,30.101946990692166
0.059160000000000004,30.122971728888537
0.059165,30.13625644857386
0.05917000000000001,30.14180167235613
0.059175000000000005,30.139610268918652
0.05918,30.12968703908963
0.059185,30.116206615025302
0.059190000000000006,30.10052020100527
0.059195000000000005,30.085971524472757
0.0592,30.070908868103572
0.05920500000000001,30.0580945771004
0.059210000000000006,30.047518841272055
0.059215000000000004,30.041399261920223
0.05922,30.03971450449802
0.05922500000000001,30.042440709914725
0.059230000000000005,30.04955303771145
0.059235,30.06102567775923
0.05924000000000001,30.07683186213456
0.059245000000000006,30.096943877168897
0.059250000000000004,30.116400844477916
0.059255,30.133055460383265
0.05926000000000001,30.14196994060758
0.059265000000000005,30.14314589939528
0.05927,30.13658729696335
0.05927500000000001,30.122768374133486
0.059280000000000006,30.1087815035832
0.059285000000000004,30.09370638439205
0.05929,30.078639901779013
0.05929500000000001,30.06358209122201
0.059300000000000005,30.048532832820708
0.059305000000000004,30.035730332183554
0.05931,30.02516391835817
0.05931500000000001,30.019059238700404
0.059320000000000005,30.017394933080286
0.059325,30.020147106467174
0.05933000000000001,30.027290881283793
0.059335000000000006,30.038800409119464
0.059340000000000004,30.054648882621297
0.059345,30.074808547559343
0.05935000000000001,30.094319909905188
0.059355000000000005,30.11103298724504
0.05936,30.12001140112955
0.05936500000000001,30.121256746818727
0.059370000000000006,30.114772964186287
0.059375000000000004,30.10098507302211
0.05938,30.087026762568023
0.05938500000000001,30.071963649712313
0.059390000000000005,30.05690911910126
0.059395,30.041863215184723
0.0594,30.026825813636787
0.059405000000000006,30.014037758881155
0.059410000000000004,30.003488376073726
0.059415,29.997406093252128
0.05942000000000001,29.995769517076393
0.059425000000000006,29.998554716160154
0.059430000000000004,30.00573677544114
0.059435,30.017289807909915
0.05944000000000001,30.033186966516695
0.059445000000000005,30.053400456252312
0.05945,30.077901546399428
0.05945500000000001,30.101734041859846
0.059460000000000006,30.122759462638168
0.059465000000000004,30.13604491758394
0.05947,30.141590929092516
0.05947500000000001,30.139400365621466
0.059480000000000005,30.12947802776034
0.059485,30.115998560090333
0.05949000000000001,30.100312493308788
0.059495000000000006,30.08576414455573
0.059500000000000004,30.070701591186946
0.059505,30.057887430542024
0.05951000000000001,30.0473118526693
0.059515000000000005,30.04119248249695
0.05952,30.03950798516007
0.059525,30.042234501223767
0.059530000000000007,30.049347189874155
0.059535000000000005,30.060820240616497
0.05954,30.076626885151033
0.05954500000000001,30.096739409422494
0.059550000000000006,30.116196947910378
0.059555000000000004,30.132852172407155
0.05956,30.141767311698036
0.05956500000000001,30.142943979835053
0.059570000000000005,30.13638613683026
0.059575,30.122567511858776
0.05958000000000001,30.108580913689377
0.059585000000000006,30.09350589414249
0.059590000000000004,30.078439511108222
0.059595,30.063381800138558
0.05960000000000001,30.048332641268406
0.059605000000000005,30.035530264250312
0.05961,30.02496399787986
0.05961500000000001,30.01885951517624
0.059620000000000006,30.017195455707295
0.059625000000000004,30.019947924111104
0.05963,30.02709204246855
0.05963500000000001,30.038601962016788
0.059640000000000006,30.054450875040548
0.059645000000000004,30.07461102693742
0.05965,30.094122936101645
0.05965500000000001,30.11083659641078
0.059660000000000005,30.119815642029938
0.059665,30.12106166803451
0.05967000000000001,30.114578614101454
0.059675000000000006,30.100791009302363
0.059680000000000004,30.08683296078549
0.059685,30.071769944252146
0.05969000000000001,30.056715509898492
0.059695000000000005,30.041669702245454
0.0597,30.026632396905097
0.05970500000000001,30.01384446163403
0.059710000000000006,30.0032952213467
0.059715000000000004,29.997213128869163
0.05972,29.995576790569466
0.05972500000000001,29.998362274741126
0.059730000000000005,30.005544665991614
0.059735,30.017098076971212
0.05974,30.03299566027999
0.059745000000000006,30.05320962054891
0.059750000000000004,30.077711226691168
0.059755,30.1015442956159
0.05976000000000001,30.122570324603057
0.059765000000000006,30.135856434696397
0.059770000000000004,30.141403148101794
0.059775,30.139213333075677
0.05978000000000001,30.129291789994948
0.059785000000000005,30.11581317451197
0.05979,30.100127417134313
0.05979500000000001,30.085579360446346
0.059800000000000006,30.070516898855193
0.059805000000000004,30.057702854364873
0.05981,30.04712741723715
0.05981500000000001,30.041008233452413
0.059820000000000005,30.039323967862337
0.059825,30.042050760725395
0.05983000000000001,30.049163770911356
0.059835000000000006,30.060637187599603
0.059840000000000004,30.076444242155084
0.059845,30.09655722017795
0.05985000000000001,30.116015267609903
0.059855000000000005,30.132671034386878
0.059860000000000003,30.14158676093342
0.059865,30.1427640611301
0.05987000000000001,30.136206894806392
0.059875000000000005,30.122388535239075
0.05988,30.10840217977236
0.05988500000000001,30.09332724901263
0.059890000000000006,30.078260954707176
0.059895000000000004,30.06320333247396
0.0599,30.048154262290186
0.05990500000000001,30.035351995421806
0.059910000000000005,30.024785860439806
0.059915,30.018681553230504
0.05992000000000001,30.017017713092475
0.059925000000000006,30.019770444368593
0.059930000000000004,30.02691486883517
0.059935,30.038425137415572
0.05994000000000001,30.05427444207161
0.059945000000000005,30.074435027868997
0.05995,30.093947424271096
0.05995500000000001,30.110661604030042
0.059960000000000006,30.119641212550974
0.059965000000000004,30.120887844744782
0.05997,30.114405440113106
0.05997500000000001,30.100618090477184
0.059980000000000006,30.08666027535725
0.059985000000000004,30.07159734465113
0.05999,30.0565429960668
0.05999500000000001,30.04149727418853
0.060000000000000005,30.026460054573114
0.060005,30.01367222576775
0.06001000000000001,30.003123112471755
0.060015000000000006,29.997041189598672
0.060020000000000004,29.9954050632564
0.060025,29.998190801453223
0.06003000000000001,30.005373488502304
0.060035000000000005,30.01692723675075
0.06004,30.03282519848663
0.06004500000000001,30.053039578020243
0.060050000000000006,30.07754164393559
0.060055000000000004,30.10137522384083
0.06006,30.12240179476729
0.06006500000000001,30.135688488624286
0.060070000000000005,30.141235827448867
0.060075,30.139046679318245
0.06008,30.129125844419825
0.060085000000000006,30.11564798827083
0.060090000000000005,30.099962506584873
0.060095,30.08541471013902
0.06010000000000001,30.07035233032555
0.060105000000000006,30.057538389333804
0.060110000000000004,30.046963077615718
0.060115,30.04084405991006
0.06012000000000001,30.039160000816
0.060125000000000005,30.04188704031877
0.06013,30.049000337006262
0.06013500000000001,30.060474079767495
0.060140000000000006,30.076281499668635
0.060145000000000004,30.096394882002823
0.06015,30.115853382925057
0.06015500000000001,30.132509632896195
0.060160000000000005,30.14142588271189
0.060165,30.142603746099972
0.06017000000000001,30.136047182727168
0.060175000000000006,30.122229059645974
0.060180000000000004,30.108242920437412
0.060185,30.09316806879072
0.06019000000000001,30.07810185354632
0.060195000000000005,30.06304431038096
0.060200000000000004,30.047995319220437
0.060205,30.03519315050002
0.06021000000000001,30.0246271325906
0.060215000000000005,30.018522981754007
0.06022,30.016859337048924
0.06022500000000001,30.01961230255518
0.060230000000000006,30.0267569997777
0.060235000000000004,30.03826757936023
0.06024,30.05411723297688
0.06024500000000001,30.07427820539763
0.060250000000000005,30.09379103594889
0.060255,30.110505678559168
0.06026000000000001,30.11948578864895
0.060265000000000006,30.12073296098252
0.060270000000000004,30.11425113490531
0.060275,30.100464012630365
0.06028000000000001,30.08650640547677
0.060285000000000005,30.071443551246265
0.06029,30.05638927908597
0.06029500000000001,30.041343633636586
0.060300000000000006,30.02630649040564
0.060305000000000004,30.013518756465643
0.06031,30.00296975632418
0.06031500000000001,29.996887984575714
0.060320000000000006,29.9952520470963
0.060325000000000004,29.998038011640066
0.06033,30.005220962257972
0.06033500000000001,30.01677501102695
0.060340000000000005,30.032673309957083
0.060345,30.05288806307293
0.06035000000000001,30.07739053866518
0.060355000000000006,30.10122457387525
0.060360000000000004,30.122251627692123
0.060365,30.135538841706765
0.06037000000000001,30.141086737805793
0.060375000000000005,30.138898183906715
0.06038,30.128977980028115
0.06038500000000001,30.115500800477214
0.060390000000000006,30.09981556444403
0.060395000000000004,30.08526799988468
0.0604,30.070205692938522
0.06040500000000001,30.0573918441683
0.060410000000000005,30.0468166441954
0.060415,30.0406977744731
0.06042,30.03901389937557
0.060425000000000006,30.041741158644548
0.060430000000000005,30.0488547106168
0.060435,30.060328743922582
0.06044000000000001,30.07613648936187
0.060445000000000006,30.096250231954226
0.060450000000000004,30.1157091369551
0.060455,30.132365817472266
0.06046000000000001,30.141282533542483
0.060465000000000005,30.142460898757456
0.06047,30.13590487263894
0.06047500000000001,30.122086960276693
0.060480000000000006,30.108101013763118
0.060485000000000004,30.093026232609436
0.06049,30.07796008781172
0.06049500000000001,30.062902615099105
0.060500000000000005,30.04785369435157
0.060505,30.035051613085056
0.06051000000000001,30.02448569949216
0.060515000000000006,30.01838168799014
0.060520000000000004,30.01671821742392
0.060525,30.01947139163894
0.06053000000000001,30.02661633189832
0.060535000000000005,30.038127188596658
0.060540000000000004,30.053977153151685
0.060545,30.074138470069894
0.06055000000000001,30.09365168746606
0.060555000000000005,30.110366742496076
0.06056,30.119347299504504
0.06056500000000001,30.120594953125
0.060570000000000006,30.11411364256383
0.060575000000000004,30.10032672287694
0.06058,30.086369301029986
0.06058500000000001,30.071306514942435
0.060590000000000005,30.056252310879117
0.060595,30.04120673353103
0.06060000000000001,30.02616965836183
0.060605000000000006,30.013382008950792
0.060610000000000004,30.00283310963473
0.060615,29.996751472544563
0.06062000000000001,29.995115703349782
0.060625000000000005,29.99790186957807
0.06063,30.005085055046735
0.06063500000000001,30.016639371591985
0.060640000000000006,30.03253797097618
0.060645000000000004,30.0527530569693
0.06065,30.077255897600658
0.06065500000000001,30.101090338506207
0.060660000000000006,30.122117822598465
0.060665000000000004,30.135405500095136
0.06067,30.1409538927488
0.06067500000000001,30.13876586833469
0.060680000000000005,30.128846226720924
0.060685,30.11536965004699
0.06069000000000001,30.099684632900576
0.060695000000000006,30.08513727496175
0.060700000000000004,30.07007503294338
0.060705,30.057261266346355
0.06071000000000001,30.04668616594306
0.060715000000000005,30.040567428080074
0.06072,30.03888371693107
0.06072500000000001,30.04161117202087
0.060730000000000006,30.048724951462425
0.060735000000000004,30.060199243655465
0.06074,30.076007279162752
0.06074500000000001,30.096121342760078
0.060750000000000005,30.115580607811804
0.060755,30.13223767196336
0.06076,30.1411548034857
0.060765000000000007,30.142333615849257
0.060770000000000005,30.135778068446594
0.060775,30.12196034384369
0.06078000000000001,30.10797456902934
0.060785000000000006,30.09289985068785
0.060790000000000004,30.077833768661044
0.060795,30.062776358724737
0.06080000000000001,30.0477275007181
0.060805000000000005,30.034925497376648
0.06081,30.024359676734083
0.06081500000000001,30.01825578938496
0.060820000000000006,30.01659247398369
0.060825000000000004,30.019345834166874
0.06083,30.026490990982172
0.06083500000000001,30.038002094602184
0.060840000000000005,30.053852336216206
0.060845,30.074013960095943
0.06085000000000001,30.09352752218698
0.060855000000000006,30.110242944700087
0.060860000000000004,30.11922389993157
0.060865,30.12047198239869
0.06087000000000001,30.113991131183685
0.060875000000000005,30.10020439201117
0.060880000000000004,30.08624713528013
0.060885,30.071184409910774
0.06089000000000001,30.056130266524686
0.060895000000000005,30.04108474985768
0.0609,30.026047735334313
0.06090500000000001,30.01326016124209
0.060910000000000006,30.002711351765623
0.060915000000000004,29.996629834661583
0.06092,29.99499421541541
0.06092500000000001,29.997780561352968
0.060930000000000005,30.004963956083394
0.060935,30.01651851122841
0.06094000000000001,30.032417378329637
0.060945000000000006,30.052632760930216
0.060950000000000004,30.072206559528347
0.060955,30.088986130747266
0.06096000000000001,30.098036512373106
0.060965000000000005,30.099359278675625
0.06097,30.092958347179003
0.06097500000000001,30.079203310404303
0.060980000000000006,30.065275078035864
0.060985000000000004,30.05022331484569
0.06099,30.035180105145304
0.06099500000000001,30.02014550225552
0.061000000000000006,30.00511937565445
0.061005000000000004,29.992345192949834
0.06101,29.981812261700476
0.06101500000000001,29.975751796949204
0.061020000000000005,29.974142372398937
0.061025,29.976960020546553
0.06103000000000001,29.9841797890783
0.061035000000000006,29.995775752614154
0.061040000000000004,30.01172102463033
0.061045,30.031987769556245
0.06105000000000001,30.05654721504184
0.061055000000000005,30.08044451317027
0.06106,30.10153863456261
0.06106500000000001,30.11489805629447
0.061070000000000006,30.12052327938678
0.061075000000000004,30.118417149615038
0.06108,30.108584443593973
0.06108500000000001,30.095201047693546
0.061090000000000005,30.07954998848458
0.061095000000000003,30.06503468663347
0.0611,30.04998264358554
0.06110500000000001,30.037181721745807
0.061110000000000005,30.02662213951048
0.061115,30.020523884928817
0.06112000000000001,30.018865591258198
0.061125000000000006,30.02162336457653
0.061130000000000004,30.028772328498736
0.061135,30.040286635889856
0.06114000000000001,30.056139480755917
0.061145000000000005,30.076303110308828
0.06115,30.095817944712884
0.06115500000000001,30.112534204256544
0.061160000000000006,30.12151542331272
0.061165000000000004,30.12276319665123
0.06117,30.11628146374908
0.06117500000000001,30.102492750339565
0.061180000000000005,30.088533510603476
0.061185,30.073468558340075
0.06119000000000001,30.058412231718464
0.061195000000000006,30.043364573870594
0.061200000000000004,30.028325458514534
0.061205,30.015535529303303
0.06121000000000001,30.004984091759113
0.061215000000000006,29.998899384723707
0.061220000000000004,29.997260017526862
0.061225,30.00004206165731
0.06123000000000001,30.00722060499748
0.061235000000000005,30.018769763551315
0.06124,30.03466269335021
0.06124500000000001,30.054871602533062
0.061250000000000006,30.074438250947892
0.061255000000000004,30.091210263191506
0.06126,30.100252534068268
0.06126500000000001,30.10156664017884
0.061270000000000005,30.09515650151513
0.061275,30.081397578008644
0.06128000000000001,30.067465766583364
0.061285000000000006,30.052412424596774
0.061290000000000004,30.037367656354238
0.061295,30.02233151356068
0.06130000000000001,30.007303865698933
0.061305000000000005,29.994527912651762
0.06131,29.98399295606568
0.06131500000000001,29.977929926382327
0.061320000000000006,29.976317400774054
0.061325000000000005,29.97913141552741
0.06133,29.986347022228887
0.06133500000000001,29.997938299507783
0.061340000000000006,30.01387836495725
0.061345000000000004,30.03413938722964
0.06135,30.058692598302397
0.06135500000000001,30.082583014968527
0.061360000000000005,30.103669863670035
0.061365,30.11702148401751
0.06137000000000001,30.122638379272047
0.061375000000000006,30.120523397580538
0.061380000000000004,30.110681318058752
0.061385,30.097287902660923
0.06139000000000001,30.081633090385917
0.061395000000000005,30.067114244758457
0.0614,30.05206097374362
0.06140500000000001,30.039258555214108
0.061410000000000006,30.02869720115741
0.061415000000000004,30.022596661390182
0.06142,30.020935572437246
0.06142500000000001,30.023690043905827
0.061430000000000005,30.030835203047253
0.061435000000000003,30.042345206468603
0.06144000000000001,30.05819325202214
0.06144500000000001,30.07835159086865
0.061450000000000005,30.09786051432944
0.061455,30.11457048829719
0.06146000000000001,30.12354491627871
0.061465000000000006,30.124785395018588
0.061470000000000004,30.118295866094076
0.061475,30.104504040336433
0.06148000000000001,30.090541949581734
0.061485000000000005,30.075475900830664
0.06149,30.060418482312063
0.06149500000000001,30.045369736253047
0.061500000000000006,30.030329536879336
0.061505000000000004,30.01753828529212
0.06151,30.006985287794294
0.06151500000000001,30.000898525386933
0.061520000000000005,29.999256610459522
0.061525,30.002035617852567
0.06153000000000001,30.00921063890458
0.061535000000000006,30.020755793178587
0.061540000000000004,30.036644240366513
0.061545,30.056848192367813
0.06155000000000001,30.07640928473284
0.061555000000000006,30.09317537924811
0.061560000000000004,30.102211244486607
0.061565,30.103518458917655
0.06157000000000001,30.097100944522975
0.061575000000000005,30.08333909796506
0.06158,30.06940461064574
0.06158500000000001,30.054350260674926
0.061590000000000006,30.039304486864843
0.061595000000000004,30.02426734013599
0.0616,30.009238690528523
0.06160500000000001,29.996461504134487
0.061610000000000005,29.985925084233234
0.061615,29.979860112881294
0.06162000000000001,29.978245170187428
0.061625000000000006,29.981056295656185
0.061630000000000004,29.98826854419323
0.061635,29.9998559978468
0.06164000000000001,30.015791777727394
0.061645000000000005,30.03604805610167
0.06165,30.060596068656874
0.06165500000000001,30.08448071210125
0.061660000000000006,30.105561440124873
0.061665000000000005,30.118906470378214
0.06167,30.124516308026852
0.06167500000000001,30.122393803238708
0.061680000000000006,30.112543737265838
0.061685000000000004,30.099141761369733
0.06169,30.083483830597025
0.06169500000000001,30.068962041137436
0.061700000000000005,30.05390783470942
0.061705,30.041104237511142
0.06171000000000001,30.030541459033255
0.061715000000000006,30.024439038456748
0.061720000000000004,30.022775615147424
0.061725,30.025527301786045
0.06173000000000001,30.03266922879414
0.061735000000000005,30.044175556044305
0.06174,30.06001948474826
0.06174500000000001,30.08017326951884
0.061750000000000006,30.099677087071996
0.061755000000000004,30.11638162182696
0.06176,30.1253501609113
0.06176500000000001,30.126584302788014
0.061770000000000005,30.120087990864526
0.061775000000000004,30.106293499770878
0.06178000000000001,30.092328971218823
0.06178500000000001,30.077262025812853
0.061790000000000005,30.062203711578864
0.061795,30.04715407006952
0.06180000000000001,30.032112976074682
0.061805000000000006,30.019320615526965
0.061810000000000004,30.008766296816887
0.061815,30.00267777223524
0.06182000000000001,30.00103365686667
0.061825000000000005,30.00381002850634
0.06183,30.01098198154096
0.06183500000000001,30.022523638673988
0.061840000000000006,30.03840816282872
0.061845000000000004,30.05860776922561
0.06185,30.078163982751416
0.06185500000000001,30.094924876391378
0.061860000000000005,30.10395510634477
0.061865,30.105256252727607
0.06187000000000001,30.09883223927618
0.061875000000000006,30.085067836491667
0.061880000000000004,30.07113101080207
0.061885,30.056075798770554
0.06189000000000001,30.041029163638484
0.061895000000000006,30.025991155686505
0.061900000000000004,30.01096164550163
0.061905,29.998183391291853
0.06191000000000001,29.98764569841652
0.061915000000000005,29.9815790280794
0.06192,29.97996196299165
0.06192500000000001,29.982770545510803
0.061930000000000006,29.989979833485936
0.061935000000000004,30.00156391199782
0.06194,30.017495905277368
0.06194500000000001,30.037747988798277
0.061950000000000005,30.06229140154016
0.061955,30.08617093325281
0.06196000000000001,30.1072462400505
0.061965000000000006,30.120585430959853
0.061970000000000004,30.12618901283513
0.061975,30.124059837636775
0.06198000000000001,30.11420268851198
0.061985000000000005,30.10079311810552
0.06199,30.08513242904639
0.06199500000000001,30.07060803586463
0.062000000000000006,30.055553010313975
0.062005000000000005,30.042748376897176
0.06201,30.03218434317095
0.06201500000000001,30.026080260779615
0.062020000000000006,30.024414771613984
0.062025000000000004,30.027163991087036
0.06203,30.034303052438744
0.06203500000000001,30.045806118445174
0.062040000000000005,30.061646393305335
0.062045,30.081796134701985
0.06205000000000001,30.101295417250924
0.062055000000000006,30.11799512005896
0.062060000000000004,30.12695842657551
0.062065,30.12818693679108
0.06207000000000001,30.121684595740042
0.062075000000000005,30.107887739487232
0.06208,30.09392104804117
0.06208500000000001,30.078853310952102
0.062090000000000006,30.063794205586955
0.062095000000000004,30.04874377290937
0.0621,30.033701888221987
0.06210500000000001,30.02090854581975
0.062110000000000005,30.010353056079353
0.062115000000000004,30.00426296759502
0.06212000000000001,30.002616897850064
0.06212500000000001,30.005390927269502
0.062130000000000005,30.012560152953288
0.062135,30.024098700400327
0.06214000000000001,30.039979735410466
0.062145000000000006,30.060175476160605
0.062150000000000004,30.079727348939873
0.062155,30.096483614906976
0.06216000000000001,30.105508830140987
0.062165000000000005,30.106804576223514
0.06217,30.100374778452586
0.06217500000000001,30.08660810233885
0.062180000000000006,30.072669197224474
0.062185000000000004,30.057613220328133
0.06219,30.042565820861405
0.06219500000000001,30.027527048540193
0.062200000000000005,30.012496774443278
0.062205,29.999717571584597
0.06221000000000001,29.98917874723341
0.062215000000000006,29.983110565846918
0.062220000000000004,29.981491612453866
0.062225,29.98429793195263
0.06223000000000001,29.991504584813658
0.062235000000000006,30.00308565881862
0.062240000000000004,30.01901428097759
0.062245,30.03926262962068
0.06225000000000001,30.06380194665993
0.062255000000000005,30.087676926544496
0.06226,30.1087474057513
0.06226500000000001,30.12208139652293
0.062270000000000006,30.12767940721759
0.062275000000000004,30.12554429139216
0.06228,30.115680833881754
0.06228500000000001,30.102264499460905
0.062290000000000005,30.086601354502783
0.062295,30.07207464304834
0.06230000000000001,30.057018888926002
0.062305000000000006,30.044213333464878
0.062310000000000004,30.03364818252478
0.062315,30.027542620660476
0.06232000000000001,30.025875292012085
0.062325000000000005,30.028622314426563
0.06233,30.035758823654625
0.06233500000000001,30.047258985058907
0.062340000000000007,30.063096005499652
0.062345000000000005,30.08324214539449
0.06235,30.102737388385407
0.06235500000000001,30.119432787051302
0.062360000000000006,30.128391432461942
0.062365000000000004,30.129614925968543
0.06237,30.123107214054855
0.06237500000000001,30.109308251231027
0.062380000000000005,30.09533963339704
0.062385,30.080271191543837
0.06239000000000001,30.06521138188055
0.062395000000000006,30.05016024484704
0.062400000000000004,30.035117656203788
0.062405,30.022323439496425
0.06241000000000001,30.011766906882823
0.062415000000000005,30.00567542546361
0.06242,30.00402761485917
0.06242500000000001,30.006799557837553
0.062430000000000006,30.01396635391605
0.062435000000000004,30.025502131084192
0.06244,30.041380057704707
0.06244500000000001,30.061572354588577
0.062450000000000006,30.081120360171067
0.062455000000000004,30.097872503280076
0.06246000000000001,30.106893250784246
0.06246500000000001,30.10818418557094
0.062470000000000005,30.101749234329603
0.062475,30.0879805329812
0.06248000000000001,30.0740397753896
0.062485000000000006,30.05898311726267
0.062490000000000004,30.043935037026174
0.062495,30.028895583893263
0.0625,30.01386462938135
0.062505,30.001084581492304
0.06251000000000001,29.990544749202325
0.062515,29.984475221663118
0.06252,29.98285458596836
0.06252500000000001,29.9856588892803
0.06253,29.992863194405064
0.06253500000000001,30.004441591530764
0.06254,30.020367210143753
0.062545,30.040612231119187
0.06255000000000001,30.06514789898193
0.062555,30.089018823264666
0.06256,30.110085001154385
0.06256500000000001,30.12341435865549
0.06257,30.12900740546618
0.062575,30.126866996565763
0.06258000000000001,30.116997918293283
0.062585,30.103575557127385
0.06259,30.087910224028697
0.06259500000000001,30.07338144705568
0.0626,30.058325043863487
0.06260500000000001,30.045518666937497
0.06261,30.034952520627932
0.062615,30.028845640607045
0.06262000000000001,30.02717667301915
0.062625,30.029921737879878
0.06263,30.03705597317712
0.06263500000000001,30.048553546578155
0.06264,30.064387667314485
0.062645,30.084530598240555
0.06265000000000001,30.104022241937056
0.062655,30.120713805553486
0.06266000000000001,30.129668297845676
0.062665,30.130887321377276
0.06267,30.124374823923436
0.06267500000000001,30.110573984137428
0.06268,30.096603649887935
0.062685,30.081534580120238
0.06269000000000001,30.066474142955336
0.062695,30.051422378366496
0.0627,30.036379162522213
0.06270500000000001,30.02358416682412
0.06271,30.01302670501823
0.062715,30.006933982487606
0.06272000000000001,30.005284620756814
0.062725,30.008054704681644
0.06273000000000001,30.0152193359333
0.062735,30.02675264472055
0.06274,30.042627801689726
0.06274500000000001,30.062817029998847
0.06275,30.082361589801838
0.062755,30.099110059326666
0.06276000000000001,30.108126825951885
0.062765,30.109413473728317
0.06277,30.102973930585193
0.06277500000000001,30.089203424704515
0.06278,30.075261016512933
0.06278500000000001,30.060203751408057
0.06279,30.045155064603172
0.062795,30.030115004863497
0.06280000000000001,30.015083444097343
0.062805,30.002302643274287
0.06281,29.991761912891963
0.06281500000000001,29.98569118589792
0.06282,29.984069051225788
0.062825,29.986871558054997
0.06283000000000001,29.994073771272863
0.062835,30.005649783211727
0.06284000000000001,30.021572725564383
0.06284500000000001,30.041814781473736
0.06285,30.06634719779276
0.06285500000000001,30.09021450839007
0.06286,30.11127685365195
0.062865,30.12460208274105
0.06287000000000001,30.13019070654954
0.062875,30.12804558132418
0.06288,30.118171494744065
0.06288500000000001,30.104743763522936
0.06289,30.089076480715384
0.062895,30.07454586329397
0.06290000000000001,30.059488881764253
0.062905,30.04668177288939
0.06291000000000001,30.036114739674705
0.062915,30.03000668513205
0.06292,30.028336257191555
0.06292500000000001,30.031079577801243
0.06293,30.03821178694239
0.062935,30.049707054335833
0.06294000000000001,30.065538591325936
0.062945,30.085678662938463
0.06295,30.10516709952513
0.06295500000000001,30.12185524596423
0.06296,30.13080603766648
0.06296500000000001,30.132021078275834
0.06297000000000001,30.125504316718178
0.062975,30.111701804488256
0.06298000000000001,30.09772994084822
0.062985,30.08266031158805
0.06299,30.067599315298363
0.06299500000000001,30.05254699153666
0.063,30.037503216835017
0.063005,30.024707527028518
0.06301000000000001,30.014149237278364
0.063015,30.008055408870625
0.06302,30.00640466502659
0.06302500000000001,30.00917309246227
0.06303,30.016335794768132
0.06303500000000001,30.027866904130356
0.06304,30.043739593230047
0.063045,30.063926087316556
0.06305000000000001,30.083467576791875
0.063055,30.100212773005648
0.06306,30.109225992507426
0.06306500000000001,30.11050882038473
0.06307,30.10406518567152
0.063075,30.09029307188096
0.06308000000000001,30.076349192939418
0.063085,30.061291386994426
0.06309000000000001,30.04624215971427
0.063095,30.031201559465053
0.0631,30.016169458503356
0.06310500000000001,30.003387986786937
0.06311,29.992846456169133
0.063115,29.98677466041316
0.06312000000000001,29.985151190092093
0.063125,29.98795209618279
0.06313,29.995152445426942
0.06313500000000001,30.006726332067526
0.06314,30.02264688976335
0.063145,30.042886303677967
0.06315000000000001,30.067415822738802
0.063155,30.09127991339466
0.06316000000000001,30.112338843628333
0.063165,30.125660394133252
0.06317,30.131245076865508
0.06317500000000001,30.129095749201177
0.06318,30.119217200013406
0.063185,30.105784683852534
0.06319000000000001,30.090115663774863
0.063195,30.07558340643888
0.0632,30.060525909587398
0.06320500000000001,30.04771814851667
0.06321,30.037150325033654
0.06321500000000001,30.03104122394432
0.06322,30.029369494770027
0.063225,30.03211126118063
0.06323000000000001,30.039241664933606
0.063235,30.050734877579576
0.06324,30.066564112345567
0.06324500000000001,30.086701636192064
0.06325,30.10618721511179
0.063255,30.1228723167051
0.06326000000000001,30.13181981102916
0.063265,30.133031302690558
0.06327,30.126510741640477
0.06327500000000001,30.112706739194305
0.06328,30.09873351280447
0.06328500000000001,30.083663385013793
0.06329,30.068601890521197
0.063295,30.053549068513732
0.06330000000000001,30.03850479584744
0.063305,30.02570848756197
0.06331,30.01514946007955
0.06331500000000001,30.009054646289847
0.06332,30.007402670925995
0.063325,30.010169622361555
0.06333000000000001,30.017330605897126
0.063335,30.02885975548084
0.06334000000000001,30.04473024560689
0.063345,30.064914303388047
0.06335,30.084453057074473
0.06335500000000001,30.101195336632728
0.06336,30.1102053955008
0.063365,30.11148481968997
0.06337000000000001,30.105037539218515
0.063375,30.091263992713845
0.06338,30.07731880327335
0.06338500000000001,30.062260515417602
0.06339,30.047210806551767
0.063395,30.032169724686323
0.06340000000000001,30.017137142388187
0.063405,30.004355072878155
0.06341000000000001,29.993812829217536
0.063415,29.98774008115053
0.06342,29.98611542071105
0.06342500000000001,29.988914900477518
0.06343,29.996113588843954
0.063435,30.007685581755776
0.06344000000000001,30.023604014623633
0.063445,30.043841074411535
0.06345,30.068368011895323
0.06345500000000001,30.092229233449956
0.06346,30.113285120752
0.06346500000000001,30.12660339348601
0.06347,30.13218456455602
0.063475,30.130031492344404
0.06348000000000001,30.120148966788268
0.063485,30.10671218704777
0.06349,30.09104161899047
0.06349500000000001,30.07650790042269
0.0635,30.06144994439823
0.063505,30.048641602194017
0.06351000000000001,30.03807307454922
0.063515,30.031963040943467
0.06352000000000001,30.030290152315967
0.06352500000000001,30.0330305338708
0.06353,30.0401593289481
0.06353500000000001,30.051650710728925
0.06354,30.067477894117822
0.063545,30.087613147799193
0.06355000000000001,30.107096180419212
0.063555,30.12377856892869
0.06356,30.132723125152097
0.06356500000000001,30.133931454553714
0.06357,30.12740750799835
0.063575,30.113602177707726
0.06358000000000001,30.099627737051357
0.063585,30.084557165049347
0.06359000000000001,30.069495226637333
0.063595,30.054441960672253
0.0636,30.039397244298833
0.06360500000000001,30.026600384922993
0.06361,30.01604070009054
0.063615,30.009945008284664
0.06362000000000001,30.0082919355856
0.063625,30.01105757184386
0.06363,30.018217023883828
0.06363500000000001,30.02974442722362
0.06364,30.04561295797295
0.06364500000000001,30.06579484490501
0.06365000000000001,30.085331160890075
0.063655,30.102070841587302
0.06366000000000001,30.11107808419966
0.063665,30.112354475561517
0.06367,30.105903946568247
0.06367500000000001,30.0921291234559
0.06368,30.078182766306487
0.063685,30.063124049048287
0.06369000000000001,30.04807391106965
0.063695,30.03303240006419
0.0637,30.01799938887533
0.06370500000000001,30.00521678670641
0.06371,29.994673907695066
0.06371500000000001,29.988600311079445
0.06372,29.986974590195103
0.063725,29.989772799047515
0.06373000000000001,29.996970007503027
0.063735,30.00854031302399
0.06374,30.024456852581988
0.06374500000000001,30.04469181474533
0.06375,30.064287599442103
0.063755,30.08109061013559
0.06376000000000001,30.09016639175396
0.063765,30.091516511143535
0.06377000000000001,30.085144877918133
0.063775,30.07140135527592
0.06378,30.05748365488701
0.06378500000000001,30.04243576508937
0.06379,30.02739642613186
0.063795,30.0123656941946
0.06380000000000001,29.997343436263247
0.063805,29.984574058006913
0.06381,29.974046857294
0.06381500000000001,29.96799404574643
0.06382,29.966394185328163
0.063825,29.969223295666165
0.06383000000000001,29.97645641116873
0.063835,29.9880675927754
0.06384000000000001,30.00402993988516
0.063845,30.024315602459154
0.06385,30.048895793293816
0.06385500000000001,30.072816147202342
0.06386,30.09393472120742
0.063865,30.107320482628506
0.06387000000000001,30.112973924868772
0.063875,30.110897885617373
0.06388,30.101097132939405
0.06388500000000001,30.08774799829793
0.06389,30.07210937855956
0.06389500000000001,30.057605819080763
0.0639,30.04255746613912
0.063905,30.029761214421278
0.06391000000000001,30.019207290911353
0.063915,30.013116530022025
0.06392,30.011467553617194
0.06392500000000001,30.01423645544619
0.06393,30.021398346406148
0.063935,30.032927366260473
0.06394000000000001,30.048796695535202
0.063945,30.068978567589312
0.06395,30.088513863400944
0.06395500000000001,30.105251924562317
0.06396,30.11425675338118
0.06396500000000001,30.115529937734923
0.06397,30.109075409759072
0.063975,30.095297366622397
0.06398000000000001,30.081347884480856
0.063985,30.066286501910284
0.06399,30.051233742628316
0.06399500000000001,30.036189652419708
0.064,30.0211541026832
0.064005,30.008368601974674
0.06401000000000001,29.997822446790856
0.064015,29.991744795299823
0.06402000000000001,29.990114246006424
0.064025,29.99290685853117
0.06403,30.00009770851186
0.06403500000000001,30.011660899336626
0.06404,30.027569574055068
0.064045,30.047795927463675
0.06405000000000001,30.06738216442074
0.064055,30.084175060220257
0.06406,30.093239961548463
0.06406500000000001,30.094578438391917
0.06407,30.088194403694576
0.06407500000000001,30.07444573860062
0.06408000000000001,30.06052331051626
0.064085,30.045473419118487
0.06409000000000001,30.03043209913382
0.064095,30.015399404813618
0.0641,30.000375203418812
0.06410500000000001,29.98760353067511
0.06411,29.977073679581306
0.064115,29.97101746856183
0.06412000000000001,29.969413464329417
0.064125,29.972237691703313
0.06413,29.9794651904391
0.06413500000000001,29.99107002697652
0.06414,30.00702530636562
0.06414500000000001,30.027303184367216
0.06415,30.051874879723925
0.064155,30.075785839360382
0.06416000000000001,30.09689447566585
0.064165,30.110269565077516
0.06417,30.115911604068927
0.06417500000000001,30.113823433581867
0.06418,30.10400982511421
0.064185,30.090646937216295
0.06419000000000001,30.075003208593348
0.064195,30.060494825497063
0.06420000000000001,30.045444842215623
0.06420500000000001,30.03264658466138
0.06421,30.022090272467842
0.06421500000000001,30.01599640959344
0.06422,30.014343622411086
0.064225,30.017108009542838
0.06423000000000001,30.024264686908086
0.064235,30.03578779943997
0.06424,30.051650532979615
0.06424500000000001,30.071825126344425
0.06425,30.091352281459578
0.064255,30.108081681263553
0.06426000000000001,30.117077146212065
0.064265,30.118340266908348
0.06427000000000001,30.11187497838818
0.064275,30.09809266007944
0.06428,30.084139263549616
0.06428500000000001,30.06907639538887
0.06429,30.054022155369843
0.064295,30.038976588083173
0.06430000000000001,30.023939565687737
0.064305,30.011152259947213
0.06431,30.000603969119766
0.06431500000000001,29.99452349336238
0.06432,29.992889435419137
0.06432500000000001,29.99567785955552
0.06433000000000001,30.002863846199656
0.064335,30.01442150367338
0.06434000000000001,30.030323980101393
0.064345,30.05054347549454
0.06435,30.070122021925638
0.06435500000000001,30.086906724417428
0.06436,30.0959627541882
0.064365,30.097291683813864
0.06437000000000001,30.090897428996165
0.064375,30.077144723016737
0.06438,30.063218596555327
0.06438500000000001,30.048167321133093
0.06439,30.03312461979733
0.06439500000000001,30.018090545737405
0.0644,30.00306496701357
0.064405,29.990291594487772
0.06441000000000001,29.9797597237327
0.064415,29.97370082803349
0.06442,29.97209347817898
0.06442500000000001,29.974913703455876
0.06443,29.98213654822806
0.064435,29.993736083682403
0.06444000000000001,30.009685419752998
0.064445,30.029956717219623
0.06445000000000001,30.054521199976776
0.064455,30.078424147997758
0.06446,30.099524289617996
0.06446500000000001,30.112890231718485
0.06447,30.11852247341683
0.064475,30.116423858460934
0.06448000000000001,30.10659916131499
0.064485,30.093224386624037
0.06449,30.077576331805975
0.06449500000000001,30.063063864858616
0.0645,30.048012587909902
0.064505,30.035212698286323
0.06451000000000001,30.024654412290886
0.064515,30.01855794107593
0.06452000000000001,30.016901914961462
0.064525,30.019662436840047
0.06453,30.02681462703599
0.06453500000000001,30.03833263501992
0.06454,30.054189651301165
0.064545,30.0743579194941
0.06455000000000001,30.093877982179723
0.064555,30.11059982613264
0.06456,30.119587109999156
0.06456500000000001,30.120841426770102
0.06457,30.11436671402414
0.06457500000000001,30.10058069444317
0.06458,30.086623912788383
0.064585,30.0715598014064
0.06459000000000001,30.056504319333992
0.064595,30.041457510229815
0.0646,30.026419247042046
0.06460500000000001,30.013630402395393
0.06461,30.00308027751196
0.064615,29.996997354584245
0.06462000000000001,29.995360240102436
0.064625,29.998145002438925
0.06463,30.005326726258808
0.06463500000000001,30.01687952424921
0.06464,30.032776549026533
0.06464500000000001,30.052990005218007
0.06465,30.072561771028326
0.064655,30.089339245134834
0.06466000000000001,30.098387442510475
0.064665,30.099707938019982
0.06467,30.093304649803937
0.06467500000000001,30.07954839164568
0.06468,30.065619015819376
0.064685,30.05056654333193
0.06469000000000001,30.035522645895906
0.064695,30.020487375813637
0.06470000000000001,30.005460601907913
0.064705,29.99268574600756
0.06471,29.982152106604836
0.06471500000000001,29.976090849920965
0.06472,29.97448055036264
0.064725,29.977297241182907
0.06473000000000001,29.984515970837652
0.064735,29.99611081472972
0.06474,30.012054887131402
0.06474500000000001,30.0323203532811
0.06475,30.05687844165063
0.06475500000000001,30.080774283494787
0.06476000000000001,30.101866888606807
0.064765,30.11522471283385
0.06477000000000001,30.120848257641192
0.064775,30.118740369268746
0.06478,30.108905824815466
0.06478500000000001,30.09552049180552
0.06479,30.079868602628157
0.064795,30.065352516188184
0.06480000000000001,30.05030010092263
0.064805,30.03749877110626
0.06481,30.02693874036588
0.06481500000000001,30.02083995910006
0.06482,30.019181061139477
0.06482500000000001,30.021938153175412
0.06483,30.029086359450794
0.064835,30.040599833473106
0.06484000000000001,30.05645176990508
0.064845,30.076614416629393
0.06485,30.096128174262784
0.06485500000000001,30.11284330028176
0.06486,30.12182330917435
0.064865,30.1230697960551
0.06487000000000001,30.116586700764763
0.064875,30.102797392979515
0.06488000000000001,30.088837604338693
0.06488500000000001,30.073772392481306
0.06489,30.058715810688426
0.06489500000000001,30.043667901800188
0.0649,30.028628539478238
0.064905,30.01583832988862
0.06491000000000001,30.005286577020666
0.064915,29.999201479841282
0.06492,29.99756164817579
0.06492500000000001,30.000343154053095
0.06493,30.007521085910795
0.064935,30.01906956032283
0.06494000000000001,30.034961733905188
0.064945,30.05516981539575
0.06495000000000001,30.074735545904602
0.064955,30.091506585754143
0.06496,30.10054781070565
0.06496500000000001,30.101860797661637
0.06497,30.095449466934095
0.064975,30.0816900480195
0.06498000000000001,30.06775778104165
0.064985,30.05270424519217
0.06499,30.037659285125674
0.06499500000000001,30.022622952359427
0.065,30.00759511640026
0.06500500000000001,29.994818941575772
0.06501000000000001,29.984283729036363
0.065015,29.97822037143901
0.06502000000000001,29.976607446412853
0.065025,29.97942099074379
0.06503,29.986636056532557
0.06503500000000001,29.998226722937382
0.06504,30.014166108094788
0.065045,30.03442638121482
0.06505000000000001,30.058978774846622
0.065055,30.08286828773451
0.06506,30.10395418045652
0.06506500000000001,30.117304774286737
0.06507,30.12292057278155
0.06507500000000001,30.120804424400617
0.06508,30.11096110858981
0.065085,30.097566370694256
0.06509000000000001,30.08191106679555
0.065095,30.067391756992365
0.0651,30.05233832874212
0.06510500000000001,30.039535716925812
0.06511,30.028974132811943
0.065115,30.022873294470177
0.06512000000000001,30.02121183885872
0.065125,30.0239658760531
0.06513000000000001,30.031110533787338
0.065135,30.042619969165326
0.06514,30.058467380550134
0.06514500000000001,30.0786250196271
0.06515,30.098133160518557
0.065155,30.11484230190503
0.06516000000000001,30.12381582982541
0.065165,30.125055341286252
0.06517,30.118564778143558
0.06517500000000001,30.10477254131733
0.06518,30.090810074169035
0.065185,30.075743882401913
0.06519000000000001,30.06068632134609
0.065195,30.045637433113484
0.06520000000000001,30.030597092002363
0.065205,30.017805666760925
0.06521,30.0072524638556
0.06521500000000001,30.001165429896076
0.06522,29.999523177679126
0.065225,30.002301782491546
0.06523000000000001,30.00947633613209
0.065235,30.021020958637788
0.06524,30.03690881018815
0.06524500000000001,30.05711210318361
0.06525,30.076672456577963
0.06525500000000001,30.09343776382905
0.06526,30.102472776655596
0.065265,30.103779073775698
0.06527000000000001,30.097360577436067
0.065275,30.083598342553106
0.06528,30.06966349981649
0.06528500000000001,30.054609016763532
0.06529,30.039563110133795
0.065295,30.02452583074552
0.06530000000000001,30.009497048715446
0.065305,29.99671969893045
0.06531,29.986183084914565
0.06531500000000001,29.980117855571567
0.06532,29.978502591401767
0.06532500000000001,29.98131333233887
0.06533,29.98852513373123
0.065335,30.000112078083124
0.06534000000000001,30.016047286974196
0.065345,30.03630293315325
0.06535,30.06085025280242
0.06535500000000001,30.084734126593993
0.06536,30.105814038565168
0.065365,30.11915819008023
0.06537000000000001,30.12476708655876
0.065375,30.12264357843824
0.06538000000000001,30.11279244725568
0.065385,30.099389329489746
0.06539,30.083730983100267
0.06539500000000001,30.069208801305564
0.0654,30.05415447056187
0.065405,30.04135071654552
0.06541000000000001,30.03078774842608
0.065415,30.024685077259715
0.06542,30.023021342791356
0.06542500000000001,30.025772658111986
0.06543,30.03291415406626
0.06543500000000001,30.04441999096259
0.06544000000000001,30.060263370461147
0.065445,30.080416547635526
0.06545000000000001,30.099919683896488
0.065455,30.116623492847058
0.06546,30.12559124607284
0.06546500000000001,30.126824542266178
0.06547,30.12032732507873
0.065475,30.106532478435618
0.06548000000000001,30.092567624702244
0.065485,30.077500559854585
0.06549,30.062442126292222
0.06549500000000001,30.047392365478274
0.0655,30.032351152278355
0.06550500000000001,30.019558643892196
0.06551,30.009004148994524
0.065515,30.002915389334984
0.06552000000000001,30.00127098035804
0.065525,30.004047000253355
0.06553,30.01121854381463
0.06553500000000001,30.022759734164595
0.06554,30.038643734658002
0.065545,30.058842760958726
0.06555000000000001,30.078398323174344
0.065555,30.09515852249589
0.06556000000000001,30.10418800011515
0.06556500000000001,30.105488336367976
0.06557,30.099063455224925
0.06557500000000001,30.085298711233218
0.06558,30.071361573422827
0.065585,30.0563062463991
0.06559000000000001,30.041259496368003
0.065595,30.02622137352499
0.0656,30.011191748530283
0.06560500000000001,29.998413351829857
0.06561,29.987875489063256
0.065615,29.98180859194035
0.06562000000000001,29.980191243519805
0.065625,29.982999486540105
0.06563000000000001,29.990208379243388
0.065635,30.001792007115377
0.06564,30.01772349480367
0.06564500000000001,30.03797501821024
0.06565,30.062517816754355
0.065655,30.086396665901265
0.06566000000000001,30.1074712487995
0.065665,30.12080965996878
0.06567,30.126412406488868
0.06567500000000001,30.12428234055955
0.06568,30.114424245581112
0.06568500000000001,30.1010136610277
0.06569000000000001,30.085352603667914
0.065695,30.07082786282399
0.06570000000000001,30.05577272793186
0.065705,30.042967956178305
0.06571,30.03240375486287
0.06571500000000001,30.026299450584204
0.06572,30.02463368557032
0.065725,30.027382575599088
0.06573000000000001,30.03452125428686
0.065735,30.046023884797446
0.06574,30.0618636717288
0.06574500000000001,30.082012873173646
0.06575,30.101511550112026
0.06575500000000001,30.11821060765187
0.06576,30.12717321539609
0.065765,30.128400973539186
0.06577000000000001,30.121897827332795
0.065775,30.108100655241838
0.06578,30.09413367496904
0.06578500000000001,30.0790658321758
0.06579,30.0640066211791
0.065795,30.048956082863956
0.06580000000000001,30.03391409260153
0.065805,30.021120619093157
0.06581000000000001,30.010564972981296
0.065815,30.0044746756561
0.06582,30.002828344921216
0.06582500000000001,30.005602061552864
0.06583,30.01277092301336
0.065835,30.02430905517494
0.06584000000000001,30.040189624221615
0.065845,30.06038484872513
0.06585,30.079936141806556
0.06585500000000001,30.096691789755827
0.06586,30.105716335280626
0.065865,30.107011360158296
0.06587000000000001,30.10058078989543
0.065875,30.086813810186996
0.06588000000000001,30.072874627373725
0.065885,30.05781854833944
0.06589,30.042771046805083
0.06589500000000001,30.02773217241114
0.0659,30.012701796302114
0.065905,29.999922466758704
0.06591000000000001,29.989383491305478
0.065915,29.98331510812357
0.06592,29.98169590255123
0.06592500000000001,29.984501919826165
0.06593,29.991708220768928
0.06593500000000001,30.003288893521884
0.06594,30.01921706546628
0.065945,30.039464915313697
0.06595000000000001,30.059075171727574
0.065955,30.075893610781062
0.06596,30.084986111214004
0.06596500000000001,30.086354234986437
0.06597,30.08000188650542
0.065975,30.066265942709766
0.06598000000000001,30.052355174693485
0.065985,30.03730983444509
0.06599000000000001,30.02227304329277
0.06599500000000001,30.007244859298698
0.066,29.99222514780791
0.06600500000000001,29.979458931941483
0.06601,29.96893550318937
0.066015,29.962887729143034
0.06602000000000001,29.961294164039572
0.066025,29.96413081903473
0.06603,29.97137271979697
0.06603500000000001,29.982993918261062
0.06604,29.998967504560085
0.066045,30.01926561913183
0.06605000000000001,30.043859464995855
0.066055,30.067794994708517
0.06606000000000001,30.088929663942658
0.066065,30.10233276270661
0.06607,30.108004779389404
0.06607500000000001,30.10594854635759
0.06608,30.096168826048697
0.066085,30.082842242895538
0.06609000000000001,30.067211811080938
0.066095,30.052715980680993
0.0661,30.03767005664568
0.06610500000000001,30.024876878901242
0.06611,30.014326680084572
0.06611500000000001,30.00824085170269
0.06612000000000001,30.006598008120104
0.066125,30.009374234971176
0.06613000000000001,30.016544634781926
0.066135,30.028083338692003
0.06614,30.043963518354612
0.06614500000000001,30.06415739801046
0.06615,30.083706161955142
0.066155,30.100458573404335
0.06616000000000001,30.109478942670442
0.066165,30.110768853094115
0.06617,30.10433223197856
0.06617500000000001,30.090561212242097
0.06618,30.076618152756538
0.06618500000000001,30.061559119833596
0.06619,30.046508708650354
0.066195,30.031466966737685
0.06620000000000001,30.016433763967704
0.066205,30.003651178193714
0.06621,29.99310849997168
0.06621500000000001,29.987035492589797
0.06622,29.985410747427736
0.066225,29.988210316294065
0.06623000000000001,29.995409266766902
0.066235,30.00698169393041
0.06624000000000001,30.02290073228932
0.06624500000000001,30.043138567857795
0.06625,30.0627376984094
0.06625500000000001,30.079544340208955
0.06626,30.088624137380943
0.066265,30.089978655558376
0.06627000000000001,30.083611803046104
0.066275,30.06986989025716
0.06628,30.05595363848707
0.06628500000000001,30.04090601834014
0.06629,30.025866968072034
0.066295,30.010836543610235
0.06630000000000001,29.995814610753165
0.066305,29.983045755396095
0.06631000000000001,29.972519264845758
0.066315,29.96646754201566
0.06632,29.96486914673382
0.06632500000000001,29.96770009627146
0.06633,29.974935422596793
0.066335,29.98654918412615
0.06634000000000001,30.002514477653445
0.066345,30.022803450453985
0.06635,30.04738731255898
0.06635500000000001,30.071311794014804
0.06636,30.092434771383942
0.06636500000000001,30.10582530863211
0.06637000000000001,30.111483897765154
0.066375,30.10941337498231
0.06638000000000001,30.099618506767168
0.066385,30.086275712718063
0.06639,30.070639279590296
0.06639500000000001,30.056137783154256
0.0664,30.041089963928762
0.066405,30.0282944452168
0.06641000000000001,30.017741451684696
0.066415,30.01165198368296
0.06642,30.010004660902307
0.06642500000000001,30.012775574734157
0.06643,30.019939833638954
0.06643500000000001,30.0314715748658
0.06644,30.04734397634985
0.066445,30.067529268783822
0.06645000000000001,30.087068424361096
0.066455,30.10381061066304
0.06646,30.112819922590013
0.06646500000000001,30.11409794670289
0.06647,30.107648613731698
0.066475,30.09387255342775
0.06648000000000001,30.0799248796214
0.066485,30.064864104992758
0.06649000000000001,30.049811957129663
0.066495,30.03476848217846
0.0665,30.01973355093759
0.06650500000000001,30.006948842437183
0.06651,29.996403649640136
0.066515,29.990327311889278
0.06652000000000001,29.988698425579894
0.066525,29.991493048016743
0.06653,29.99868625244649
0.06653500000000001,30.010252139791817
0.06654,30.026163850563616
0.066545,30.04639357694739
0.06655000000000001,30.06598361201547
0.066555,30.08278056267262
0.06656000000000001,30.091849865166793
0.066565,30.093193088194752
0.06657,30.086814143324624
0.06657500000000001,30.07306745386809
0.06658,30.059146830700932
0.066585,30.044097579011883
0.06659000000000001,30.029056900043965
0.066595,30.014024848479995
0.0666,29.99900129107699
0.06660500000000001,29.986230428920262
0.06661,29.975701552509825
0.06661500000000001,29.96964665593428
0.06662,29.96804430384788
0.066625,29.970870518811765
0.06663000000000001,29.97810033825096
0.066635,29.98970782620317
0.06664,30.005666085245927
0.06664500000000001,30.025947268598124
0.06665,30.050522592392014
0.066655,30.074437588874066
0.06666000000000001,30.095550508935915
0.066665,30.108930215658333
0.06667000000000001,30.114577204178023
0.06667500000000001,30.11249431401709
0.06668,30.102686315171834
0.06668500000000001,30.08932944489184
0.06669,30.07368789063686
0.066695,30.05918155996505
0.06670000000000001,30.044132211261836
0.066705,30.031334762042658
0.06671,30.020779433094596
0.06671500000000001,30.014686877875768
0.06672,30.01303572075207
0.066725,30.015802058173243
0.06673000000000001,30.022961003817407
0.066735,30.034486700308374
0.06674000000000001,30.050352331110947
0.066745,30.07053013260008
0.06675,30.090060888176914
0.06675500000000001,30.106794125411543
0.06676,30.115793747491814
0.066765,30.117061343806622
0.06677000000000001,30.11060084809806
0.066775,30.096820404646664
0.06678,30.082868722164193
0.06678500000000001,30.067806476196974
0.06679,30.052752858313482
0.06679500000000001,30.037707913558535
0.06680000000000001,30.022671513668108
0.066805,30.009884983262218
0.06681000000000001,29.99933761884454
0.066815,29.993258383044395
0.06682,29.991625876694947
0.06682500000000001,29.994416161966285
0.06683,30.00160431712454
0.066835,30.013164448263876
0.06684000000000001,30.029069701216493
0.066845,30.049292273636897
0.06685,30.06887427629119
0.06685500000000001,30.08566266401293
0.06686,30.094722687927497
0.06686500000000001,30.09605591944313
0.06687,30.08966627301719
0.066875,30.075915375824916
0.06688000000000001,30.06199090365686
0.066885,30.046940234395514
0.06689,30.03189813896919
0.06689500000000001,30.01686467101091
0.0669,30.00183969818225
0.066905,29.98906707912133
0.06691000000000001,29.978536107800366
0.066915,29.972478414498028
0.06692000000000001,29.97087256815485
0.06692500000000001,29.973694596031113
0.06693,29.9809195403999
0.06693500000000001,29.99252147029385
0.06694,30.00847349343025
0.066945,30.028747768310456
0.06695000000000001,30.05331551648978
0.066955,30.0772220940089
0.06696,30.098326085238817
0.06696500000000001,30.111696174311316
0.06697,30.117332859144536
0.066975,30.115238982213018
0.06698000000000001,30.105419316634638
0.066985,30.09204993719386
0.06699000000000001,30.07640384028557
0.066995,30.061893221519483
0.067,30.04684252439902
0.06700500000000001,30.034043369082625
0.06701,30.023485973192518
0.067015,30.017390681240105
0.06702000000000001,30.015736121750667
0.067025,30.01849839567469
0.06703,30.025652621333062
0.06703500000000001,30.037172946132472
0.06704,30.053032558458696
0.06704500000000001,30.073203699743765
0.06705000000000001,30.092726985185173
0.067055,30.10945226308916
0.06706000000000001,30.11844326584038
0.067065,30.119701585343957
0.06707,30.113231158022067
0.06707500000000001,30.099446818798487
0.06708,30.08549157373069
0.067085,30.070428024034435
0.06709000000000001,30.055373103310416
0.067095,30.040326855633918
0.0671,30.02528915358646
0.06710500000000001,30.012501006080655
0.06711,30.00195171290151
0.06711500000000001,29.99586990110506
0.06712,29.994234175475942
0.067125,29.997020602516606
0.06713000000000001,30.00420426496289
0.067135,30.01575927351413
0.06714,30.031658778741296
0.06714500000000001,30.051874983169313
0.06715,30.071449835130085
0.067155,30.08823059946283
0.06716000000000001,30.097282362350427
0.067165,30.09860669761549
0.06717000000000001,30.09220752228814
0.067175,30.078452880216158
0.06718,30.064524982600773
0.06718500000000001,30.049473053500183
0.06719,30.034429699098727
0.067195,30.01939497209937
0.06720000000000001,30.004368740974254
0.067205,29.991594559266176
0.06721,29.981061724097987
0.06721500000000001,29.9750015416211
0.06722,29.973392584594073
0.06722500000000001,29.97621088446299
0.06723000000000001,29.983431487819473
0.067235,29.995028468145616
0.06724000000000001,30.010974937737185
0.067245,30.031243059801202
0.06725,30.055804060723958
0.06725500000000001,30.079703139543287
0.06726,30.100799177768366
0.067265,30.114160700084376
0.06727000000000001,30.11978820688703
0.067275,30.117684543280905
0.06728,30.107854485164562
0.06728500000000001,30.094473962560667
0.06729,30.0788238198138
0.06729500000000001,30.06430938193468
0.0673,30.04925748462285
0.067305,30.03645681037608
0.06731000000000001,30.02589757402298
0.067315,30.019799844804073
0.06732,30.018142254950256
0.06732500000000001,30.02090090942176
0.06733,30.0280509306758
0.067335,30.039566470380258
0.06734000000000001,30.05542072130513
0.067345,30.07558592938798
0.06735000000000001,30.095102559951517
0.06735500000000001,30.11182074708854
0.06736,30.120804070992925
0.06736500000000001,30.12205412581146
0.06737,30.115574850354054
0.067375,30.101787040722304
0.06738000000000001,30.087828622085972
0.067385,30.072763911373297
0.06739,30.057707830398673
0.06739500000000001,30.04266042237459
0.0674,30.027621560636856
0.067405,30.014831972797573
0.06741000000000001,30.004280961576963
0.067415,29.998196855029864
0.06742000000000001,29.99655826146162
0.067425,29.999341251234682
0.06743,30.006520911067334
0.06743500000000001,30.018071355762075
0.06744,30.033965740112055
0.067445,30.0541762709817
0.06745000000000001,30.073744751968075
0.067455,30.090518724137056
0.06746,30.09956312670176
0.06746500000000001,30.100879535636007
0.06747,30.094471870262158
0.06747500000000001,30.080713891744082
0.06748000000000001,30.066782942290644
0.067485,30.051729890917578
0.06749000000000001,30.03668541500197
0.067495,30.02164956641859
0.0675,30.006622214362206
0.06750500000000001,29.993846640526588
0.06751,29.983312144847062
0.067515,29.977249744668097
0.06752000000000001,29.975638016150114
0.067525,29.97845299446882
0.06753,29.985669730063723
0.06753500000000001,29.997262300381426
0.06754,30.013203821797223
0.06754500000000001,30.03346646171097
0.06755,30.058021450813428
0.067555,30.081913848246746
0.06756000000000001,30.103002800282034
0.067565,30.11635668953129
0.06757,30.12197601859782
0.06757500000000001,30.119863634929587
0.06758,30.110024316902784
0.067585,30.096633865551418
0.06759000000000001,30.080980117962323
0.067595,30.06646227725406
0.06760000000000001,30.051409310639993
0.06760500000000001,30.03860728307847
0.06761,30.028046406911272
0.06761500000000001,30.021946506102353
0.06762,30.02028621618441
0.067625,30.023041645690498
0.06763000000000001,30.030187920763417
0.067635,30.041699196867878
0.06764,30.057548670680365
0.06764500000000001,30.077708592152995
0.06765,30.097219293063954
0.067655,30.113931162153552
0.06766000000000001,30.12290764400747
0.067665,30.1241503347699
0.06767000000000001,30.11766317537832
0.067675,30.103872273549154
0.06768,30.089911027207886
0.06768500000000001,30.074845282041174
0.06769,30.059788167292556
0.067695,30.044739725405798
0.06770000000000001,30.02969983038894
0.067705,30.01690895920433
0.06771,30.006356417188645
0.06771500000000001,30.00027026597501
0.06772,29.998629117005837
0.06772500000000001,30.001409044082997
0.06773000000000001,30.00858513747326
0.067735,30.020131515635182
0.06774000000000001,30.03602133712407
0.067745,30.05622681267096
0.06775,30.075789616908242
0.06775500000000001,30.092557537031105
0.06776,30.101595381296615
0.067765,30.102904727595334
0.06777000000000001,30.096489497292133
0.067775,30.082728545898124
0.06778,30.068794877164553
0.06778500000000001,30.05374082582699
0.06779,30.03869535062155
0.06779500000000001,30.023658502685052
0.0678,30.00863015185622
0.067805,29.99585333760037
0.06781000000000001,29.985317362359353
0.067815,29.97925298613896
0.06782,29.977638788130843
0.06782500000000001,29.980450806833957
0.06783,29.987664096116394
0.067835,29.999252736957317
0.06784000000000001,30.01518984936701
0.067845,30.035447604481327
0.06785000000000001,30.055068983624423
0.067855,30.071899280667473
0.06786,30.081004630912602
0.06786500000000001,30.082386592564344
0.06787,30.076049066027906
0.067875,30.062318947211963
0.06788000000000001,30.048413507305924
0.067885,30.033370126600186
0.06789,30.018335293650065
0.06789500000000001,30.003309067964235
0.0679,29.988291313626824
0.06790500000000001,29.97552752832252
0.06791000000000001,29.965006998638906
0.067915,29.958963096335093
0.06792000000000001,29.957374369709434
0.067925,29.96021682340683
0.06793,29.967465476378447
0.06793500000000001,29.979094373638148
0.06794,29.995076598197343
0.067945,30.015384283174377
0.06795000000000001,30.039988624074432
0.067955,30.063935817666152
0.06796,30.085082857434557
0.06796500000000001,30.09849928140148
0.06797,30.104185574102146
0.06797500000000001,30.102144563812228
0.06798,30.09238100864402
0.067985,30.077655054898845
0.06799000000000001,30.062880960971295
0.067995,30.04782874873155
0.068,30.032785342621384
0.06800500000000001,30.01999528854551
0.06801,30.00944881909201
0.068015,30.003367927517747
0.06802000000000001,30.001731220733834
0.068025,30.004514776245067
0.06803000000000001,30.011693688192448
0.06803500000000001,30.02324207907874
0.06804,30.039133111671916
0.06804500000000001,30.05933900108268
0.06805,30.07890123467013
0.068055,30.09566799747093
0.06806000000000001,30.104703907556708
0.068065,30.106010543731543
0.06807,30.099591828466696
0.06807500000000001,30.085827865509152
0.06808,30.071891262482488
0.068085,30.05683462389742
0.06809000000000001,30.04178660367205
0.068095,30.02674725115018
0.06810000000000001,30.011716434751058
0.068105,29.998936801744268
0.06811,29.988397637580466
0.06811500000000001,29.982329310608353
0.06812,29.980710405070575
0.068125,29.983516964952337
0.06813000000000001,29.990724049761187
0.068135,30.00230574626688
0.06814,30.018235180419413
0.06814500000000001,30.038484529441327
0.06815,30.058096583805227
0.06815500000000001,30.074917001175358
0.06816000000000001,30.08401172290165
0.068165,30.08538231025682
0.06817000000000001,30.079032666900083
0.068175,30.065297528442635
0.06818,30.0513874741533
0.06818500000000001,30.036342144212714
0.06819,30.021305381793297
0.068195,30.00627724453161
0.06820000000000001,29.991257596794192
0.068205,29.97849157439239
0.06821,29.96796845931041
0.06821500000000001,29.961921238686998
0.06822,29.960328465463533
0.06822500000000001,29.963166149361786
0.06823,29.970409314561547
0.068235,29.982032011455004
0.06824000000000001,29.998007328579536
0.068245,30.01830740472495
0.06825,30.042903441211287
0.06825500000000001,30.06684145097089
0.06826,30.087978775195253
0.068265,30.101384765142043
0.06827000000000001,30.107059908348678
0.068275,30.105007036271342
0.06828000000000001,30.095230910379122
0.06828500000000001,30.081908211087093
0.06829,30.066279078654063
0.06829500000000001,30.051784473829887
0.0683,30.036738825048033
0.068305,30.023946050836383
0.06831000000000001,30.013396381058985
0.068315,30.00731131208859
0.06832,30.005669456936122
0.06832500000000001,30.008446899765232
0.06833,30.01561874158061
0.068335,30.02715911195073
0.06834000000000001,30.0430411809085
0.068345,30.06323717102589
0.06835000000000001,30.082788324526472
0.068355,30.099543294091657
0.06836,30.108566448826135
0.06836500000000001,30.109859371249936
0.06837,30.103425987789127
0.068375,30.089656185429504
0.06838000000000001,30.07571423449777
0.068385,30.06065555571689
0.06839,30.045605502160385
0.06839500000000001,30.030564121535818
0.0684,30.015531283288368
0.06840500000000001,30.002749173298533
0.06841000000000001,29.992207079312355
0.068415,29.9861348794174
0.06842000000000001,29.984511163664333
0.068425,29.987311982401927
0.06843,29.99451240170034
0.06843500000000001,30.00608651508826
0.06844,30.022007455468184
0.068445,30.04224740720588
0.06845000000000001,30.061848924138015
0.068455,30.0786581155016
0.06846000000000001,30.08774068233607
0.06846500000000001,30.0890981894616
0.06847,30.082734544315535
0.06847500000000001,30.06899386840043
0.06848,30.055078745892814
0.068485,30.040031517980886
0.06849000000000001,30.02499286135138
0.068495,30.009962832182257
0.0685,29.994941295931188
0.06850500000000001,29.982172943478968
0.06851,29.971647060290543
0.068515,29.965596160803887
0.06852000000000001,29.963998803543557
0.068525,29.96683100435055
0.06853000000000001,29.974067793716667
0.068535,29.98568322853629
0.06854,30.001650404036425
0.06854500000000001,30.021941465881316
0.06855,30.04652762244742
0.068555,30.07045465802467
0.06856000000000001,30.09158034649651
0.068565,30.104973806910458
0.06857,30.110635530425533
0.06857500000000001,30.108568352341504
0.06858,30.09877703819041
0.06858500000000001,30.085438057613334
0.06859000000000001,30.069802999022176
0.068595,30.055302800005116
0.06860000000000001,30.04025537853269
0.068605,30.0274603682141
0.06861,30.01690799433168
0.06861500000000001,30.0108193522505
0.06862,30.00917306038747
0.068625,30.011945208755122
0.06863000000000001,30.019110904391127
0.068635,30.030644283078484
0.06864,30.046518521243595
0.06864500000000001,30.066705848028345
0.06865,30.08624728743353
0.06865500000000001,30.10299190824546
0.06866,30.11200385796974
0.068665,30.113284722396475
0.06867000000000001,30.10683843143449
0.068675,30.09306355950092
0.06868,30.079116971992164
0.06868500000000001,30.064056590108365
0.06869,30.049004835068498
0.068695,30.03396175330293
0.06870000000000001,30.018927215337072
0.068705,30.006142997375214
0.06871000000000001,29.995598391213612
0.06871500000000001,29.989522839481598
0.06872,29.987894937360334
0.06872500000000001,29.99069074082319
0.06873,29.997885321743073
0.068735,30.009452779627082
0.06874000000000001,30.025366253529306
0.068745,30.045597934137824
0.06875,30.065190164566708
0.06875500000000001,30.081989456213165
0.06876,30.091061296138346
0.068765,30.0924072522971
0.06877000000000001,30.08603123546685
0.068775,30.072285694542174
0.06878000000000001,30.058366121743124
0.068785,30.043317254222256
0.06879,30.02827695931439
0.06879500000000001,30.01324529198227
0.0688,29.99822211872757
0.068805,29.98545173459815
0.06881000000000001,29.97492342905333
0.068815,29.968869296004755
0.06882,29.967267898931773
0.06882500000000001,29.97009525910733
0.06883,29.97732641262735
0.06883500000000001,29.988935422160022
0.06884000000000001,30.00489538887363
0.068845,30.025178464538563
0.06885000000000001,30.04975586379997
0.068855,30.073673167277928
0.06886,30.094788534312023
0.06886500000000001,30.108170877109032
0.06887,30.113820690043145
0.068875,30.11174081182699
0.06888000000000001,30.10193601160096
0.068885,30.088582571219327
0.06889,30.072942261351848
0.06889500000000001,30.058437105324714
0.0689,30.04338812483819
0.06890500000000001,30.030591142089367
0.06891,30.020036378693614
0.068915,30.013944572913456
0.06892000000000001,30.012294347973672
0.068925,30.015061799089185
0.06893,30.022222038664243
0.06893500000000001,30.033749208010345
0.06894,30.04961648924204
0.068945,30.069796117346627
0.06895000000000001,30.089328921905125
0.068955,30.106064342429594
0.06896000000000001,30.115066329001085
0.06896500000000001,30.1163364703182
0.06897,30.10987869938767
0.06897500000000001,30.09609932420397
0.06898,30.082148618575857
0.068985,30.067086729547157
0.06899000000000001,30.05203346839807
0.068995,30.036988880437963
0.069,30.02195283716924
0.06900500000000001,30.0091667498812
0.06901,29.998619914158976
0.069015,29.992541384754578
0.06902000000000001,29.9909097614166
0.069025,29.99370110512607
0.06903000000000001,30.0008904929223
0.069035,30.012452029635423
0.06904,30.02835885979693
0.06904500000000001,30.04858317972449
0.06905,30.06816714478136
0.069055,30.084957624687107
0.06906000000000001,30.094019915852776
0.069065,30.09535558902395
0.06907,30.088968557951834
0.06907500000000001,30.07521868835118
0.06908,30.061295156100616
0.06908500000000001,30.04624483228716
0.06909000000000001,30.03120308208937
0.069095,30.01616995939487
0.06910000000000001,30.001145331642043
0.069105,29.988373141231236
0.06911,29.977842681261713
0.06911500000000001,29.971785670999317
0.06912,29.9701806783365
0.069125,29.973003729384462
0.06913000000000001,29.980229865230744
0.069135,29.991833153686528
0.06914000000000001,30.00778670121218
0.06914500000000001,30.02806266501722
0.06915,30.052632265330743
0.06915500000000001,30.07654090129997
0.06916,30.09764707571374
0.069165,30.11101951648127
0.06917000000000001,30.116658720840544
0.069175,30.11456753054413
0.06918,30.104750717946516
0.06918500000000001,30.091384397578107
0.06919,30.075739411246374
0.069195,30.061229840820094
0.06920000000000001,30.04617947304523
0.069205,30.033380734592534
0.06921000000000001,30.022823843847554
0.069215,30.01672922089884
0.06922,30.015075493254326
0.06922500000000001,30.017838760763652
0.06923,30.024994140612105
0.069235,30.036515779036502
0.06924000000000001,30.05237686321894
0.069245,30.072549633354498
0.06925,30.092074745790395
0.06925500000000001,30.10880197036702
0.06926,30.117795081254645
0.06926500000000001,30.11905566974294
0.06927000000000001,30.11258767159855
0.069275,30.098804285094822
0.06928000000000001,30.084849911251997
0.069285,30.069786680235122
0.06929,30.054732077983825
0.06929500000000001,30.03968614881015
0.0693,30.024648765088358
0.069305,30.011861012964513
0.06931000000000001,30.001312191416112
0.069315,29.995231009592477
0.06932,29.993596071311636
0.06932500000000001,29.996383442016253
0.06933,30.003568203348777
0.06933500000000001,30.015124464882
0.06934,30.03102537602768
0.069345,30.05124313811931
0.06935000000000001,30.07081973922745
0.069355,30.087602368350016
0.06936,30.09665615202215
0.06936500000000001,30.09798266347586
0.06937,30.091585819111913
0.069375,30.07783209304702
0.06938000000000001,30.063905033298806
0.069385,30.048853412290644
0.06939000000000001,30.033810365775025
0.06939500000000001,30.018775946682258
0.0694,30.003750023285992
0.06940500000000001,29.99097622376805
0.06941,29.980443844478362
0.069415,29.97438427086331
0.06942000000000001,29.97277607474744
0.069425,29.975595286552846
0.06943,29.98281695181468
0.06943500000000001,29.994415142926538
0.06944,30.01036297106413
0.069445,30.030632598283294
0.06945000000000001,30.055195249788486
0.069455,30.079096163027597
0.06946000000000001,30.10019414681621
0.069465,30.1135577648474
0.06947,30.119187516910774
0.06947500000000001,30.117086247467515
0.06948,30.10725873173593
0.069485,30.093880935154054
0.06949000000000001,30.078231782137696
0.069495,30.063718278525126
0.0695,30.04866667478697
0.06950500000000001,30.035866372093405
0.06951,30.025307585955517
0.06951500000000001,30.019210452957324
0.06952000000000001,30.0175536044232
0.069525,30.020313144332434
0.06953000000000001,30.027464194130324
0.069535,30.038980904442273
0.06954,30.054836466965728
0.06954500000000001,30.07500312653601
0.06955,30.09452138514209
0.069555,30.111241306960224
0.06956000000000001,30.12022650941714
0.069565,30.12147858611122
0.06957,30.11500147526825
0.06957500000000001,30.101214514626275
0.06958,30.087256872360584
0.06958500000000001,30.072192445661702
0.06959,30.057136648514494
0.069595,30.04208952434247
0.06960000000000001,30.027050946296892
0.069605,30.01426171080872
0.06961,30.00371111987966
0.06961500000000001,29.997627574713803
0.06962,29.995989682755177
0.069625,29.998773513421902
0.06963000000000001,30.00595415245798
0.069635,30.017505713662096
0.06964000000000001,30.03340135079449
0.06964500000000001,30.05361326965793
0.06965,30.073183309258326
0.06965500000000001,30.08995894308373
0.06966,30.09900514630287
0.069665,30.10032349436327
0.06967000000000001,30.093917906026533
0.069675,30.08016074374321
0.06968,30.066230540896917
0.06968500000000001,30.051177764072694
0.06969,30.036133562520856
0.06969500000000001,30.021097988318754
0.06970000000000001,30.00607091048435
0.069705,29.99329567721818
0.06971000000000001,29.982761587767317
0.069715,29.976699730131667
0.06972,29.975088679639402
0.06972500000000001,29.977904470553806
0.06973,29.985122152373002
0.069735,29.996715801573703
0.06974000000000001,30.012658533533163
0.069745,30.032922514625486
0.06975,30.052550884985287
0.06975500000000001,30.069388635394606
0.06976,30.078502062418377
0.06976500000000001,30.079892721900592
0.06977000000000001,30.0735645117311
0.069775,30.05983805421938
0.06978000000000001,30.04593596330912
0.069785,30.030893814278357
0.06979,30.01586021216066
0.06979500000000001,30.00083521737392
0.0698,29.985818693209698
0.069805,29.97305643564072
0.06981000000000001,29.96253772817319
0.069815,29.95649625946191
0.06982000000000001,29.95491057407246
0.06982500000000001,29.957756672557323
0.06983,29.965009569645485
0.06983500000000001,29.976643306000653
0.06984,29.992630960157914
0.069845,30.012944660634933
0.06985000000000001,30.03755559821373
0.069855,30.06151012316315
0.06986,30.082664938458993
0.06986500000000001,30.09608973801253
0.06987,30.101785003936687
0.069875,30.099753561935795
0.06988000000000001,30.09000016740352
0.069885,30.075278077392028
0.06989000000000001,30.06050750205747
0.069895,30.045456469181868
0.0699,30.03041424158219
0.06990500000000001,30.017625646000933
0.06991,30.00708091092771
0.069915,30.001002340071135
0.06992000000000001,29.999368536774856
0.069925,30.002155574622307
0.06993,30.009338543708644
0.06993500000000001,30.020891562368
0.06994,30.036787789078698
0.06994500000000001,30.05699943454252
0.06995000000000001,30.076568133251623
0.069955,30.093341789391545
0.06996000000000001,30.102385170438488
0.069965,30.103699853012532
0.06997,30.097289757257453
0.06997500000000001,30.083529182756703
0.06998,30.06959567928136
0.069985,30.054540181511673
0.06999000000000001,30.03949330133763
0.069995,30.024455088943547
0.07,30.009425412014828
0.07000500000000001,29.996647194210976
0.07001,29.986109718123224
0.07001500000000001,29.98004364570235
0.07002,29.978427557732452
0.070025,29.981237494407015
0.07003000000000001,29.988448511321653
0.070035,30.00003469121558
0.07004,30.015969155891337
0.07004500000000001,30.036224078308816
0.07005,30.055842391107216
0.070055,30.07266948062648
0.07006000000000001,30.081771432578442
0.070065,30.083149806122698
0.07007000000000001,30.076808502666722
0.07007500000000001,30.06307664173163
0.07008,30.04916958538963
0.07008500000000001,30.0341253579848
0.07009,30.0190896973491
0.070095,30.00406266193293
0.07010000000000001,29.98904411539324
0.070105,29.976279460567316
0.07011,29.965757976679928
0.07011500000000001,29.95971293455329
0.07012,29.95812288378723
0.070125,29.960963830440026
0.07013000000000001,29.9682107949118
0.070135,29.97983782370052
0.07014000000000001,29.995818001336396
0.070145,30.01612346249074
0.07015,30.040725404255454
0.07015500000000001,30.064669976975765
0.07016,30.085814261780207
0.070165,30.0992277494782
0.07017000000000001,30.10491092543869
0.070175,30.102866618816066
0.07018,30.093099588645682
0.07018500000000001,30.078372203906046
0.07019,30.063596796543077
0.07019500000000001,30.04854403353219
0.07020000000000001,30.033500084680906
0.070205,30.02070940951815
0.07021000000000001,30.01016223816049
0.070215,30.004080468168457
0.07022,30.002442707602427
0.07022500000000001,30.005225035224345
0.07023,30.012402546468152
0.070235,30.023949365164825
0.07024000000000001,30.03983865544536
0.070245,30.06004263381782
0.07025,30.079602743424843
0.07025500000000001,30.096367253635734
0.07026,30.105400737592237
0.07026500000000001,30.1067047748002
0.07027,30.100283288475705
0.070275,30.086518183692302
0.07028000000000001,30.072580531513683
0.070285,30.057523455498135
0.07029,30.042475001851592
0.07029500000000001,30.027435219508657
0.0703,30.012403976973626
0.070305,29.999623837752505
0.07031000000000001,29.989084086479874
0.070315,29.983015002502555
0.07032000000000001,29.981395171134388
0.07032500000000001,29.98420063753222
0.07033,29.991406462410534
0.07033500000000001,30.002986733780855
0.07034,30.018914578869268
0.070345,30.039162176208233
0.07035000000000001,30.058772273666467
0.070355,30.075590610186254
0.07036,30.08468308384191
0.07036500000000001,30.08605125655982
0.07037,30.079699032694375
0.07037500000000001,30.065962856554535
0.07038000000000001,30.052051850995912
0.070385,30.03700614818423
0.07039000000000001,30.02196901481603
0.070395,30.006940508213685
0.0704,29.99192049289553
0.07040500000000001,29.979154024336452
0.07041,29.968630384595436
0.070415,29.962582475453107
0.07042000000000001,29.960988850866542
0.070425,29.96382552166981
0.07043,29.97106751318942
0.07043500000000001,29.98268887699826
0.07044,29.9986627028479
0.07044500000000001,30.018961130775338
0.07045000000000001,30.04355536338032
0.070455,30.06749137247071
0.07046000000000001,30.08862657704925
0.070465,30.102030286603007
0.07047,30.107702989327517
0.07047500000000001,30.105647517377008
0.07048,30.095868632958023
0.070485,30.08254297859587
0.07049000000000001,30.066912763226433
0.070495,30.05241713606335
0.07050000000000001,30.037371156065504
0.07050500000000001,30.02457796766513
0.07051,30.014027799646673
0.07051500000000001,30.00794207619035
0.07052,30.006299411284182
0.070525,30.009075890148537
0.07053000000000001,30.016246614877833
0.070535,30.027785716162796
0.07054,30.043666365190642
0.07054500000000001,30.06386078571927
0.07055,30.083410180741378
0.070555,30.100163277738435
0.07056000000000001,30.10918440597522
0.070565,30.110475148562674
0.07057000000000001,30.104039432556025
0.070575,30.090268710580663
0.07058,30.076325918267496
0.07058500000000001,30.06126692702744
0.07059,30.046216561554075
0.070595,30.031174869314953
0.07060000000000001,30.016141719940425
0.070605,30.00335922561532
0.07061,29.992816674702475
0.07061500000000001,29.986743866954193
0.07062,29.98511939334558
0.07062500000000001,29.987919305238705
0.07063000000000001,29.995118669749
0.070635,30.00669158148195
0.07064000000000001,30.02261117444788
0.070645,30.04284963415111
0.07065,30.062449476553823
0.07065500000000001,30.07925688317367
0.07066,30.088337516589547
0.070665,30.0896929421864
0.07067000000000001,30.083327068003264
0.070675,30.06958551398289
0.07068,30.05566958808468
0.07068500000000001,30.04062206265365
0.07069,30.025583108856964
0.07069500000000001,30.010552782649487
0.0707,29.995530949672506
0.070705,29.98276222964038
0.07071000000000001,29.97223590868601
0.070715,29.966184425640662
0.07072,29.9645863399204
0.07072500000000001,29.9674176683435
0.07073,29.97465344240997
0.070735,29.986267720052847
0.07074000000000001,30.00223359756791
0.070745,30.022523221717734
0.07075000000000001,30.047107802006337
0.07075500000000001,30.071033086120455
0.07076,30.09215691721576
0.07076500000000001,30.1055483771663
0.07077,30.11120795770955
0.070775,30.10913849475921
0.07078000000000001,30.099344754496435
0.070785,30.08600317281546
0.07079,30.070367168931877
0.07079500000000001,30.055866077587897
0.0708,30.040818374811977
0.070805,30.028023008925796
0.07081000000000001,30.01747020452955
0.070815,30.011380992804476
0.07082000000000001,30.00973399303201
0.070825,30.01250529616007
0.07083,30.019670010191213
0.07083500000000001,30.031202271902416
0.07084,30.04707525874274
0.070845,30.067261200904987
0.07085000000000001,30.086801087450926
0.070855,30.103544053789257
0.07086,30.112554211946378
0.07086500000000001,30.113833148235358
0.07087,30.10738479312202
0.07087500000000001,30.093609111167655
0.07088000000000001,30.07966178288516
0.070885,30.064601129584712
0.07089000000000001,30.04954910333705
0.070895,30.034505750370148
0.0709,30.01947094138417
0.07090500000000001,30.006686387000663
0.07091,29.996141379686676
0.070915,29.99006529236184
0.07092000000000001,29.98843672102831
0.070925,29.99123172255958
0.07093,29.998425369757186
0.07093500000000001,30.009991763085
0.07094,30.02590404258164
0.07094500000000001,30.04613439994705
0.07095,30.065725144555493
0.070955,30.082522852196398
0.07096000000000001,30.091592975670014
0.070965,30.092937083432812
0.07097,30.08655908679676
0.07097500000000001,30.072812767652493
0.07098,30.058892483001255
0.070985,30.0438433535215
0.07099000000000001,30.02880279684513
0.070995,30.013770867741282
0.07100000000000001,29.998747432879586
0.07100500000000001,29.985976723933387
0.07101,29.97544803101159
0.07101500000000001,29.969393380697962
0.07102,29.967791337264995
0.071025,29.970617922855183
0.07103000000000001,29.97784817446152
0.071035,29.989456155676542
0.07104,30.005414968619615
0.07104500000000001,30.02569676603864
0.07105,30.050272763582306
0.07105500000000001,30.074188509259415
0.07106000000000001,30.09530222412843
0.071065,30.1086827872772
0.07107000000000001,30.114330693594596
0.071075,30.112248782339588
0.07108,30.102441823230212
0.07108500000000001,30.089086068052225
0.07109,30.07344491766844
0.071095,30.05893896822629
0.07110000000000001,30.04388973833788
0.071105,30.031092439984736
0.07111,30.020537294199737
0.07111500000000001,30.014444982067896
0.07112,30.01279412758373
0.07112500000000001,30.015560826795078
0.07113000000000001,30.022720192965394
0.071135,30.034246368291313
0.07114000000000001,30.05011253579807
0.071145,30.070290931408856
0.07115,30.089822353574146
0.07115500000000001,30.106556301166787
0.07116,30.115556692656234
0.071165,30.11682511720669
0.07117000000000001,30.110365508320914
0.071175,30.096585412225426
0.07118000000000001,30.082634047345643
0.07118500000000001,30.067571917106793
0.07119,30.052518414908835
0.07119500000000001,30.037473585881813
0.0712,30.02243730168473
0.071205,30.00965091517746
0.07121000000000001,29.99910372255384
0.071215,29.993024716459775
0.07122,29.991392497375177
0.07122500000000001,29.99418312708285
0.07123,30.001371683449328
0.071235,30.012932272157013
0.07124000000000001,30.028838038614424
0.071245,30.049061180040596
0.07125000000000001,30.06864382173593
0.071255,30.085432890794976
0.07126,30.094493653101722
0.07126500000000001,30.095827679848583
0.07127,30.089438885262897
0.071275,30.07568832261724
0.07128000000000001,30.06176415643909
0.071285,30.046713599493867
0.07129,30.03167161632282
0.07129500000000001,30.016638260641486
0.0713,30.00161340003834
0.07130500000000001,29.98884092044779
0.07131000000000001,29.978310115552855
0.071315,29.972252644631126
0.07132000000000001,29.970647076281665
0.071325,29.973469437390364
0.07133,29.980694769844003
0.07133500000000001,29.99229714227725
0.07134,30.008249661997834
0.071345,30.028524487086184
0.07135000000000001,30.048165034282032
0.071355,30.06501576646764
0.07136,30.074143261084387
0.07136500000000001,30.075549069864852
0.07137,30.06923708631778
0.07137500000000001,30.055517005824747
0.07138,30.04162074797533
0.071385,30.026580744199805
0.07139000000000001,30.01154928586951
0.071395,29.99652643498594
0.0714,29.98151205346025
0.07140500000000001,29.968752456802804
0.07141,29.95823692315297
0.071415,29.952199693112753
0.07142000000000001,29.950619304746173
0.071425,29.95347175147785
0.07143000000000001,29.960732040682867
0.07143500000000001,29.972374205448137
0.07144,29.98837131651219
0.07144500000000001,30.008695494379545
0.07145,30.033317921605732
0.071455,30.05728521581563
0.07146000000000001,30.078453573996153
0.071465,30.091892961576047
0.07147,30.097603856449204
0.07147500000000001,30.095589079841428
0.07148,30.085853382411194
0.071485,30.071138021989313
0.07149000000000001,30.05637357510187
0.071495,30.04132459636495
0.07150000000000001,30.02628442141694
0.071505,30.013498366144304
0.07151,30.002956651898245
0.07151500000000001,29.996882123110908
0.07152,29.995253376912327
0.071525,29.99804648005597
0.07153000000000001,30.005236515590216
0.071535,30.01679759458861
0.07154,30.03270286805803
0.07154500000000001,30.052924539021085
0.07155,30.072504498236178
0.07155500000000001,30.089290160721685
0.07156000000000001,30.098346554176416
0.071565,30.099675251416492
0.07157000000000001,30.09328016853187
0.071575,30.079525495813524
0.07158,30.06559739092489
0.07158500000000001,30.050543880150435
0.07159,30.03549898564078
0.071595,30.020462759044197
0.07160000000000001,30.005435066767905
0.071605,29.99265931386833
0.07161000000000001,29.982124777956393
0.07161500000000001,29.976062632358698
0.07162,29.9744514518355
0.07162500000000001,29.977267269976142
0.07163,29.984485135562657
0.071635,29.996079124314157
0.07164000000000001,30.012022350809463
0.071645,30.032286980584047
0.07165,30.05191619389306
0.07165500000000001,30.06875490450253
0.07166,30.077869449563863
0.071665,30.079261384556155
0.07167000000000001,30.072934606964996
0.071675,30.05920845459306
0.07168000000000001,30.0453066198697
0.07168500000000001,30.03026431278632
0.07169,30.01523057116218
0.07169500000000001,30.000205454865167
0.0717,29.985188826316325
0.071705,29.972426553440304
0.07171000000000001,29.961907910655686
0.071715,29.955866662884993
0.07172,29.95428135390793
0.07172500000000001,29.957127983401964
0.07173,29.96438156518407
0.07173500000000001,29.976016138969534
0.07174000000000001,29.992004782309127
0.071745,30.01231962270088
0.07175000000000001,30.036931849872385
0.071755,30.06088785350515
0.07176,30.08204426176802
0.07176500000000001,30.09547080853196
0.07177,30.101167975389117
0.071775,30.09913858748469
0.07178000000000001,30.08938739961517
0.071785,30.074666039124974
0.07179,30.05989611787351
0.07179500000000001,30.044845193678377
0.0718,30.029803082313382
0.07180500000000001,30.01701468118725
0.07181000000000001,30.00647021402547
0.071815,30.000392062442135
0.07182000000000001,29.998758828935244
0.071825,30.001546586152596
0.07183,30.008730423219887
0.07183500000000001,30.020284457468446
0.07184,30.036181846340885
0.071845,30.056394799470905
0.07185000000000001,30.075964989409936
0.071855,30.092740247626246
0.07186000000000001,30.101785380212092
0.07186500000000001,30.103101963268067
0.07187,30.096693916381263
0.07187500000000001,30.082934094828946
0.07188,30.069001275423382
0.071885,30.05394597813932
0.07189000000000001,30.038899302033723
0.071895,30.0238612973517
0.0719,30.008831831453282
0.07190500000000001,29.99605389878942
0.07191,29.985516779535978
0.071915,29.979451210821743
0.07192000000000001,29.97783577256802
0.071925,29.980646504019656
0.07193000000000001,29.987858459791667
0.07193500000000001,29.9994457216112
0.07194,30.015381410237673
0.07194500000000001,30.03563769755726
0.07195,30.05525755310375
0.071955,30.072086292772614
0.07196000000000001,30.08119003972614
0.071965,30.08257035259597
0.07197,30.076231132225615
0.07197500000000001,30.06250006636311
0.07198,30.048593735171043
0.07198500000000001,30.033549751416334
0.07199000000000001,30.01851433593289
0.071995,30.003487547311956
0.07200000000000001,29.988469248965515
0.072005,29.97570491271324
0.07201,29.965183816311473
0.07201500000000001,29.959139303857977
0.07202,29.957549924099663
0.072025,29.96039168215852
0.07203000000000001,29.967639597467837
0.072035,29.979267715528675
0.07204,29.995249119844626
0.07204500000000001,30.015555944031192
0.07205,30.040159384095624
0.07205500000000001,30.064105626098943
0.07206,30.085251683555637
0.072065,30.098667083540803
0.07207000000000001,30.104352310868986
0.072075,30.10231019410539
0.07208,30.092545491661966
0.07208500000000001,30.077818982155783
0.07209,30.06304437091351
0.072095,30.047991864740368
0.07210000000000001,30.03294817323181
0.072105,30.02015782113049
0.07211000000000001,30.009611037263394
0.07211500000000001,30.00352979126221
0.07212,30.001892690363633
0.07212500000000001,30.00467581242363
0.07213,30.011854251941063
0.072135,30.02340213178308
0.07214000000000001,30.039292615088524
0.072145,30.05949791734539
0.07215,30.07905951595612
0.07215500000000001,30.095825614887858
0.07216,30.104860822068286
0.072165,30.10616671649883
0.07217000000000001,30.09974722085771
0.072175,30.085982893890073
0.07218000000000001,30.07204595278564
0.072185,30.056989133844112
0.07219,30.04194093743587
0.07219500000000001,30.02690141267706
0.0722,30.011870427888805
0.072205,29.99909061087065
0.07221000000000001,29.98855124543967
0.072215,29.98248267923809
0.07222,29.980863496777303
0.07222500000000001,29.983669742334158
0.07223,29.9908764757151
0.07223500000000001,30.0024577839959
0.07224000000000001,30.018386793439607
0.072245,30.038635681588737
0.07225000000000001,30.058247229426236
0.072255,30.07506711269321
0.07226,30.084161263088276
0.07226500000000001,30.08553124204749
0.07227,30.0791809534026
0.072275,30.065445535657787
0.07228000000000001,30.051535223612248
0.072285,30.03648977376452
0.07229000000000001,30.021452893338733
0.07229500000000001,30.006424639840457
0.0723,29.99140487761725
0.07230500000000001,29.9786387243126
0.07231,29.96811546127465
0.072315,29.96206805632992
0.07232000000000001,29.960475062658443
0.072325,29.963312490242274
0.07233,29.970555363528806
0.07233500000000001,29.98217773318512
0.07234,29.99815268803061
0.072345,30.01845236714415
0.07235000000000001,30.04304797214178
0.072355,30.0669855068433
0.07236000000000001,30.088122329664998
0.07236500000000001,30.10152778260359
0.07237,30.107202353350278
0.07237500000000001,30.105148873523877
0.07238,30.095372104764813
0.072385,30.082048719117022
0.07239000000000001,30.06641932655487
0.072395,30.05192447608147
0.0724,30.036878739259418
0.07240500000000001,30.02408585907086
0.07241,30.0135360648381
0.07241500000000001,30.00745083685927
0.07242000000000001,30.005808788367425
0.072425,30.00858600376596
0.07243000000000001,30.01575758430648
0.072435,30.027297659811456
0.07244,30.043179400574715
0.07244500000000001,30.063375029436052
0.07245,30.082925779949136
0.072455,30.09968032132004
0.07246000000000001,30.108703013846544
0.072465,30.109995440182857
0.07247,30.10356152689772
0.07247500000000001,30.08979151155142
0.07248,30.075849365387434
0.07248500000000001,30.060790610110313
0.07249000000000001,30.0457404804749
0.072495,30.030699024123386
0.07250000000000001,30.015666110531203
0.072505,30.00288390923742
0.07251,29.99234170799254
0.07251500000000001,29.986269367511916
0.07252,29.984645478053004
0.072525,29.987446090191035
0.07253000000000001,29.994646270229648
0.072535,30.006220111937875
0.07254000000000001,30.02214074846538
0.07254500000000001,30.042380364431825
0.07255,30.061981505313316
0.07255500000000001,30.078790296299925
0.07256,30.087872429940045
0.072565,30.089229471180154
0.07257000000000001,30.082865327592007
0.072575,30.06912445347216
0.07258,30.05520914945975
0.07258500000000001,30.04016185252893
0.07259,30.025123127091817
0.072595,30.010093029271594
0.07260000000000001,29.995071424561655
0.072605,29.98230298810842
0.07261000000000001,29.971777005465068
0.07261500000000001,29.965725974352694
0.07262,29.964128453493753
0.07262500000000001,29.966960458946136
0.07263,29.97419702142528
0.072635,29.985812198055935
0.07264000000000001,30.001779084302086
0.072645,30.022069826071434
0.07265,30.046655631990355
0.07265500000000001,30.070582278273136
0.07266,30.09170755408497
0.07266500000000001,30.105100570271457
0.07267000000000001,30.110761818119983
0.072675,30.10869413306646
0.07268000000000001,30.098902280786863
0.072685,30.08556272347906
0.07269,30.069927454504423
0.07269500000000001,30.055427056884806
0.0727,30.040379572022236
0.072705,30.027584481969566
0.07271000000000001,30.017032011831237
0.072715,30.010943242804622
0.07272,30.00929679349789
0.07272500000000001,30.012068754130436
0.07273,30.01923423195331
0.07273500000000001,30.03076736296929
0.07274,30.046641323830872
0.072745,30.066828343912256
0.07275000000000001,30.086369439507877
0.072755,30.10311369409815
0.07276,30.11212524736295
0.07276500000000001,30.113405685208075
0.07277,30.106958937665507
0.072775,30.093183886185383
0.07278000000000001,30.07923713444572
0.072785,30.064176692022485
0.07279000000000001,30.049124876516192
0.07279500000000001,30.03408173431144
0.0728,30.01904713597122
0.07280500000000001,30.006262843229525
0.07281,29.995718148018614
0.072815,29.989642477586738
0.07282000000000001,29.988014427296374
0.072825,29.99081005331967
0.07283,29.998004427734553
0.07283500000000001,30.0095716502594
0.07284,30.025484860165637
0.07284500000000001,30.04571624836475
0.07285000000000001,30.065308150529827
0.072855,30.082107092258934
0.07286000000000001,30.091178553057222
0.072865,30.092524100990296
0.07287,30.086147646953645
0.07287500000000001,30.07240193400454
0.07288,30.05848220383651
0.072885,30.043433278240407
0.07289000000000001,30.028392925311383
0.072895,30.013361199968994
0.0729,29.99833796875151
0.07290500000000001,29.985567512727904
0.07291,29.975039121495392
0.07291500000000001,29.968984874114625
0.07292000000000001,29.967383334239976
0.072925,29.970210523336277
0.07293000000000001,29.977441477697372
0.072935,29.989050260195423
0.07294,30.00500997220855
0.07294500000000001,30.025292765722817
0.07295,30.04986985560479
0.072955,30.07378681528283
0.07296000000000001,30.094901817707154
0.072965,30.10828376778084
0.07297000000000001,30.113933159991635
0.07297500000000001,30.11185283317273
0.07298,30.102047556591963
0.07298500000000001,30.08869360547283
0.07299,30.073053110082096
0.072995,30.058547778927515
0.07300000000000001,30.043498743320608
0.073005,30.030701690855555
0.07301,30.020146843016796
0.07301500000000001,30.014054925456925
0.07302,30.012404561570534
0.073025,30.015171846756257
0.07303000000000001,30.02233189360787
0.073035,30.033858843632135
0.07304000000000001,30.04972587914444
0.07304500000000001,30.069905235338542
0.07305,30.089437734930478
0.07305500000000001,30.10617283052264
0.07306,30.115174465225003
0.073065,30.116444227838873
0.07307000000000001,30.109986051480398
0.073075,30.096206517239498
0.07308,30.082255666155433
0.07308500000000001,30.067193723873455
0.07309,30.052140409509104
0.07309500000000001,30.037095768332083
0.07310000000000001,30.022059671879255
0.073105,30.009273518554462
0.07311000000000001,29.998726604075998
0.073115,29.992647969499558
0.07312,29.991016214735055
0.07312500000000001,29.993807400940334
0.07313,30.00099660533716
0.073135,30.012557932943615
0.07314000000000001,30.028464528484637
0.073145,30.048688588476658
0.07315,30.068272261653494
0.07315500000000001,30.08506243038701
0.07316,30.094124384356448
0.07316500000000001,30.09545969440592
0.07317000000000001,30.08907227439165
0.073175,30.07532225192502
0.07318000000000001,30.061398579846756
0.073185,30.046348204595724
0.07319,30.031306402996396
0.07319500000000001,30.016273228898417
0.0732,30.001248549773234
0.073205,29.988476295569107
0.07321000000000001,29.977945759513567
0.073215,29.97188864764362
0.07322000000000001,29.970283528007556
0.07322500000000001,29.97310642688741
0.07323,29.98033238554698
0.07323500000000001,29.99193547197906
0.07324,30.007888792830883
0.073245,30.02816450550403
0.07325000000000001,30.047806049378565
0.073255,30.064657844127783
0.07326,30.07378649018299
0.07326500000000001,30.07519353894025
0.07327,30.068882883549716
0.073275,30.055163325017507
0.07328000000000001,30.041267544605695
0.073285,30.02622771641883
0.07329000000000001,30.01119643355712
0.07329500000000001,29.99617375815169
0.0733,29.981159552000705
0.07330500000000001,29.968400173139013
0.07331,29.95788489926669
0.073315,29.951848016162973
0.07332000000000001,29.95026806135974
0.073325,29.953121027698177
0.07333,29.960381921951452
0.07333500000000001,29.972024776586306
0.07334,29.988022661703123
0.07334500000000001,30.008347697150537
0.07335000000000001,30.032971064810745
0.073355,30.056939404191894
0.07336000000000001,30.078108870865346
0.073365,30.09154945248377
0.07337,30.09726162659572
0.07337500000000001,30.09524821406041
0.07338,30.085513965148763
0.073385,30.070799155547412
0.07339000000000001,30.056035210276637
0.073395,30.040986399671596
0.0734,30.02594639273378
0.07340500000000001,30.01316054538644
0.07341,30.00261907839647
0.07341500000000001,29.99654488045459
0.07342,29.994916548182275
0.073425,29.997710147773944
0.07343000000000001,30.004900761701194
0.073435,30.01646250044328
0.07344,30.032368514395543
0.07344500000000001,30.05259100595204
0.07345,30.07217188684676
0.073455,30.08895853205939
0.07346000000000001,30.09801599058816
0.073465,30.099345834937825
0.07347000000000001,30.09295198086655
0.07347500000000001,30.079197791212756
0.07348,30.06527012820178
0.07348500000000001,30.05021678006389
0.07349,30.035172048081886
0.073495,30.020135984023874
0.07350000000000001,30.00510845419244
0.073505,29.99233290304668
0.07351,29.98179860778988
0.07351500000000001,29.9757367836051
0.07352,29.97412600475955
0.07352500000000001,29.976942304302025
0.07353000000000001,29.98416073045685
0.073535,29.99575535836855
0.07354000000000001,30.01169930202467
0.073545,30.031964726352985
0.07355,30.051594831876184
0.07355500000000001,30.068434493679792
0.07356,30.077550069495732
0.073565,30.078943114501847
0.07357000000000001,30.072617525862718
0.073575,30.058891840740493
0.07358,30.044990433410128
0.07358500000000001,30.02994828350624
0.07359,30.0149146989544
0.07359500000000001,29.999889739738485
0.07360000000000001,29.984873268178408
0.073605,29.97211119026652
0.07361000000000001,29.961592780028024
0.073615,29.955551842827905
0.07362,29.953966921969496
0.07362500000000001,29.95681401660798
0.07363,29.96406814002149
0.073635,29.975703331370145
0.07364000000000001,29.99169266763346
0.073645,30.012008275722312
0.07365000000000001,30.036621344761528
0.07365500000000001,30.060578284022462
0.07366,30.081735684598872
0.07366500000000001,30.09516330025651
0.07367,30.10086161227837
0.073675,30.098833445481496
0.07368000000000001,30.089083554315437
0.073685,30.07436268691425
0.07369,30.059593214704822
0.07369500000000001,30.044542441017995
0.0737,30.02950048005249
0.073705,30.016712265057816
0.07371000000000001,30.006168019236313
0.073715,30.00009016382224
0.07372000000000001,29.99845730085829
0.07372500000000001,30.00124550249182
0.07373,30.008429857332203
0.07373500000000001,30.019984482178753
0.07374,30.03588253392664
0.073745,30.05609622164689
0.07375000000000001,30.0756672366682
0.073755,30.09244337461634
0.07376,30.101489460650736
0.07376500000000001,30.10280707059323
0.07377,30.096400123733922
0.07377500000000001,30.082640734617783
0.07378000000000001,30.068708310778092
0.073785,30.053653159084433
0.07379000000000001,30.038606628471804
0.073795,30.023568769292556
0.0738,30.00853944881308
0.07380500000000001,29.995761696757476
0.07381,29.98522479293665
0.073815,29.97915951194917
0.07382000000000001,29.977544433274964
0.073825,29.980355595674972
0.07383,29.987568053264976
0.07383500000000001,29.999155887257725
0.07384,30.015092217883343
0.07384500000000001,30.035349216484
0.07385000000000001,30.05496987073694
0.073855,30.07179946191093
0.07386000000000001,30.08090413159189
0.073865,30.08228543814177
0.07387,30.075947282116736
0.07387500000000001,30.062216634534057
0.07388,30.048310685942212
0.073885,30.033266842893532
0.07389000000000001,30.018231568020152
0.073895,30.00320492001721
0.07390000000000001,29.988186762206112
0.07390500000000001,29.975422600484656
0.07391,29.964901712257
0.07391500000000001,29.958857477824882
0.07392,29.957268445508767
0.073925,29.960110619963093
0.07393000000000001,29.9673590201388
0.073935,29.97898769103995
0.07394,29.99496971565876
0.07394500000000001,30.015277227085097
0.07395,30.039881420786624
0.073955,30.06382850036114
0.07396000000000001,30.084975446133637
0.073965,30.098391802988935
0.07397000000000001,30.10407805546484
0.07397500000000001,30.102037031832804
0.07398,30.092273490194195
0.07398500000000001,30.07754742209957
0.07399,30.062773212838156
0.073995,30.047720841399364
0.07400000000000001,30.032677284527768
0.074005,30.019887099050568
0.07401,30.00934051332644
0.07401500000000001,30.00325953245492
0.07402,30.001622763265114
0.07402500000000001,30.00440628316501
0.07403000000000001,30.011585186191233
0.074035,30.02313359473469
0.07404000000000001,30.039024671444153
0.074045,30.05923063130392
0.07405,30.078792968525796
0.07405500000000001,30.095559854990803
0.07406,30.104595915695494
0.074065,30.105902729391786
0.07407000000000001,30.09948421849201
0.074075,30.085720278639876
0.07408000000000001,30.07178369164477
0.07408500000000001,30.056727003035242
0.07409,30.04167893687177
0.07409500000000001,30.02663954236652
0.0741,30.011608687756798
0.074105,29.998829032418534
0.07411000000000001,29.988289859842133
0.074115,29.982221551212632
0.07412,29.98060269064632
0.07412500000000001,29.983409321986866
0.07413,29.990616504593778
0.074135,30.00219832508236
0.07414000000000001,30.01812790924182
0.074145,30.038377434127703
0.07415000000000001,30.057989696964903
0.07415500000000001,30.074810342496818
0.07416,30.083905318914837
0.07416500000000001,30.085276187413598
0.07417,30.078926851567598
0.074175,30.065191808265663
0.07418000000000001,30.051281838722716
0.074185,30.036236514834574
0.07419,30.021199760282485
0.07419500000000001,30.006171632664994
0.0742,29.99115199624858
0.07420500000000001,29.978385999183384
0.07421000000000001,29.967862922502267
0.074215,29.961815766441468
0.07422000000000001,29.96022308379925
0.074225,29.963060884139114
0.07423,29.97030419147666
0.07423500000000001,29.98192705603406
0.07424,29.997902566172904
0.074245,30.018202860501543
0.07425000000000001,30.04279914015298
0.074255,30.066737424645886
0.07426,30.087875042685393
0.07426500000000001,30.101281352211444
0.07427,30.10695684066751
0.07427500000000001,30.10490433940943
0.07428000000000001,30.09512860979959
0.074285,30.08180633835679
0.07429000000000001,30.066177350335042
0.074295,30.0516828817319
0.0743,30.036637264913075
0.07430500000000001,30.023844536598936
0.07431,30.013294926391016
0.074315,30.007209942112027
0.07432000000000001,30.005568196624505
0.074325,30.008345773930902
0.07433000000000001,30.015517774869227
0.07433500000000001,30.027058328835874
0.07434,30.04294060568629
0.07434500000000001,30.063136827809764
0.07435,30.082688243746087
0.074355,30.099443494125257
0.07436000000000001,30.108466954462752
0.074365,30.109760207188657
0.07437,30.10332717863293
0.07437500000000001,30.089557510293012
0.07438,30.07561568145426
0.074385,30.060557042265803
0.07439000000000001,30.04550702864258
0.074395,30.030465688313047
0.07440000000000001,30.015432890677214
0.07440500000000001,30.002650833401677
0.07441,29.99210880394339
0.07441500000000001,29.98603669291513
0.07442,29.98441309022231
0.074425,29.987214046054202
0.07443000000000001,29.994414626316225
0.074435,30.005988924367152
0.07444,30.021910072934446
0.07444500000000001,30.04215025620388
0.07445,30.061752034123728
0.07445500000000001,30.078561504263874
0.07446000000000001,30.087644373868386
0.074465,30.089002207668642
0.07447000000000001,30.082638913007187
0.074475,30.068898372500662
0.07448,30.054983373643392
0.07448500000000001,30.03993618892865
0.07449,30.024897575631826
0.074495,30.00986758995892
0.07450000000000001,29.99484609733108
0.074505,29.98207780007718
0.07451,29.971551983469173
0.07451500000000001,29.96550117410623
0.07452,29.96390393037069
0.07452500000000001,29.966736267947486
0.07453000000000001,29.973973217167316
0.074535,29.985588834758513
0.07454000000000001,30.001556215777136
0.074545,30.021847505711662
0.07455,30.046433912758026
0.07455500000000001,30.070361227118873
0.07456,30.091487211485532
0.074565,30.104880990909685
0.07457000000000001,30.110543056457953
0.074575,30.10847624333195
0.07458000000000001,30.098685316959905
0.07458500000000001,30.085346752437392
0.07459,30.069711843914213
0.07459500000000001,30.05521178654658
0.0746,30.04016440860424
0.074605,30.027369453870545
0.07461000000000001,30.01681714769857
0.074615,30.010728595811166
0.07462,30.009082416486336
0.07462500000000001,30.011854699586248
0.07463,30.019020551993417
0.074635,30.03055410933097
0.07464000000000001,30.046428547860785
0.074645,30.06661609655565
0.07465000000000001,30.086157785063264
0.07465500000000001,30.10290267140157
0.07466,30.11191490881004
0.07466500000000001,30.113196082994744
0.07467,30.106750123774948
0.074675,30.092975381486713
0.07468000000000001,30.079028912492078
0.074685,30.0639685735048
0.07469,30.048916861366468
0.07469500000000001,30.03387382253857
0.0747,30.01883932751686
0.07470500000000001,30.006055163098058
0.07471000000000001,29.995510620952818
0.074715,29.989435154969204
0.07472000000000001,29.987807360195976
0.074725,29.990603292461387
0.07473,29.99779802348856
0.07473500000000001,30.00936565263028
0.07474,30.025279318781802
0.074745,30.045511212467982
0.07475000000000001,30.06510368225723
0.074755,30.081903229136856
0.07476000000000001,30.090975345706475
0.07476500000000001,30.092321599840037
0.07477,30.08594590222877
0.07477500000000001,30.072200486540652
0.07478,30.0582810282763
0.074785,30.043232202667642
0.07479000000000001,30.0281919496586
0.074795,30.01316032424252
0.0748,29.9981371928933
0.07480500000000001,29.985366860900573
0.07481,29.974838617610942
0.074815,29.96878456781664
0.07482000000000001,29.967183274868937
0.074825,29.97001075990036
0.07483000000000001,29.977242058861933
0.07483500000000001,29.988851234272595
0.07484,30.004811387146983
0.07484500000000001,30.025094669097612
0.07485,30.04474471257573
0.074855,30.061605568779108
0.07486000000000001,30.070744034191627
0.074865,30.072161657339553
0.07487,30.065862328314974
0.07487500000000001,30.05214722105346
0.07488,30.03825551222378
0.07488500000000001,30.023217181502577
0.07489000000000001,30.008187395079144
0.074895,29.993166216190065
0.07490000000000001,29.97815350567007
0.074905,29.96539598419332
0.07491,29.9548829257151
0.07491500000000001,29.94884900127598
0.07492,29.947272743869704
0.074925,29.950130141362163
0.07493000000000001,29.95739619539345
0.074935,29.969044933141664
0.07494,29.985049419265135
0.07494500000000001,30.0053817680193
0.07495,30.030013155544196
0.07495500000000001,30.053990407963184
0.07496000000000001,30.075169327666114
0.074965,30.088620091825543
0.07497000000000001,30.09434317504514
0.074975,30.092341395058057
0.07498,30.082619498830052
0.07498500000000001,30.06790938653934
0.07499,30.05314971897821
0.074995,30.03810234219671
0.07500000000000001,30.02306376804331
0.075005,30.01027969386522
0.07501000000000001,29.99974033544728
0.07501500000000001,29.99366895890689
0.07502,29.99204415652841
0.07502500000000001,29.994841989738894
0.07503,30.002037536091265
0.075035,30.013604900996853
0.07504000000000001,30.029517229635918
0.075045,30.049746719042414
0.07505,30.069335459824785
0.07505500000000001,30.086130485522865
0.07506,30.095197026770908
0.075065,30.096536653418486
0.07507000000000001,30.09015327839418
0.075075,30.0764032082174
0.07508000000000001,30.062479313450734
0.07508500000000001,30.047427352254644
0.07509,30.032384006284925
0.07509500000000001,30.01734932833156
0.0751,30.002323183804982
0.075105,29.9895493531806
0.07511000000000001,29.979017110185683
0.075115,29.972958026944962
0.07512,29.97135067352098
0.07512500000000001,29.974171078352807
0.07513,29.981394284908887
0.07513500000000001,29.99299436343369
0.07514000000000001,30.008944422872577
0.075145,30.029216622971056
0.07515000000000001,30.048854337088326
0.075155,30.065702110452225
0.07516,30.07482647630009
0.07516500000000001,30.07622898724076
0.07517,30.06991353770132
0.075175,30.056191837177863
0.07518000000000001,30.042294074557446
0.075185,30.027253265048838
0.07519,30.012221019977712
0.07519500000000001,29.99719740031737
0.0752,29.982182267525054
0.07520500000000001,29.969421852225253
0.07521000000000001,29.958905425088513
0.075215,29.95286713636307
0.07522000000000001,29.95128552528978
0.075225,29.95413658656999
0.07523,29.961395328886812
0.07523500000000001,29.973035786666006
0.07524,29.98903103201543
0.075245,30.00935318683899
0.07525000000000001,30.033973435121215
0.075255,30.057938353190718
0.07526000000000001,30.079104215974372
0.07526500000000001,30.092540946895436
0.07527,30.0982490246007
0.07527500000000001,30.096231271108774
0.07528,30.086492437910472
0.075285,30.071775775452775
0.07529000000000001,30.057010132565157
0.075295,30.041960642378584
0.0753,30.02691996398527
0.07530500000000001,30.01413333627583
0.07531,30.003590977991674
0.07531500000000001,29.997515648237567
0.07532000000000001,29.995885945173658
0.075325,29.998677936679606
0.07533000000000001,30.00586670696162
0.07533500000000001,30.01742636828225
0.07534,30.033330072868146
0.07534500000000001,30.053550024992028
0.07535,30.07312807611043
0.075355,30.089911716193225
0.07536000000000001,30.098965932999832
0.075365,30.100292299975198
0.07537,30.09389473387638
0.07537500000000001,30.080139032469226
0.07538,30.066209981917716
0.07538500000000001,30.05115607178398
0.07539000000000001,30.036110781900206
0.075395,30.02107416353351
0.07540000000000001,30.006046083151574
0.075405,29.993269871279058
0.07541,29.982734804614683
0.07541500000000001,29.976671977289904
0.07542,29.97505996502064
0.075425,29.977874802441246
0.07543000000000001,29.98509153941003
0.075435,29.99668425275326
0.07544000000000001,30.01262605818731
0.07544500000000001,30.032889122415213
0.07545,30.052516587836948
0.07545500000000001,30.06935344043364
0.07546,30.078465978903132
0.075465,30.07985575930763
0.07547000000000001,30.073526679752696
0.075475,30.059799599155916
0.07548,30.045896913283244
0.07548500000000001,30.0308542701408
0.07549,30.01582019435542
0.075495,30.00079474550793
0.07550000000000001,29.985777786147484
0.075505,29.973015112781507
0.07551000000000001,29.9624959998109
0.07551500000000001,29.956454136275752
0.07552,29.95486806685984
0.07552500000000001,29.95771379223055
0.07553,29.96496632722535
0.075535,29.976599712610135
0.07554000000000001,29.992587027016043
0.075545,30.01290039905071
0.07555,30.03751101958022
0.07555500000000001,30.061465241751577
0.07556,30.082619762858016
0.07556500000000001,30.096044279661353
0.07557000000000001,30.1017392743394
0.075575,30.099707572658502
0.07558000000000001,30.08995393007136
0.075585,30.075231626223722
0.07559,30.06046084495416
0.07559500000000001,30.045409622496347
0.0756,30.030367213775108
0.075605,30.017578449226672
0.07561000000000001,30.007033553216218
0.075615,30.000954833303958
0.07562,29.999320892843357
0.07562500000000001,30.002107805421982
0.07563,30.009290661134767
0.07563500000000001,30.020843578311297
0.07564000000000001,30.036739715421113
0.075645,30.056951283153072
0.07565000000000001,30.076519919064992
0.075655,30.093293521415568
0.07566,30.102336860760428
0.07566500000000001,30.103651513723676
0.07567,30.097241400450105
0.075675,30.08348076182173
0.07568000000000001,30.069547194581883
0.075685,30.054491617410985
0.07569000000000001,30.039444661942277
0.07569500000000001,30.024406378206795
0.0757,30.009376633726852
0.07570500000000001,29.99659835715419
0.07571,29.986060829193157
0.075715,29.97999471707371
0.07572000000000001,29.9783786015426
0.075725,29.981188522749395
0.07573,29.988399536242344
0.07573500000000001,29.999985724709965
0.07574,30.01592020990078
0.075745,30.0361751647174
0.07575000000000001,30.055793524892067
0.075755,30.072620670827494
0.07576000000000001,30.081722691361257
0.07576500000000001,30.08310114562924
0.07577,30.076759935012188
0.07577500000000001,30.063028084864808
0.07578,30.049121036097738
0.075785,30.03407678636129
0.07579000000000001,30.01904110522845
0.075795,30.004014051090625
0.0758,29.988995487522992
0.07580500000000001,29.976230822828597
0.07581,29.965709335351804
0.07581500000000001,29.959664301710536
0.07582000000000001,29.95807427144751
0.075825,29.960915250557036
0.07583000000000001,29.96816225937235
0.075835,29.979789344321613
0.07584,29.995769589862398
0.07584500000000001,30.016075130590576
0.07585,30.04067716351983
0.075855,30.064621842044858
0.07586000000000001,30.085766241501563
0.075865,30.099179855789732
0.07587,30.1048631702402
0.07587500000000001,30.102819013966215
0.07588,30.0930521459591
0.07588500000000001,30.078324812070917
0.07589000000000001,30.06354945000348
0.075895,30.048496691266426
0.07590000000000001,30.03345274743904
0.075905,30.020662083487196
0.07591,30.010114929079794
0.07591500000000001,30.004033187766627
0.07592,30.002395467544154
0.075925,30.00517784710345
0.07593000000000001,30.012355421804912
0.075935,30.023902315403372
0.07594000000000001,30.03979169195109
0.07594500000000001,30.059995767874845
0.07595,30.079555989268037
0.07595500000000001,30.096320619860712
0.07596,30.105354235787896
0.075965,30.106658416516122
0.07597000000000001,30.100237085219263
0.075975,30.08647203619996
0.07598,30.07253443456902
0.07598500000000001,30.05747737209682
0.07599,30.04242893235133
0.07599500000000001,30.027389164268556
0.07600000000000001,30.012357936324705
0.076005,29.999577817499397
0.07601000000000001,29.98903809220452
0.07601500000000001,29.982969045599216
0.07602,29.98134926293111
0.07602500000000001,29.984154789284172
0.07603,29.99136068529753
0.076035,30.002941038904886
0.07604000000000001,30.018868977252065
0.076045,30.03911667878892
0.07605,30.058726894247133
0.07605500000000001,30.075545357101912
0.07606,30.084637968333418
0.07606500000000001,30.08600628982749
0.07607000000000001,30.079654225895197
0.076075,30.065918110282674
0.07608000000000001,30.052007159880898
0.076085,30.036961475081092
0.07609,30.021924359877104
0.07609500000000001,30.006895871600747
0.0761,29.991875874750068
0.076105,29.979109430146288
0.07611000000000001,29.968585819718577
0.076115,29.962537950926404
0.07612000000000001,29.96094437766096
0.07612500000000001,29.96378111068398
0.07613,29.97102317524723
0.07613500000000001,29.982644622846525
0.07614,29.998618543154056
0.076145,30.018917076125163
0.07615000000000001,30.043511424275692
0.076155,30.067447562186185
0.07616,30.088582903609993
0.07616500000000001,30.101986760849417
0.07617,30.107659622057163
0.076175,30.10560431934188
0.07618000000000001,30.095825614861948
0.076185,30.082500153701922
0.07619000000000001,30.06687000749027
0.07619500000000001,30.052374445600595
0.0762,30.037328485133592
0.07620500000000001,30.024535321944
0.07621,30.013985184831203
0.076215,30.007899502827847
0.07622000000000001,30.00625688985716
0.076225,30.009033431069327
0.07623,30.01620422848635
0.07623500000000001,30.027743412724295
0.07624,30.043624154893536
0.07624500000000001,30.063818678672995
0.07625000000000001,30.08336818970477
0.076255,30.100121410417696
0.07626000000000001,30.109142672766595
0.076265,30.110433559823214
0.07627,30.10399799860097
0.07627500000000001,30.09022733686597
0.07628,30.07628459959857
0.076285,30.061225628037047
0.07629000000000001,30.04617528226246
0.076295,30.031133609756207
0.0763,30.016100480134117
0.07630500000000001,30.003318010547424
0.07631,29.99277548929213
0.07631500000000001,29.986702721399276
0.07632000000000001,29.985078297782
0.076325,29.987878269734427
0.07633000000000001,29.99507770430187
0.076335,30.006650696017537
0.07634,30.022570378817413
0.07634500000000001,30.042808938129333
0.07635,30.06240889247514
0.076355,30.079216418487146
0.07636000000000001,30.088297181343265
0.076365,30.0896527463906
0.07637000000000001,30.083287021627818
0.07637500000000001,30.069545526116556
0.07638,30.055629653717677
0.07638500000000001,30.04058214775447
0.07639,30.02554321342736
0.076395,30.010512906705237
0.07640000000000001,29.99549109321606
0.076405,29.98272239747901
0.07641,29.972196105570536
0.07641500000000001,29.96614466142636
0.07642,29.96454662440253
0.076425,29.96737801125148
0.07643000000000001,29.97461385340528
0.076435,29.986228208727006
0.07644000000000001,30.00219417344038
0.07644500000000001,30.02248389423397
0.07645,30.04706858053577
0.07645500000000001,30.07099398250707
0.07646,30.092117938620124
0.076465,30.105509533261987
0.07647000000000001,30.111169258131174
0.076475,30.10909994910003
0.07648,30.099306372305954
0.07648500000000001,30.08596496592502
0.07649,30.07032902559826
0.07649500000000001,30.055827994248595
0.07650000000000001,30.040780310236343
0.076505,30.027984968142217
0.07651000000000001,30.017432192607263
0.076515,30.011343019150505
0.07652,30.009696066995026
0.07652500000000001,30.012467427025605
0.07653,30.01963220717965
0.076535,30.031164544167055
0.07654000000000001,30.04703761536782
0.076545,30.067223650903784
0.07655,30.08676364219918
0.07655500000000001,30.103506720157846
0.07656,30.112516999205113
0.07656500000000001,30.113796065618754
0.07657000000000001,30.10734784982699
0.076575,30.09357222247418
0.07658000000000001,30.07962494411908
0.076585,30.064564309041884
0.07659,30.0495123010085
0.07659500000000001,30.03446896626038
0.0766,30.01943417548569
0.076605,30.00664964373945
0.07661000000000001,29.996104663441088
0.076615,29.990028612222687
0.07662000000000001,29.98840008603093
0.07662500000000001,29.99119514167848
0.07663,29.998388851904135
0.07663500000000001,30.009955317107124
0.07664,30.025867677259516
0.076645,30.046098123992884
0.07665000000000001,30.065688968963016
0.076655,30.08248678360504
0.07666,30.091557023035946
0.07666500000000001,30.09290125567832
0.07667,30.086523392807997
0.07667500000000001,30.0727771262121
0.07668000000000001,30.05885688962498
0.076685,30.043807777801273
0.07669000000000001,30.028767238770385
0.07669500000000001,30.01373532731446
0.0767,29.998711910091668
0.07670500000000001,29.98594122306039
0.07671,29.975412556284585
0.076715,29.96935794090031
0.07672000000000001,29.967755941126438
0.076725,29.9705825790467
0.07673,29.977812891593434
0.07673500000000001,29.989420942296707
0.07674,30.005379833211563
0.07674500000000001,30.025661717019844
0.07675000000000001,30.045310190509454
0.076755,30.0621693729415
0.07676000000000001,30.071306024585848
0.076765,30.07272169449882
0.07677,30.066420273337393
0.07677500000000001,30.052704343871543
0.07678,30.038811882971288
0.076785,30.023773275656943
0.07679000000000001,30.00874321282964
0.076795,29.993721757521776
0.07680000000000001,29.978708770746064
0.07680500000000001,29.96595090619148
0.07681,29.95543743850524
0.07681500000000001,29.949402967564083
0.07682,29.94782602720001
0.076825,29.950682606197933
0.07683000000000001,29.957947707146094
0.076835,29.969595358199502
0.07684,29.985598625021698
0.07684500000000001,30.005929622901267
0.07685,30.03055952903893
0.076855,30.054535135087193
0.07686000000000001,30.075712308674234
0.076865,30.089161191965246
0.07687000000000001,30.09488226010786
0.07687500000000001,30.092878331412646
0.07688,30.08315415345589
0.07688500000000001,30.068443173503372
0.07689,30.053682715787126
0.076895,30.03863507416059
0.07690000000000001,30.0235962353539
0.076905,30.010811833647775
0.07691,30.000272085747437
0.07691500000000001,29.99420018805353
0.07692,29.992574733651555
0.07692500000000001,29.995371784849176
0.07693000000000001,30.002566420107872
0.076935,30.014132745775097
0.07694000000000001,30.030043907994425
0.076945,30.0502721047899
0.07695,30.069859393728965
0.07695500000000001,30.086652871420917
0.07696,30.095717734948902
0.076965,30.097055554652957
0.07697000000000001,30.090670243984306
0.076975,30.076919412876933
0.07698,30.062994822057867
0.07698500000000001,30.04794260467379
0.07699,30.03289900268768
0.07699500000000001,30.01786406870076
0.07700000000000001,30.00283766828827
0.077005,29.990063519857994
0.07701000000000001,29.979530897779313
0.077015,29.973471308244104
0.07702,29.97186332209157
0.07702500000000001,29.974682968612257
0.07703,29.98190529215312
0.077035,29.993504363863735
0.07704000000000001,30.00945329362084
0.077045,30.029724242127187
0.07705000000000001,30.049360550816274
0.07705500000000001,30.066206825846
0.07706,30.075329568035002
0.07706500000000001,30.076730330466678
0.07707,30.070413008073757
0.077075,30.05669057153197
0.07708000000000001,30.042792135676113
0.077085,30.02775107857597
0.07709,30.012718586082187
0.07709500000000001,29.99769471898533
0.0771,29.982679338901978
0.077105,29.969918616491817
0.07711000000000001,29.95940182304508
0.077115,29.953363045104492
0.07712000000000001,29.951780822661313
0.07712500000000001,29.954631151239596
0.07713,29.96188904037121
0.07713500000000001,29.97352852535645
0.07714,29.989522679203034
0.077145,30.009843624739737
0.07715000000000001,30.034462546900585
0.077155,30.05842599115601
0.07716,30.079590290834023
0.07716500000000001,30.093025338019427
0.07717,30.09873161184592
0.07717500000000001,30.096711934849058
0.07718000000000001,30.08697105906616
0.077185,30.072253619888002
0.07719000000000001,30.057487269663287
0.077195,30.04243754239392
0.0772,30.02739662708922
0.07720500000000001,30.01460970618295
0.07721,30.004066999240536
0.077215,29.997991202956587
0.07722000000000001,29.996360916208435
0.077225,29.999152207664043
0.07723000000000001,30.00634016234296
0.07723500000000001,30.017898893345738
0.07724,30.033801553761382
0.07724500000000001,30.05402034874894
0.07725000000000001,30.073597100186753
0.077255,30.09037935450428
0.07726000000000001,30.099432069426097
0.077265,30.10075681883619
0.07727,30.094357519959512
0.07727500000000001,30.080601137373115
0.07728,30.066671463720965
0.077285,30.051617324251236
0.07729000000000001,30.036571805184977
0.077295,30.02153495762032
0.07730000000000001,30.006506648172497
0.07730500000000001,29.99373015180343
0.07731,29.983194745786715
0.07731500000000001,29.977131465230908
0.07732,29.975518886547196
0.077325,29.978333045132196
0.07733000000000001,29.985548991630633
0.077335,29.99714080367903
0.07734,30.013081597827522
0.07734500000000001,30.033343541636068
0.07735,30.052969748924856
0.07735500000000001,30.06980526021941
0.07736000000000001,30.078916345196475
0.077365,30.08030456034305
0.07737000000000001,30.073973804217356
0.07737500000000001,30.060246064740674
0.07738,30.04634277619107
0.07738500000000001,30.03129991140662
0.07739,30.016265614130372
0.077395,30.001239943779556
0.07740000000000001,29.986222763045962
0.077405,29.97345981475672
0.07741,29.962940373867482
0.07741500000000001,29.956898072389368
0.07742,29.95531145567791
0.07742500000000001,29.958156525136967
0.07743000000000001,29.965408296363826
0.077435,29.977040810907248
0.07744000000000001,29.993027148203915
0.077445,30.013339437689424
0.07745,30.037948871079845
0.07745500000000001,30.061901773898004
0.07746,30.083054895717712
0.077465,30.096477905246616
0.07747000000000001,30.102171285098493
0.077475,30.100137861502393
0.07748000000000001,30.090382390400283
0.07748500000000001,30.075659391235344
0.07749,30.060887976760245
0.07749500000000001,30.045836542067082
0.0775,30.030793921263914
0.077505,30.018004894246964
0.07751000000000001,30.007459686119066
0.077515,30.00138054857107
0.07752,29.99974608559844
0.07752500000000001,30.00253237149441
0.07753,30.009714497082026
0.077535,30.02126658144107
0.07754000000000001,30.03716178381304
0.077545,30.057372315680244
0.07755000000000001,30.076939788122168
0.07755500000000001,30.09371214993998
0.07756,30.1027541448022
0.07756500000000001,30.104067349725973
0.07757,30.09765568527493
0.077575,30.083894436857104
0.07758000000000001,30.0699603118196
0.077585,30.054904529348
0.07759,30.039857368716003
0.07759500000000001,30.024818879803373
0.0776,30.0097889302645
0.07760500000000001,29.99701039901152
0.07761000000000001,29.986472567263405
0.077615,29.980406049413
0.07762000000000001,29.97878942682946
0.077625,29.981598740344715
0.07763,29.98880904621101
0.07763500000000001,30.000394427842192
0.07764,30.01632800773318
0.077645,30.03658195955369
0.07765000000000001,30.056199193451416
0.077655,30.073025138657087
0.07766,30.08212585802864
0.07766500000000001,30.083502911082256
0.07767,30.077160199603888
0.07767500000000001,30.063427759629175
0.07768000000000001,30.049520171347528
0.077685,30.034475723197872
0.07769000000000001,30.019439843787122
0.077695,30.00441259136023
0.0777,29.989393829620063
0.07770500000000001,29.976628918815216
0.07771,29.966107137786665
0.077715,29.96006171210015
0.07772000000000001,29.95847119189975
0.077725,29.961311583839056
0.07773000000000001,29.968557908931494
0.07773500000000001,29.98018421430606
0.07774,29.99616358514144
0.07774500000000001,30.016468156774685
0.07775,30.04106912698038
0.077755,30.065012624424153
0.07776000000000001,30.086155771243313
0.077765,30.099568036223655
0.07777,30.10524990508626
0.07777500000000001,30.103204207358623
0.07778,30.093435702470032
0.077785,30.07870774613577
0.07779000000000001,30.063931817224542
0.077795,30.048878868495024
0.07780000000000001,30.033834734812526
0.07780500000000001,30.02104383589963
0.07781,30.01049640208559
0.07781500000000001,30.0044142869061
0.07782,30.002776098932316
0.077825,30.00555791748706
0.07783000000000001,30.01273483858252
0.077835,30.024280986645095
0.07784,30.040169526418104
0.07784500000000001,30.06037267503862
0.07785,30.079931854896714
0.07785500000000001,30.09669537496792
0.07786000000000001,30.105727787317974
0.077865,30.107030671765273
0.07787000000000001,30.100607951858645
0.077875,30.08684235695754
0.07788,30.072904255987684
0.07788500000000001,30.057847009730885
0.07789,30.042798386323806
0.077895,30.027758434567037
0.07790000000000001,30.01272702305502
0.077905,29.999946676240608
0.07791000000000001,29.989406678996396
0.07791500000000001,29.98333726918188
0.07792,29.981717032601846
0.07792500000000001,29.98452201495112
0.07793000000000001,29.991727277499056
0.077935,30.003306908828666
0.07794000000000001,30.01923403675395
0.077945,30.039480840411457
0.07795,30.059090047629674
0.07795500000000001,30.075907435594495
0.07796,30.084998882029183
0.077965,30.08636594916002
0.07797000000000001,30.080012541660825
0.077975,30.06627589803652
0.07798000000000001,30.052364464662773
0.07798500000000001,30.037318602244024
0.07799,30.0222813095422
0.07799500000000001,30.007252643758026
0.078,29.992232469503858
0.078005,29.97946580458268
0.07801000000000001,29.96894193136824
0.078015,29.962893711618253
0.07802,29.961299699762225
0.07802500000000001,29.96413590715208
0.07803,29.971377359648503
0.07803500000000001,29.982998109374666
0.07804000000000001,29.99897124664833
0.078045,30.019268912088318
0.07805000000000001,30.04386230889164
0.07805500000000001,30.06779738950144
0.07806,30.088931609567567
0.07806500000000001,30.102334258910343
0.07807,30.10800582603181
0.078075,30.10594914341146
0.07808000000000001,30.096168973599728
0.078085,30.08284194126975
0.07809,30.067211224604964
0.07809500000000001,30.052715124229916
0.0781,30.037668994543182
0.07810500000000001,30.024875617191448
0.07811000000000001,30.01432522058036
0.078115,30.008239194929402
0.07812000000000001,30.006596154684292
0.078125,30.009372185560608
0.07813,30.016542390163547
0.07813500000000001,30.02808089971001
0.07814,30.043960885928545
0.078145,30.064154573133358
0.07815000000000001,30.08370314583418
0.078155,30.10045536675576
0.07816000000000001,30.109475546394044
0.07816500000000001,30.110765268136834
0.07817,30.104328459334234
0.07817500000000001,30.09055730827635
0.07818,30.076614123540246
0.078185,30.061554988279024
0.07819000000000001,30.046504478912567
0.078195,30.031462642800633
0.0782,30.016429349665405
0.07820500000000001,30.003646676994766
0.07821,29.99310391349865
0.078215,29.987030822048936
0.07822000000000001,29.985405994055206
0.078225,29.98820548135582
0.07823000000000001,29.995404351557625
0.07823500000000001,30.00697669977237
0.07824,30.022895660531365
0.07824500000000001,30.04313341987432
0.07825,30.062732475915446
0.078255,30.07953904423504
0.07826000000000001,30.088618769288292
0.078265,30.089973216725593
0.07827,30.083606294868837
0.07827500000000001,30.069864328920595
0.07828,30.055948026214395
0.07828500000000001,30.040900362012323
0.07829000000000001,30.025861269553218
0.078295,30.01083080468918
0.07830000000000001,29.99580883315007
0.078305,29.983039941124343
0.07831,29.972513415085043
0.07831500000000001,29.966461658246104
0.07832,29.964863230443232
0.078325,29.967694148954735
0.07833000000000001,29.97492944575526
0.078335,29.986543179266842
0.07834,30.00250844628844
0.07834500000000001,30.0227973940998
0.07835,30.042453799634355
0.07835500000000001,30.05932143834678
0.07836000000000001,30.06846725343456
0.078365,30.06989279127595
0.07837000000000001,30.063601939674243
0.078375,30.049890164478704
0.07838,30.03600150353191
0.07838500000000001,30.020964294197825
0.07839,30.005935628361538
0.078395,29.99091557008821
0.07840000000000001,29.975903979492703
0.078405,29.96314784863117
0.07841000000000001,29.952636448670344
0.07841500000000001,29.946604738962215
0.07842,29.945031249104222
0.07842500000000001,29.947891963238785
0.07843,29.95516187916449
0.078435,29.966815020101496
0.07844000000000001,29.9828244466354
0.078445,30.003162268835794
0.07845,30.027799658545444
0.07845500000000001,30.051783581537652
0.07846,30.072969575905933
0.07846500000000001,30.08642796064658
0.07847000000000001,30.092159208159348
0.078475,30.090166133837883
0.07848000000000001,30.08045348217442
0.07848500000000001,30.065746885462907
0.07849,30.05099041945863
0.07849500000000001,30.03594411597397
0.0785,30.02090661432691
0.078505,30.008123867365203
0.07851000000000001,29.997586087151642
0.078515,29.991516822246698
0.07852,29.98989466168903
0.07852500000000001,29.992695663338015
0.07853,29.99989490106568
0.07853500000000001,30.011466476490735
0.07854000000000001,30.027383530890727
0.078545,30.047618257288374
0.07855000000000001,30.067212880148972
0.078555,30.084014177503306
0.07856,30.093087515909087
0.07856500000000001,30.094434463228875
0.07857,30.0880589302737
0.078575,30.074311943023858
0.07858000000000001,30.060390868336988
0.078585,30.045339945185912
0.07859000000000001,30.030297636559368
0.07859500000000001,30.015263996012273
0.0786,30.000238888287672
0.07860500000000001,29.98746634531271
0.07861000000000001,29.976935638216233
0.078615,29.970878606233864
0.07862000000000001,29.96927381628162
0.078625,29.972097293348938
0.07863,29.979324077345247
0.07863500000000001,29.990928234848106
0.07864,30.006882871029614
0.078645,30.027160141757207
0.07865000000000001,30.046803549728363
0.078655,30.063657393329443
0.07866000000000001,30.072788337133307
0.07866500000000001,30.07419793182633
0.07867,30.067890069786994
0.07867500000000001,30.054171351139722
0.07868,30.04027631604306
0.078685,30.02523650965933
0.07869000000000001,30.010205267025874
0.078695,29.995182649856517
0.0787,29.98016851896307
0.07870500000000001,29.96740934790159
0.07871,29.95689440483355
0.07871500000000001,29.950858098093253
0.07872000000000001,29.949278963881508
0.078725,29.952132993566714
0.07873000000000001,29.959395192393345
0.07873500000000001,29.971039591244317
0.07874,29.987039258581884
0.07874500000000001,30.007366312563054
0.07875,30.03199193332572
0.078755,30.055962822211907
0.07876000000000001,30.07713501755237
0.078765,30.09057856972967
0.07877,30.096293955417785
0.07877500000000001,30.094283994541208
0.07878,30.084553436376613
0.07878500000000001,30.069839920630123
0.07879000000000001,30.055077143363967
0.078795,30.04002861368414
0.07880000000000001,30.024988895101917
0.078805,30.012203455227542
0.07881,30.00166250946475
0.07881500000000001,29.99558906975612
0.07882,29.993961731356386
0.078825,29.996756558951567
0.07883000000000001,30.003948633452858
0.078835,30.015512063727794
0.07884000000000001,30.031419998509467
0.07884500000000001,30.05164463847985
0.07885,30.071227954923422
0.07885500000000001,30.088017209079634
0.07886,30.097077510385798
0.078865,30.09841043050816
0.07887000000000001,30.092019884308236
0.078875,30.07826694253001
0.07888,30.064340416317133
0.07888500000000001,30.049287435289795
0.07889,30.034243073889957
0.078895,30.019207384069272
0.07890000000000001,30.004180231697756
0.078905,29.991405172397222
0.07891000000000001,29.980871480537733
0.07891500000000001,29.974810489365716
0.07892,29.973200771780427
0.07892500000000001,29.976018359328165
0.07893,29.98323829868128
0.078935,29.99483466338348
0.07894000000000001,30.01078056577341
0.078945,30.031048169082492
0.07895,30.050680731493827
0.07895500000000001,30.06752301801697
0.07896,30.076641444920813
0.07896500000000001,30.07803756654657
0.07897000000000001,30.071715279165964
0.078975,30.05799086784721
0.07898000000000001,30.044090623561328
0.078985,30.029048878346764
0.07899,30.014015699876694
0.07899500000000001,29.99899114839475
0.079,29.98397508587219
0.079005,29.97121352628734
0.07901000000000001,29.960695741793813
0.079015,29.954655652468798
0.07902,29.953071800274635
0.07902500000000001,29.95592018289509
0.07903,29.96317581208941
0.07903500000000001,29.974812725451976
0.07904000000000001,29.990803998350376
0.079045,30.011121756038104
0.07905000000000001,30.035737185937744
0.079055,30.059696753107904
0.07906,30.08085694304174
0.07906500000000001,30.094287566154566
0.07907,30.099989102858203
0.079075,30.097964377044335
0.07908000000000001,30.088218142183585
0.079085,30.07349865522468
0.07909000000000001,30.058730439215083
0.07909500000000001,30.043680076572617
0.0791,30.028638527045057
0.07910500000000001,30.015850825817484
0.07911,30.00530719426668
0.079115,29.99923016629218
0.07912000000000001,29.997598342646533
0.079125,30.000387794058383
0.07913,30.007573607672963
0.07913500000000001,30.019129898780697
0.07914,30.0350298227237
0.07914500000000001,30.055245586976422
0.07915000000000001,30.07481893636628
0.079155,30.09159756439318
0.07916000000000001,30.100646350538433
0.07916500000000001,30.101966869833873
0.07917,30.095563040727395
0.07917500000000001,30.08180487249328
0.07918,30.067873565017347
0.079185,30.05281881956649
0.07919000000000001,30.037772695261122
0.079195,30.022735242745064
0.0792,30.007706329005572
0.07920500000000001,29.99492908420059
0.07921,29.984392786949584
0.07921500000000001,29.978328318537457
0.07922000000000001,29.976714257189485
0.079225,29.979526640290818
0.07923000000000001,29.98674052053764
0.079235,29.99832997767995
0.07924,30.014268130442524
0.07924500000000001,30.03452714862021
0.07925,30.054150071593966
0.079255,30.070982081953403
0.07926000000000001,30.080089373785327
0.079265,30.08147350468503
0.07927000000000001,30.075138374391592
0.07927500000000001,30.06140891376648
0.07928,30.047504050693533
0.07928500000000001,30.032460604773615
0.07929000000000001,30.017425726909174
0.079295,30.00239947608496
0.07930000000000001,29.987381715358794
0.079305,29.974618047712998
0.07931,29.96409774948007
0.07931500000000001,29.958054304101637
0.07932,29.956466258684188
0.079325,29.95930961655112
0.07933000000000001,29.966559395280047
0.079335,29.97818963846001
0.07934000000000001,29.99417342762707
0.07934500000000001,30.014482894374453
0.07935,30.039089232633266
0.07935500000000001,30.063038695981138
0.07936,30.084188170151123
0.079365,30.097607250785337
0.07937000000000001,30.10329642163368
0.079375,30.10125851013121
0.07938,30.09149827349492
0.07938500000000001,30.07677346127431
0.07939,30.062000395617257
0.07939500000000001,30.046948406582043
0.07940000000000001,30.031905231900076
0.079405,30.019115519827814
0.07941000000000001,30.008569497358902
0.07941500000000001,30.002489270661442
0.07942,30.000853445403557
0.07942500000000001,30.003638097717012
0.07943,30.010818320321683
0.079435,30.022368234251715
0.07944000000000001,30.03826100075971
0.079445,30.05846883339493
0.07945,30.078033274278223
0.07945500000000001,30.09480240384013
0.07946,30.103840895725654
0.07946500000000001,30.10515032797591
0.07947000000000001,30.098734622245733
0.079475,30.08497178471497
0.07948000000000001,30.071036206016927
0.079485,30.055979888097017
0.07949,30.040932192405503
0.07949500000000001,30.025893168426954
0.0795,30.0108626841586
0.079505,29.998083488967826
0.07951000000000001,29.987544865400157
0.079515,29.9814772902361
0.07952000000000001,29.97985934646604
0.07952500000000001,29.982667076699272
0.07953,29.989875539021764
0.07953500000000001,30.001458818736662
0.07954,30.017390040282944
0.079545,30.03764137932839
0.07955000000000001,30.057255679390742
0.079555,30.07407849686346
0.07956,30.083175826945524
0.07956500000000001,30.08454923014364
0.07957,30.078202609299257
0.079575,30.064468632779796
0.07958000000000001,30.050559639004693
0.079585,30.035514673778692
0.07959000000000001,30.020478277657848
0.07959500000000001,30.005450508505117
0.0796,29.990431230355426
0.07960500000000001,29.977665678306337
0.07961,29.967143132486
0.079615,29.961096685501893
0.07962000000000001,29.959504889064302
0.079625,29.962343751543948
0.07963,29.969588295725792
0.07963500000000001,29.98121257056406
0.07964,29.99718966311563
0.07964500000000001,30.017491710647878
0.07965000000000001,30.04208991291713
0.079655,30.066030334187424
0.07966000000000001,30.087170218480153
0.079665,30.10057896917708
0.07967,30.106257073015627
0.07967500000000001,30.10420736060218
0.07968,30.094434592506715
0.079685,30.08111549650498
0.07969000000000001,30.06548766132563
0.079695,30.050994280959706
0.07970000000000001,30.0359490060394
0.07970500000000001,30.023156710468164
0.07971,30.012607624640577
0.07971500000000001,30.006523334829936
0.07972000000000001,30.004882452842747
0.079725,30.007661061538766
0.07973000000000001,30.014834260577206
0.079735,30.02637617814009
0.07974,30.042259982833432
0.07974500000000001,30.06245789576251
0.07975,30.08201120818127
0.079755,30.09876847927078
0.07976000000000001,30.10779412792073
0.079765,30.109089735922357
0.07977000000000001,30.102659228925138
0.07977500000000001,30.088890549545738
0.07978,30.07494962507341
0.07978500000000001,30.0598913166957
0.07979,30.04484163366806
0.079795,30.02980062396474
0.07980000000000001,30.01476815677063
0.079805,30.001986509922066
0.07981,29.991444970038103
0.07981500000000001,29.985373512945856
0.07982,29.98375072754738
0.07982500000000001,29.986552662931867
0.07983000000000001,29.99375438386977
0.079835,30.0053299825505
0.07984000000000001,30.021252590498218
0.07984500000000001,30.041494390661963
0.07985,30.061097984239392
0.07985500000000001,30.07790939007589
0.07986,30.086994357301833
0.079865,30.08835445003552
0.07987000000000001,30.08199357496622
0.079875,30.06825398529957
0.07988,30.054339856171197
0.07988500000000001,30.03929299126869
0.07989,30.02425469756938
0.07989500000000001,30.009225031515232
0.07990000000000001,29.994203858321395
0.079905,29.981435957793323
0.07991000000000001,29.970910614400786
0.079915,29.9648604370525
0.07992,29.96326398316128
0.07992500000000001,29.96609726734914
0.07993,29.97333531885015
0.079935,29.98495219326275
0.07994000000000001,30.00092098448037
0.079945,30.02121383679652
0.07995000000000001,30.040874626739313
0.07995500000000001,30.05774693968739
0.07996,30.066897819970844
0.07996500000000001,30.068328812487557
0.07997000000000001,30.062043803463364
0.079975,30.04833432438698
0.07998000000000001,30.03444776370123
0.079985,30.01941132679309
0.07999,30.004383432854077
0.07999500000000001,29.989364146519566
0.08,29.9743533274074
0.080005,29.961598154638892
0.08001000000000001,29.951087897448453
0.080015,29.945057713922633
0.08002000000000001,29.943486131317933
0.08002500000000001,29.946349131210308
0.08003,29.953621708750497
0.08003500000000001,29.965277884430527
0.08004,29.981290716028777
0.080045,30.001632310729605
0.08005000000000001,30.026273837413743
0.080055,30.050262358118932
0.08006,30.071453228751917
0.08006500000000001,30.084916866071804
0.08007,30.09065374095922
0.08007500000000001,30.088666667195273
0.08008000000000001,30.07896038756726
0.080085,30.064256213919045
0.08009000000000001,30.04950195453013
0.08009500000000001,30.034456390661738
0.0801,30.019419628095484
0.08010500000000001,30.00663779580066
0.08011,29.99610110326985
0.080115,29.990033293756866
0.08012000000000001,29.98841295406308
0.080125,29.99121613958869
0.08013,29.99841792166843
0.08013500000000001,30.009992399306757
0.08014,30.025912711091053
0.08014500000000001,30.046151047279075
0.08015000000000001,30.065749724607517
0.080155,30.08255534497727
0.08016000000000001,30.091633368642004
0.080165,30.09298536209462
0.08017,30.08661523468652
0.08017500000000001,30.072870372437947
0.08018,30.05895124157126
0.080185,30.043901033859953
0.08019000000000001,30.028859440193948
0.080195,30.013826514655296
0.08020000000000001,29.998802121526825
0.08020500000000001,29.986030466067813
0.08021,29.975500817613916
0.08021500000000001,29.969445199527136
0.08022,29.967842176554537
0.080225,29.970667771307653
0.08023000000000001,29.977897021242633
0.080235,29.98950399040936
0.08024,30.005461781378948
0.08024500000000001,30.025742547345608
0.08025,30.04538988016359
0.080255,30.062247908063934
0.08026000000000001,30.071383386153023
0.080265,30.072797863792037
0.08027000000000001,30.066495231947336
0.08027500000000001,30.05277856873011
0.08028,30.03888541373385
0.08028500000000001,30.023846298782864
0.08029,30.008815747110496
0.080295,29.99379382094095
0.08030000000000001,29.978780380641044
0.080305,29.966022067226536
0.08031,29.9555081471284
0.08031500000000001,29.949473206587086
0.08032,29.947895779707785
0.08032500000000001,29.950751855561435
0.08033000000000001,29.958016437022167
0.080335,29.969663552530708
0.08034000000000001,29.985666268036304
0.080345,30.005996699113147
0.08035,30.030626023247518
0.08035500000000001,30.05460102795706
0.08036,30.075777588479507
0.080365,30.089225842714352
0.08037000000000001,30.094946265975686
0.080375,30.092941676744456
0.08038000000000001,30.083216822771092
0.08038500000000001,30.068505476120638
0.08039,30.05374467418815
0.08039500000000001,30.038696806593858
0.08040000000000001,30.02365774961848
0.080405,30.01087312853558
0.08041000000000001,30.000333156447745
0.080415,29.994261019586233
0.08042,29.99263531120299
0.08042500000000001,29.995432093782576
0.08043,30.00262644596482
0.080435,30.014192474277
0.08044000000000001,30.030103325043974
0.080445,30.050331196472538
0.08045000000000001,30.069918142448262
0.08045500000000001,30.086711266539623
0.08046,30.095775762060278
0.08046500000000001,30.097113199450362
0.08047,30.090727492264747
0.080475,30.076976452770822
0.08048000000000001,30.06305166664997
0.080485,30.04799932607411
0.08049,30.03295560469708
0.08049500000000001,30.01792055494239
0.0805,30.00289404226807
0.08050500000000001,29.990119777462276
0.08051000000000001,29.97958703328968
0.080515,29.973527307826025
0.08052000000000001,29.97191917202893
0.08052500000000001,29.97473865531601
0.08053,29.98196080216344
0.08053500000000001,29.99355968385218
0.08054,30.00950841039246
0.080545,30.029779142622655
0.08055000000000001,30.049415218538737
0.080555,30.066261250827726
0.08056,30.07538373680385
0.08056500000000001,30.076784229622028
0.08057,30.070466624289843
0.08057500000000001,30.056744052981472
0.08058000000000001,30.042845491751606
0.080585,30.027804365502043
0.08059000000000001,30.012771805574893
0.080595,29.997747872670676
0.0806,29.98273242836229
0.08060500000000001,29.969971636537466
0.08061,29.95945476780063
0.080615,29.95341590149
0.08062000000000001,29.951833577691954
0.080625,29.954683792033556
0.08063000000000001,29.961941554152137
0.08063500000000001,29.973580899455843
0.08064,29.989574901062635
0.08064500000000001,30.009895681913846
0.08065000000000001,30.034514427058387
0.080655,30.058477678698996
0.08066000000000001,30.079641776328426
0.080665,30.09307660870693
0.08067,30.098782655028938
0.08067500000000001,30.096762737893876
0.08068,30.087021609406086
0.080685,30.072304064213874
0.08069000000000001,30.057537616515535
0.080695,30.042487846568697
0.08070000000000001,30.027446889308298
0.08070500000000001,30.014659921059184
0.08071,30.004117161138108
0.08071500000000001,29.99804129946735
0.08072,29.99641093500656
0.080725,29.99920213651362
0.08073000000000001,30.006389989100505
0.080735,30.017948605962594
0.08074,30.033851140286178
0.08074500000000001,30.054069797329916
0.08075,30.07364639586552
0.08075500000000001,30.09042848824627
0.08076000000000001,30.099481029039346
0.080765,30.10080559217897
0.08077000000000001,30.09440609494333
0.08077500000000001,30.080649629627903
0.08078,30.066719879876633
0.08078500000000001,30.05166570775544
0.08079,30.036620156396026
0.080795,30.021583276864604
0.08080000000000001,30.006554935779622
0.080805,29.993778402203503
0.08081,29.98324295331856
0.08081500000000001,29.97717961796445
0.08082,29.975566972628275
0.08082500000000001,29.978381052789615
0.08083000000000001,29.985596909178646
0.080835,29.997188619519733
0.08084000000000001,30.0131293004533
0.080845,30.033391119631904
0.08085,30.05301718788481
0.08085500000000001,30.069852551442885
0.08086,30.078963476944512
0.080865,30.080351520922996
0.08087000000000001,30.07402058198577
0.080875,30.06029276853247
0.08088000000000001,30.046389412126217
0.08088500000000001,30.031346520301724
0.08089,30.016312196154892
0.08089500000000001,30.00128649907944
0.0809,29.986269291776594
0.080905,29.973506311427187
0.08091000000000001,29.96298683297685
0.080915,29.956944482437255
0.08092,29.95535780523553
0.08092500000000001,29.95820280285392
0.08093,29.965454490970494
0.080935,29.9770869112172
0.08094000000000001,29.993073143116217
0.080945,30.01338531619096
0.08095000000000001,30.037994622247602
0.08095500000000001,30.06194738392301
0.08096,30.083100356251084
0.08096500000000001,30.09652320500807
0.08097,30.102216412854094
0.080975,30.1001828060674
0.08098000000000001,30.09042714064187
0.080985,30.075704066685283
0.08099,30.06093258401544
0.08099500000000001,30.04588112555958
0.081,30.030838481073406
0.08100500000000001,30.018049425161326
0.08101000000000001,30.00750418297283
0.081015,30.00142500034715
0.08102000000000001,29.999790481347414
0.081025,30.00257670034118
0.08103,30.009758748228116
0.08103500000000001,30.021310744166936
0.08104,30.037205847480326
0.081045,30.057416269734002
0.08105000000000001,30.076983619243524
0.081055,30.093755850085362
0.08106000000000001,30.102797703121173
0.08106500000000001,30.104110755409504
0.08107,30.09769892755809
0.08107500000000001,30.08393761447538
0.08108000000000001,30.070003430248104
0.081085,30.054947625571266
0.08109000000000001,30.039900442779324
0.081095,30.024861931734993
0.0811,30.00983196010532
0.08110500000000001,29.997053401604624
0.08111,29.986515537491872
0.081115,29.980448976638183
0.08112000000000001,29.978832300477947
0.081125,29.98164154991458
0.08113000000000001,29.98885178127409
0.08113500000000001,30.00043707804629
0.08114,30.01637056280424
0.08114500000000001,30.036624409297968
0.08115,30.05624152500553
0.081155,30.073067344252404
0.08116000000000001,30.08216792718555
0.081165,30.083544833360992
0.08117,30.07720196460714
0.08117500000000001,30.06346946263132
0.08118,30.04956181762008
0.08118500000000001,30.034517348418756
0.08119000000000001,30.019481447984354
0.081195,30.004454174545973
0.08120000000000001,29.989435391819313
0.08120500000000001,29.976670455036043
0.08121,29.966148643082807
0.08121500000000001,29.960103176195386
0.08122,29.95851260458073
0.081225,29.961352934961347
0.08123000000000001,29.96859918842175
0.081235,29.980225412164167
0.08124,29.99620469144265
0.08124500000000001,30.016509161671696
0.08125,30.041110020705386
0.08125500000000001,30.06505339462941
0.08126000000000001,30.08619641046362
0.081265,30.099608534373687
0.08127000000000001,30.105290252121467
0.081275,30.10324439327774
0.08128,30.093475717317574
0.08128500000000001,30.078747695849835
0.08129,30.063971707615806
0.081295,30.04891873892078
0.08130000000000001,30.033874585292853
0.081305,30.02108366173339
0.08131000000000001,30.01053619863778
0.08131500000000001,30.00445404432247
0.08132,30.002815807418635
0.08132500000000001,30.00559756731506
0.08133000000000001,30.012774420091983
0.081335,30.02432049024592
0.08134000000000001,30.040208942592336
0.081345,30.060411994342452
0.08135,30.07997106541362
0.08135500000000001,30.096734469501296
0.08136,30.105766756160346
0.081365,30.107069505245867
0.08137000000000001,30.10064664034585
0.081375,30.08688098840691
0.08138000000000001,30.072942835258914
0.08138500000000001,30.057885569759627
0.08139,30.0428369271257
0.08139500000000001,30.02779695614347
0.0814,30.012765525419606
0.081405,29.999985154761436
0.08141000000000001,29.98944512908838
0.081415,29.983375681325047
0.08142,29.981755397334393
0.08142500000000001,29.98456032287498
0.08143,29.991765519281934
0.08143500000000001,30.00334507520603
0.08144000000000001,30.01927211853099
0.081445,30.03951882846502
0.08145000000000001,30.059127930447445
0.08145500000000001,30.075945206223842
0.08146,30.085036531091426
0.08146500000000001,30.086403467311996
0.08147,30.080049919597215
0.081475,30.066313220851764
0.08148000000000001,30.052401737057195
0.081485,30.037355856078484
0.08149,30.02231854483059
0.08149500000000001,30.007289860500507
0.0815,29.992269667712467
0.08150500000000001,29.979502979781742
0.08151000000000001,29.968979079127923
0.081515,29.962930822741
0.08152000000000001,29.961336765106683
0.081525,29.964172917638454
0.08153,29.97141430626054
0.08153500000000001,29.983034983161566
0.08154,29.999008038726636
0.081545,30.019305613643798
0.08155000000000001,30.043898911181127
0.081555,30.067833881472545
0.08156000000000001,30.088967984538247
0.08156500000000001,30.102370507853394
0.08157,30.108041939956458
0.08157500000000001,30.105985113365634
0.08158,30.096204790672257
0.081585,30.08287759442027
0.08159000000000001,30.067246818232
0.081595,30.052750661669048
0.0816,30.03770451431782
0.08160500000000001,30.02491111461385
0.08161,30.014360690921446
0.08161500000000001,30.008274629411282
0.08162000000000001,30.006631544583584
0.081625,30.009407522212896
0.08163000000000001,30.01657766496526
0.08163500000000001,30.028116104120276
0.08164,30.043996011470956
0.08164500000000001,30.06418961139779
0.08165,30.08373808620614
0.081655,30.100490202824126
0.08166000000000001,30.109510269509254
0.081665,30.110799869682303
0.08167,30.1043629307285
0.08167500000000001,30.090591728619504
0.08168,30.07664849719862
0.08168500000000001,30.061589344855015
0.08169000000000001,30.04653881841768
0.081695,30.031496965233675
0.08170000000000001,30.016463655036254
0.081705,30.003680961175878
0.08171,29.993138172405516
0.08171500000000001,29.987065047199245
0.08172,29.985440177018425
0.081725,29.988239613758218
0.08173000000000001,29.99543842508403
0.081735,30.007010706167964
0.08174000000000001,30.022929591603436
0.08174500000000001,30.04316726749399
0.08175,30.062766229825055
0.08175500000000001,30.079572698239687
0.08176000000000001,30.088652315031442
0.081765,30.090006645882365
0.08177000000000001,30.083639599148043
0.081775,30.06989758412352
0.08178,30.05598123652724
0.08178500000000001,30.040933555816
0.08179,30.025894446858974
0.081795,30.010863965496085
0.08180000000000001,29.995841977467823
0.081805,29.983073064964252
0.08181000000000001,29.972546514499726
0.08181500000000001,29.96649472504034
0.08182,29.96489625647185
0.08182500000000001,29.967727126127432
0.08183,29.9749623660383
0.081835,29.986576034684827
0.08184000000000001,30.002541228925967
0.081845,30.02283009610313
0.08185,30.042486411093037
0.08185500000000001,30.059353953275604
0.08186,30.06849966375983
0.08186500000000001,30.06992508895456
0.08187000000000001,30.06363411669564
0.081875,30.04992229408138
0.08188000000000001,30.036033589760617
0.08188500000000001,30.020996364473916
0.08189,30.005967682695985
0.08189500000000001,29.990947608480187
0.0819,29.975936001951673
0.081905,29.963179851303508
0.08191000000000001,29.952668427742307
0.081915,29.946636686515976
0.08192,29.945063157270308
0.08192500000000001,29.947923824200732
0.08193,29.955193685160506
0.08193500000000001,29.966846763426116
0.08194000000000001,29.982856119641152
0.081945,30.003193863934776
0.08195000000000001,30.027831168210927
0.081955,30.051814996254972
0.08196,30.07300088992273
0.08196500000000001,30.086459166191638
0.08197,30.092190297492774
0.081975,30.090197099253114
0.08198000000000001,30.080484316000096
0.081985,30.06577766924935
0.08199000000000001,30.05102115767573
0.08199500000000001,30.03597483891676
0.082,30.020937322006493
0.08200500000000001,30.008154556155567
0.08201000000000001,29.997616753479853
0.082015,29.991547458519218
0.08202000000000001,29.989925260358522
0.082025,29.992726216907936
0.08203,29.99992540209188
0.08203500000000001,30.011496917583035
0.08204,30.02741390471453
0.082045,30.047648556566163
0.08205000000000001,30.06724309569775
0.082055,30.08404430377732
0.08206000000000001,30.09311754542768
0.08206500000000001,30.094464388539677
0.08207,30.08808874395448
0.08207500000000001,30.07434171282106
0.08208,30.06042059799218
0.082085,30.045369660066346
0.08209000000000001,30.030327336674944
0.082095,30.01529368136202
0.0821,30.000268558880116
0.08210500000000001,29.9874959975769
0.08211,29.97696526861825
0.08211500000000001,29.9709082074374
0.08212000000000001,29.969303380995164
0.082125,29.97212681433009
0.08213000000000001,29.979353547402265
0.08213500000000001,29.990957646841437
0.08214,30.006912217873438
0.08214500000000001,30.027189416420907
0.08215,30.046832743340133
0.082155,30.06368650053136
0.08216000000000001,30.072817350697843
0.082165,30.07422684455332
0.08217,30.067918874505448
0.08217500000000001,30.054200113411497
0.08218,30.04030503948887
0.08218500000000001,30.0252652188263
0.08219000000000001,30.01023396192374
0.082195,29.995211330484487
0.08220000000000001,29.980197185329537
0.082205,29.967437996556743
0.08221,29.956923032363328
0.08221500000000001,29.950886697409658
0.08222,29.94930752793982
0.082225,29.952161515369664
0.08223000000000001,29.959423664992606
0.082235,29.971068007741994
0.08224000000000001,29.98706761213198
0.08224500000000001,30.00739459637292
0.08225,30.03202014065744
0.08225500000000001,30.055990944547986
0.08226000000000001,30.07716304974334
0.082265,30.090606504818727
0.08227000000000001,30.09632178647624
0.082275,30.094311714670155
0.08228,30.084581038708695
0.08228500000000001,30.069867478168316
0.08229,30.055104660109627
0.08229500000000001,30.04005611675707
0.08230000000000001,30.025016384512007
0.082305,30.01223092772878
0.08231000000000001,30.00168996185866
0.08231500000000001,29.995616495244978
0.08232,29.993989123183848
0.08232500000000001,29.99678391040675
0.08233,30.003975937871783
0.082335,30.01553931449481
0.08234000000000001,30.03144718905865
0.082345,30.051671762296408
0.08235,30.071255003786757
0.08235500000000001,30.088044178025203
0.08236,30.097104392716943
0.08236500000000001,30.098437219553535
0.08237000000000001,30.092046573423477
0.082375,30.078293592361305
0.08238000000000001,30.06436703021389
0.082385,30.0493140359606
0.08239,30.03426966134368
0.08239500000000001,30.019233958305012
0.0824,30.00420679272314
0.082405,29.991431717015526
0.08241000000000001,29.980898005585395
0.082415,29.97483698827532
0.08242000000000001,29.973227238024624
0.08242500000000001,29.976044786423575
0.08243,29.983264680189887
0.08243500000000001,29.994860992913996
0.08244000000000001,30.010806836982596
0.082445,30.031074375676567
0.08245000000000001,30.050706865530763
0.082455,30.0675490747004
0.08246,30.076667417780655
0.08246500000000001,30.078063449137275
0.08247,30.071741065068075
0.082475,30.05801661575139
0.08248000000000001,30.044116336708836
0.082485,30.029074578712063
0.08249000000000001,30.0140413874685
0.08249500000000001,29.99901682321235
0.0825,29.984000747923087
0.08250500000000001,29.97123917248327
0.08251,29.960721369078513
0.082515,29.954681254497117
0.08252000000000001,29.953097370740156
0.082525,29.95594571553388
0.08253,29.963201300681348
0.08253500000000001,29.974838163822078
0.08254,29.990829380370144
0.08254500000000001,30.011147075626763
0.08255000000000001,30.03576243706354
0.082555,30.059721928145986
0.08256000000000001,30.080882037382306
0.08256500000000001,30.094312573569933
0.08257,30.100014017145817
0.08257500000000001,30.09798919202832
0.08258,30.088242851716295
0.082585,30.073523324658115
0.08259000000000001,30.05875507213125
0.082595,30.043704697249066
0.0826,30.02866313549063
0.08260500000000001,30.01587541912637
0.08261,30.005331769575598
0.08261500000000001,29.999254717515846
0.08262000000000001,29.997622863736687
0.082625,30.00041227900745
0.08263000000000001,30.007598050515373
0.082635,30.019154293594145
0.08264,30.035054163630384
0.08264500000000001,30.05526986814431
0.08265,30.07484315043632
0.082655,30.091621706921135
0.08266000000000001,30.100670415529464
0.082665,30.101990851315815
0.08267000000000001,30.095586932752244
0.08267500000000001,30.08182872935129
0.08268,30.067897389706914
0.08268500000000001,30.05284263241627
0.08269000000000001,30.03779649627903
0.082695,30.0227590319303
0.08270000000000001,30.00773010636496
0.082705,29.99495284687243
0.08271,29.984416532101882
0.08271500000000001,29.97835204029106
0.08272,29.976737949701135
0.082725,29.97955029775661
0.08273000000000001,29.98676413719428
0.082735,29.998353547805966
0.08274000000000001,30.01429164835949
0.08274500000000001,30.03455060869393
0.08275,30.054173466714772
0.08275500000000001,30.07100540782758
0.08276,30.0801126246209
0.082765,30.08149667471194
0.08277000000000001,30.07516145786316
0.082775,30.061431963222443
0.08278,30.047527069035425
0.08278500000000001,30.032483611672916
0.08279,30.0174487223737
0.08279500000000001,30.002422460114055
0.08280000000000001,29.987404687959167
0.082805,29.974641006120066
0.08281000000000001,29.964120690957863
0.08281500000000001,29.95807722297
0.08282,29.95648914929765
0.08282500000000001,29.959332473302204
0.08283,29.966582212600528
0.082835,29.978212410822053
0.08284000000000001,29.99419614954445
0.082845,30.0145055604037
0.08285000000000001,30.03911183737475
0.08285500000000001,30.06306123260913
0.08286,30.084210634538938
0.08286500000000001,30.09762963735796
0.08287000000000001,30.103318724838605
0.082875,30.10128072443982
0.08288000000000001,30.091520393403858
0.082885,30.076795545286494
0.08289,30.062022446939306
0.08289500000000001,30.04697044694713
0.0829,30.031927261316127
0.082905,30.019137535693552
0.08291000000000001,30.00859149711112
0.082915,30.00251124885261
0.08292000000000001,30.000875396619286
0.08292500000000001,30.003660016579353
0.08293,30.010840201490264
0.08293500000000001,30.022390072424905
0.08294000000000001,30.038282790675726
0.082945,30.05849056983295
0.08295000000000001,30.07805495065044
0.082955,30.09482401616808
0.08296,30.103862438642768
0.08296500000000001,30.10517179613592
0.08297,30.098756010324013
0.08297500000000001,30.084993141311994
0.08298000000000001,30.071057533816848
0.082985,30.05600120529798
0.08299000000000001,30.040953499014613
0.08299500000000001,30.02591446444349
0.083,30.01088396958867
0.08300500000000001,29.998104761249664
0.08301,29.987566121998544
0.083015,29.981498525888032
0.08302000000000001,29.979880555940664
0.083025,29.982688254800944
0.08303,29.989896680591198
0.08303500000000001,30.001479918652006
0.08304,30.017411093460886
0.08304500000000001,30.037662380725223
0.08305000000000001,30.057276622641908
0.083055,30.074099378125233
0.08306000000000001,30.083196641032945
0.083065,30.08456997189137
0.08307,30.07822327356289
0.08307500000000001,30.064489266592744
0.08308,30.050580244964422
0.083085,30.035535269495053
0.08309000000000001,30.020498863137814
0.083095,30.00547108374812
0.08310000000000001,29.990451795367488
0.08310500000000001,29.977686230612587
0.08311,29.967163669637205
0.08311500000000001,29.961117202413188
0.08312000000000001,29.95952538068187
0.083125,29.96236421284801
0.08313000000000001,29.969608721731674
0.083135,29.98123295632328
0.08314,29.997210003716923
0.08314500000000001,30.017512001218254
0.08315,30.042110148622875
0.083155,30.066050508918146
0.08316000000000001,30.087190328541666
0.083165,30.100599009578644
0.08317000000000001,30.106277038786665
0.08317500000000001,30.10422724679349
0.08318,30.094454394191693
0.08318500000000001,30.081135207579887
0.08319,30.06550733950224
0.083195,30.051013928081616
0.08320000000000001,30.03596864340232
0.083205,30.02317633548026
0.08321,30.01262723468728
0.08321500000000001,30.006542925058312
0.08322,30.00490201843001
0.08322500000000001,30.007680597694716
0.08323000000000001,30.014853762545293
0.083235,30.02639564119841
0.08324000000000001,30.04227940229573
0.08324500000000001,30.062477266979162
0.08325,30.082030525283937
0.08325500000000001,30.09878773871504
0.08326,30.107813324924585
0.083265,30.109108865722042
0.08327000000000001,30.102678286776328
0.083275,30.088909579177454
0.08328,30.074968628899406
0.08328500000000001,30.059910311081047
0.08329,30.044860618618976
0.08329500000000001,30.029819599480422
0.08330000000000001,30.014787122856426
0.083305,30.002005464295916
0.08331000000000001,29.99146391044181
0.083315,29.985392434689892
0.08332,29.983769625970833
0.08332500000000001,29.98657153340523
0.08333,29.99377322179591
0.083335,30.005348783365637
0.08334000000000001,30.02127134967293
0.083345,30.041513103702105
0.08335000000000001,30.0611166454739
0.08335500000000001,30.077927996079843
0.08336,30.087012903455232
0.08336500000000001,30.088372931735847
0.08337000000000001,30.082011987629613
0.083375,30.06827237083266
0.08338000000000001,30.05435821688827
0.083385,30.039311342860053
0.08339,30.024273040041187
0.08339500000000001,30.00924336486691
0.0834,29.994222182558254
0.083405,29.98145427071011
0.08341000000000001,29.970928913815136
0.083415,29.9648787184336
0.08342000000000001,29.963282242005977
0.08342500000000001,29.966115499184603
0.08343,29.97335351923483
0.08343500000000001,29.984970357787354
0.08344,30.00093910876878
0.083445,30.02123191650669
0.08345000000000001,30.040892656392128
0.083455,30.05776491597386
0.08346,30.06691573842732
0.08346500000000001,30.068346668667317
0.08347,30.062061592937688
0.08347500000000001,30.048352087646215
0.08348000000000001,30.034465502981515
0.083485,30.019429057254474
0.08349000000000001,30.004401154502602
0.08349500000000001,29.989381859354754
0.0835,29.974371031434455
0.08350500000000001,29.961615847727263
0.08351,29.951105577489663
0.083515,29.945075376539222
0.08352000000000001,29.943503772159165
0.083525,29.94636674595475
0.08353000000000001,29.95363929310693
0.08353500000000001,29.965295434138906
0.08354,29.981308226861092
0.08354500000000001,30.001649778490798
0.08355000000000001,30.026291257942567
0.083555,30.050279726155082
0.08356000000000001,30.071470541115126
0.083565,30.084934118465647
0.08357,30.090670929104615
0.08357500000000001,30.088683786831545
0.08358,30.078977434453197
0.083585,30.064273233140558
0.08359000000000001,30.049518948558426
0.083595,30.034473376245725
0.08360000000000001,30.01943660524128
0.08360500000000001,30.00665476250359
0.08361,29.99611805755455
0.08361500000000001,29.99005023142515
0.08362000000000001,29.98842987094232
0.083625,29.991233031534318
0.08363000000000001,29.998434784564854
0.083635,30.01000922906823
0.08364,30.025929503662553
0.08364500000000001,30.04616779863712
0.08365,30.065766429675186
0.08365500000000001,30.08257200068852
0.08366000000000001,30.09164997086105
0.083665,30.093001906701332
0.08367000000000001,30.086631717577422
0.08367500000000001,30.072886831067432
0.08368,30.05896767800791
0.08368500000000001,30.04391746212832
0.08369,30.028875860299507
0.083695,30.0138429265975
0.08370000000000001,29.998818525310384
0.083705,29.98604685971849
0.08371,29.97551719917793
0.08371500000000001,29.969461564948507
0.08372,29.967858521802068
0.08372500000000001,29.970684092377287
0.08373000000000001,29.97791331415831
0.083735,29.989520251223905
0.08374000000000001,30.00547800617487
0.083745,30.025758732235925
0.08375,30.045406020243423
0.08375500000000001,30.062264000371087
0.08376,30.071399426691666
0.083765,30.072813848581465
0.08377000000000001,30.06651115702298
0.083775,30.05279447033864
0.08378000000000001,30.038901293877032
0.08378500000000001,30.023862171031855
0.08379,30.00883161147068
0.08379500000000001,29.99380967741189
0.08380000000000001,29.978796229227378
0.083805,29.966037906021
0.08381000000000001,29.95552397424348
0.083815,29.94948901810409
0.08382,29.947911571731947
0.08382500000000001,29.950767624224216
0.08383,29.9580321784821
0.083835,29.969679262974203
0.08384000000000001,29.98568194367847
0.083845,30.006012336198562
0.08385000000000001,30.030641618051057
0.08385500000000001,30.054616575769717
0.08386,30.075793086454322
0.08386500000000001,30.08924128700517
0.08387,30.09496165275189
0.083875,30.09295700219191
0.08388000000000001,30.08323208309309
0.083885,30.068520711677785
0.08389,30.053759887192665
0.08389500000000001,30.038712012039255
0.0839,30.023672947510214
0.08390500000000001,30.010888317079065
0.08391000000000001,30.00034833387465
0.083915,29.994276182138357
0.08392000000000001,29.992650455145
0.08392500000000001,29.99544721540427
0.08393,30.002641541581927
0.08393500000000001,30.014207540231972
0.08394,30.03011835770676
0.083945,30.050346192241335
0.08395000000000001,30.069933096778225
0.083955,30.08672617668605
0.08396,30.09579062432083
0.08396500000000001,30.097128010136693
0.08397,30.09074224770345
0.08397500000000001,30.076991186490897
0.08398000000000001,30.063066380503187
0.083985,30.048014032615196
0.08399000000000001,30.032970303930938
0.083995,30.01793524686853
0.084,30.002908726890695
0.08400500000000001,29.990134453014047
0.08401,29.979601698021575
0.084015,29.973541958107155
0.08402000000000001,29.971933804250572
0.084025,29.97475326589375
0.08403000000000001,29.981975387537922
0.08403500000000001,29.993574240489895
0.08404,30.009522934786478
0.08404500000000001,30.02979363129337
0.08405000000000001,30.049429667095314
0.084055,30.06627565661842
0.08406000000000001,30.0753980962516
0.084065,30.07679853916331
0.08407,30.070480880375587
0.08407500000000001,30.05675828805958
0.08408,30.04285970761405
0.08408500000000001,30.02781857429767
0.08409000000000001,30.012786007308527
0.084095,29.997762067341924
0.08410000000000001,29.98274661597529
0.08410500000000001,29.969985815384852
0.08411,29.959468936192707
0.08411500000000001,29.953430055918755
0.08412,29.951847714670805
0.084125,29.954697908099405
0.08413000000000001,29.961955645866116
0.084135,29.973594963404025
0.08414,29.98958893385679
0.08414500000000001,30.00990968019215
0.08415,30.034528387486105
0.08415500000000001,30.058491597060637
0.08416000000000001,30.079655650075424
0.084165,30.093090434396203
0.08417000000000001,30.098796429231324
0.08417500000000001,30.096776457194977
0.08418,30.087035270407096
0.08418500000000001,30.072317703045478
0.08419,30.057551235158105
0.084195,30.042501458444367
0.08420000000000001,30.027460494421966
0.084205,30.014673517804347
0.08421000000000001,30.004130747931747
0.08421500000000001,29.998054872945136
0.08422,29.996424491824634
0.08422500000000001,29.999215673350633
0.08423000000000001,30.00640350265829
0.084235,30.017962092966936
0.08424000000000001,30.03386459748746
0.084245,30.054083221503834
0.08425,30.073659782943512
0.08425500000000001,30.090441835771294
0.08426,30.099494333697074
0.084265,30.10081885066762
0.08427000000000001,30.094419303974465
0.084275,30.080662819216595
0.08428000000000001,30.06673305168059
0.08428500000000001,30.05167887301361
0.08429,30.03663331511279
0.08429500000000001,30.021596429039523
0.08430000000000001,30.006568081416468
0.084305,29.993791539720153
0.08431000000000001,29.983256081149303
0.084315,29.977192732858914
0.08432,29.97558007135595
0.08432500000000001,29.978394132141727
0.08433,29.985609965968873
0.08433500000000001,29.9972016505849
0.08434000000000001,30.013142302653996
0.084345,30.03340408985321
0.08435000000000001,30.05303012219606
0.08435500000000001,30.069865447470242
0.08436,30.078976331485798
0.08436500000000001,30.08036433078817
0.08437,30.074033343997716
0.084375,30.06030551173845
0.08438000000000001,30.04640213813038
0.084385,30.03135923997971
0.08439,30.016324909511003
0.08439500000000001,30.001299206113323
0.0844,29.986281992491964
0.08440500000000001,29.973519004295603
0.08441000000000001,29.962999516485695
0.084415,29.956957153446176
0.08442000000000001,29.955370460623353
0.084425,29.958215439520483
0.08443,29.96546710583733
0.08443500000000001,29.97709950122818
0.08444,29.993085705238208
0.084445,30.01339784741446
0.08445000000000001,30.038007119587366
0.084455,30.061959843605344
0.08446000000000001,30.08311277599449
0.08446500000000001,30.096535581730347
0.08447,30.10222874348546
0.08447500000000001,30.100195087551285
0.08448000000000001,30.090439369935677
0.084485,30.075716276133107
0.08449000000000001,30.060944775390094
0.084495,30.045893310876536
0.0845,30.030850660337055
0.08450500000000001,30.01806159693349
0.08451,30.007516345836418
0.084515,30.001437151290435
0.08452000000000001,29.999802617376965
0.084525,30.00258881848374
0.08453000000000001,30.009770845531186
0.08453500000000001,30.02132281769944
0.08454,30.037217894333217
0.08454500000000001,30.057428287020887
0.08455,30.076995603322235
0.084555,30.093767798756364
0.08456000000000001,30.1028096134175
0.084565,30.10412262437541
0.08457,30.09771075224977
0.08457500000000001,30.083949421762235
0.08458,30.0700152216141
0.08458500000000001,30.05495941107749
0.08459000000000001,30.039912222429702
0.084595,30.02487370552913
0.08460000000000001,30.00984372804659
0.08460500000000001,29.99706516227672
0.08461,29.986527289493164
0.08461500000000001,29.980460717058953
0.08462,29.97884402642625
0.084625,29.981653258517944
0.08463000000000001,29.988863469680126
0.084635,30.00044874342332
0.08464,30.01638220234189
0.08464500000000001,30.036636020207762
0.08465,30.056253103768736
0.08465500000000001,30.07307888874396
0.08466000000000001,30.082179434538904
0.084665,30.08355630072041
0.08467000000000001,30.077213389128474
0.084675,30.0634808703176
0.08468,30.049573209907358
0.08468500000000001,30.03452873504285
0.08469,30.01949282894913
0.084695,30.00446554985111
0.08470000000000001,29.98944676146812
0.084705,29.976681817660275
0.08471000000000001,29.966159997328376
0.08471500000000001,29.960114519251068
0.08472,29.958523933652444
0.08472500000000001,29.961364247273846
0.08473000000000001,29.968610481219194
0.084735,29.980236682710714
0.08474000000000001,29.996215937023056
0.084745,30.01652037959185
0.08475,30.04112120829292
0.08475500000000001,30.06506454850611
0.08476,30.08620752858712
0.08476500000000001,30.09961961398479
0.08477000000000001,30.10530129047211
0.084775,30.103255387631705
0.08478000000000001,30.09348666495113
0.08478500000000001,30.07875862571732
0.08479,30.06398262130425
0.08479500000000001,30.048929647186377
0.0848,30.03388548813954
0.084805,30.021094557873724
0.08481000000000001,30.010547086803182
0.084815,30.00446492181684
0.08482,30.00282667156229
0.08482500000000001,30.00560841544633
0.08483,30.012785249567806
0.08483500000000001,30.024331298442398
0.08484000000000001,30.0402197269053
0.084845,30.06042275218801
0.08485000000000001,30.07998179353132
0.08485500000000001,30.09674516592212
0.08486,30.105777418228254
0.08486500000000001,30.10708013031489
0.08487,30.100657225780708
0.084875,30.08689155826103
0.08488000000000001,30.072953390860725
0.084885,30.057896120115792
0.08489000000000001,30.04284747223971
0.08489500000000001,30.027807496014987
0.0849,30.01277606005165
0.08490500000000001,29.99999568288613
0.08491000000000001,29.989455649450985
0.084915,29.983386191320815
0.08492000000000001,29.981765894374437
0.084925,29.98457080438788
0.08493,29.991775982714245
0.08493500000000001,30.003355518022847
0.08494,30.019282538216462
0.084945,30.039529222522916
0.08495000000000001,30.059138295727806
0.084955,30.07595554082434
0.08496000000000001,30.0850468324459
0.08496500000000001,30.086413732864017
0.08497,30.080060146800715
0.08497500000000001,30.066323432984557
0.08498000000000001,30.052411935404837
0.084985,30.037366049356457
0.08499000000000001,30.022328733042354
0.084995,30.00730004364577
0.085,29.992279845794208
0.08500500000000001,29.9795131515751
0.08501,29.96898924342072
0.08501500000000001,29.962940977016636
0.08502000000000001,29.961346906863913
0.085025,29.964183044392882
0.08503000000000001,29.971424415545137
0.08503500000000001,29.98304507252723
0.08504,29.999018105742667
0.08504500000000001,30.019315655898456
0.08505,30.03898171890165
0.085055,30.05585965230347
0.08506000000000001,30.06501662165938
0.085065,30.06645417008842
0.08507,30.060176181921154
0.08507500000000001,30.046469467147343
0.08508,30.03258543542716
0.08508500000000001,30.01754993361898
0.08509000000000001,30.00252297377732
0.085095,29.98750462123631
0.08510000000000001,29.972494735031244
0.085105,29.95974071857727
0.08511,29.94923183895617
0.08511500000000001,29.943203492542306
0.08512,29.9416342037831
0.085125,29.944499951175064
0.08513000000000001,29.951775726692027
0.085135,29.963435547553015
0.08514000000000001,29.979452468168617
0.08514500000000001,29.999798592262014
0.08515,30.024445085160746
0.08515500000000001,30.048439124277778
0.08516000000000001,30.069635847168897
0.085165,30.083105787765575
0.08517000000000001,30.088849415125775
0.085175,30.086869541095915
0.08518,30.077170906417912
0.08518500000000001,30.06246964203358
0.08519,30.047718032231195
0.085195,30.03267335862911
0.08520000000000001,30.017637485534486
0.085205,30.004856753030936
0.08521000000000001,29.994321367603554
0.08521500000000001,29.988255305886348
0.08522,29.986637151997897
0.08522500000000001,29.98944295838957
0.08523,29.996647793353777
0.085235,30.008225752760374
0.08524000000000001,30.024149971971234
0.085245,30.04439263792896
0.08525,30.063996177954245
0.08525500000000001,30.080806982863955
0.08526,30.0898906252036
0.08526500000000001,30.091248669823717
0.08527000000000001,30.084885024325505
0.085275,30.07114271124493
0.08528000000000001,30.05722591229209
0.08528500000000001,30.04217656387059
0.08529,30.02713582884572
0.08529500000000001,30.012103761934327
0.0853,29.99708022687036
0.085305,29.98430963665928
0.08531000000000001,29.973781258520628
0.085315,29.967727336500385
0.08532000000000001,29.966126432745593
0.08532500000000001,29.96895456701733
0.08533,29.976186773830932
0.08533500000000001,29.987797114206366
0.08534000000000001,30.003758687596985
0.085345,30.024043643992645
0.08535000000000001,30.04369568209645
0.085355,30.0605587262195
0.08536,30.069699639967244
0.08536500000000001,30.071119971112285
0.08537,30.06482360892825
0.085375,30.051109410107472
0.08538000000000001,30.037218509334256
0.085385,30.022180223857767
0.08539000000000001,30.007150501061265
0.08539500000000001,29.992129403782005
0.0854,29.977116791854687
0.08540500000000001,29.964359506991315
0.08541000000000001,29.953846813563732
0.085415,29.947813511028606
0.08542000000000001,29.946238130979413
0.085425,29.949096659733407
0.08543,29.95636409732375
0.08543500000000001,29.968014469264098
0.08544,29.984020838491745
0.08544500000000001,30.004355317485263
0.08545000000000001,30.028989080552932
0.085455,30.052969018487396
0.08546000000000001,30.074150811072013
0.08546500000000001,30.08760470108887
0.08547,30.093331162222167
0.08547500000000001,30.09133301122269
0.08548,30.081614994011595
0.085485,30.066906247327697
0.08549000000000001,30.05214781312861
0.085495,30.03710073933978
0.0855,30.02206247558236
0.08550500000000001,30.00927883608018
0.08551,29.998740031184656
0.08551500000000001,29.9926694560022
0.08552000000000001,29.991045701384465
0.085525,29.993844827177572
0.08553000000000001,30.001041909299197
0.08553500000000001,30.012611051471847
0.08554,30.028525397134192
0.08554500000000001,30.048757141526597
0.08555,30.068348437525366
0.085555,30.08514619974319
0.08556000000000001,30.094215722012784
0.085565,30.095558573304807
0.08557000000000001,30.08917866560815
0.08557500000000001,30.07542990606796
0.08558,30.061507205516115
0.08558500000000001,30.04645563263792
0.08559000000000001,30.03141267843811
0.085595,30.01637839590594
0.08560000000000001,30.001352650005945
0.085605,29.98857933748187
0.08561,29.978047729177398
0.08561500000000001,29.971989520704284
0.08562,29.970383280693177
0.085625,29.973205036010587
0.08563000000000001,29.980429828500682
0.085635,29.992031726732645
0.08564000000000001,30.007983837926258
0.08564500000000001,30.02825832005195
0.08565,30.04789860675478
0.08565500000000001,30.064749128175972
0.08566000000000001,30.073876478755842
0.085665,30.07528221022758
0.08567000000000001,30.068970216083784
0.085675,30.05524984997288
0.08568,30.041353305839106
0.08568500000000001,30.026312921442944
0.08569,30.011281102860355
0.08569500000000001,29.996257911339516
0.08570000000000001,29.98124320797602
0.085705,29.96848333631211
0.08571000000000001,29.957967565096915
0.08571500000000001,29.951930164530335
0.08572,29.950349672450514
0.08572500000000001,29.95320208201972
0.08573,29.96046240033232
0.085735,29.97210466017641
0.08574000000000001,29.98810193197393
0.085745,30.008426335895287
0.08575,30.033049054144687
0.08575500000000001,30.057016721375604
0.08576,30.078185502111733
0.08576500000000001,30.091625379003027
0.08577000000000001,30.097336829785014
0.085775,30.09532267550844
0.08578000000000001,30.085587666640265
0.085785,30.070872448532985
0.08579,30.056108120045838
0.08579500000000001,30.041059060425674
0.0858,30.02601881297722
0.085805,30.013232723169605
0.08581000000000001,30.00269100785139
0.085815,29.996616543925153
0.08582000000000001,29.994987928201912
0.08582500000000001,29.997781227077777
0.08583,30.00497152322795
0.08583500000000001,30.016532927337135
0.08584000000000001,30.032438590008006
0.085845,30.05266071384381
0.08585000000000001,30.07224120623215
0.085855,30.089027450374147
0.08586,30.09808449082098
0.08586500000000001,30.09941390019147
0.08587,30.09301959436202
0.085875,30.079265169869025
0.08588000000000001,30.06533728693662
0.085885,30.05028380191727
0.08589000000000001,30.035238937199235
0.08589500000000001,30.02020274435498
0.0859,30.00517508956097
0.08590500000000001,29.992399408344912
0.08591,29.98186497616707
0.085915,29.975802998698963
0.08592000000000001,29.97419205034468
0.085925,29.977008164300106
0.08593,29.98422638893931
0.08593500000000001,29.995820799559134
0.08594,30.011764510302054
0.08594500000000001,30.03202968625331
0.08595000000000001,30.0516595238668
0.085955,30.068498905959135
0.08596000000000001,30.07761418611556
0.08596500000000001,30.07900691959666
0.08597,30.072681003653713
0.08597500000000001,30.058955164203567
0.08598,30.045053613416734
0.085985,30.030011385634953
0.08599000000000001,30.014977725077753
0.085995,29.999952691629034
0.08600000000000001,29.984936147562657
0.08600500000000001,29.972173990884908
0.08601,29.961655494879512
0.08601500000000001,29.955614456416157
0.08602000000000001,29.95402941890941
0.086025,29.95687638163505
0.08603000000000001,29.964130357994723
0.086035,29.975765387274926
0.08604,29.991754546584406
0.08604500000000001,30.01206996296607
0.08605,30.03668282567953
0.086055,30.060639540123244
0.08606000000000001,30.08179670469938
0.086065,30.09522406923394
0.08607000000000001,30.100922115081033
0.08607500000000001,30.098893667132554
0.08608,30.089143479916597
0.08608500000000001,30.07442248912404
0.08609000000000001,30.05965290353211
0.086095,30.044602080932883
0.08610000000000001,30.02956007184358
0.086105,30.016771802285756
0.08611,30.00622749519893
0.08611500000000001,30.00014956380621
0.08612,29.99851661024729
0.08612500000000001,30.001304706775464
0.08613000000000001,30.008488942109047
0.086135,30.02004343315917
0.08614000000000001,30.035941336935732
0.08614500000000001,30.05615486262731
0.08615,30.07572569787814
0.08615500000000001,30.092501645340203
0.08616,30.10154752642855
0.086165,30.102864917024206
0.08617000000000001,30.096457736479998
0.086175,30.082698250319115
0.08618,30.068765737246963
0.08618500000000001,30.053710547649228
0.08619,30.038663979524685
0.08619500000000001,30.023626083189207
0.08620000000000001,30.00859672591417
0.086205,29.995818930433014
0.08621000000000001,29.985281976462893
0.08621500000000001,29.979216631174186
0.08622,29.977601474136574
0.08622500000000001,29.980412544209127
0.08623,29.98762489560867
0.086235,29.999212609651902
0.08624000000000001,30.015148806675743
0.086245,30.035405658131957
0.08625000000000001,30.05502614814953
0.08625500000000001,30.071855564765986
0.08626,30.080960045962836
0.08626500000000001,30.082341150156786
0.08627000000000001,30.076002777962206
0.086275,30.06227204310103
0.08628000000000001,30.048366014468158
0.086285,30.033322139710393
0.08629,30.018286833314193
0.08629500000000001,30.003260153947426
0.0863,29.98824196494321
0.086305,29.975477765503662
0.08631000000000001,29.964956833027596
0.086315,29.958912540702368
0.08632000000000001,29.957323436933258
0.08632500000000001,29.960165526467563
0.08633,29.967413828351948
0.08633500000000001,29.97904238768902
0.08634000000000001,29.99502428757232
0.086345,30.0153316611958
0.08635000000000001,30.03993570413389
0.086355,30.06388261656019
0.08636,30.085029385278286
0.08636500000000001,30.098445551694944
0.08637,30.10413160040288
0.08637500000000001,30.102090359731825
0.08638000000000001,30.092326587844674
0.086385,30.077600431216407
0.08639000000000001,30.06282614123823
0.08639500000000001,30.04777374175797
0.0864,30.032730156933333
0.08640500000000001,30.019939937313854
0.08641,30.00939331131653
0.086415,30.00331227709935
0.08642000000000001,30.00167544157165
0.086425,30.004458882229518
0.08643,30.011637693200456
0.08643500000000001,30.023185996968966
0.08644,30.039076956280095
0.08644500000000001,30.059282786217057
0.08645000000000001,30.078844977712023
0.086455,30.09561170890567
0.08646000000000001,30.104647601464016
0.086465,30.10595423418805
0.08647,30.099535529542397
0.08647500000000001,30.08577151305734
0.08648,30.071834855921384
0.086485,30.056778141038084
0.08649000000000001,30.04173004865162
0.086495,30.026690627954018
0.08650000000000001,30.011659747197733
0.08650500000000001,29.998880059591578
0.08651,29.988340848674724
0.08651500000000001,29.982272489080852
0.08652000000000001,29.980653565003617
0.086525,29.983460120371493
0.08653000000000001,29.99066721463148
0.086535,30.00224893448897
0.08654,30.01817840582591
0.08654500000000001,30.03842780579311
0.08655,30.058039928447585
0.086555,30.07486042457835
0.08656000000000001,30.08395523915988
0.086565,30.08532593343408
0.08657000000000001,30.0789764110258
0.08657500000000001,30.065241294195847
0.08658,30.051331257378102
0.08658500000000001,30.036285908543118
0.08659,30.021249129076097
0.086595,30.00622097655681
0.08660000000000001,29.99120131526703
0.086605,29.97843528740395
0.08661,29.96791217405523
0.08661500000000001,29.961864969132712
0.08662,29.960272225509257
0.08662500000000001,29.963109952830138
0.08663000000000001,29.970353175195296
0.086635,29.981975942913802
0.08664000000000001,29.997951344436657
0.08664500000000001,30.018251518464098
0.08665,30.037920527829957
0.08665500000000001,30.054801602355987
0.08666,30.06396197555795
0.086665,30.065403189560058
0.08667000000000001,30.059129127632822
0.086675,30.045423955884466
0.08668000000000001,30.03154133557224
0.08668500000000001,30.016506352868152
0.08669,30.00147991177372
0.08669500000000001,29.98646207800631
0.08670000000000001,29.971452710267272
0.086705,29.958699337678283
0.08671000000000001,29.948191226023336
0.086715,29.94216390522507
0.08672,29.94059589815781
0.08672500000000001,29.94346318159339
0.08673,29.950740745726318
0.086735,29.962402605942323
0.08674000000000001,29.97842181476554
0.086745,29.998770473980304
0.08675000000000001,30.023419746923672
0.08675500000000001,30.04741687569744
0.08676,30.068616875429537
0.08676500000000001,30.082090345747183
0.08677000000000001,30.087837754687495
0.086775,30.08586191301328
0.08678000000000001,30.076167560320705
0.086785,30.06146792423581
0.08679,30.046717797280646
0.08679500000000001,30.031673620710773
0.0868,30.01663824428786
0.08680500000000001,30.003858126447753
0.08681000000000001,29.993323471948706
0.086815,29.987258388257057
0.08682000000000001,29.985641457987967
0.08682500000000001,29.988448731940228
0.08683,29.995655276701218
0.08683500000000001,30.007235186384037
0.08684,30.023161594542767
0.086845,30.043406686261985
0.08685000000000001,30.06301295086793
0.086855,30.07982666081978
0.08686,30.0889134516259
0.08686500000000001,30.090274887216403
0.08687,30.08391487421163
0.08687500000000001,30.070173989122974
0.08688000000000001,30.056258496409527
0.086885,30.041209628765085
0.08689000000000001,30.026169374194925
0.08689500000000001,30.011137787770124
0.0869,29.996114732915366
0.08690500000000001,29.983344739113797
0.08691,29.972817072380074
0.086915,29.966764100491496
0.08692000000000001,29.96516438413756
0.086925,29.96799394148144
0.08693000000000001,29.97522780538986
0.08693500000000001,29.986840035184226
0.08694,30.002803728570058
0.08694500000000001,30.023091033740812
0.08695000000000001,30.042745709312115
0.086955,30.059611565252283
0.08696000000000001,30.068755526004445
0.086965,30.070179138450687
0.08697,30.0638862909157
0.08697500000000001,30.050173473329533
0.08698,30.036283835970814
0.086985,30.021246015134327
0.08699000000000001,30.006216756660738
0.086995,29.99119612373028
0.08700000000000001,29.976183975878623
0.08700500000000001,29.963427267349147
0.08701,29.9529152613509
0.08701500000000001,29.94688287689182
0.08702000000000001,29.945308644157176
0.087025,29.94816854792034
0.08703000000000001,29.955437586621606
0.087035,29.967089784133535
0.08704,29.983098201704678
0.08704500000000001,30.003434950077988
0.08705,30.028071201779877
0.08705500000000001,30.052053905512203
0.08706000000000001,30.073238631461333
0.087065,30.086695681219936
0.08707000000000001,30.092425527558362
0.08707500000000001,30.09043098625735
0.08708,30.080716802212425
0.08708500000000001,30.066009513142774
0.08709,30.051252406351338
0.087095,30.036205777479292
0.08710000000000001,30.021167958316916
0.087105,30.00838486903634
0.08711,29.997846718442627
0.08711500000000001,29.991777018762598
0.08712,29.99015435950203
0.08712500000000001,29.99295479902769
0.08713000000000001,30.000153411730917
0.087135,30.01172429976159
0.08714000000000001,30.02764060494007
0.087145,30.047874520843408
0.08715,30.067468255855086
0.08715500000000001,30.084268618634372
0.08716,30.0933409593781
0.087165,30.09468684623299
0.08717000000000001,30.088310190309876
0.087175,30.07456270908782
0.08718000000000001,30.060641177862383
0.08718500000000001,30.045590035362295
0.08719,30.030547511252493
0.08719500000000001,30.015513658839335
0.08720000000000001,30.000488342810485
0.087205,29.987715564180032
0.08721000000000001,29.977184592712867
0.087215,29.971127234784486
0.08722,29.969522057720784
0.08722500000000001,29.972345086957834
0.08723,29.97957136286397
0.08723500000000001,29.991174952487828
0.08724000000000001,30.00712896148454
0.087245,30.027405546216404
0.08725000000000001,30.047048193962013
0.08725500000000001,30.063901232503227
0.08726,30.073031310742106
0.08726500000000001,30.074439979614652
0.08727,30.068131131763963
0.087275,30.05441200212315
0.08728000000000001,30.040516588987586
0.087285,30.025476620530405
0.08729,30.010445217603138
0.08729500000000001,29.99542244176101
0.0873,29.98040815383191
0.08730500000000001,29.967648798095787
0.08731000000000001,29.95713364226075
0.087315,29.951097063548605
0.08732000000000001,29.949517598536865
0.08732500000000001,29.95237123900572
0.08733,29.959632990623625
0.08733500000000001,29.971276884709553
0.08734,29.987275990173693
0.087345,30.007602425632736
0.08735000000000001,30.032227371695775
0.087355,30.056197514856432
0.08736000000000001,30.07736892152749
0.08736500000000001,30.090811627005973
0.08737,30.096526108209332
0.08737500000000001,30.09451518531994
0.08738000000000001,30.08478360788659
0.087385,30.070069694628415
0.08739000000000001,30.055306554429958
0.087395,30.040257893095802
0.0874,30.025218043645435
0.08740500000000001,30.01243244639256
0.08741,30.001891316801434
0.087415,29.995817636620448
0.08742000000000001,29.99419000145582
0.087425,29.996984476379325
0.08743000000000001,30.004176142699798
0.08743500000000001,30.015739109694128
0.08744,30.031646526516298
0.08744500000000001,30.05187059428055
0.08745000000000001,30.07145327006435
0.087455,30.08824184221963
0.08746000000000001,30.097301405754564
0.087465,30.098633532550384
0.08747,30.09224213769746
0.08747500000000001,30.078488857549882
0.08748,30.064562021393858
0.08748500000000001,30.0495089216467
0.08749000000000001,30.03446444194302
0.087495,30.0194286341391
0.08750000000000001,30.004401364163588
0.08750500000000001,29.991626160886685
0.08751,29.9810922988029
0.08751500000000001,29.975031082739157
0.08752,29.973421085931516
0.087525,29.976238340295343
0.08753000000000001,29.983457892883543
0.087535,29.995053817631785
0.08754,30.01099922728185
0.08754500000000001,30.031266285479397
0.08755,30.0508982366909
0.08755500000000001,30.067739872101196
0.08756000000000001,30.076857594049486
0.087565,30.07825295708273
0.08757000000000001,30.071929857691728
0.08757500000000001,30.058205125125554
0.08758,30.044304586804593
0.08758500000000001,30.02926273136975
0.08759,30.014229442905584
0.087595,29.99920478157085
0.08760000000000001,29.98418860939976
0.087605,29.97142691457873
0.08761000000000001,29.96090896945953
0.08761500000000001,29.954868666717594
0.08762,29.953284548638944
0.08762500000000001,29.956132613262145
0.08763000000000001,29.963387872712353
0.087635,29.975024364960934
0.08764000000000001,29.991015165763308
0.087645,30.011332400771494
0.08765,30.035947257817174
0.08765500000000001,30.059906188705963
0.08766,30.081065704011404
0.087665,30.094495600689
0.08767000000000001,30.100196359360545
0.087675,30.098170804140544
0.08768000000000001,30.088423688735176
0.08768500000000001,30.073703866039683
0.08769,30.058935344200258
0.08769500000000001,30.04388487814537
0.08770000000000001,30.028843225342666
0.087705,30.016055396718304
0.08771000000000001,30.005511613972573
0.087715,29.999434384186262
0.08772,29.99780230842051
0.08772500000000001,30.00059145774311
0.08773,30.00777691964919
0.08773500000000001,30.019332809789613
0.08774000000000001,30.035232283877406
0.087745,30.055447549768207
0.08775000000000001,30.07502033958847
0.08775500000000001,30.09179837108144
0.08776,30.10084651083113
0.08776500000000001,30.10216633405828
0.08777,30.095761759412074
0.087775,30.082003297665924
0.08778000000000001,30.068071721664992
0.087785,30.053016876961767
0.08779,30.03797065350092
0.08779500000000001,30.022933101852406
0.0878,30.00790408906574
0.08780500000000001,29.99512672143431
0.08781000000000001,29.984590277810746
0.087815,29.978525614129047
0.08782000000000001,29.9769113089133
0.087825,29.979723399876235
0.08783,29.986936940051994
0.08783500000000001,29.998526009538736
0.08784,30.01446372741951
0.087845,30.034722263857354
0.08785000000000001,30.054344645961994
0.087855,30.071176079742408
0.08786000000000001,30.080282746824558
0.08786500000000001,30.081666204986277
0.08787,30.07533035416119
0.08787500000000001,30.06160061017946
0.08788000000000001,30.04769548790319
0.087885,30.032651946469336
0.08789000000000001,30.01761697316976
0.087895,30.00259062691837
0.0879,29.987572770833758
0.08790500000000001,29.974808984847044
0.08791,29.964288545522763
0.08791500000000001,29.958244911813278
0.08792000000000001,29.956656631113635
0.087925,29.95949970706356
0.08793000000000001,29.966749157567033
0.08793500000000001,29.978379026549337
0.08794,29.994362395892523
0.08794500000000001,30.014671397545424
0.08795,30.039277225804195
0.087955,30.06322612238599
0.08796000000000001,30.08437499547048
0.087965,30.097793428654597
0.08797,30.103481905875494
0.08797500000000001,30.101443254767005
0.08798,30.091682232756234
0.08798500000000001,30.07695712180522
0.08799000000000001,30.062183784095346
0.087995,30.047131703792584
0.08800000000000001,30.03208843791471
0.08800500000000001,30.019298613017643
0.08801,30.008752456409013
0.08801500000000001,30.002672050267947
0.08802,30.001036000538267
0.088025,30.003820383654794
0.08803000000000001,30.01100029265005
0.088035,30.022549848880328
0.08804000000000001,30.038442213929734
0.08804500000000001,30.05864960168824
0.08805,30.078213542908383
0.08805500000000001,30.094982139720756
0.08806000000000001,30.104020054226535
0.088065,30.105328864635602
0.08807000000000001,30.098912492782684
0.088075,30.085149393350875
0.08808,30.07121357507849
0.08808500000000001,30.05615716894381
0.08809,30.041109385099322
0.088095,30.02607027296454
0.08810000000000001,30.011039700593283
0.088105,29.99826039599703
0.08811000000000001,29.987721641941
0.08811500000000001,29.981653892519848
0.08812,29.9800357309912
0.08812500000000001,29.982843200257346
0.08813000000000001,29.990051358706523
0.088135,30.001634291953327
0.08814000000000001,30.01756512475721
0.088145,30.037816033115337
0.08815,30.057429849560954
0.08815500000000001,30.074252151451347
0.08816,30.083348922831394
0.08816500000000001,30.08472172437108
0.08817000000000001,30.078374459085843
0.088175,30.064640229288432
0.08818000000000001,30.05073100383864
0.08818500000000001,30.0356859533943
0.08819,30.02064947211446
0.08819500000000001,30.005621617799143
0.0882,29.99060225453807
0.088205,29.977836596796823
0.08821000000000001,29.967313924916226
0.088215,29.961267309584716
0.08822,29.959675302770794
0.08822500000000001,29.962513913128234
0.08823,29.96975816373405
0.08823500000000001,29.98138210384337
0.08824000000000001,29.997358820822686
0.088245,30.017660452257598
0.08825000000000001,30.037331098155853
0.08825500000000001,30.054213917392964
0.08826,30.063376181232652
0.08826500000000001,30.06481943124656
0.08827,30.058547550116387
0.088275,30.04484323542857
0.08828000000000001,30.030961399071035
0.088285,30.015926704698956
0.08829000000000001,30.000900551738308
0.08829500000000001,29.985883006119334
0.0883,29.9708739263579
0.08830500000000001,29.958120911398307
0.08831000000000001,29.94761322630369
0.088315,29.941586475175004
0.08832000000000001,29.94001918001277
0.088325,29.94288731663089
0.08833,29.95016587423554
0.08833500000000001,29.961828867194182
0.08834,29.97784934698312
0.088345,29.998199414309777
0.08835000000000001,30.022850231405613
0.088355,30.046849076303307
0.08836000000000001,30.068050896129247
0.08836500000000001,30.08152632700081
0.08837,30.087275836388088
0.08837500000000001,30.085302234451976
0.08838000000000001,30.075610260152306
0.088385,30.060911528492674
0.08839000000000001,30.046162225172573
0.088395,30.03111832467506
0.0884,30.01608322412427
0.08840500000000001,30.003303447693817
0.08841,29.992769199182767
0.08841500000000001,29.986704658727213
0.08842000000000001,29.985088408107227
0.088425,29.987896497203703
0.08843000000000001,29.99510399165697
0.08843500000000001,30.006684984604348
0.08844,30.022612608595825
0.08844500000000001,30.042859047683923
0.08845,30.062466825635337
0.088455,30.079282149168503
0.08846000000000001,30.088370688763916
0.088465,30.08973400784048
0.08847000000000001,30.083376012473725
0.08847500000000001,30.069635920551207
0.08848,30.055721153377476
0.08848500000000001,30.040672552776623
0.08849000000000001,30.025632565070996
0.088495,30.01060124552844
0.08850000000000001,29.995578457401855
0.088505,29.98280879487094
0.08851,29.972281523281126
0.08851500000000001,29.966229079135196
0.08852,29.96463002231311
0.088525,29.96746037009047
0.08853000000000001,29.97469515441831
0.088535,29.986308433674584
0.08854000000000001,30.002273304593974
0.08854500000000001,30.022561914372144
0.08855,30.042218054902648
0.08855500000000001,30.05908547264305
0.08856000000000001,30.06823112582827
0.088565,30.06965656084575
0.08857000000000001,30.063365665493105
0.088575,30.049653615102116
0.08858,30.03576467949639
0.08858500000000001,30.020727116740296
0.08859,30.005698116170972
0.08859500000000001,29.990677741159153
0.08860000000000001,29.97566585107442
0.088605,29.962909462664772
0.08861000000000001,29.952397838493376
0.08861500000000001,29.946365963971935
0.08862,29.94479236850354
0.08862500000000001,29.947653036004002
0.08863,29.954922964028913
0.088635,29.96657617553926
0.08864000000000001,29.98258573084562
0.088645,30.002923739726892
0.08865,30.027561373719802
0.08865500000000001,30.051545613691363
0.08866,30.072731968953224
0.08866500000000001,30.08619077376388
0.08867000000000001,30.091922500386115
0.088675,30.089929964061852
0.08868000000000001,30.080217909116943
0.08868500000000001,30.065511429666905
0.08869,30.05075506017291
0.08869500000000001,30.03570867842616
0.0887,30.020671106210372
0.088705,30.00788832254577
0.08871000000000001,29.997350535378516
0.088715,29.991281321988964
0.08872000000000001,29.989659271135352
0.08872500000000001,29.992460440362734
0.08873,29.999659903214685
0.08873500000000001,30.011231760967554
0.08874000000000001,30.02714915454284
0.088745,30.047384276593718
0.08875000000000001,30.066979366334653
0.088755,30.083781173574
0.08876,30.09285507981555
0.08876500000000001,30.094202652748386
0.08877,30.08782780299563
0.088775,30.074081031804663
0.08878000000000001,30.060160150071763
0.088785,30.045109246621582
0.08879000000000001,30.030066961401676
0.08879500000000001,30.01503334789452
0.0888,30.00000827063399
0.08880500000000001,29.98723578855028
0.08881000000000001,29.976705170809044
0.088815,29.970648285308606
0.08882000000000001,29.969043698650136
0.088825,29.971867435475158
0.08883,29.97909453533229
0.08883500000000001,29.99069906442559
0.08884,30.006654127541125
0.08884500000000001,30.026931880147952
0.08885000000000001,30.046575839314965
0.088855,30.0634302759694
0.08886000000000001,30.072561869263613
0.08886500000000001,30.073972169690798
0.08887,30.067665069422237
0.08887500000000001,30.053946626568376
0.08888,30.04005184163629
0.088885,30.025012104208912
0.08889000000000001,30.00998093215392
0.088895,29.994958387197048
0.0889,29.979944330017492
0.08890500000000001,29.967185260849146
0.08891,29.95667044682186
0.08891500000000001,29.95063432460187
0.08892000000000001,29.949055430066487
0.088925,29.95190975422823
0.08893000000000001,29.959172301963545
0.08893500000000001,29.970817103775396
0.08894,29.98681722773429
0.08894500000000001,30.007144791593905
0.08895,30.031770975077343
0.088955,30.055742493472415
0.08896000000000001,30.076915358697015
0.088965,30.09035963529054
0.08897000000000001,30.096075799716044
0.08897500000000001,30.09406667167356
0.08898,30.08433700020192
0.08898500000000001,30.069623811711246
0.08899000000000001,30.05486133153778
0.088995,30.039812891428245
0.08900000000000001,30.02477326304257
0.089005,30.011987939375103
0.08901,30.001447135121175
0.08901500000000001,29.995373890264922
0.08902,29.993746799743334
0.089025,29.996541927892636
0.08903000000000001,30.00373435526271
0.089035,30.015298190348485
0.08904000000000001,30.03120658149927
0.08904500000000001,30.051431729002292
0.08905,30.071015617534798
0.08905500000000001,30.087805482765532
0.08906000000000001,30.096866447728594
0.089065,30.098200083895538
0.08907000000000001,30.091810305920124
0.089075,30.078057661389593
0.08908,30.064131406656738
0.08908500000000001,30.04907852090579
0.08909,30.03403425505508
0.08909500000000001,30.018998661118594
0.08910000000000001,30.003971604887283
0.089105,29.99119666707768
0.08911000000000001,29.980663121647854
0.08911500000000001,29.974602328499774
0.08912,29.972992860220753
0.08912500000000001,29.975810748014858
0.08913,29.98303103820119
0.089135,29.994627803959357
0.08914000000000001,30.010574157253146
0.089145,30.030842260928612
0.08915000000000001,30.05047538612043
0.08915500000000001,30.06731827311729
0.08916,30.076437351338402
0.08916500000000001,30.07783417493433
0.08917000000000001,30.071512639973502
0.089175,30.057788522216754
0.08918000000000001,30.043888546261464
0.089185,30.0288468976436
0.08919,30.013813815855386
0.08919500000000001,29.998789361208242
0.0892,29.98377339560326
0.089205,29.97101195731668
0.08921000000000001,29.9604943181826
0.089215,29.954454424090947
0.08922000000000001,29.952870816700923
0.08922500000000001,29.95571949336387
0.08923,29.962975465495973
0.08923500000000001,29.97461277033806
0.08924000000000001,29.990604482893886
0.089245,30.01092272804292
0.08925000000000001,30.035538692823707
0.089255,30.059498854818315
0.08926,30.080659675816634
0.08926500000000001,30.094090978951854
0.08927,30.099793244438985
0.08927500000000001,30.09776929596076
0.08928000000000001,30.088023886766837
0.089285,30.073304712881058
0.08929000000000001,30.058536781894045
0.08929500000000001,30.043486513878715
0.0893,30.02844505897241
0.08930500000000001,30.01565747526084
0.08931,30.005113983755976
0.089315,29.99903714367106
0.08932000000000001,29.997405555468177
0.089325,30.000195289556604
0.08933,30.007381432752087
0.08933500000000001,30.018938100005485
0.08934,30.034838446309475
0.08934500000000001,30.055054678779335
0.08935000000000001,30.0746285542488
0.089355,30.09140774329927
0.08936000000000001,30.10045713760347
0.08936500000000001,30.10177831201539
0.08937,30.095375184793383
0.08937500000000001,30.0816172920498
0.08938,30.067686236537224
0.089385,30.052631583402757
0.08939000000000001,30.03758555138245
0.089395,30.022548191187415
0.08940000000000001,30.007519369743918
0.08940500000000001,29.994742239758047
0.08941,29.984206079602192
0.08941500000000001,29.97814179451339
0.08942000000000001,29.976527962434943
0.089425,29.97934062044288
0.08943000000000001,29.986554820914417
0.089435,29.99814464327089
0.08944,30.014083205898892
0.08944500000000001,30.034342678245658
0.08945,30.05396611129418
0.089455,30.070798665491406
0.08946000000000001,30.079906546705207
0.089465,30.081291312358594
0.08947000000000001,30.074956862007053
0.08947500000000001,30.061227668400992
0.08948,30.04732304955291
0.08948500000000001,30.032279693261025
0.08949000000000001,30.017244904977172
0.089495,30.002218743751914
0.08950000000000001,29.98720107258469
0.089505,29.974437516246887
0.08951,29.963917350839615
0.08951500000000001,29.957874082952724
0.08952,29.95628625942012
0.08952500000000001,29.959129883266336
0.08953000000000001,29.966379971760645
0.089535,29.978010568174405
0.08954000000000001,29.99399475371677
0.08954500000000001,30.014304659644967
0.08955,30.038911479545142
0.08955500000000001,30.06286147820948
0.08956,30.084011520146618
0.089565,30.097431212387722
0.08957000000000001,30.103121038505783
0.089575,30.101083825748095
0.08958,30.091324331133094
0.08958500000000001,30.07659980099475
0.08959,30.061826992214314
0.08959500000000001,30.046775089196014
0.08960000000000001,30.031732000474438
0.089605,30.018942394822623
0.08961000000000001,30.008396498932004
0.08961500000000001,30.002316441650546
0.08962,30.000680828385796
0.08962500000000001,30.003465734983077
0.08963,30.01064625386674
0.089635,30.022196505766416
0.08964000000000001,30.038089651621362
0.089645,30.058297904658787
0.08965000000000001,30.07786281774911
0.08965500000000001,30.09463245080377
0.08966,30.103671488383284
0.08966500000000001,30.104981508369246
0.08967000000000001,30.09856643224648
0.089675,30.08480384218421
0.08968000000000001,30.07086848985157
0.089685,30.055812255208703
0.08969,30.040764642741266
0.08969500000000001,30.0257257019951
0.0897,30.010695300913728
0.08970500000000001,29.99791620905711
0.08971000000000001,29.9873777087606
0.089715,29.98131029825476
0.08972000000000001,29.97969256027732
0.08972500000000001,29.98250053716058
0.08973,29.989709286704713
0.08973500000000001,30.00129289391842
0.08974000000000001,30.01722448293769
0.089745,30.037476229118898
0.08975000000000001,30.057090986366596
0.089755,30.07391429125104
0.08976,30.083012149518407
0.08976500000000001,30.08438612152103
0.08977,30.078040109935863
0.08977500000000001,30.06430637283325
0.08978000000000001,30.05039759805098
0.089785,30.035352713345215
0.08979000000000001,30.020316397690944
0.08979500000000001,30.005288709010514
0.0898,29.99026951128698
0.08980500000000001,29.9775040591268
0.08981,29.966981632455962
0.089815,29.96093534460784
0.08982000000000001,29.95934374704858
0.089825,29.962182847881277
0.08983000000000001,29.96942766961475
0.08983500000000001,29.98105226091871
0.08984,29.997029708557278
0.08984500000000001,30.01733214949695
0.08985000000000001,30.037003704393413
0.089855,30.053887492715674
0.08986000000000001,30.063050806694225
0.089865,30.064495187593806
0.08987,30.058224517769084
0.08987500000000001,30.044520679128354
0.08988,30.030639278211883
0.089885,30.01560474399139
0.08989000000000001,30.000578751072233
0.089895,29.985561365502875
0.08990000000000001,29.97055244569618
0.08990500000000001,29.957799629378826
0.08991,29.947292181213577
0.08991500000000001,29.94126574650307
0.08992000000000001,29.939698846762514
0.089925,29.942567457273725
0.08993000000000001,29.949846566693907
0.089935,29.96151018882494
0.08994,29.977531374561128
0.08994500000000001,29.99788222401173
0.08995,30.022533898794094
0.08995500000000001,30.04653369689842
0.08996000000000001,30.06773652768021
0.089965,30.08121304752499
0.08997000000000001,30.086963723587914
0.08997500000000001,30.08499136569556
0.08998,30.07530071245428
0.08998500000000001,30.06060248315007
0.08999,30.045853637311158
0.089995,30.03080989015572
0.09000000000000001,30.01577494283579
0.090005,30.002995356038454
0.09001,29.992461333030043
0.09001500000000001,29.986397094310423
0.09002,29.984781221195835
0.09002500000000001,29.987589763057326
0.09003000000000001,29.9947977850092
0.090035,30.0063793796468
0.09004000000000001,30.02230767896237
0.09004500000000001,30.04255486643521
0.09005,30.06216348496168
0.09005500000000001,30.07897970474504
0.09006,30.0880692156908
0.090065,30.089433580933907
0.09007000000000001,30.08307670624727
0.090075,30.06933705488222
0.09008000000000001,30.055422690703438
0.09008500000000001,30.0403742384297
0.09009,30.025334398951742
0.09009500000000001,30.010303227646673
0.09010000000000001,29.995280587672017
0.090105,29.98251110914261
0.09011000000000001,29.971984057032152
0.090115,29.965931906016454
0.09012,29.964333215525794
0.09012500000000001,29.96716400234281
0.09013,29.974399297909894
0.090135,29.98601316008098
0.09014000000000001,30.001978685051505
0.090145,30.022268019462924
0.09015000000000001,30.041924973692733
0.09015500000000001,30.058793258921973
0.09016,30.067939852154943
0.09016500000000001,30.069366299504328
0.09017000000000001,30.063076488474994
0.090175,30.049364864216134
0.09018000000000001,30.035476318393215
0.090185,30.020438898985702
0.09019,30.005410041667144
0.09019500000000001,29.990389809914067
0.0902,29.97537806300381
0.09020500000000001,29.96262185240204
0.09021000000000001,29.95211044031316
0.090215,29.946078849032308
0.09022000000000001,29.944505607528093
0.09022500000000001,29.94736669924003
0.09023,29.954637121232295
0.09023500000000001,29.966290895959567
0.09024,29.982301083211414
0.090245,30.002639792231278
0.09025000000000001,30.027278194006133
0.090255,30.05126328726888
0.09026,30.07245054751883
0.09026500000000001,30.085910327158437
0.09027,30.091643098168547
0.09027500000000001,30.089651675491798
0.09028000000000001,30.079940803137642
0.090285,30.06523477338402
0.09029000000000001,30.05047881341572
0.09029500000000001,30.03543256893263
0.0903,30.020395133881244
0.09030500000000001,30.00761251996847
0.09031,29.99707493466339
0.090315,29.99100599137981
0.09032000000000001,29.989384278460733
0.090325,29.99218585299482
0.09033000000000001,29.99938578805474
0.09033500000000001,30.01095818443167
0.09034,30.02687618254783
0.09034500000000001,30.047111974543245
0.09035000000000001,30.066707816757194
0.090355,30.08351042630976
0.09036000000000001,30.092585202093947
0.090365,30.093933711544636
0.09037,30.08755986501405
0.09037500000000001,30.073813488203886
0.09038,30.059892967226183
0.09038500000000001,30.04484219655427
0.09039000000000001,30.029800044023748
0.090395,30.014766563214916
0.09040000000000001,29.999741618576245
0.09040500000000001,29.986969301206926
0.09041,29.976438879939796
0.09041500000000001,29.970382256845493
0.09042000000000001,29.968777998122647
0.090425,29.971602127971476
0.09043000000000001,29.978829685485287
0.090435,29.990434736399017
0.09044,30.006390385016
0.09044500000000001,30.026668786309187
0.09045,30.046313473894223
0.09045500000000001,30.063168687118917
0.09046000000000001,30.072301121937905
0.090465,30.073712328598436
0.09047000000000001,30.067406199009714
0.09047500000000001,30.053688137625908
0.09048,30.03979370162418
0.09048500000000001,30.024754092520375
0.09049,30.009723048701446
0.090495,29.99470063198784
0.09050000000000001,29.97968670297618
0.090505,29.96692779297949
0.09051000000000001,29.95641316880644
0.09051500000000001,29.950377300141184
0.09052,29.94879872247211
0.09052500000000001,29.95165342638532
0.09053000000000001,29.958916416317376
0.090535,29.970561722317974
0.09054000000000001,29.986562411991237
0.090545,30.006890602611488
0.09055,30.031517473409714
0.09055500000000001,30.055489755667207
0.09056,30.076663431033136
0.090565,30.090108580289325
0.09057000000000001,30.095825679646445
0.090575,30.09381754853663
0.09058000000000001,30.084088935715435
0.09058500000000001,30.06937614979079
0.09059,30.054614036222674
0.09059500000000001,30.0395657189905
0.09060000000000001,30.024526213393354
0.090605,30.011741041686598
0.09061000000000001,30.00120041813849
0.090615,29.9951274150797
0.09062,29.99350062707553
0.09062500000000001,29.996296118053625
0.09063,30.00348896814231
0.09063500000000001,30.015053285402203
0.09064000000000001,30.03096221773566
0.090645,30.05118796497051
0.09065000000000001,30.070772527114116
0.09065500000000001,30.087563110572777
0.09066,30.096624853947347
0.09066500000000001,30.097959328481817
0.09067,30.091570448587458
0.090675,30.077818157105092
0.09068000000000001,30.06389222531886
0.090685,30.0488394584303
0.09069,30.03379531136244
0.09069500000000001,30.01875983621681
0.0907,30.003732898707913
0.09070500000000001,29.99095810834989
0.09071000000000001,29.980424738802846
0.090715,29.97436418055973
0.09072000000000001,29.972755005847482
0.09072500000000001,29.975573245475122
0.09073,29.982793945354153
0.09073500000000001,29.994391178244232
0.09074,30.01033805567702
0.090745,30.030606740054427
0.09075000000000001,30.05024051732375
0.090755,30.067084099503866
0.09076000000000001,30.076203931055336
0.09076500000000001,30.077601565908573
0.09077,30.07128089989736
0.09077500000000001,30.057557123631344
0.09078000000000001,30.04365746003736
0.090785,30.028615926294247
0.09079000000000001,30.01358295930246
0.090795,29.9985586194582
0.0908,29.98354276858864
0.09080500000000001,29.970781472791952
0.09081,29.96026400361474
0.090815,29.954224336504456
0.09082000000000001,29.95264101277214
0.090825,29.955490029387438
0.09083000000000001,29.962746397372705
0.09083500000000001,29.974384153563044
0.09084,29.990376372544695
0.09084500000000001,30.010695178767993
0.09085000000000001,30.03531175883095
0.090855,30.05927260463297
0.09086000000000001,30.080434150867447
0.090865,30.093866235207763
0.09087,30.099569337642983
0.09087500000000001,30.09754628161601
0.09088,30.087801820122927
0.09088500000000001,30.07308300661306
0.09089000000000001,30.058315403810067
0.090895,30.043265245794142
0.09090000000000001,30.028223900807724
0.09090500000000001,30.015436453130917
0.09091,30.00489312339334
0.09091500000000001,29.998816499764796
0.09092,29.99718518237461
0.090925,29.999975241266323
0.09093000000000001,30.007161762878297
0.090935,30.018718861772587
0.09094000000000001,30.034619692541757
0.09094500000000001,30.05483646188985
0.09095,30.07441094037406
0.09095500000000001,30.09119077238013
0.09096000000000001,30.100240863516117
0.090965,30.101562788432297
0.09097000000000001,30.09516046516993
0.09097500000000001,30.081402888474052
0.09098,30.067472122062355
0.09098500000000001,30.052417575333155
0.09099,30.0373716496469
0.090995,30.02233439579309
0.09100000000000001,30.007305680629557
0.091005,29.994528682641903
0.09101000000000001,29.98399267993581
0.09101500000000001,29.977928605133258
0.09102,29.97631503585497
0.09102500000000001,29.97912800882329
0.09103000000000001,29.98634257605058
0.091035,29.99793281658223
0.09104000000000001,30.013871848417992
0.091045,30.03413184060751
0.09105,30.05375585739401
0.09105500000000001,30.07058903391735
0.09106,30.07969758951041
0.09106500000000001,30.081083081399075
0.09107000000000001,30.07474940892882
0.091075,30.061020521024307
0.09108000000000001,30.047116181801186
0.09108500000000001,30.032072928344853
0.09109,30.017038242826427
0.09109500000000001,30.00201218437239
0.09110000000000001,29.986994615915982
0.091105,29.974231187134734
0.09111000000000001,29.963711173872376
0.091115,29.95766810917857
0.09112,29.95608053957555
0.09112500000000001,29.958924467746172
0.09113,29.966174910607148
0.09113500000000001,29.977805911066618
0.09114000000000001,29.993790549959964
0.091145,30.014100958160288
0.09115000000000001,30.038708328859364
0.09115500000000001,30.0626589396662
0.09116,30.083809630832754
0.09116500000000001,30.0972300224065
0.09117,30.102920597758175
0.091175,30.10088418392039
0.09118000000000001,30.09112553768457
0.091185,30.076401330153743
0.09119000000000001,30.06162881516273
0.09119500000000001,30.046577010615582
0.0912,30.03153402029399
0.09120500000000001,30.018744536420108
0.09121000000000001,30.008198785343122
0.091215,30.002118921832807
0.09122000000000001,30.00048355099883
0.091225,30.003268748359112
0.09123,30.01044960600016
0.09123500000000001,30.022000244303566
0.09124,30.0378938238504
0.091245,30.05810255749974
0.09125000000000001,30.077668010407194
0.091255,30.09443821903394
0.09126000000000001,30.10347788041535
0.09126500000000001,30.104788572250655
0.09127,30.098374215830336
0.09127500000000001,30.08461190869311
0.09128000000000001,30.070676815162773
0.091285,30.055620675773607
0.09129000000000001,30.040573158496116
0.091295,30.02553431294632
0.0913,30.010504007006478
0.09130500000000001,29.997725033314303
0.09131,29.98718667396638
0.09131500000000001,29.981119451708214
0.09132000000000001,29.979501948988744
0.091325,29.982310207823673
0.09133000000000001,29.989519285686548
0.09133500000000001,30.00110326724953
0.09134,30.017035276302302
0.09134500000000001,30.03728748784532
0.09135,30.056902767653643
0.091355,30.073726629642724
0.09136000000000001,30.082825091612545
0.091365,30.084199713738993
0.09137,30.077854398511022
0.09137500000000001,30.0641209350716
0.09138,30.05021241060882
0.09138500000000001,30.035167617961168
0.09139000000000001,30.020131394302215
0.091395,30.005103797622294
0.09140000000000001,29.9900846918452
0.09140500000000001,29.97731935387331
0.09141,29.966797063402165
0.09141500000000001,29.96075095745193
0.09142,29.959159587209744
0.091425,29.961998960472798
0.09143000000000001,29.969244099434327
0.091435,29.980869052438884
0.09144000000000001,29.996846905916012
0.09144500000000001,30.01714979648831
0.09145,30.036821856280202
0.09145500000000001,30.05370618287267
0.09146000000000001,30.06287008014205
0.091465,30.064315089182603
0.09147000000000001,30.058045092167337
0.091475,30.04434151794296
0.09148,30.03046035888858
0.09148500000000001,30.015425913622938
0.09149,30.00040000959749
0.091495,29.985382712926363
0.09150000000000001,29.970373881965187
0.091505,29.957621175982002
0.09151000000000001,29.94711385941717
0.09151500000000001,29.941087600458488
0.09152,29.939520920351583
0.09152500000000001,29.94238979408273
0.09153000000000001,29.94966921000423
0.091535,29.961333181603788
0.09154000000000001,29.977354759452453
0.091545,29.997706043327238
0.09155,30.022358194504413
0.09155500000000001,30.046358522059368
0.09156,30.06756191436812
0.09156500000000001,30.081039039073946
0.09157000000000001,30.086790363157075
0.091575,30.0848186962584
0.09158000000000001,30.07512877678792
0.09158500000000001,30.06043082651282
0.09159,30.045682234777992
0.09159500000000001,30.030638572795123
0.0916,30.01560371058599
0.091605,30.00282422911878
0.09161000000000001,29.9922903313639
0.091615,29.98622626024097
0.09162000000000001,29.984610596808583
0.09162500000000001,29.987419390154606
0.09163,29.994627705101163
0.09163500000000001,30.00620963394255
0.09164000000000001,30.02213830836123
0.091645,30.0423859115181
0.09165000000000001,30.06199499693494
0.09165500000000001,30.07881171453296
0.09166,30.087901765007132
0.09166500000000001,30.089266711334666
0.09167,30.082910459120406
0.091675,30.069171052459314
0.09168000000000001,30.055256912120694
0.091685,30.04020854223401
0.09169000000000001,30.02516878508786
0.09169500000000001,30.010137696120076
0.0917,29.995115138435157
0.09170500000000001,29.98234576210784
0.09171000000000001,29.97181883190535
0.091715,29.965766843706376
0.09172000000000001,29.964168356691445
0.091725,29.96699938736934
0.09173,29.974234966899985
0.09173500000000001,29.98584915284621
0.09174,30.001815041103956
0.09174500000000001,30.022104778006845
0.09175000000000001,30.04176218419911
0.091755,30.058630951267755
0.09176000000000001,30.06777806664236
0.09176500000000001,30.069205076283026
0.09177,30.06291586753199
0.09177500000000001,30.049204479964654
0.09178000000000001,30.03531615064332
0.091785,30.020278810857587
0.09179000000000001,30.005250033106453
0.091795,29.99022988092525
0.0918,29.975218213540042
0.09180500000000001,29.96246210170016
0.09181,29.95195080741074
0.09181500000000001,29.94591937345349
0.09182000000000001,29.94434632855571
0.091825,29.94720765589236
0.09183000000000001,29.954478352254654
0.09183500000000001,29.96613243981604
0.09184,29.98214297807671
0.09184500000000001,30.00248207598267
0.09185,30.027120904215575
0.091855,30.05110647143177
0.09186000000000001,30.072294234349766
0.091865,30.085754555449938
0.09187000000000001,30.091487906556534
0.09187500000000001,30.089497102445968
0.09188,30.079786886951926
0.09188500000000001,30.06508110697842
0.09189000000000001,30.05032537447772
0.091895,30.035279206236595
0.09190000000000001,30.020241847372027
0.091905,30.007459327746478
0.09191,29.996921854564043
0.09191500000000001,29.990853061308552
0.09192,29.98923153609238
0.091925,29.99203333575068
0.09193000000000001,29.999233533094557
0.091935,30.010806228645706
0.09194000000000001,30.026724562549024
0.09194500000000001,30.04696072665951
0.09195,30.06655698682828
0.09195500000000001,30.08336004201901
0.09196000000000001,30.09243530078337
0.091965,30.09378433041505
0.09197000000000001,30.087411041115818
0.091975,30.07366488336117
0.09198,30.059744562761914
0.09198500000000001,30.04469386584057
0.09199,30.02965178701125
0.09199500000000001,30.014618379908597
0.09200000000000001,29.99959350893363
0.092005,29.986821283053537
0.09201000000000001,29.976290970916303
0.09201500000000001,29.970234493573283
0.09202,29.96863041699954
0.09202500000000001,29.97145476515015
0.09203,29.978682576865516
0.092035,29.990287917620012
0.09204000000000001,30.00624389144887
0.092045,30.026522653049458
0.09205,30.04616774522817
0.09205500000000001,30.063023389792313
0.09206,30.07215629202918
0.09206500000000001,30.07356800204942
0.09207000000000001,30.067262411616678
0.092075,30.053544562117203
0.09208000000000001,30.03965031992591
0.09208500000000001,30.02461078209836
0.09209,30.00957980950707
0.09209500000000001,29.994557464025114
0.0921,29.979543606203237
0.092105,29.966784784617115
0.09211000000000001,29.956270265897007
0.092115,29.950234538066603
0.09212000000000001,29.94865613639825
0.09212500000000001,29.951511051241233
0.09213,29.958774286787758
0.09213500000000001,29.970419872835766
0.09214000000000001,29.98642087673033
0.092145,30.006749415479515
0.09215000000000001,30.031376668040973
0.092155,30.055349374579446
0.09216,30.076523499931593
0.09216500000000001,30.089969133900944
0.09217,30.095686752558002
0.092175,30.09367917518608
0.09218000000000001,30.083951150383403
0.092185,30.06923858806068
0.09219000000000001,30.05447667812043
0.09219500000000001,30.03942842913945
0.0922,30.024388991744157
0.09220500000000001,30.011603904442705
0.09221000000000001,30.00106338126612
0.092215,29.994990512511706
0.09222000000000001,29.9933638925383
0.092225,29.996159585046595
0.09223,30.003352669930802
0.09223500000000001,30.01491725501026
0.09224,30.030826487939088
0.09224500000000001,30.051052568289965
0.09225000000000001,30.07063750458521
0.092255,30.087428486977554
0.09226000000000001,30.096490662714263
0.09226500000000001,30.09782560291295
0.09227,30.091437221850185
0.09227500000000001,30.077685126465468
0.09228,30.06375937405722
0.092285,30.04870667318979
0.09229000000000001,30.03366259209886
0.092295,30.018627182934626
0.09230000000000001,30.003600311369105
0.09230500000000001,29.990825602911816
0.09231,29.9802923310574
0.09231500000000001,29.974231903290267
0.09232000000000001,29.972622891637233
0.092325,29.975441326687857
0.09233000000000001,29.98266225412727
0.09233500000000001,29.994259746481855
0.09234,30.010206915043256
0.09234500000000001,30.03047592196669
0.09235,30.050110061427
0.092355,30.06695402974084
0.09236000000000001,30.07607427972335
0.092365,30.077472365182643
0.09237000000000001,30.071152181822217
0.09237500000000001,30.057428595234374
0.09238,30.04352910513885
0.09238500000000001,30.028487635201955
0.09239000000000001,30.01345473197288
0.092395,29.998430455894923
0.09240000000000001,29.983414668754182
0.092405,29.970653452102308
0.09241,29.960136077326208
0.09241500000000001,29.954096536290823
0.09242,29.952513370113813
0.09242500000000001,29.95536257555279
0.09243000000000001,29.962619163411386
0.092435,29.974257170299325
0.09244000000000001,29.990249670570947
0.09244500000000001,30.010568788438235
0.09245,30.035185710254524
0.09245500000000001,30.059146935871638
0.09246000000000001,30.08030888493247
0.092465,30.093741403186602
0.09247000000000001,30.099444970497622
0.092475,30.097422410175206
0.09248,30.087678475074604
0.09248500000000001,30.072959861732517
0.09249,30.058192441216566
0.09249500000000001,30.04314234429889
0.09250000000000001,30.028101060366552
0.092505,30.015313688249105
0.09251000000000001,30.004770448363818
0.09251500000000001,29.99869394496415
0.09252,29.997062777994607
0.09252500000000001,29.99985301729557
0.09253,30.007039749095807
0.092535,30.018597087741405
0.09254000000000001,30.03449818760269
0.092545,30.0547152551553
0.09255000000000001,30.074290068578996
0.09255500000000001,30.09107025770937
0.09256,30.100120735894727
0.09256500000000001,30.1014430776722
0.09257000000000001,30.095041200962466
0.092575,30.08128379981264
0.09258000000000001,30.067353193979613
0.09258500000000001,30.052298706352314
0.09259,30.037252839728414
0.09259500000000001,30.022215644940943
0.0926,30.007186988809718
0.092605,29.99441006413937
0.09261000000000001,29.983874148887423
0.092615,29.9778101908866
0.09262000000000001,29.97619676757845
0.09262500000000001,29.979009915488874
0.09263,29.98622468642757
0.09263500000000001,29.99781515923112
0.09264000000000001,30.013754451684395
0.092645,30.03401473261622
0.09265000000000001,30.05363907363508
0.092655,30.070472595824256
0.09266,30.079581525995614
0.09266500000000001,30.080967421265573
0.09267,30.07463418086297
0.09267500000000001,30.060905462757827
0.09268000000000001,30.04700127885003
0.092685,30.03195808251283
0.09269000000000001,30.0169234540746
0.09269500000000001,30.001897452703965
0.0927,29.986879941297424
0.09270500000000001,29.97411658336639
0.09271,29.96359665461165
0.092715,29.957553702779737
0.09272000000000001,29.95596627421978
0.092725,29.95881037142483
0.09273,29.966061011115798
0.09273500000000001,29.97769223599906
0.09274,29.99367712670241
0.09274500000000001,30.013987813885574
0.09275000000000001,30.038595490521285
0.092755,30.062546441337545
0.09276000000000001,30.08369749311313
0.09276500000000001,30.097118273125325
0.09277,30.102809264632537
0.09277500000000001,30.10077329454811
0.09278,30.091015119537392
0.092785,30.076291091196218
0.09279000000000001,30.061518739388074
0.092795,30.046466989535908
0.09280000000000001,30.03142405386975
0.09280500000000001,30.0186346376364
0.09281,30.008088966994933
0.09281500000000001,30.002009211113172
0.09282000000000001,30.000373974935343
0.092825,30.00315933379749
0.09283000000000001,30.010340379598496
0.092835,30.02189123252662
0.09284,30.037785052963986
0.09284500000000001,30.05799405356518
0.09285,30.077559806309544
0.09285500000000001,30.094330334632982
0.09286000000000001,30.103370342499925
0.092865,30.10468140750831
0.09287000000000001,30.098267450840687
0.09287500000000001,30.084505300851795
0.09288,30.070570351071044
0.09288500000000001,30.05551426458974
0.09289000000000001,30.040466800184692
0.092895,30.025428007510925
0.09290000000000001,30.01039775441663
0.092905,29.997618846357906
0.09291,29.9870805652987
0.09291500000000001,29.981013447601125
0.09292,29.97939607555372
0.09292500000000001,29.982204490996345
0.09293000000000001,29.989413751221107
0.092935,30.00099794071325
0.09294000000000001,30.0169301830701
0.09294500000000001,30.037182653094444
0.09295,30.056798223154694
0.09295500000000001,30.07362239458287
0.09296,30.08272119187416
0.092965,30.08409617510645
0.09297000000000001,30.077751246664246
0.092975,30.064017935228737
0.09298000000000001,30.050109549803825
0.09298500000000001,30.035064808289064
0.09299,30.020028635728142
0.09299500000000001,30.005001090149126
0.09300000000000001,29.989982035442914
0.093005,29.97721676089593
0.09301000000000001,29.966694546075768
0.09301500000000001,29.960648541159188
0.09302,29.959057297178372
0.09302500000000001,29.96189682176059
0.09303,29.969142136923782
0.093035,29.980767290831913
0.09304000000000001,29.996745369728664
0.093045,30.01704851004564
0.09305000000000001,30.036720850277465
0.09305500000000001,30.05360547584761
0.09306,30.062769697100993
0.09306500000000001,30.064215055037184
0.09307000000000001,30.05794543172829
0.093075,30.044242004371768
0.09308000000000001,30.030360979657647
0.093085,30.01532658380123
0.09309,30.000300729151036
0.09309500000000001,29.985283481857675
0.0931,29.97027470024499
0.09310500000000001,29.957522055545986
0.09311000000000001,29.947014812077512
0.093115,29.940988650738703
0.09312000000000001,29.93942209262547
0.09312500000000001,29.942291112559914
0.09313,29.949570698724994
0.09313500000000001,29.961234864433905
0.09314000000000001,29.97725666007816
0.093145,29.997608185250208
0.09315000000000001,30.022260601036876
0.093155,30.046261222670744
0.09316,30.06746492687493
0.09316500000000001,30.080942387545758
0.09317,30.08669407156628
0.09317500000000001,30.08472278847424
0.09318000000000001,30.07503327657062
0.093185,30.0603354812799
0.09319000000000001,30.04558703068505
0.09319500000000001,30.03054341601057
0.0932,30.0155086010755
0.09320500000000001,30.00272917811303
0.09321,29.992195349929187
0.093215,29.98613137189642
0.09322000000000001,29.98451582493025
0.093225,29.98732475796125
0.09323000000000001,29.99453323564924
0.09323500000000001,30.006115350121306
0.09324,30.022044232887854
0.09324500000000001,30.042292066932934
0.09325000000000001,30.061901411680108
0.093255,30.078718405785096
0.09326000000000001,30.0878087559358
0.09326500000000001,30.089174025021812
0.09327,30.08281811855462
0.09327500000000001,30.069078847812285
0.09328,30.0551648318038
0.093285,30.04011650767831
0.09329000000000001,30.025076796262677
0.093295,30.01004575302844
0.09330000000000001,29.99502324105067
0.09330500000000001,29.982253921490646
0.09331,29.971727059000916
0.09331500000000001,29.96567516123713
0.09332000000000001,29.96407678724108
0.093325,29.966907953369468
0.09333000000000001,29.974143690625283
0.093335,29.985758056409686
0.09334,30.001724146452275
0.09334500000000001,30.022014106915673
0.09335,30.04167176414669
0.09335500000000001,30.058540798849002
0.09336000000000001,30.067688204242813
0.093365,30.06911552620345
0.09337000000000001,30.062826651982842
0.09337500000000001,30.049115395883817
0.09338,30.03522718681648
0.09338500000000001,30.020189891255978
0.09339,30.005161157699906
0.093395,29.99014104971622
0.09340000000000001,29.97512942650254
0.093405,29.962373369519124
0.09341,29.951862140660413
0.09341500000000001,29.94583079408724
0.09342,29.944257858392863
0.09342500000000001,29.94711931660528
0.09343000000000001,29.9543901653641
0.093435,29.96604442668658
0.09344000000000001,29.982055159912147
0.09344500000000001,30.002394473821642
0.09345,30.027033538927093
0.09345500000000001,30.051019369396748
0.09346,30.072207411517496
0.093465,30.0856680333674
0.09347000000000001,30.09140170668373
0.093475,30.089411246150565
0.09348000000000001,30.079701395503974
0.09348500000000001,30.064995754268732
0.09349,30.050240148112998
0.09349500000000001,30.03519402221982
0.09350000000000001,30.020156705672584
0.093505,30.007374238418073
0.09351000000000001,29.99683682751323
0.093515,29.99076811758959
0.09352,29.989146696631416
0.09352500000000001,29.991948621333066
0.09353,29.999148964360376
0.09353500000000001,30.010721826085337
0.09354000000000001,30.026640346498823
0.093545,30.046876717297508
0.09355000000000001,30.066473209615783
0.09355500000000001,30.083276512332485
0.09356,30.09235203936413
0.09356500000000001,30.093701357925983
0.09357000000000001,30.08732837813623
0.093575,30.07358234205413
0.09358000000000001,30.05966213275339
0.093585,30.04461147679618
0.09359,30.02956943890357
0.09359500000000001,30.01453607274038
0.0936,29.99951124268129
0.09360500000000001,29.986739067618124
0.09361000000000001,29.97620881609616
0.093615,29.970152419709482
0.09362000000000001,29.968548444308922
0.09362500000000001,29.971372913713417
0.09363,29.978600866622916
0.09363500000000001,29.990206368367044
0.09364,30.006162522832113
0.093645,30.02644148456242
0.09365000000000001,30.046086801469304
0.093655,30.062942685617312
0.09366000000000001,30.072075847477535
0.09366500000000001,30.073487837084723
0.09367,30.067182546121646
0.09367500000000001,30.053464814311553
0.09368000000000001,30.039570679770645
0.093685,30.02453118153288
0.09369000000000001,30.00950024850438
0.09369500000000001,29.99447794258745
0.0937,29.979464124307334
0.09370500000000001,29.96670535182811
0.09371,29.956190891680958
0.093715,29.950155242076093
0.09372000000000001,29.948576938165868
0.093725,29.951431970168027
0.09373000000000001,29.958695342139052
0.09373500000000001,29.97034108373705
0.09374,29.986342262163202
0.09374500000000001,30.006670994277687
0.09375000000000001,30.031298458886337
0.093755,30.055271401088117
0.09376000000000001,30.076445776381338
0.093765,30.089891679580557
0.09377,30.09560958667841
0.09377500000000001,30.093602316875554
0.09378,30.083874618682838
0.09378500000000001,30.069162180557935
0.09379000000000001,30.054400383721067
0.093795,30.03935217264964
0.09380000000000001,30.024312773136494
0.09380500000000001,30.01152773271725
0.09381,30.000987265291194
0.09381500000000001,29.994914471135015
0.09382000000000001,29.99328794449289
0.093825,29.996083748939448
0.09383000000000001,30.003276964238854
0.093835,30.014841698076445
0.09384,30.030751097968448
0.09384500000000001,30.050977363345826
0.09385,30.070562507460462
0.09385500000000001,30.087353711437167
0.09386000000000001,30.096416127325806
0.093865,30.097751326173785
0.09387000000000001,30.09136322218285
0.09387500000000001,30.077611235718916
0.09388,30.063685582944668
0.09388500000000001,30.04863291874811
0.09389,30.033588874303508
0.093895,30.018553501788073
0.09390000000000001,30.003526666850235
0.093905,29.990752003884033
0.09391000000000001,29.98021878629215
0.09391500000000001,29.974158430996802
0.09392,29.972549509913634
0.09392500000000001,29.97536805351032
0.09393000000000001,29.982589107346225
0.093935,29.99418674381819
0.09394000000000001,30.01013407408453
0.09394500000000001,30.030403260163453
0.09395,30.050037600799712
0.09395500000000001,30.066881783588283
0.09396,30.076002265984812
0.093965,30.077400601729465
0.09397000000000001,30.071080686453374
0.093975,30.057357205220672
0.09398000000000001,30.043457811493415
0.09398500000000001,30.028416376997146
0.09399,30.013383509184532
0.09399500000000001,29.998359268525014
0.09400000000000001,29.983343516781908
0.094005,29.970582344090364
0.09401000000000001,29.960065021748566
0.094015,29.954025550740422
0.09402,29.95244247207617
0.09402500000000001,29.955291782395673
0.09403,29.962548492381064
0.09403500000000001,29.97418663851688
0.09404000000000001,29.99017929502866
0.094045,30.010498585996
0.09405000000000001,30.035115697636307
0.09405500000000001,30.05907713421853
0.09406,30.080239307025877
0.09406500000000001,30.0936720662938
0.09407,30.099375891816184
0.094075,30.097353606828715
0.09408000000000001,30.087609964108413
0.094085,30.072891461947837
0.09409000000000001,30.05812414268171
0.09409500000000001,30.043074079700546
0.0941,30.02803282968018
0.09410500000000001,30.01524549953155
0.09411000000000001,30.00470230955395
0.094115,29.998625872934397
0.09412000000000001,29.996994789514734
0.09412500000000001,29.99978512902251
0.09413,30.006971977570057
0.09413500000000001,30.018529449383504
0.09414,30.034430698709762
0.094145,30.054647931897566
0.09415000000000001,30.074222931360595
0.094155,30.091003318852653
0.09416000000000001,30.10005401202134
0.09416500000000001,30.101376585340923
0.09417,30.094974956665116
0.09417500000000001,30.081217653020865
0.09418000000000001,30.067287136379907
0.094185,30.052232681580264
0.09419000000000001,30.037186847762044
0.094195,30.022149685782473
0.0942,30.00712106244025
0.09420500000000001,29.994344178493368
0.09421,29.983808311817093
0.09421500000000001,29.97774441869281
0.09422000000000001,29.97613107646254
0.094225,29.9789443215431
0.09423000000000001,29.986159205631584
0.09423500000000001,29.99774980744861
0.09424,30.013689244659705
0.09424500000000001,30.033949685971024
0.09425000000000001,30.05357420708204
0.094255,30.070407921268398
0.09426000000000001,30.079517059496133
0.094265,30.080903178820865
0.09427,30.07457017840661
0.09427500000000001,30.06084155461509
0.09428,30.0469374569759
0.09428500000000001,30.03189429236505
0.09429000000000001,30.016859695631524
0.094295,30.001833725967394
0.09430000000000001,29.9868162462487
0.09430500000000001,29.974052927670822
0.09431,29.963533045855122
0.09431500000000001,29.957490156711405
0.09432,29.95590280649264
0.094325,29.958746997586445
0.09433000000000001,29.96599774660498
0.094335,29.977629096142557
0.09434000000000001,29.99361412671167
0.09434500000000001,30.01392496885352
0.09435,30.038532815419167
0.09435500000000001,30.062483955090805
0.09436000000000001,30.083635207163663
0.094365,30.097056202930748
0.09437000000000001,30.102747425588063
0.09437500000000001,30.10071170198272
0.09438,30.090953788710042
0.09438500000000001,30.076229859898245
0.09439,30.061457598728648
0.094395,30.04640587925635
0.09440000000000001,30.031362973948095
0.094405,30.018573595285112
0.09441000000000001,30.008027969320867
0.09441500000000001,30.00194827322048
0.09442,30.00031311183628
0.09442500000000001,30.00309856040329
0.09443000000000001,30.010279710716162
0.094435,30.02183068285578
0.09444000000000001,30.037724637093763
0.094445,30.057933785971137
0.09445,30.0774997052574
0.09445500000000001,30.094270411153683
0.09446,30.10331061147311
0.09446500000000001,30.104621883757364
0.09447000000000001,30.098208149129036
0.094475,30.084446086426862
0.09448000000000001,30.0705112164906
0.09448500000000001,30.055455159396526
0.09449,30.040407724359046
0.09449500000000001,30.025368961054827
0.09450000000000001,30.010338737313155
0.094505,29.997559865709977
0.09451000000000001,29.987021628135576
0.094515,29.980954568515294
0.09452,29.979337269048592
0.09452500000000001,29.98214577147765
0.09453,29.9893551329938
0.09453500000000001,30.000939437978452
0.09454000000000001,30.0168718099221
0.094545,30.03712442351772
0.09455000000000001,30.056740154795968
0.09455500000000001,30.073564498099508
0.09456,30.082663481642296
0.09456500000000001,30.084038665447796
0.09457,30.077693951842498
0.094575,30.0639607248363
0.09458000000000001,30.0500524166388
0.094585,30.03500770352538
0.09459000000000001,30.019971559346427
0.09459500000000001,30.004944042150992
0.0946,29.98992501581166
0.09460500000000001,29.977159776493515
0.09461000000000001,29.96663760369305
0.094615,29.96059165489477
0.09462000000000001,29.95900048104477
0.09462500000000001,29.96184008967594
0.09463,29.969085502708865
0.09463500000000001,29.9807107682072
0.09464,29.996688972311393
0.094645,30.01699225134696
0.09465000000000001,30.03666474734679
0.094655,30.05354953898158
0.09466000000000001,30.062713940189163
0.09466500000000001,30.064159491916513
0.09467,30.05789007617969
0.09467500000000001,30.04418673039968
0.09468000000000001,30.030305780303728
0.094685,30.015271411891252
0.09469000000000001,30.00024558466613
0.094695,29.985228364799244
0.0947,29.970219610596764
0.09470500000000001,29.957466999937544
0.09471,29.94695979706982
0.09471500000000001,29.94093368995316
0.09472000000000001,29.939367199600277
0.094725,29.942236300742127
0.09473000000000001,29.949515981467567
0.09473500000000001,29.961180254992907
0.09474,29.9772021716099
0.09474500000000001,29.997553830808496
0.09475,30.022206393570283
0.094755,30.046207178547828
0.09476000000000001,30.067411055991737
0.094765,30.080888703271512
0.09477000000000001,30.086640587216245
0.09477500000000001,30.084669517306402
0.09478,30.074980231782366
0.09478500000000001,30.060282522576415
0.09479000000000001,30.045534150376586
0.094795,30.030490561979157
0.09480000000000001,30.01545577330208
0.09480500000000001,30.00267638283556
0.09481,29.992142593294354
0.09481500000000001,29.98607866696775
0.09482,29.984463184691762
0.094825,29.9872721953096
0.09483000000000001,29.994480763390964
0.094835,30.00606298097004
0.09484000000000001,30.021991979461674
0.09484500000000001,30.042239941751674
0.09485,30.06184943054171
0.09485500000000001,30.078666578230187
0.09486000000000001,30.08775709483371
0.094865,30.089122543193213
0.09487000000000001,30.082766828768328
0.094875,30.06902763352093
0.09488,30.055113686570582
0.09488500000000001,30.040065387862764
0.09489,30.025025701847767
0.09489500000000001,30.009994684015837
0.09490000000000001,29.99497219742572
0.094905,29.98220290939661
0.09491000000000001,29.971676084517355
0.09491500000000001,29.965624236985025
0.09492,29.96402592576436
0.09492500000000001,29.966857167127582
0.09493000000000001,29.974092991990513
0.094935,29.98570745766453
0.09494000000000001,30.00167365978681
0.094945,30.02196374442502
0.09495,30.041621541093413
0.09495500000000001,30.058490724450593
0.09496,30.06763829093313
0.09496500000000001,30.069065786369283
0.09497000000000001,30.062777097960808
0.094975,30.049065914884753
0.09498000000000001,30.035177772611483
0.09498500000000001,30.020140501615522
0.09499,30.005111792607227
0.09499500000000001,29.99009170917268
0.095,29.975080110493714
0.095005,29.96232408397985
0.09501000000000001,29.951812891464083
0.095015,29.945781593427665
0.09502000000000001,29.944208718389394
0.09502500000000001,29.94707024929566
0.09503,29.954341182701853
0.09503500000000001,29.96599554053846
0.09504000000000001,29.98200638205566
0.095045,30.0023458159425
0.09505000000000001,30.026985012616823
0.09505500000000001,30.050970989308414
0.09506,30.07215918651
0.09506500000000001,30.08561997540882
0.09507,30.091353827693844
0.095075,30.089363557997874
0.09508000000000001,30.079653910002744
0.095085,30.064948345828505
0.09509000000000001,30.050192809850024
0.09509500000000001,30.03514670747866
0.0951,30.02010941443622
0.09510500000000001,30.007326976270768
0.09511000000000001,29.99678959995748
0.095115,29.990720936319804
0.09512000000000001,29.989099573270874
0.095125,29.991901567426805
0.09513,29.99910199137275
0.09513500000000001,30.010674945397554
0.09514,30.026593569406543
0.09514500000000001,30.046830055008456
0.09515000000000001,30.066426676272236
0.095155,30.083230116475168
0.09516000000000001,30.09230579251363
0.09516500000000001,30.09365527155933
0.09517,30.08728246368403
0.09517500000000001,30.073536495183927
0.09518000000000001,30.059616347703013
0.095185,30.044565714498987
0.09519000000000001,30.029523699344335
0.095195,30.014490355920636
0.0952,29.999465548587928
0.09520500000000001,29.986693401750593
0.09521,29.976163183896873
0.09521500000000001,29.970106832476706
0.09522000000000001,29.96850291327194
0.095225,29.971327450025893
0.09523000000000001,29.978555481360477
0.09523500000000001,29.99016107252495
0.09524,30.00611732732288
0.09524500000000001,30.026396400213567
0.09525,30.046041841943833
0.095255,30.062897859166707
0.09526000000000001,30.072031165232534
0.095265,30.073443310133943
0.09527000000000001,30.06713818550879
0.09527500000000001,30.053420519068275
0.09528,30.039526444320853
0.09528500000000001,30.024486968072907
0.09529000000000001,30.009456057019236
0.095295,29.994433773078367
0.09530000000000001,29.979419976761395
0.09530500000000001,29.966661231558184
0.09531,29.956146803944886
0.09531500000000001,29.95011119778973
0.09532,29.948532948178446
0.09532500000000001,29.95138804525569
0.09533000000000001,29.958651493002556
0.095335,29.970297320999496
0.09534000000000001,29.986298596367746
0.09534500000000001,30.006627435885367
0.09535,30.03125501827385
0.09535500000000001,30.055228091372843
0.09536000000000001,30.076402605493744
0.095365,30.089848658234438
0.09537000000000001,30.09556672554432
0.095375,30.093559626578134
0.09538,30.08383210979818
0.09538500000000001,30.06911974065791
0.09539,30.05435800664337
0.09539500000000001,30.039309816628485
0.09540000000000001,30.02427043815666
0.095405,30.01148542377775
0.09541000000000001,30.000944987317848
0.09541500000000001,29.994872234596624
0.09542,29.993245759794572
0.09542500000000001,29.9960416264163
0.09543,30.003234914153733
0.095435,30.01479973061778
0.09544000000000001,30.03070922324808
0.095445,30.050935591396883
0.09545000000000001,30.07052085094305
0.09545500000000001,30.087312177996953
0.09546,30.09637472727597
0.09546500000000001,30.097710069788526
0.09547000000000001,30.091322119694816
0.095475,30.077570193730022
0.09548000000000001,30.06364459629664
0.09548500000000001,30.048591952468605
0.09549,30.03354792837891
0.09549500000000001,30.018512576219745
0.0955,30.00348576162645
0.095505,29.990711123927884
0.09551000000000001,29.980177936475673
0.095515,29.97411762143418
0.09552000000000001,29.972508750657276
0.09552500000000001,29.975327354544966
0.09553,29.98254847858675
0.09553500000000001,29.994146195107504
0.09554000000000001,30.0100936151915
0.095545,30.030362900780844
0.09555000000000001,30.04999735315859
0.095555,30.06684165507536
0.09556,30.075962266564304
0.09556500000000001,30.077360741327873
0.09557,30.07104097495698
0.09557500000000001,30.057317552242907
0.09558000000000001,30.043418212042585
0.095585,30.028376797231513
0.09559000000000001,30.013343949090665
0.09559500000000001,29.998319728104033
0.0956,29.983303996022254
0.09560500000000001,29.9705428477481
0.09561000000000001,29.9600255545305
0.095615,29.953986122418403
0.09562000000000001,29.952403092362392
0.095625,29.955252460936904
0.09563,29.962509238756596
0.09563500000000001,29.974147462236488
0.09564,29.990140205530555
0.09564500000000001,30.010459592644857
0.09565000000000001,30.035076809721325
0.095655,30.05903836348235
0.09566000000000001,30.080200660567836
0.09566500000000001,30.093633553704855
0.09567,30.09933752264858
0.09567500000000001,30.097315390593604
0.09568,30.087571910273493
0.095685,30.072853469867752
0.09569000000000001,30.058086206839985
0.095695,30.043036162708564
0.09570000000000001,30.027994931524315
0.09570500000000001,30.01520762468691
0.09571,30.004664462430117
0.09571500000000001,29.998588062903018
0.09572000000000001,29.99695702589043
0.095725,29.999747421057236
0.09573000000000001,30.00693433445109
0.09573500000000001,30.018491880231515
0.09574,30.03439321257682
0.09574500000000001,30.054610537765313
0.09575,30.074185640562327
0.095755,30.090966138232744
0.09576000000000001,30.100016950812115
0.095765,30.10133965273982
0.09577000000000001,30.09493816183237
0.09577500000000001,30.081180912346774
0.09578,30.0672504452468
0.09578500000000001,30.052196008681005
0.09579000000000001,30.037150193084425
0.095795,30.022113049327732
0.09580000000000001,30.00708444419788
0.095805,29.994307582870515
0.09581,29.98377174317518
0.09581500000000001,29.977707886086026
0.09582,29.976094588889797
0.09582500000000001,29.978907887942686
0.09583000000000001,29.98612283487927
0.095835,29.997713508355755
0.09584000000000001,30.01365302597136
0.09584500000000001,30.033913556364123
0.09585,30.053538177505803
0.09585500000000001,30.070371998335403
0.09586000000000001,30.079481252126307
0.095865,30.08086749590038
0.09587000000000001,30.074534628785646
0.095875,30.060806057379846
0.09588,30.04690200765782
0.09588500000000001,30.031858860669107
0.09589,30.016824281545695
0.09589500000000001,30.001798329492665
0.09590000000000001,29.98678086737474
0.095905,29.974017570655242
0.09591000000000001,29.96349771491144
0.09591500000000001,29.957454860587358
0.09592,29.95586755388255
0.09592500000000001,29.958711797126075
0.09593,29.965962606869695
0.095935,29.977594025645466
0.09594000000000001,29.993579133901832
0.095945,30.01389006211419
0.09595000000000001,30.038498003065996
0.09595500000000001,30.06244924763578
0.09596,30.083600610962073
0.09596500000000001,30.097021726568393
0.09597000000000001,30.1027130776161
0.095975,30.100677490915498
0.09598000000000001,30.09091972302302
0.09598500000000001,30.076195849493985
0.09599,30.061423638668817
0.09599500000000001,30.046371936070763
0.096,30.031329047624546
0.09600500000000001,30.018539689829705
0.09601000000000001,30.00799408868106
0.096015,30.00191442578574
0.09602000000000001,30.00027930594502
0.09602500000000001,30.00306480433784
0.09603,30.010246012700954
0.09603500000000001,30.0217970510556
0.09604000000000001,30.03769107961202
0.096045,30.057900310848158
0.09605000000000001,30.07746632263872
0.096055,30.09423712716636
0.09606,30.10327743438191
0.09606500000000001,30.104588821795797
0.09607,30.098175210497335
0.09607500000000001,30.084413196277843
0.09608000000000001,30.070478370690534
0.096085,30.055422329919338
0.09609000000000001,30.040374911193815
0.09609500000000001,30.02533616420265
0.0961,30.010305956764647
0.09610500000000001,29.997527105410384
0.09611,29.986988891989263
0.096115,29.98092186462753
0.09612000000000001,29.979304605475168
0.096125,29.9821131562201
0.09613000000000001,29.989322573997704
0.09613500000000001,30.0009069431317
0.09614,30.01683938705325
0.09614500000000001,30.03709208039433
0.09615000000000001,30.056707901219763
0.096155,30.07353233999002
0.09616000000000001,30.082631426984644
0.09616500000000001,30.08400672219684
0.09617,30.077662127920917
0.09617500000000001,30.06392894781026
0.09618,30.05002068250808
0.096185,30.034975985169932
0.09619000000000001,30.019939856755514
0.096195,30.004912355325477
0.09620000000000001,29.9898933447423
0.09620500000000001,29.97712812499172
0.09621,29.966605975530747
0.09621500000000001,29.9605600579029
0.09622000000000001,29.95896892300646
0.096225,29.961808578321918
0.09623000000000001,29.969054045715772
0.096235,29.980679373195954
0.09624,29.99665764684557
0.09624500000000001,30.016961002931204
0.09625,30.03663358545108
0.09625500000000001,30.053518469325084
0.09626000000000001,30.06268297048672
0.096265,30.06412862985374
0.09627000000000001,30.057859329411095
0.09627500000000001,30.04415602894208
0.09628,30.030275120292167
0.09628500000000001,30.01524076712319
0.09629000000000001,30.000214955131092
0.096295,29.98519775049799
0.09630000000000001,29.970189011520272
0.096305,29.95743641976817
0.09631,29.946929239451798
0.09631500000000001,29.94090316245237
0.09632,29.939336709736406
0.09632500000000001,29.942205855984227
0.09633000000000001,29.949485589232438
0.096335,29.961149922643497
0.09634000000000001,29.977171906453783
0.09634500000000001,29.9975236400963
0.09635,30.022176284494194
0.09635500000000001,30.04617716019961
0.09636,30.067381133868054
0.096365,30.080858884798207
0.09637000000000001,30.08661087978917
0.096375,30.084639928289587
0.09638000000000001,30.074950768506202
0.09638500000000001,30.06025310711532
0.09639,30.045504778459346
0.09639500000000001,30.030461204657264
0.09640000000000001,30.015426430564954
0.096405,30.002647058148046
0.09641000000000001,29.992113290070574
0.09641500000000001,29.986049392463713
0.09642,29.984433946119346
0.09642500000000001,29.987242999832148
0.09643,29.994451618121744
0.096435,30.00603389297075
0.09644000000000001,30.021962955740904
0.096445,30.042210989263467
0.09645000000000001,30.0618205580609
0.09645500000000001,30.078637791056046
0.09646,30.087728400114393
0.09646500000000001,30.089093948049864
0.09647000000000001,30.08273834029328
0.096475,30.068999186978903
0.09648000000000001,30.055085278386322
0.096485,30.04003699379653
0.09649,30.02499732189008
0.09649500000000001,30.009966318167656
0.0965,29.994943845678886
0.09650500000000001,29.98217457516336
0.09651000000000001,29.971647771174535
0.096515,29.965595951542856
0.09652000000000001,29.96399767519025
0.09652500000000001,29.96682895834202
0.09653,29.974064831865594
0.09653500000000001,29.98567935302247
0.09654000000000001,30.001645617398477
0.096545,30.021935771008543
0.09655000000000001,30.041593645126255
0.096555,30.058462911052537
0.09656,30.067610567010462
0.09656500000000001,30.069038158802144
0.09657,30.062749573601458
0.09657500000000001,30.0490384310854
0.09658000000000001,30.03515032591235
0.096585,30.020113068560544
0.09659000000000001,30.005084373187096
0.09659500000000001,29.990064303388166
0.0966,29.975052718336787
0.09660500000000001,29.962296708746987
0.09661,29.951785536417603
0.096615,29.94575426534051
0.09662000000000001,29.94418142399316
0.096625,29.947042995276608
0.09663000000000001,29.954313975699474
0.09663500000000001,29.965968387144045
0.09664,29.981979288810912
0.09664500000000001,30.002318789338158
0.09665000000000001,30.026958059091303
0.096655,30.05094411700064
0.09666000000000001,30.072132400340553
0.09666500000000001,30.0855932820253
0.09667,30.091327233716996
0.09667500000000001,30.089337070019948
0.09668,30.079627534585875
0.09668500000000001,30.064922013214524
0.09669000000000001,30.050166516215423
0.096695,30.035120426909042
0.09670000000000001,30.020083146922147
0.09670500000000001,30.007300724913964
0.09671,29.996763367814278
0.09671500000000001,29.990694729885753
0.09672000000000001,29.989073399002002
0.096725,29.99187543173573
0.09673000000000001,29.999075900627243
0.096735,30.010648905919215
0.09674,30.026567587469454
0.09674500000000001,30.04680413683785
0.09675,30.066400829723317
0.09675500000000001,30.08320434629182
0.09676000000000001,30.092280105094872
0.096765,30.093629673279978
0.09677000000000001,30.087256960893125
0.09677500000000001,30.073511029930877
0.09678,30.059590916787275
0.09678500000000001,30.044540296221317
0.09679,30.02949829369626
0.096795,30.014464962903013
0.09680000000000001,29.99944016819348
0.096805,29.986668037033944
0.09681000000000001,29.976137837880977
0.09681500000000001,29.970081511437076
0.09682,29.968477623445793
0.09682500000000001,29.971302197608438
0.09683000000000001,29.978530272503583
0.096835,29.990135913335838
0.09684000000000001,30.006092223862822
0.09684500000000001,30.026371358496608
0.09685,30.046016869558976
0.09685500000000001,30.062872960697156
0.09686,30.072006346860785
0.096865,30.073418578019076
0.09687000000000001,30.06711354578493
0.096875,30.05339591565339
0.09688000000000001,30.039501874117782
0.09688500000000001,30.024462410083892
0.09689,30.009431511235945
0.09689500000000001,29.99440923950148
0.09690000000000001,29.97939545538375
0.096905,29.966636725330783
0.09691000000000001,29.95612231578814
0.096915,29.950086733766764
0.09692,29.948508514315364
0.09692500000000001,29.95136364753801
0.09693,29.958627137373927
0.09693500000000001,29.970273013360426
0.09694000000000001,29.986274342574365
0.096945,30.006603241748156
0.09695000000000001,30.03123088955647
0.09695500000000001,30.05520403536123
0.09696,30.076378626592792
0.09696500000000001,30.089824762395043
0.09697000000000001,30.095542918693354
0.096975,30.093535914616968
0.09698000000000001,30.083808498601226
0.096985,30.069096167777886
0.09699,30.054334468657476
0.09699500000000001,30.03928629033827
0.097,30.024246923553665
0.09700500000000001,30.011461923638645
0.09701000000000001,30.000921504378635
0.097015,29.99484877467213
0.09702000000000001,29.993222328664203
0.09702500000000001,29.996018229820606
0.09703,30.003211557793133
0.09703500000000001,30.01477642015136
0.09704,30.030685964292374
0.097045,30.05091238952469
0.09705000000000001,30.070497713186345
0.097055,30.087289108602416
0.09706000000000001,30.096351731972003
0.09706500000000001,30.097687154281843
0.09707,30.091299289669063
0.09707500000000001,30.07754739730801
0.09708000000000001,30.063621830613247
0.097085,30.048569198098747
0.09709000000000001,30.033525185314993
0.09709500000000001,30.018489844462547
0.0971,30.003463041169457
0.09710500000000001,29.99068841750558
0.09711,29.9801552467942
0.097115,29.97409495411137
0.09712000000000001,29.97248611127667
0.097125,29.975304748652476
0.09713000000000001,29.982525911689535
0.09713500000000001,29.99412367267272
0.09714,30.01007114264518
0.09714500000000001,30.03034048350674
0.09715000000000001,30.049974997950372
0.097155,30.0668193660359
0.09716000000000001,30.07594004922814
0.097165,30.077338601208602
0.09717,30.07101891754586
0.09717500000000001,30.05729552733547
0.09718,30.043396216866245
0.09718500000000001,30.028354812989143
0.09719000000000001,30.013321975774815
0.097195,29.99829776571531
0.09720000000000001,29.983282044554233
0.09720500000000001,29.970520909842513
0.09721,29.960003632801694
0.09721500000000001,29.953964222294076
0.09722000000000001,29.9523812192371
0.097225,29.955230620168873
0.09723000000000001,29.962487435666556
0.097235,29.97412570210656
0.09724000000000001,29.99011849360312
0.09724500000000001,30.010437934121455
0.09725,30.035055209761552
0.09725500000000001,30.059016828608556
0.09726000000000001,30.080179194723282
0.097265,30.093612162216765
0.09727000000000001,30.099316210822682
0.09727500000000001,30.09729416371278
0.09728,30.087550773596494
0.09728500000000001,30.07283236749197
0.09729,30.058065135701334
0.097295,30.043015102039845
0.09730000000000001,30.02797388131797
0.097305,30.01518658742858
0.09731000000000001,30.004643440569087
0.09731500000000001,29.998567061644682
0.09732,29.996936050408525
0.09732500000000001,29.999726476490665
0.09733000000000001,30.006913425902862
0.097335,30.018471012767613
0.09734000000000001,30.034372391225162
0.09734500000000001,30.054589767514656
0.09735,30.07416492770767
0.09735500000000001,30.09094548657572
0.09736,30.099996365480767
0.09736500000000001,30.101319138842783
0.09737000000000001,30.09491772445762
0.097375,30.08116050505399
0.09738000000000001,30.067230065471144
0.09738500000000001,30.052175639033173
0.09739,30.037129833557646
0.09739500000000001,30.02209269992269
0.09740000000000001,30.007064104908732
0.097405,29.994287256145192
0.09741000000000001,29.98375143143619
0.097415,29.977687594362447
0.09742,29.976074322179993
0.09742500000000001,29.97888765121136
0.09743,29.986102633056397
0.09743500000000001,29.997693346335524
0.09744000000000001,30.01363290861115
0.097445,30.033893488483447
0.09745000000000001,30.053518165186333
0.09745500000000001,30.07035204525001
0.09746,30.079461363229516
0.09746500000000001,30.08084767612793
0.09747,30.074514883053297
0.097475,30.060786340744702
0.09748000000000001,30.04688231763788
0.097485,30.03183918043722
0.09749000000000001,30.0168046110952
0.09749500000000001,30.00177866882411
0.0975,29.986761216482368
0.09750500000000001,29.973997931903924
0.09751000000000001,29.963478090641527
0.097515,29.95743525565771
0.09752000000000001,29.955847973122353
0.09752500000000001,29.958692245332013
0.09753,29.96594308880486
0.09753500000000001,29.977574546038404
0.09754,29.993559697445516
0.097545,30.013870673465007
0.09755000000000001,30.038478666842817
0.097555,30.062429969677396
0.09756000000000001,30.083581394798482
0.09756500000000001,30.09700257696851
0.09757,30.102693999329585
0.09757500000000001,30.100658488671588
0.09758000000000001,30.090900801529326
0.097585,30.076176958706636
0.09759000000000001,30.06140477584487
0.097595,30.04635308261946
0.0976,30.03131020353913
0.09760500000000001,30.01852085733532
0.09761,30.007975269970267
0.09761500000000001,30.001895625518422
0.09762000000000001,30.00026052875269
0.097625,30.00304605482083
0.09763000000000001,30.010227295427466
0.09763500000000001,30.02177837056069
0.09764,30.03767244039666
0.09764500000000001,30.057881717378276
0.09765000000000001,30.07744778054958
0.097655,30.094218639861175
0.09766000000000001,30.103259006451278
0.097665,30.10457045781298
0.09767,30.098156915017054
0.09767500000000001,30.084394927726855
0.09768,30.070460126772815
0.09768500000000001,30.055404095068027
0.09769000000000001,30.040356685402838
0.097695,30.025317947472626
0.09770000000000001,30.01028774909035
0.09770500000000001,29.99750890898319
0.09771,29.98697070897778
0.09771500000000001,29.980903699533783
0.09772,29.979286462773686
0.097725,29.982095040355265
0.09773000000000001,29.989304489382818
0.097735,30.000888894148034
0.09774000000000001,30.016821378049112
0.09774500000000001,30.037074115684145
0.09775,30.056689986247804
0.09775500000000001,30.073514478044252
0.09776000000000001,30.082613622500332
0.097765,30.083988979592462
0.09777000000000001,30.07764445159704
0.09777500000000001,30.063911297534123
0.09778,30.05000305605779
0.09778500000000001,30.034958367481885
0.09779,30.019922247823732
0.097795,30.004894755150467
0.09780000000000001,29.989875753318895
0.097805,29.977110544436947
0.09781000000000001,29.966588407939696
0.09781500000000001,29.9605425076252
0.09782,29.958951394365197
0.09782500000000001,29.961791075611057
0.09783000000000001,29.969036573199226
0.097835,29.9806619351067
0.09784000000000001,29.996640247384736
0.097845,30.016943646267197
0.09785,30.036616276843898
0.09785500000000001,30.05350121195141
0.09786,30.06266576863168
0.09786500000000001,30.064111487786267
0.09787000000000001,30.0578422513828
0.097875,30.04413897608139
0.09788000000000001,30.030258090452335
0.09788500000000001,30.015223745750234
0.09789,30.000197942219188
0.09789500000000001,29.98518074604758
0.09790000000000001,29.97017201552633
0.097905,29.957419434276016
0.09791000000000001,29.94691226648559
0.097915,29.940886206214522
0.09792000000000001,29.939319774403682
0.09792500000000001,29.94218894570523
0.09793,29.949468708126773
0.09793500000000001,29.96113307480086
0.09794000000000001,29.977155095933092
0.097945,29.997506870924862
0.09795000000000001,30.022159560666847
0.09795500000000001,30.0461604867663
0.09796,30.067364513881863
0.09796500000000001,30.08084232238375
0.09797,30.08659437905441
0.097975,30.084623493324823
0.09798000000000001,30.074934403383033
0.097985,30.060236768550617
0.09799000000000001,30.045488464080716
0.09799500000000001,30.030444898385507
0.098,30.015410132394194
0.09800500000000001,30.00263077000279
0.09801000000000001,29.99209701384716
0.098015,29.986033132192436
0.09802000000000001,29.984417705805985
0.09802500000000001,29.987226783455522
0.09803,29.99443542963286
0.09803500000000001,30.006017736291962
0.09804,30.02194683476509
0.09804500000000001,30.042194907853183
0.09805000000000001,30.06180452109006
0.098055,30.078621801468078
0.09806000000000001,30.087712461879683
0.09806500000000001,30.08907806512378
0.09807,30.082722516615206
0.09807500000000001,30.068983386592176
0.09808000000000001,30.05506949930509
0.098085,30.04002122255704
0.09809000000000001,30.024981558487077
0.098095,30.00995056260165
0.0981,29.994928097945365
0.09810500000000001,29.98215883715761
0.09811,29.971632044772193
0.09811500000000001,29.96558024063768
0.09812000000000001,29.96398198365225
0.098125,29.96681329001513
0.09813000000000001,29.974049190566852
0.09813500000000001,29.98566374254121
0.09814,30.001630041495527
0.09814500000000001,30.02192023341544
0.09815,30.04157815055173
0.098155,30.058447462340336
0.09816000000000001,30.067595167996622
0.098165,30.06902281330817
0.09817000000000001,30.062734285433386
0.09817500000000001,30.049023165446037
0.09818,30.035135080879986
0.09818500000000001,30.02009783110672
0.09819000000000001,30.005069143306645
0.098195,29.990049081081498
0.09820000000000001,29.975037503599445
0.09820500000000001,29.962281503409972
0.09821,29.95177034229295
0.09821500000000001,29.945739086190184
0.09822,29.944166263556184
0.098225,29.9470278572668
0.09823000000000001,29.95429886380468
0.098235,29.965953305025348
0.09824000000000001,29.981964240101846
0.09824500000000001,30.002303777643952
0.09825,30.026943087988126
0.09825500000000001,30.05092919100918
0.09826000000000001,30.07211752219394
0.098265,30.085578455415853
0.09827000000000001,30.091312462322144
0.098275,30.089322357501313
0.09828,30.079612884588343
0.09828500000000001,30.0649073869915
0.09829,30.05015191164315
0.09829500000000001,30.03510582959361
0.09830000000000001,30.02006855685831
0.098305,30.00728614382455
0.09831000000000001,29.99674879739689
0.09831500000000001,29.9906801737483
0.09832,29.989058860730445
0.09832500000000001,29.991860914891877
0.09833000000000001,29.99906140874804
0.098335,30.010634442515947
0.09834000000000001,30.026553156026992
0.098345,30.046789740813956
0.09835,30.066386473481096
0.09835500000000001,30.083190032466224
0.09836,30.092265837240173
0.09836500000000001,30.09361545493702
0.09837000000000001,30.08724279558842
0.098375,30.073496885476253
0.09838000000000001,30.059576791405018
0.09838500000000001,30.044526177858756
0.09839,30.029484182348707
0.09839500000000001,30.01445085857094
0.0984,29.999426070872836
0.098405,29.986653948421402
0.09841000000000001,29.9761237596556
0.098415,29.970067447084553
0.09842000000000001,29.96846357643053
0.09842500000000001,29.971288171371505
0.09843,29.978516270461988
0.09843500000000001,29.990121938881785
0.09844000000000001,30.006078280363003
0.098445,30.02635744929147
0.09845000000000001,30.04600299886377
0.09845500000000001,30.0628591310576
0.09846,30.07199256171089
0.09846500000000001,30.073404840779833
0.09847,30.067099859863493
0.09847500000000001,30.05338224989948
0.09848000000000001,30.039488226811084
0.098485,30.02444876956139
0.09849000000000001,30.009417877493018
0.09849500000000001,29.9943956125385
0.0985,29.97938183519673
0.09850500000000001,29.966623113558825
0.09851000000000001,29.95610871405337
0.098515,29.950073145436903
0.09852000000000001,29.948494942737554
0.098525,29.95135009603686
0.09853,29.958613609250794
0.09853500000000001,29.970259511892703
0.09854,29.986260871014775
0.09854500000000001,30.00658980332409
0.09855000000000001,30.031217487469288
0.098555,30.055190673657854
0.09856000000000001,30.0763653077199
0.09856500000000001,30.089811489658
0.09857,30.095529695384194
0.09857500000000001,30.093522744013555
0.09858000000000001,30.08379538396645
0.098585,30.069083074425933
0.09859000000000001,30.054321394687182
0.098595,30.03927322286424
0.09860000000000001,30.024233862571204
0.09860500000000001,30.011448870690025
0.09861,30.00090846098354
0.09861500000000001,29.994835744060346
0.09862000000000001,29.993209314045878
0.098625,29.996005234384274
0.09863000000000001,30.00319858470505
0.09863500000000001,30.014763472554804
0.09864,30.030673045307015
0.09864500000000001,30.0508995022459
0.09865,30.07048486151996
0.098655,30.08727629490725
0.09866000000000001,30.096338959429833
0.098665,30.097674426062415
0.09867000000000001,30.0912866089293
0.09867500000000001,30.077534735233165
0.09868,30.063609185611913
0.09868500000000001,30.048556559381414
0.09869000000000001,30.033512552877458
0.098695,30.018477218305232
0.09870000000000001,30.003450421288747
0.09870500000000001,29.990675805420324
0.09871,29.980142644007493
0.09871500000000001,29.974082363743587
0.09872,29.972473536429145
0.09872500000000001,29.97529219240566
0.09873000000000001,29.982513377102297
0.098735,29.99411116278177
0.09874000000000001,30.01005866046436
0.09874500000000001,30.03032803202642
0.09875,30.04996258094402
0.09875500000000001,30.066806985782435
0.09876000000000001,30.07592770880169
0.098765,30.077326303671622
0.09877000000000001,30.07100666594842
0.098775,30.05728329379193
0.09878,30.043383999836593
0.09878500000000001,30.028342602032676
0.09879,30.0133097708874
0.09879500000000001,29.99828556689728
0.09880000000000001,29.983269851802024
0.098805,29.970508724623443
0.09881000000000001,29.959991456567884
0.09881500000000001,29.953952058060292
0.09882,29.9523690699997
0.09882500000000001,29.955218488904038
0.09883,29.962475325329653
0.098835,29.974113615631488
0.09884000000000001,29.990106433901722
0.098845,30.01042590408288
0.09885000000000001,30.03504321225166
0.09885500000000001,30.059004867250135
0.09886,30.080167271706586
0.09886500000000001,30.093600280500752
0.09887000000000001,30.09930437335436
0.098875,30.097282373426495
0.09888000000000001,30.087539033413176
0.09888500000000001,30.072820646360967
0.09889,30.058053431920726
0.09889500000000001,30.04300340407467
0.0989,30.027962189164022
0.098905,30.0151749024665
0.09891000000000001,30.004631764159292
0.098915,29.99855539667848
0.09892000000000001,29.99692439975962
0.09892500000000001,29.999714843013425
0.09893,30.006901812431718
0.09893500000000001,30.018459422116415
0.09894000000000001,30.03436082618662
0.098945,30.054578230859747
0.09895000000000001,30.07415342293289
0.098955,30.090934015792662
0.09896,30.099984931537747
0.09896500000000001,30.101307744577355
0.09897,30.094906372695863
0.09897500000000001,30.081149170001012
0.09898000000000001,30.06721874570232
0.098985,30.052164324889777
0.09899000000000001,30.037118525035904
0.09899500000000001,30.02208139702298
0.099,30.00705280762783
0.09900500000000001,29.994275965842757
0.09901000000000001,29.983740149457795
0.099015,29.97767632350144
0.09902000000000001,29.97606306521268
0.099025,29.97887641089534
0.09903,29.986091412129984
0.09903500000000001,29.997682147517157
0.09904,30.013621734598804
0.09904500000000001,30.033882341954104
0.09905000000000001,30.053507049518
0.099055,30.070340962482764
0.09906000000000001,30.07945031611527
0.09906500000000001,30.08083666740823
0.09907,30.07450391545855
0.09907500000000001,30.06077538931175
0.09908,30.046871380988108
0.099085,30.03182824922415
0.09909000000000001,30.01679368531512
0.099095,30.001767748477317
0.09910000000000001,29.986750301565685
0.09910500000000001,29.973987023730874
0.09911,29.963467190512056
0.09911500000000001,29.95742436627063
0.09912000000000001,29.95583709716
0.099125,29.958681385458647
0.09913000000000001,29.96593224766612
0.09913500000000001,29.97756372626072
0.09914,29.99354890163555
0.09914500000000001,30.013859904209117
0.09915,30.038467926706513
0.09915500000000001,30.062419261903788
0.09916000000000001,30.08357072134827
0.099165,30.09699194049056
0.09917000000000001,30.102683402462056
0.09917500000000001,30.100647934041287
0.09918,30.090890291751066
0.09918500000000001,30.076166465983963
0.09919000000000001,30.06139429865422
0.099195,30.046342610634778
0.09920000000000001,30.031299736756633
0.099205,30.018510396990965
0.09921,30.007964817281902
0.09921500000000001,30.001885183074318
0.09922,30.000250099125395
0.09922500000000001,30.00303564056557
0.09923000000000001,30.0102168990816
0.099235,30.021767994643177
0.09924000000000001,30.03766208740753
0.09924500000000001,30.057871389798095
0.09925,30.077437481508397
0.09925500000000001,30.094208371249294
0.09926000000000001,30.1032487708185
0.099265,30.104560257699458
0.09927000000000001,30.0981467529527
0.099275,30.084384780620162
0.09928000000000001,30.070449993348447
0.09928500000000001,30.055393966679517
0.09929,30.04034656204682
0.09929500000000001,30.02530782914944
0.09930000000000001,30.01027763579709
0.099305,29.997498801937038
0.09931000000000001,29.98696060938328
0.09931500000000001,29.980893609891545
0.09932,29.97927638556904
0.09932500000000001,29.982084978056808
0.09933,29.989294444441875
0.099335,30.000878868998154
0.09934000000000001,30.016811375105522
0.099345,30.037064137343258
0.09935000000000001,30.056680035533603
0.09935500000000001,30.073504556783014
0.09936,30.082603733155576
0.09936500000000001,30.08397912461839
0.09937000000000001,30.077634633437917
0.099375,30.063901493842998
0.09938000000000001,30.049993265600524
0.09938500000000001,30.034948581891538
0.09939,30.019912467096976
0.09939500000000001,30.004884979287585
0.0994,29.98986598231703
0.09940500000000001,29.977100779471975
0.09941000000000001,29.966578650175318
0.099415,29.96053275947738
0.09942000000000001,29.95894165823515
0.09942500000000001,29.961781353883833
0.09943,29.969026868243187
0.09943500000000001,29.98065224927301
0.09944000000000001,29.996630583006883
0.099445,30.016934005660477
0.09945000000000001,30.03660666292994
0.099455,30.053491626494672
0.09946,30.062656214012318
0.09946500000000001,30.064101966375404
0.09947,30.057832765541974
0.09947500000000001,30.0441295042197
0.09948000000000001,30.03024863137738
0.099485,30.015214291378125
0.09949000000000001,30.000188492546698
0.09949500000000001,29.98517130107494
0.0995,29.97016257525076
0.09950500000000001,29.957409999833587
0.09951,29.946902839000597
0.099515,29.94087678802115
0.09952000000000001,29.93931036782188
0.099525,29.942179553039313
0.09953000000000001,29.949459331664933
0.09953500000000001,29.96112371681469
0.09954,29.977145758677082
0.09954500000000001,29.997497556635953
0.09955000000000001,30.02215027156393
0.099555,30.046151225654338
0.09956000000000001,30.067355282456656
0.09956500000000001,30.080833122936273
0.09957,30.086585213866414
0.09957500000000001,30.084614364668223
0.09958,30.074925313519362
0.099585,30.06022769343864
0.09959000000000001,30.045479402402684
0.099595,30.030435841210366
0.09960000000000001,30.015401079718675
0.09960500000000001,30.002621722895846
0.09961,29.992087973362107
0.09961500000000001,29.986024100567867
0.09962000000000001,29.984408685266878
0.099625,29.98721777621187
0.09963000000000001,29.99442643787922
0.099635,30.006008762206978
0.09964,30.021937880511018
0.09964500000000001,30.042185975575464
0.09965,30.061795613495864
0.09965500000000001,30.0786129201923
0.09966000000000001,30.08770360912764
0.099665,30.089069243092467
0.09967000000000001,30.082713727492706
0.09967500000000001,30.068974610406666
0.09968,30.05506073495354
0.09968500000000001,30.040012462561112
0.09969000000000001,30.024972802843852
0.099695,30.00994181131142
0.09970000000000001,29.994919351005613
0.099705,29.98215009562105
0.09971000000000001,29.971623309680655
0.09971500000000001,29.965571514153925
0.09972,29.963973267925823
0.09972500000000001,29.966804587181112
0.09973000000000001,29.974040502745396
0.099735,29.985655071837066
0.09974000000000001,30.001621389997617
0.09974500000000001,30.021911603196408
0.09975,30.04156954422701
0.09975500000000001,30.058438881489458
0.09976,30.067586614750287
0.099765,30.069014289788996
0.09977000000000001,30.06272579375541
0.099775,30.049014686281446
0.09978000000000001,30.035126613161374
0.09978500000000001,30.020089367597542
0.09979,30.00506068400401
0.09979500000000001,29.990040625985664
0.09980000000000001,29.975029052707924
0.099805,29.962273057739775
0.09981000000000001,29.951761902850553
0.09981500000000001,29.94573065506515
0.09982,29.944157842825312
0.09982500000000001,29.94701944899291
0.09983,29.954290470036156
0.09983500000000001,29.965944927795714
0.09984000000000001,29.981955881429318
0.099845,30.002295439531018
0.09985000000000001,30.02693477242113
0.09985500000000001,30.050920900499122
0.09986,30.07210925825888
0.09986500000000001,30.08557022010669
0.09987000000000001,30.091304257681468
0.099875,30.089314185562937
0.09988000000000001,30.079604747376795
0.099885,30.064899262985293
0.09989,30.050143799662678
0.09989500000000001,30.03509772164389
0.0999,30.020060452936413
0.09990500000000001,30.007278044887418
0.09991000000000001,29.996740704387435
0.099915,29.99067208867051
0.09992000000000001,29.98905078557611
0.09992500000000001,29.991852851639393
0.09993,29.99905335936195
0.09993500000000001,30.010626408946575
0.09994000000000001,30.02654514020999
0.099945,30.0467817446699
0.09995000000000001,30.066378499433437
0.099955,30.08318208197853
0.09996000000000001,30.092257912286634
0.09996500000000001,30.093607557484365
0.09997,30.087234927595425
0.09997500000000001,30.073489029064255
0.09998000000000001,30.05956894558661
0.099985,30.04451833593938
0.09999000000000001,30.02947634432575
0.09999500000000001,30.014443024444667
0.1,29.999418240641003
