{
    "best_params": {
        "n_steps": 256,
        "batch_size": 64,
        "learning_rate": 0.0008713461063969535,
        "n_epochs": 6,
        "gamma": 0.9712855407850021,
        "clip_range": 0.214787640685994,
        "ent_coef": 0.08475074762856749,
        "vf_coef": 0.8033012425766726,
        "max_grad_norm": 0.3108620374755726,
        "gae_lambda": 0.8563106168425115,
        "n_layers": 3,
        "layer_size": 128,
        "activation_fn": "tanh"
    },
    "best_value": 498.17554663009855,
    "n_trials": 50
}