{
    "best_params": {
        "n_steps": 68,
        "batch_size_idx": 1,
        "learning_rate": 0.000344580194153308,
        "n_epochs": 4,
        "gamma": 0.9479956062170828,
        "clip_range": 0.13195201626331293,
        "ent_coef": 1.0974275204517842e-05,
        "vf_coef": 0.6245891170378073,
        "max_grad_norm": 2.4987564934099336,
        "gae_lambda": 0.9381761664814343,
        "n_layers": 3,
        "layer_size": 249,
        "activation_fn": "tanh"
    },
    "best_value": 302.76913511133057,
    "n_trials": 50,
    "best_net_arch": [
        249,
        249,
        249
    ],
    "best_activation_fn": "tanh"
}