{
    "best_params": {
        "learning_rate": 0.00026204739487281235,
        "buffer_size": 185774,
        "batch_size": 437,
        "tau": 0.007548062404301567,
        "gamma": 0.9645566858284886,
        "ent_coef": 0.01,
        "n_layers": 2,
        "layer_size": 224,
        "activation_fn": "relu"
    },
    "best_value": 496.58817270056363,
    "n_trials": 50,
    "best_net_arch": [
        224,
        224
    ],
    "best_activation_fn": "relu"
}
