algorithm,base_reward_env0_run0,reward_env_max_run0,robustness_env_noise,reward_run_max_env0,robustness_run_noise
A2C,499.31,498.77,0.9989185075404057,498.16,0.9976968216138271
DDPG,497.32,495.95,0.9972452344566879,498.62,1.0026140110994932
DQN,496.49,498.18,1.0034038953453241,498.55,1.0041491268706317
PPO,498.29,497.96,0.9993377350538842,496.99,0.9973910774849987
SAC,498.76,498.54,0.9995589060870961,497.91,0.9982957735183255
TD3,498.44,498.63,1.0003811893106491,497.39,0.9978934274937806
