time_s,voltage_v
0.0,3.537533180789589e-17
5e-06,4.2683699502675555e-05
1e-05,8.418714122538908e-05
1.5000000000000002e-05,0.00013799000332704762
2e-05,0.00018954683923499407
2.5e-05,0.00023894602340479245
3.0000000000000004e-05,0.00028627246453818116
3.5000000000000004e-05,0.0003316077414724132
4e-05,-0.003033258014100893
4.5e-05,-0.0030717333881556358
5e-05,-0.004191646744045733
5.5e-05,-0.004150708252356419
6.000000000000001e-05,-0.004111487769843107
6.500000000000001e-05,-0.009424235464611927
7.000000000000001e-05,-0.00946739707169267
7.500000000000001e-05,-0.017066402291958577
8e-05,-0.017109332153836313
8.5e-05,-0.019040048614874686
9e-05,-0.019003700699587737
9.5e-05,-0.01896881922262269
0.0001,-0.01893534639542453
0.000105,-0.018903226695938143
0.00011,-0.018872406779740218
0.000115,-0.018842835394655554
0.00012000000000000002,-0.01881446329872115
0.000125,-0.02892298576332929
0.00013000000000000002,-0.039183472921179435
0.000135,-0.04255518267642905
0.00014000000000000001,-0.045926771700376276
0.000145,-0.045896174883389394
0.00015000000000000001,-0.04586668975185387
0.000155,-0.04583827244784594
0.00016,-0.04581088083372395
0.00016500000000000003,-0.05873457225821191
0.00017,-0.05878467442126346
0.00017500000000000003,-0.06309786830452732
0.00018,-0.06306995084477313
0.00018500000000000002,-0.06304295753976077
0.00019,-0.0630168518980527
0.00019500000000000002,-0.06299159885965278
0.0002,-0.06296716473987995
0.00020500000000000002,-0.0629435171754423
0.00021,-0.06292062507262564
0.00021500000000000002,-0.06289845855751353
0.00022,-0.06287698892815904
0.00022500000000000002,-0.06285618860863187
0.00023,-0.06283603110486713
0.00023500000000000002,-0.06281649096224554
0.00024000000000000003,-0.06279754372483634
0.00024500000000000005,-0.06277916589623869
0.00025,-0.08306981575569909
0.000255,-0.10350333001941382
0.00026000000000000003,-0.13064236037420235
0.00026500000000000004,-0.13740154995815781
0.00027,-0.14415988223006979
0.000275,-0.1441286736640173
0.00028000000000000003,-0.1440981343805262
0.00028500000000000004,-0.14406823793711282
0.00029,-0.14403895892869942
0.000295,-0.14401027294693744
0.00030000000000000003,-0.1439821565411255
0.00030500000000000004,-0.14395458718066
0.00031,-0.14392754321895765
0.000315,-0.14390100385879276
0.00032,-0.16907024447409744
0.00032500000000000004,-0.16911443089602443
0.00033000000000000005,-0.17750532557754234
0.000335,-0.17747453056439616
0.00034,-0.1774442293690803
0.00034500000000000004,-0.17741440245447407
0.00035000000000000005,-0.2047641215116639
0.000355,-0.2048039297487609
0.00036,-0.21391874599354535
0.00036500000000000004,-0.21388422339910515
0.00037000000000000005,-0.2138501692488515
0.000375,-0.21381656502396548
0.00038,-0.24332127004183646
0.00038500000000000003,-0.27295981470876346
0.00039000000000000005,-0.2827837619699955
0.000395,-0.2926063772146156
0.0004,-0.29256135845576436
0.00040500000000000003,-0.29251685083102436
0.00041000000000000005,-0.3237067889712383
0.00041500000000000006,-0.3237301583162025
0.00042,-0.3341141482339462
0.00042500000000000003,-0.33406449185189563
0.00043000000000000004,-0.3665157210266944
0.00043500000000000006,-0.3665333547784203
0.00044,-0.3773339611901668
0.00044500000000000003,-0.3772789894380283
0.00045000000000000004,-0.3772245213489921
0.00045500000000000006,-0.37717053712185655
0.00046,-0.3771170177323748
0.000465,-0.37706394490279094
0.00047000000000000004,-0.3770113010725681
0.00047500000000000005,-0.37695906937026735
0.00048000000000000007,-0.3769072335865271
0.000485,-0.37685577814810256
0.0004900000000000001,-0.3768046880929232
0.000495,-0.376753949046128
0.0005,-0.3767035471970399
0.000505,-0.41499354897447455
0.00051,-0.4534086529682924
0.000515,-0.504537371001059
0.0005200000000000001,-0.5172624068294049
0.0005250000000000001,-0.5299857534529592
0.0005300000000000001,-0.5299130986376329
0.000535,-0.5298409239607511
0.00054,-0.5297692106369768
0.000545,-0.5296979406180689
0.00055,-0.5296270965639792
0.000555,-0.5295566618150853
0.0005600000000000001,-0.5294866203655091
0.0005650000000000001,-0.5294169568374836
0.0005700000000000001,-0.5293476564567244
0.0005750000000000001,-0.5292787050287668
0.00058,-0.5292100889162297
0.000585,-0.5291417950169727
0.00059,-0.5290738107431077
0.000595,-0.5290061240008355
0.0006000000000000001,-0.5289387231710713
0.0006050000000000001,-0.5288715970908304
0.0006100000000000001,-0.5288047350353446
0.0006150000000000001,-0.5287381267008777
0.00062,-0.5286717621882175
0.000625,-0.5286056319868124
0.00063,-0.5756713465756886
0.000635,-0.6228535112172964
0.00064,-0.6856786309662789
0.0006450000000000001,-0.7484742237093325
0.0006500000000000001,-0.7640935824340693
0.0006550000000000001,-0.7797109010211978
0.0006600000000000001,-0.7796089533282355
0.000665,-0.7795074620778977
0.00067,-0.7794064095658271
0.000675,-0.7793057787823339
0.00068,-0.7792055533851565
0.0006850000000000001,-0.7791057176732921
0.0006900000000000001,-0.8291800896468109
0.0006950000000000001,-0.8291389303142654
0.0007000000000000001,-0.8457747631425327
0.000705,-0.8456664648040625
0.00071,-0.8968645427540847
0.000715,-0.8968144222604055
0.00072,-0.9138188400209402
0.0007250000000000001,-0.913701980978838
0.0007300000000000001,-0.9135855337114545
0.0007350000000000001,-0.9662780682841139
0.0007400000000000001,-0.9662190882831055
0.0007450000000000001,-0.9837157336063265
0.00075,-0.9835905006042724
0.000755,-0.9834656801904628
0.00076,-0.9833412565020749
0.0007650000000000001,-1.0378887468833196
0.0007700000000000001,-1.092543021770138
0.0007750000000000001,-1.110642129996496
0.0007800000000000001,-1.128738911974091
0.0007850000000000001,-1.1285951879991902
0.00079,-1.12845192296528
0.000795,-1.1283090992757077
0.0008,-1.1281667000242168
0.000805,-1.1280247089678772
0.0008100000000000001,-1.1278831105010734
0.0008150000000000001,-1.1277418896305171
0.0008200000000000001,-1.1276010319512373
0.0008250000000000001,-1.1274605236235113
0.0008300000000000001,-1.1273203513507006
0.000835,-1.127180502357957
0.00084,-1.1270409643717625
0.000845,-1.1269017256002714
0.0008500000000000001,-1.1267627747144224
0.0008550000000000001,-1.1266241008297944
0.0008600000000000001,-1.1264856934891698
0.0008650000000000001,-1.126347542645784
0.0008700000000000001,-1.1262096386472311
0.000875,-1.1260719722199994
0.00088,-1.1259345344546157
0.000885,-1.125797316791369
0.0008900000000000001,-1.1886820683129204
0.0008950000000000001,-1.2516653989329434
0.0009000000000000001,-1.3355825856160584
0.0009050000000000001,-1.3564293063351929
0.0009100000000000001,-1.3772733189997732
0.0009150000000000001,-1.3771019599562488
0.00092,-1.3769309768028712
0.000925,-1.3767603553499317
0.00093,-1.3765900819644923
0.0009350000000000001,-1.3764201435485541
0.0009400000000000001,-1.3762505275180832
0.0009450000000000001,-1.3760812217828573
0.0009500000000000001,-1.3759122147271006
0.0009550000000000001,-1.4422133398296813
0.0009600000000000001,-1.4420951128572057
0.000965,-1.4640883347782478
0.00097,-1.531047035704444
0.0009750000000000001,-1.5309169696144582
0.0009800000000000002,-1.553121463210144
0.000985,-1.5529296361835954
0.00099,-1.6208862842572027
0.000995,-1.6207445674003758
0.001,-1.71173898609685
0.001005,-1.7115851230243553
0.00101,-1.7342079783123172
0.001015,-1.8031149886146192
0.00102,-1.8721110935667193
0.001025,-1.9640679235972875
0.00103,-2.0559733632995973
0.0010350000000000001,-2.078746513732717
0.0010400000000000001,-2.101516899925
0.0010450000000000001,-2.101253402322644
0.0010500000000000002,-2.100990505889469
0.0010550000000000002,-2.100728188015929
0.0010600000000000002,-2.1004664269793163
0.0010650000000000002,-2.10020520190898
0.00107,-2.099944492752923
0.001075,-2.099684280245702
0.00108,-2.099424545877584
0.001085,-2.1715466258217173
0.00109,-2.1713351887497367
0.001095,-2.195206176078183
0.0011,-2.26795048262443
0.001105,-2.2677267585992444
0.00111,-2.291796903897485
0.001115,-2.2915135827511617
0.0011200000000000001,-2.2912307481352303
0.0011250000000000001,-2.2909483820469485
0.0011300000000000001,-2.290666467189756
0.0011350000000000002,-2.2903849869455857
0.0011400000000000002,-2.2901039253482565
0.0011450000000000002,-2.365442330010511
0.0011500000000000002,-2.440860364833652
0.001155,-2.541398817516132
0.00116,-2.5662870598944876
0.001165,-2.591172226229976
0.00117,-2.59085220946713
0.001175,-2.5905327176308233
0.00118,-2.5902137313836624
0.001185,-2.589895232146735
0.00119,-2.589577202069874
0.001195,-2.589259624003081
0.0012000000000000001,-2.5889424814690725
0.0012050000000000001,-2.6670509324272316
0.0012100000000000001,-2.666779134262457
0.0012150000000000002,-2.692604957929872
0.0012200000000000002,-2.6922751844990436
0.0012250000000000002,-2.691945842556032
0.0012300000000000002,-2.6916169164878143
0.0012350000000000002,-2.6912883912938064
0.00124,-2.6909602525618515
0.001245,-2.690632486445146
0.00125,-2.690305079640071
0.001255,-2.6899780193648963
0.00126,-2.689651293339314
0.001265,-2.6893248897647783
0.00127,-2.688998797305615
0.001275,-2.771164618038978
0.00128,-2.853401366271117
0.0012850000000000001,-2.9630452313060225
0.0012900000000000001,-2.990172606834786
0.0012950000000000001,-3.017296576075635
0.0013000000000000002,-3.016927804970416
0.0013050000000000002,-3.0165594747592723
0.0013100000000000002,-3.016191569647392
0.0013150000000000002,-3.015824074459494
0.0013200000000000002,-3.015456974615539
0.001325,-3.015090256107389
0.00133,-3.0147239054763855
0.001335,-3.014357909791797
0.00134,-3.0139922566301274
0.001345,-3.01362693405522
0.00135,-3.0993199212612295
0.001355,-3.0989961240016046
0.00136,-3.1273151505985353
0.0013650000000000001,-3.126935650421431
0.0013700000000000001,-3.1265564952434595
0.0013750000000000001,-3.1261776730963673
0.0013800000000000002,-3.213321613604788
0.0013850000000000002,-3.212983625266126
0.0013900000000000002,-3.2417767714769345
0.0013950000000000002,-3.241383555144875
0.0014000000000000002,-3.2409906858559383
0.0014050000000000002,-3.32927055515129
0.00141,-3.417612187997171
0.001415,-3.53541526080213
0.00142,-3.56452930437783
0.001425,-3.593639723946319
0.00143,-3.5932014958871163
0.001435,-3.592763735168184
0.00144,-3.5923264252884604
0.001445,-3.591889550394052
0.0014500000000000001,-3.5914530952528554
0.0014550000000000001,-3.5910170452301764
0.0014600000000000001,-3.5905813862653067
0.0014650000000000002,-3.5901461048490164
0.0014700000000000002,-3.5897111880019317
0.0014750000000000002,-3.589276623253759
0.0014800000000000002,-3.588842398623322
0.0014850000000000002,-3.588408502599383
0.0014900000000000002,-3.5879749241222187
0.001495,-3.587541652565915
0.0015,-3.5871086777213566
0.001505,-3.586675989779883
0.00151,-3.6800224600566276
0.001515,-3.679627546692336
0.00152,-3.710449911468731
0.001525,-3.710001700869176
0.0015300000000000001,-3.7095537996030004
0.0015350000000000001,-3.803973539845671
0.0015400000000000001,-3.8984464447433225
0.0015450000000000001,-3.929597228932869
0.0015500000000000002,-3.96074408341187
0.0015550000000000002,-3.9602641383530264
0.0015600000000000002,-3.9597845768550015
0.0015650000000000002,-3.9593053859155387
0.0015700000000000002,-3.9588265530423175
0.0015750000000000002,-3.9583480662329604
0.00158,-4.0546029750234975
0.001585,-4.05416096480764
0.00159,-4.085921159131231
0.001595,-4.0854269024822765
0.0016,-4.084933004361791
0.001605,-4.084439452821648
0.00161,-4.083946236382312
0.0016150000000000001,-4.0834533440144645
0.0016200000000000001,-4.082960765121354
0.0016250000000000001,-4.082468489521833
0.0016300000000000002,-4.08197650743406
0.0016350000000000002,-4.081484809459848
0.0016400000000000002,-4.080993386569611
0.0016450000000000002,-4.080502230087924
0.0016500000000000002,-4.080011331679621
0.0016550000000000002,-4.18004359631844
0.0016600000000000002,-4.280121572012151
0.001665,-4.41360227168926
0.00167,-4.546991722897001
0.001675,-4.579909697999983
0.00168,-4.61282357978511
0.001685,-4.612264157611022
0.00169,-4.611705184886827
0.0016950000000000001,-4.611146646398927
0.0017000000000000001,-4.610588527530303
0.0017050000000000001,-4.610030814237122
0.0017100000000000001,-4.711652152297548
0.0017150000000000002,-4.711128431482591
0.0017200000000000002,-4.7446224813582205
0.0017250000000000002,-4.744048365267792
0.0017300000000000002,-4.743474657647882
0.0017350000000000002,-4.742901344967856
0.0017400000000000002,-4.742328414227656
0.0017450000000000002,-4.7417558529370005
0.00175,-4.7411836490953965
0.001755,-4.740611791172928
0.00176,-4.740040268091811
0.001765,-4.7394690692086625
0.00177,-4.738898184297467
0.001775,-4.843600770616615
0.0017800000000000001,-4.843062239581155
0.0017850000000000001,-4.877573369414546
0.0017900000000000001,-4.982715054270234
0.0017950000000000002,-5.08789242868156
0.0018000000000000002,-5.122516069898875
0.0018050000000000002,-5.1571353885603175
0.0018100000000000002,-5.156511740009454
0.0018150000000000002,-5.155888512294427
0.0018200000000000002,-5.155265691635149
0.0018250000000000002,-5.154643264791849
0.0018300000000000002,-5.154021219043893
0.001835,-5.153399542169427
0.00184,-5.152778222425818
0.001845,-5.152157248530864
0.00185,-5.151536609644741
0.001855,-5.150916295352659
0.00186,-5.150296295648193
0.0018650000000000001,-5.149676600917271
0.0018700000000000001,-5.258223268067443
0.0018750000000000001,-5.257634056821591
0.0018800000000000002,-5.293392423967744
0.0018850000000000002,-5.292754888080481
0.0018900000000000002,-5.292117678439937
0.0018950000000000002,-5.291480785055837
0.0019000000000000002,-5.290844198329612
0.0019050000000000002,-5.290207909039036
0.0019100000000000002,-5.2895719083234765
0.0019150000000000003,-5.288936187669715
0.0019200000000000003,-5.399633977954919
0.001925,-5.51035976607384
0.00193,-5.546800412092785
0.001935,-5.583236471979835
0.00194,-5.58256347849126
0.0019450000000000001,-5.581890845889298
0.0019500000000000001,-5.58121856299036
0.001955,-5.580546619049328
0.0019600000000000004,-5.579875003742359
0.001965,-5.579203707150368
0.00197,-5.691679680983213
0.001975,-5.6910369977442015
0.00198,-5.728069156431012
0.0019850000000000002,-5.7273794505312
0.00199,-5.726690082793329
0.0019950000000000002,-5.7260010430083925
0.002,-5.725312321367624
0.0020050000000000003,-5.724623908446802
0.00201,-5.838690194947821
0.0020150000000000003,-5.838029612056611
0.00202,-5.875579824449978
0.0020250000000000003,-5.874872717886121
0.00203,-5.8741659414358915
0.0020350000000000004,-5.989089494482779
0.00204,-5.988410169392232
0.0020450000000000004,-6.14202583705015
0.00205,-6.257111296481115
0.002055,-6.410667882707235
0.00206,-6.448455839273089
0.002065,-6.486239139958506
0.0020700000000000002,-6.485455078197785
0.002075,-6.4846715101574075
0.0020800000000000003,-6.4838884199561395
0.002085,-6.483105792335337
0.0020900000000000003,-6.599292427666361
0.002095,-6.598536847445197
0.0021000000000000003,-6.636729881381045
0.002105,-6.6359287503674595
0.0021100000000000003,-6.63512807818863
0.002115,-6.634327850417106
0.0021200000000000004,-6.633528053191001
0.002125,-6.632728673191821
0.0021300000000000004,-6.631929697623158
0.002135,-6.631131114190218
0.00214,-6.630332911080157
0.002145,-6.6295350769431725
0.00215,-6.748156028009313
0.0021550000000000002,-6.747383903491106
0.00216,-6.786377168597363
0.0021650000000000003,-6.785560118154488
0.00217,-6.784743449730356
0.0021750000000000003,-6.904169268805342
0.00218,-7.023605030916864
0.0021850000000000003,-7.062826856329584
0.00219,-7.102043809664634
0.0021950000000000003,-7.101187508372426
0.0022,-7.100331652683769
0.0022050000000000004,-7.099476228954444
0.00221,-7.09862122407506
0.0022150000000000004,-7.0977666254500615
0.00222,-7.096912420977603
0.002225,-7.096058599030167
0.00223,-7.095205148435985
0.002235,-7.094352058461164
0.0022400000000000002,-7.093499318792507
0.002245,-7.09264691952103
0.0022500000000000003,-7.214759779639899
0.002255,-7.213931345398918
0.0022600000000000003,-7.25405060728175
0.002265,-7.253178335091962
0.0022700000000000003,-7.252306422443848
0.002275,-7.251434859156477
0.0022800000000000003,-7.250563635447929
0.002285,-7.249692741919644
0.0022900000000000004,-7.248822169541399
0.002295,-7.247951909636848
0.0023000000000000004,-7.3719140117020325
0.002305,-7.495878882477658
0.00231,-7.6613146524266575
0.0023150000000000002,-7.701958820124991
0.00232,-7.742597937110962
0.0023250000000000002,-7.741665270620637
0.00233,-7.740733047876117
0.0023350000000000003,-7.739801255670229
0.00234,-7.738869881313416
0.0023450000000000003,-7.7379389126134575
0.00235,-7.737008337855954
0.0023550000000000003,-7.736078145785602
0.00236,-7.735148325588189
0.0023650000000000003,-7.734218866873295
0.00237,-7.733289759657683
0.0023750000000000004,-7.732360994349326
0.00238,-7.731432561732072
0.0023850000000000004,-7.730504452950904
0.00239,-7.7295766594977815
0.002395,-7.728649173198034
0.0024000000000000002,-7.7277219861972855
0.002405,-7.7267950909489045
0.0024100000000000002,-7.72586848020193
0.002415,-7.853718212091106
0.0024200000000000003,-7.852812694516634
0.002425,-7.894792285636569
0.0024300000000000003,-8.022938921352084
0.002435,-8.151080164033221
0.0024400000000000003,-8.3221058608721
0.002445,-8.364086667027758
0.0024500000000000004,-8.406062267491016
0.002455,-8.405050042669638
0.0024600000000000004,-8.404038278074506
0.002465,-8.403026960228908
0.0024700000000000004,-8.402016076184266
0.002475,-8.401005613499429
0.00248,-8.399995560220772
0.0024850000000000002,-8.398985904863087
0.00249,-8.397976636391217
0.0024950000000000003,-8.3969677442024
0.0025,-8.39595921810932
0.0025050000000000003,-8.394951048323826
0.00251,-8.39394322544126
0.0025150000000000003,-8.392935740425452
0.00252,-8.391928584594233
0.0025250000000000003,-8.390921749605583
0.00253,-8.389915227444288
0.0025350000000000004,-8.388909010409112
0.00254,-8.387903091100505
0.0025450000000000004,-8.386897462408761
0.00255,-8.518917197259917
0.0025550000000000004,-8.517930643766658
0.00256,-8.694366769274781
0.002565,-8.826446860906703
0.0025700000000000002,-8.869740256730093
0.002575,-8.913028255150698
0.0025800000000000003,-8.91195651675131
0.002585,-9.044388243343507
0.0025900000000000003,-9.043335606595086
0.002595,-9.220335794333767
0.0026000000000000003,-9.219261100706058
0.002605,-9.262676467581628
0.0026100000000000003,-9.39543561787153
0.002615,-9.394339274445187
0.0026200000000000004,-9.437826773218195
0.002625,-9.436690377773747
0.0026300000000000004,-9.435554486775114
0.002635,-9.4344190855952
0.0026400000000000004,-9.43328416018006
0.002645,-9.432149697026423
0.00265,-9.431015683160119
0.0026550000000000002,-9.42988210611531
0.00266,-9.428748953914583
0.0026650000000000003,-9.427616215049776
0.00267,-9.426483878463587
0.0026750000000000003,-9.42535193353191
0.00268,-9.424220370046827
0.0026850000000000003,-9.559533232242634
0.00269,-9.694823761644592
0.0026950000000000003,-9.875431559270694
0.0027,-9.91966495245946
0.0027050000000000004,-9.963892880098351
0.00271,-9.962693747441197
0.0027150000000000004,-9.961495119323535
0.00272,-9.9602969814118
0.0027250000000000004,-9.95909931993402
0.0027300000000000002,-9.957902121657819
0.002735,-9.956705373869235
0.0027400000000000002,-9.955509064352412
0.002745,-9.954313181370058
0.0027500000000000003,-9.953117713644684
0.002755,-9.951922650340583
0.0027600000000000003,-9.950727981046489
0.002765,-9.949533695758957
0.0027700000000000003,-9.948339784866356
0.002775,-9.947146239133513
0.0027800000000000004,-9.94595304968695
0.002785,-10.084020359290609
0.0027900000000000004,-10.082843372397692
0.002795,-10.128045738808218
0.0028000000000000004,-10.126830160949847
0.002805,-10.265303425393288
0.0028100000000000004,-10.264103904714135
0.0028150000000000002,-10.449177382996197
0.00282,-10.58765873249375
0.0028250000000000003,-10.77254965610146
0.00283,-10.817770843422743
0.0028350000000000003,-10.86298647020495
0.00284,-10.861678845254525
0.0028450000000000003,-10.860371775332563
0.00285,-10.859065244632792
0.0028550000000000003,-10.857759237968226
0.00286,-10.856453740746863
0.0028650000000000004,-10.855148738948374
0.00287,-10.853844219101674
0.0028750000000000004,-10.852540168263388
0.00288,-10.851236573997172
0.0028850000000000004,-10.991291374695065
0.00289,-10.990003151247887
0.0028950000000000004,-11.035792990853599
0.0029000000000000002,-11.034467016865298
0.002905,-11.033141508440524
0.0029100000000000003,-11.03181645338
0.002915,-11.030491839962284
0.0029200000000000003,-11.02916765692502
0.002925,-11.027843893446962
0.0029300000000000003,-11.026520539130656
0.002935,-11.025197583985834
0.0029400000000000003,-11.023875018413435
0.002945,-11.16571270005069
0.0029500000000000004,-11.307511171116271
0.002955,-11.353845225851604
0.0029600000000000004,-11.400173509055367
0.002965,-11.398804080286405
0.0029700000000000004,-11.397435117107237
0.002975,-11.396066607523483
0.0029800000000000004,-11.394698540010536
0.0029850000000000002,-11.393330903495134
0.00299,-11.391963687337666
0.0029950000000000003,-11.390596881315178
0.003,-11.389230475605013
0.0030050000000000003,-11.387864460769142
0.00301,-11.386498827739068
0.0030150000000000003,-11.385133567801335
0.00302,-11.383768672583614
0.0030250000000000003,-11.38240413404132
0.00303,-11.381039944444776
0.0030350000000000004,-11.379676096366843
0.00304,-11.378312582671077
0.0030450000000000004,-11.37694939650032
0.00305,-11.375586531265752
0.0030550000000000004,-11.374223980636373
0.0030600000000000002,-11.372861738528888
0.0030650000000000004,-11.371499799097993
0.0030700000000000002,-11.516933575924122
0.003075,-11.662322592910895
0.0030800000000000003,-11.856457568233306
0.003085,-11.903892580388963
0.0030900000000000003,-11.951321672109689
0.003095,-11.949886829321915
0.0031000000000000003,-11.948452439242708
0.003105,-11.947018490695585
0.0031100000000000004,-11.945584972941733
0.003115,-11.944151875662815
0.0031200000000000004,-11.942719188944505
0.003125,-11.941286903260636
0.0031300000000000004,-11.939855009457988
0.003135,-11.938423498741665
0.0031400000000000004,-11.936992362661032
0.0031450000000000002,-12.083919139088916
0.0031500000000000005,-12.082499877919417
0.0031550000000000003,-12.130491933140078
0.00316,-12.129037022364002
0.0031650000000000003,-12.127582512619373
0.00317,-12.126128394858599
0.0031750000000000003,-12.273698047052601
0.00318,-12.27225551605853
0.0031850000000000003,-12.320446174108795
0.00319,-12.318968236154147
0.0031950000000000004,-12.317490714071262
0.0032,-12.465534785984412
0.0032050000000000004,-12.613525194255034
0.00321,-12.811159445045172
0.0032150000000000004,-12.85938025745884
0.00322,-12.907595108318437
0.0032250000000000004,-13.055453333700262
0.0032300000000000002,-13.053913313227817
0.0032350000000000005,-13.251554863280985
0.0032400000000000003,-13.249990520358113
0.003245,-13.447620102863013
0.0032500000000000003,-13.446031463078434
0.003255,-13.643646338188836
0.0032600000000000003,-13.642033462599711
0.003265,-13.839630897786673
0.0032700000000000003,-13.837993843515504
0.003275,-13.886127629440294
0.0032800000000000004,-13.884455818494171
0.003285,-13.882784708938058
0.0032900000000000004,-13.881114280929912
0.003295,-14.029519628017217
0.0033000000000000004,-14.02786077824459
0.003305,-14.076184094999139
0.0033100000000000004,-14.074490661469039
0.0033150000000000002,-14.07279788846777
0.0033200000000000005,-14.0711057578625
0.0033250000000000003,-14.069414252230638
0.00333,-14.21857936349997
0.0033350000000000003,-14.367677531914493
0.00334,-14.416196779259527
0.0033450000000000003,-14.46471008701421
0.00335,-14.462970188724594
0.0033550000000000003,-14.46123095681044
0.00336,-14.459492373127592
0.0033650000000000004,-14.609065233218349
0.00337,-14.607337564112832
0.0033750000000000004,-14.656003506565275
0.00338,-14.80569713009385
0.0033850000000000004,-14.803945441166672
0.0033900000000000002,-14.852635425710567
0.0033950000000000004,-14.850849571058854
0.0034000000000000002,-14.84906437136894
0.0034050000000000005,-14.999184137702466
0.0034100000000000003,-14.997409572980853
0.003415,-15.046226128227586
0.0034200000000000003,-15.196459819238916
0.003425,-15.19466115058858
0.0034300000000000003,-15.24349941171994
0.003435,-15.24166677453835
0.0034400000000000003,-15.239834799724026
0.003445,-15.238003469726953
0.0034500000000000004,-15.388806062739942
0.003455,-15.539532088216394
0.0034600000000000004,-15.740905896772931
0.003465,-15.942021802818946
0.0034700000000000004,-15.990822639502326
0.0034750000000000002,-16.039617561249734
0.0034800000000000005,-16.037686787170855
0.0034850000000000003,-16.035756803273713
0.0034900000000000005,-16.18636986773312
0.0034950000000000003,-16.184450434622207
0.0035,-16.233333628140308
0.0035050000000000003,-16.231380571277487
0.00351,-16.22942827266647
0.0035150000000000003,-16.227476711551393
0.00352,-16.22552586798933
0.0035250000000000004,-16.22357572281842
0.00353,-16.221626257627253
0.0035350000000000004,-16.21967745472543
0.00354,-16.217729297115305
0.0035450000000000004,-16.215781768464815
0.00355,-16.36784742915225
0.0035550000000000004,-16.36590944962492
0.0035600000000000002,-16.415264146121217
0.0035650000000000005,-16.413292734075956
0.0035700000000000003,-16.411321948514523
0.0035750000000000005,-16.40935177395128
0.0035800000000000003,-16.407382195506848
0.003585,-16.560129447146196
0.0035900000000000003,-16.712790236699995
0.003595,-16.762309736472414
0.0036000000000000003,-16.811823113168302
0.003605,-16.809803658670884
0.0036100000000000004,-16.807784860958606
0.003615,-16.805766703580023
0.0036200000000000004,-16.803749170727784
0.003625,-16.801732247213444
0.0036300000000000004,-16.799715918443137
0.003635,-16.797700170394293
0.0036400000000000004,-16.795684989593244
0.0036450000000000002,-16.79367036309369
0.0036500000000000005,-16.94760480914484
0.0036550000000000003,-17.101449054042728
0.0036600000000000005,-17.151332551499117
0.0036650000000000003,-17.201209849605704
0.00367,-17.199144758514517
0.0036750000000000003,-17.353083135993383
0.00368,-17.351026646745566
0.0036850000000000003,-17.40092551600388
0.00369,-17.39883624607527
0.0036950000000000004,-17.39674761644259
0.0037,-17.394659611632086
0.0037050000000000004,-17.392572216775758
0.00371,-17.39048541758761
0.0037150000000000004,-17.545210626805957
0.00372,-17.699840758197336
0.0037250000000000004,-17.749937741766814
0.0037300000000000002,-17.800028514552874
0.0037350000000000005,-17.797891124773844
0.0037400000000000003,-17.795754396655184
0.0037450000000000005,-17.79361831410929
0.0037500000000000003,-17.79148286167834
0.003755,-17.78934802450964
0.0037600000000000003,-17.78721378833183
0.003765,-17.785080139432143
0.0037700000000000003,-17.78294706463447
0.003775,-17.780814551278347
0.0037800000000000004,-17.77868258719871
0.003785,-17.77655116070649
0.0037900000000000004,-17.93267011224044
0.003795,-17.930546014201155
0.0038000000000000004,-17.98112596650871
0.0038050000000000002,-17.978969624972848
0.0038100000000000005,-18.135280969713182
0.0038150000000000002,-18.13313190753897
0.0038200000000000005,-18.1837591550242
0.0038250000000000003,-18.181577972704694
0.0038300000000000005,-18.179397374549684
0.0038350000000000003,-18.177217347727122
0.0038400000000000005,-18.333993392891735
0.0038450000000000003,-18.490667061306844
0.00385,-18.700062443782286
0.0038550000000000004,-18.750683165688944
0.00386,-18.801297625230568
0.0038650000000000004,-18.79903977616628
0.00387,-18.79678263175896
0.0038750000000000004,-18.79452617479725
0.00388,-18.792270388743574
0.0038850000000000004,-18.949181340970483
0.0038900000000000002,-19.10598547762223
0.0038950000000000005,-19.15669354299549
0.0039000000000000003,-19.36627839327186
0.0039050000000000005,-19.52274450589456
0.00391,-19.573304840962056
0.003915,-19.623858992793153
0.003920000000000001,-19.621500092802005
0.0039250000000000005,-19.61914201590644
0.00393,-19.616784740710923
0.003935,-19.614428246657717
0.00394,-19.612072513994
0.003945000000000001,-19.769130205434752
0.00395,-19.766781615058974
0.003955,-19.817522962321675
0.00396,-19.974609790380505
0.003965000000000001,-19.972236091663017
0.0039700000000000004,-20.182353096497362
0.003975,-20.33921467580468
0.00398,-20.38984080150155
0.003985000000000001,-20.44046074711062
0.0039900000000000005,-20.438003474072396
0.003995,-20.435547064967313
0.004,-20.433091497255568
0.004005000000000001,-20.4306367492799
0.0040100000000000005,-20.428182800231045
0.004015,-20.425729630114496
0.00402,-20.423277219718486
0.004025,-20.420825550583384
0.004030000000000001,-20.418374604972147
0.004035,-20.41592436584201
0.00404,-20.41347481681726
0.004045,-20.41102594216308
0.004050000000000001,-20.408577726760416
0.0040550000000000004,-20.406130156081854
0.00406,-20.564772184702324
0.004065,-20.56233072238143
0.004070000000000001,-20.613537273787895
0.0040750000000000005,-20.611064639920404
0.00408,-20.608592661686295
0.004085,-20.606121324812406
0.004090000000000001,-20.603650615584005
0.0040950000000000005,-20.762833965502995
0.0041,-20.921895812176203
0.004105,-21.134550896418475
0.00411,-21.185763340808453
0.004115000000000001,-21.236969439585852
0.00412,-21.23441969095479
0.004125,-21.231870708428254
0.00413,-21.22932247375004
0.004135000000000001,-21.226774969378503
0.0041400000000000005,-21.385980432591385
0.004145,-21.38343885849436
0.00415,-21.43476563973313
0.004155000000000001,-21.43219324759112
0.0041600000000000005,-21.429621584610935
0.004165,-21.427050634096155
0.00417,-21.42448038000375
0.004175000000000001,-21.584209747648934
0.0041800000000000006,-21.581645096198347
0.004185,-21.633130879741806
0.00419,-21.630535525241147
0.004195,-21.790391412290553
0.004200000000000001,-21.787801623424837
0.004205,-21.839312610565248
0.00421,-21.836692203188626
0.004215,-21.83407251665617
0.004220000000000001,-21.831453534824583
0.0042250000000000005,-21.991690928463026
0.00423,-22.151797281601436
0.004235,-22.365883555657398
0.004240000000000001,-22.41734016974938
0.0042450000000000005,-22.468790431776537
0.00425,-22.46609212167601
0.004255,-22.46339464565093
0.004260000000000001,-22.460697983469863
0.0042650000000000006,-22.458002115693287
0.00427,-22.618206948516274
0.004275,-22.6155165516802
0.00428,-22.667075914567686
0.004285000000000001,-22.66435516730253
0.00429,-22.824671723664835
0.004295,-22.98485131861206
0.0043,-23.03637206166387
0.004305000000000001,-23.250550466801908
0.0043100000000000005,-23.247781865663384
0.004315,-23.299183654358995
0.00432,-23.296384760117828
0.004325000000000001,-23.293586763220876
0.0043300000000000005,-23.290789641420297
0.004335,-23.28799337333918
0.00434,-23.285197938437417
0.004345000000000001,-23.445708901385874
0.004350000000000001,-23.442918793674966
0.004355,-23.657689586688647
0.00436,-23.817902566163173
0.004365,-23.869366565872195
0.004370000000000001,-23.920824246474314
0.004375,-23.917950541027036
0.00438,-24.0781200495409
0.004385,-24.075251994337787
0.004390000000000001,-24.126679609948077
0.0043950000000000005,-24.123781503715357
0.0044,-24.120884317660092
0.004405,-24.117988029102005
0.004410000000000001,-24.27850899667288
0.0044150000000000005,-24.438882613533735
0.00442,-24.490350257108567
0.004425,-24.541811575789986
0.004430000000000001,-24.538863490888478
0.004435000000000001,-24.535916345797215
0.00444,-24.532970117298195
0.004445,-24.530024783082318
0.00445,-24.52708032171373
0.004455000000000001,-24.52413671259559
0.00446,-24.521193935937188
0.004465,-24.518251972722293
0.00447,-24.515310804678847
0.004475000000000001,-24.51237041424974
0.0044800000000000005,-24.673829881999392
0.004485,-24.83513841954271
0.00449,-25.050910551330695
0.004495000000000001,-25.10254237108918
0.0045000000000000005,-25.154167808235666
0.004505,-25.151147452138467
0.00451,-25.14812800739382
0.004515000000000001,-25.14510945224262
0.004520000000000001,-25.142091765777426
0.004525,-25.139074927909032
0.00453,-25.300522899901082
0.004535,-25.297510815753576
0.004540000000000001,-25.51358038703098
0.004545,-25.51054178481839
0.00455,-25.562221015716798
0.004555,-25.55915259031647
0.004560000000000001,-25.556085053787108
0.0045650000000000005,-25.553018385479707
0.00457,-25.549952565553344
0.004575,-25.54688757494351
0.004580000000000001,-25.54382339533166
0.0045850000000000005,-25.540760009115967
0.00459,-25.537697399383216
0.004595,-25.53463554988181
0.004600000000000001,-25.531574444995815
0.004605000000000001,-25.528514069720057
0.00461,-25.691095338239272
0.004615,-25.853517569774464
0.00462,-26.070805698744255
0.004625000000000001,-26.12272409991967
0.0046300000000000004,-26.174636035934604
0.004635,-26.17149476128904
0.00464,-26.33352087254732
0.004645000000000001,-26.49538390705735
0.0046500000000000005,-26.547183246298076
0.004655,-26.763692475049204
0.00466,-26.760501784126113
0.004665000000000001,-26.812161974300892
0.0046700000000000005,-26.97361548329731
0.004675,-26.97039924840868
0.00468,-27.18652449562482
0.004685000000000001,-27.347614610885486
0.004690000000000001,-27.399085271480402
0.004695,-27.4505496673941
0.0047,-27.447250455339507
0.004705,-27.443952357364218
0.004710000000000001,-27.440655345043808
0.0047150000000000004,-27.437359391066664
0.00472,-27.434064469190396
0.004725,-27.430770554199867
0.004730000000000001,-27.592384977714413
0.0047350000000000005,-27.58909583502342
0.00474,-27.80545213534321
0.004745,-27.966691666735873
0.004750000000000001,-28.018163067118174
0.0047550000000000005,-28.0696281653424
0.00476,-28.066255822735027
0.004765,-28.2273852442897
0.004770000000000001,-28.224018052065578
0.004775000000000001,-28.27542826105162
0.00478,-28.272031731792136
0.004785,-28.433204011262934
0.00479,-28.594199193533886
0.004795000000000001,-28.64553825903482
0.0048000000000000004,-28.696871051917988
0.004805,-28.69342294661918
0.00481,-28.68997596911469
0.004815000000000001,-28.68653009113869
0.0048200000000000005,-28.68308528553186
0.004825,-28.67964152619803
0.00483,-28.84101896256333
0.004835000000000001,-28.83758005372685
0.0048400000000000006,-29.053656152315437
0.004845,-29.050190904666525
0.00485,-29.26598747332782
0.004855000000000001,-29.26249589113265
0.004860000000000001,-29.31376078749342
0.004865,-29.47461413869686
0.00487,-29.63528334983912
0.004875,-29.85035260666031
0.004880000000000001,-29.901364808800977
0.0048850000000000005,-29.952370833365144
0.00489,-29.94877016112523
0.004895,-29.945170732192707
0.004900000000000001,-29.941572514473236
0.0049050000000000005,-29.93797547712903
0.00491,-29.934379590529595
0.004915,-30.09507523374217
0.004920000000000001,-30.091484606489978
0.0049250000000000006,-30.14259910571562
0.00493,-30.13897911259915
0.004935,-30.13536023064724
0.004940000000000001,-30.131742433053823
0.004945000000000001,-30.12812569406199
0.00495,-30.124509988922924
0.004955,-30.120895293856332
0.00496,-30.11728158601247
0.004965000000000001,-30.113668843435683
0.0049700000000000005,-30.110057045029333
0.004975,-30.106446170522094
0.00498,-30.102836200435636
0.004985000000000001,-30.264797376940976
0.0049900000000000005,-30.261191596159964
0.004995,-30.478083079492208
0.005,-30.63962090181243
0.005005000000000001,-30.690978787192417
0.0050100000000000006,-30.742330270404903
0.005015,-30.738640661907123
0.00502,-30.90002756794986
0.005025000000000001,-30.896342658182903
0.005030000000000001,-30.947623713148975
0.005035,-30.94390952699251
0.00504,-30.940196382537245
0.005045,-30.936484256151527
0.005050000000000001,-30.932773125128392
0.0050550000000000005,-30.9290629676493
0.00506,-30.925353762749285
0.005065,-30.921645490283506
0.005070000000000001,-30.917938130895067
0.0050750000000000005,-30.914231665984154
0.00508,-30.910526077678345
0.005085,-30.906821348804044
0.005090000000000001,-30.90311746285915
0.005095000000000001,-30.899414403986686
0.0051,-30.895712156949507
0.005105,-30.892010707106007
0.005110000000000001,-30.888310040386763
0.005115000000000001,-30.884610143272113
0.00512,-31.047951618685925
0.005125,-31.21109577577902
0.00513,-31.429510733553283
0.005135000000000001,-31.4812210746392
0.0051400000000000005,-31.532924889824717
0.005145,-31.529143032320118
0.00515,-31.52536213362521
0.005155000000000001,-31.688092854573117
0.0051600000000000005,-31.684315760176354
0.005165,-31.73598231740639
0.00517,-31.732176220831064
0.005175000000000001,-31.728371084457706
0.005180000000000001,-31.891215038295528
0.005185,-32.05385617355837
0.00519,-32.105468758805706
0.005195000000000001,-32.15707487520417
0.005200000000000001,-32.15321662487409
0.005205,-32.3156794063232
0.00521,-32.311825223470095
0.005215,-32.36335044547862
0.005220000000000001,-32.35946737041241
0.0052250000000000005,-32.35558534238622
0.00523,-32.518156757848665
0.005235,-32.680521182972655
0.005240000000000001,-32.73199009196653
0.0052450000000000005,-32.94932370304783
0.00525,-33.11104969943191
0.005255,-33.3276346283583
0.005260000000000001,-33.54371574259192
0.005265000000000001,-33.59464197608056
0.00527,-33.64556203728089
0.005275,-33.806205655905
0.005280000000000001,-33.80216585053296
0.005285000000000001,-33.852959538735554
0.00529,-33.848890951308334
0.005295,-33.84482372542039
0.0053,-34.0055760982174
0.005305000000000001,-34.00151416089925
0.0053100000000000005,-34.21690513345671
0.005315,-34.21281724607234
0.00532,-34.26352508819943
0.005325000000000001,-34.423864752580336
0.0053300000000000005,-34.58398594736038
0.005335,-34.63454942038494
0.00534,-34.68510677047815
0.005345000000000001,-34.84490292813067
0.005350000000000001,-34.84073842120856
0.005355,-34.891165294422066
0.00536,-35.05081345094272
0.005365000000000001,-35.0466245034098
0.005370000000000001,-35.096985499208905
0.0053750000000000004,-35.09276756212075
0.00538,-35.25239297893367
0.005385,-35.41179471811431
0.005390000000000001,-35.46205154090383
0.0053950000000000005,-35.512302278252015
0.0054,-35.50803393059167
0.005405,-35.66722942682242
0.005410000000000001,-35.6629671792007
0.0054150000000000005,-35.71312767961801
0.00542,-35.70883630775423
0.005425,-35.868005337721954
0.005430000000000001,-35.8637199918032
0.005435000000000001,-35.91385599414371
0.00544,-35.90954145551894
0.005445,-35.90522829180987
0.005450000000000001,-35.90091646909197
0.005455000000000001,-35.896605954768646
0.0054600000000000004,-35.892296717519166
0.005465,-35.887988727248626
0.00547,-35.88368195503987
0.005475000000000001,-36.04358237227375
0.0054800000000000005,-36.03928085087315
0.005485,-36.08964944208185
0.00549,-36.0853185782019
0.005495000000000001,-36.24518321163883
0.0055000000000000005,-36.40481699257739
0.005505,-36.61871271426618
0.00551,-36.83205939038637
0.005515000000000001,-37.04485414208454
0.005520000000000001,-37.094637421798176
0.005525,-37.14441466572942
0.00553,-37.13995051499519
0.005535000000000001,-37.2981030064705
0.005540000000000001,-37.293645405673885
0.0055450000000000004,-37.34332611304729
0.00555,-37.501311603433656
0.005555,-37.49682979841688
0.005560000000000001,-37.54643845960337
0.0055650000000000005,-37.541927282846935
0.00557,-37.699874309688454
0.005575,-37.69536967783901
0.005580000000000001,-37.74495002477442
0.0055850000000000006,-37.9027266125584
0.00559,-37.89819769386482
0.005595,-37.94770480004138
0.005600000000000001,-37.943146399128345
0.005605000000000001,-37.9385894310898
0.00561,-37.934033860863345
0.005615,-37.929479654758964
0.005620000000000001,-38.08760392823498
0.005625000000000001,-38.0830559088765
0.0056300000000000005,-38.132665823046345
0.005635,-38.290614511770656
0.00564,-38.44831962000179
0.005645000000000001,-38.659706977223294
0.0056500000000000005,-38.70899133964059
0.005655,-38.75826968023296
0.00566,-38.75361314716333
0.005665000000000001,-38.74895810727693
0.0056700000000000006,-38.906116674582464
0.005675,-38.901468447498786
0.00568,-38.95068880260909
0.005685000000000001,-39.10766748193231
0.005690000000000001,-39.10299502200909
0.005695,-39.152139029012716
0.0057,-39.14743686906708
0.005705000000000001,-39.30436615315672
0.005710000000000001,-39.46104560826132
0.0057150000000000005,-39.51006988323242
0.00572,-39.55908814714972
0.005725,-39.71538686098279
0.005730000000000001,-39.710640554640186
0.0057350000000000005,-39.75950801659478
0.00574,-39.75473193116075
0.005745,-39.74995734790957
0.005750000000000001,-39.74518423007172
0.005755000000000001,-39.74041254231692
0.00576,-39.735642250697644
0.005765,-39.892419442921636
0.005770000000000001,-40.048942807341675
0.005775000000000001,-40.09786907149699
0.00578,-40.14678927169911
0.005785,-40.141968683973715
0.005790000000000001,-40.29823653906834
0.005795000000000001,-40.29342302762096
0.0058000000000000005,-40.34223460393218
0.005805,-40.337391139839006
0.00581,-40.3325490963372
0.005815000000000001,-40.327708440181965
0.0058200000000000005,-40.3228691394295
0.005825,-40.31803116338595
0.00583,-40.47477076710214
0.005835000000000001,-40.631252485877134
0.005840000000000001,-40.68011920275535
0.005845,-40.72897980480934
0.00585,-40.72409116002184
0.005855000000000001,-40.88030910038026
0.005860000000000001,-40.87542740384143
0.005865,-40.92417614248964
0.00587,-40.91926439717271
0.005875000000000001,-40.91435403004292
0.005880000000000001,-40.90944500984325
0.0058850000000000005,-40.9045373065397
0.00589,-41.061088764585385
0.005895,-41.217378380637605
0.005900000000000001,-41.42696205384019
0.0059050000000000005,-41.47554406157743
0.00591,-41.524120029746626
0.005915,-41.51913456223923
0.005920000000000001,-41.67468646133686
0.005925000000000001,-41.66970834475882
0.00593,-41.87839409863294
0.005935,-42.03334246059229
0.005940000000000001,-42.08158228609361
0.005945000000000001,-42.1298161854014
0.00595,-42.12475563259212
0.005955,-42.119696659816675
0.005960000000000001,-42.11463922857552
0.005965000000000001,-42.10958330187595
0.0059700000000000005,-42.10452884417315
0.005975,-42.099475821313284
0.00598,-42.09442420047901
0.005985000000000001,-42.24990862084193
0.0059900000000000005,-42.24486414913226
0.005995,-42.29325821782304
0.006,-42.448534090536825
0.006005000000000001,-42.60353946695998
0.006010000000000001,-42.65175439810498
0.006015,-42.69996331536886
0.00602,-42.85454978554726
0.006025000000000001,-43.00886349635072
0.006030000000000001,-43.21586871994216
0.006035,-43.26363923257831
0.00604,-43.31140390875869
0.006045000000000001,-43.30620034739582
0.006050000000000001,-43.300998452387155
0.0060550000000000005,-43.454681149959576
0.00606,-43.44948764338692
0.006065,-43.49718059446042
0.006070000000000001,-43.65065024911325
0.0060750000000000005,-43.64543323710504
0.00608,-43.69303927609045
0.006085,-43.846294759179486
0.006090000000000001,-43.84105428656583
0.006095000000000001,-43.88857306718748
0.0061,-43.88330213809063
0.006105,-44.036481428946324
0.006110000000000001,-44.031219047832074
0.006115000000000001,-44.07869756309633
0.0061200000000000004,-44.073404647834515
0.006125,-44.06811331667652
0.006130000000000001,-44.06282353205011
0.006135000000000001,-44.057535257853424
0.0061400000000000005,-44.21105246690304
0.006145,-44.2057723053876
0.00615,-44.411821315000495
0.006155000000000001,-44.56469689738605
0.0061600000000000005,-44.612042606771894
0.006165,-44.65938244697856
0.00617,-44.654019640205156
0.006175000000000001,-44.64865844462967
0.006180000000000001,-44.643298821941244
0.006185,-44.63794073532843
0.00619,-44.79093704196752
0.006195000000000001,-44.78558731231452
0.006200000000000001,-44.8329455844067
0.0062050000000000004,-44.82756508154456
0.00621,-44.82218607207082
0.006215000000000001,-44.816808522391334
0.006220000000000001,-44.81143240022631
0.0062250000000000005,-44.96476001403499
0.00623,-45.11780112739794
0.006235,-45.16515984349066
0.006240000000000001,-45.21251258288691
0.0062450000000000006,-45.20708674883775
0.00625,-45.35982069859622
0.006255,-45.35440328927665
0.006260000000000001,-45.40162830974131
0.006265000000000001,-45.55413281606985
0.00627,-45.70634738532472
0.006275,-45.91063558877926
0.006280000000000001,-46.1142473298471
0.006285000000000001,-46.31717988272149
0.0062900000000000005,-46.36364602984569
0.006295,-46.41010655733333
0.006300000000000001,-46.560323370856885
0.006305000000000001,-46.55475402397585
0.0063100000000000005,-46.60103767718595
0.006315,-46.75102407074589
0.00632,-46.74543232135674
0.006325000000000001,-46.791623987803234
0.0063300000000000006,-46.94137896041597
0.006335,-47.09083660234862
0.00634,-47.136835405706826
0.006345000000000001,-47.18282866486225
0.006350000000000001,-47.177157446144655
0.006355,-47.32630236483068
0.00636,-47.32064190280163
0.006365000000000001,-47.36650658220249
0.006370000000000001,-47.51541778178914
0.0063750000000000005,-47.66402834164805
0.00638,-47.70969855843071
0.006385000000000001,-47.75536326701958
0.006390000000000001,-47.74962335862995
0.0063950000000000005,-47.743885382491506
0.0064,-47.89232911921811
0.006405,-48.040469969924196
0.006410000000000001,-48.23939960476776
0.0064150000000000006,-48.43762126342714
0.00642,-48.482712389557314
0.006425,-48.52779816666304
0.006430000000000001,-48.52196255586701
0.006435000000000001,-48.516129021302724
0.00644,-48.66303104396948
0.006445,-48.657209419161624
0.006450000000000001,-48.7022174957076
0.006455000000000001,-48.84888185846466
0.0064600000000000005,-48.99523813951845
0.006465,-49.040048673219886
0.006470000000000001,-49.08485383313821
0.006475000000000001,-49.23073540727035
0.0064800000000000005,-49.22484510067135
0.006485,-49.26946660057631
0.00649,-49.263544396101516
0.006495000000000001,-49.25762419747322
0.006500000000000001,-49.25170595347353
0.006505,-49.245789614889645
0.00651,-49.23987513443522
0.006515000000000001,-49.23396246667493
0.006520000000000001,-49.22805156795182
0.006525,-49.374768083999285
0.00653,-49.3688685519648
0.006535000000000001,-49.566013942301794
0.006540000000000001,-49.71202023720759
0.0065450000000000005,-49.75665973517118
0.00655,-49.80129372126972
0.006555000000000001,-49.7953120478215
0.006560000000000001,-49.78933222619211
0.0065650000000000005,-49.78335421149993
0.00657,-49.92933929085821
0.006575,-50.07500928605102
0.006580000000000001,-50.11950802493352
0.006585000000000001,-50.31505414194809
0.00659,-50.30903860047231
0.006595,-50.35329007129745
0.006600000000000001,-50.34724189585786
0.006605000000000001,-50.49217793754333
0.00661,-50.48614216964411
0.006615,-50.680950711031656
0.006620000000000001,-50.67489149120993
0.006625000000000001,-50.86916671416091
0.0066300000000000005,-50.86308398499817
0.006635,-51.05682452016183
0.006640000000000001,-51.05071842396449
0.006645000000000001,-51.24392291337005
0.0066500000000000005,-51.237793586880024
0.006655,-51.28139586597073
0.00666,-51.42445679921234
0.006665000000000001,-51.56719464774149
0.006670000000000001,-51.7590279612463
0.006675,-51.80221772859073
0.00668,-51.84540235209482
0.006685000000000001,-51.83916881365504
0.006690000000000001,-51.832937453082586
0.006695,-51.97493180354687
0.0067,-51.968714578814776
0.006705000000000001,-52.01181907574652
0.006710000000000001,-52.15356283557581
0.0067150000000000005,-52.14732471462611
0.00672,-52.3379334909496
0.006725000000000001,-52.331672735970535
0.006730000000000001,-52.52173495521177
0.0067350000000000005,-52.51545146335321
0.00674,-52.55815060263837
0.006745,-52.69881228925666
0.006750000000000001,-52.83914399501469
0.006755000000000001,-52.881635580059495
0.00676,-53.07014592267533
0.006765,-53.2094739432793
0.006770000000000001,-53.25159919232871
0.006775000000000001,-53.293719477308734
0.0067800000000000004,-53.43254103728325
0.006785,-53.57102903671674
0.006790000000000001,-53.757258302021135
0.006795000000000001,-53.942704921887106
0.0068000000000000005,-53.98409273670076
0.006805,-54.02547581589026
0.006810000000000001,-54.01897408614639
0.006815000000000001,-54.155941946842724
0.0068200000000000005,-54.14945729020723
0.006825,-54.33376992553721
0.00683,-54.32726400208283
0.006835000000000001,-54.36835639969895
0.006840000000000001,-54.50464957230525
0.006845,-54.64060381942268
0.00685,-54.68148720039664
0.006855000000000001,-54.86421618968124
0.006860000000000001,-54.99914065905644
0.0068650000000000004,-55.03965025449463
0.00687,-55.08015521679522
0.006875000000000001,-55.214565698038164
0.006880000000000001,-55.3486338788394
0.0068850000000000005,-55.388829682866955
0.00689,-55.42902090004704
0.006895000000000001,-55.422350254258895
0.006900000000000001,-55.41568218380543
0.0069050000000000005,-55.40901661856477
0.00691,-55.402353491160945
0.006915,-55.53662538682054
0.006920000000000001,-55.67055284331684
0.006925000000000001,-55.85076423163694
0.00693,-55.89067072425311
0.006935,-55.93057255630004
0.006940000000000001,-55.92384509464038
0.006945000000000001,-55.91712009223849
0.0069500000000000004,-55.910397483802946
0.006955,-55.90367720659883
0.006960000000000001,-56.037197616859494
0.006965000000000001,-56.030495420042726
0.0069700000000000005,-56.21027097076385
0.006975,-56.20354746267154
0.006980000000000001,-56.243339190716874
0.006985000000000001,-56.23658002181065
0.0069900000000000006,-56.22982309305666
0.006995,-56.22306834792927
0.007,-56.21631573211562
0.007005000000000001,-56.20956519342886
0.007010000000000001,-56.34329927752638
0.007015,-56.47668372380828
0.00702,-56.516569827162286
0.007025000000000001,-56.695919111938856
0.007030000000000001,-56.68914049176633
0.0070350000000000005,-56.867806770980714
0.00704,-56.999687415702645
0.007045000000000001,-57.17720841730448
0.007050000000000001,-57.35390061296223
0.0070550000000000005,-57.529761671639605
0.00706,-57.56842589509719
0.007065000000000001,-57.60708563028895
0.007070000000000001,-57.736552327338906
0.0070750000000000006,-57.86566324781581
0.00708,-57.90400458377563
0.007085,-58.07770300932544
0.007090000000000001,-58.07074842530364
0.007095000000000001,-58.243755676846895
0.0071,-58.371341396201956
0.007105,-58.40913164225664
0.007110000000000001,-58.446917601459695
0.007115000000000001,-58.573971001419345
0.0071200000000000005,-58.70066480880632
0.007125,-58.871325225383856
0.007130000000000001,-58.90856203676306
0.007135000000000001,-58.94579469432956
0.0071400000000000005,-59.071312815340384
0.007145,-59.06423682563636
0.007150000000000001,-59.2334535232825
0.007155000000000001,-59.22635844973308
0.0071600000000000006,-59.26322766960495
0.007165,-59.38804786619266
0.00717,-59.38093580117574
0.007175000000000001,-59.549232080117164
0.007180000000000001,-59.67323829452918
0.007185,-59.70972952772162
0.00719,-59.74621665254214
0.007195000000000001,-59.7390259079676
0.007200000000000001,-59.73183796266811
0.0072050000000000005,-59.85571156780473
0.00721,-59.84854680679094
0.007215000000000001,-59.88497010929011
0.007220000000000001,-59.87776780875365
0.0072250000000000005,-60.00159238090528
0.00723,-59.99441304445705
0.007235000000000001,-60.030809974910724
0.007240000000000001,-60.15438239756897
0.007245000000000001,-60.14718572739596
0.00725,-60.18348682397393
0.007255,-60.30680659902893
0.007260000000000001,-60.299592534749465
0.007265000000000001,-60.46591530414254
0.00727,-60.458681726184366
0.007275,-60.62440194616735
0.007280000000000001,-60.61714870934376
0.007285000000000001,-60.78226559815526
0.0072900000000000005,-60.77499283229963
0.007295,-60.8107011327361
0.007300000000000001,-60.93239825373625
0.007305000000000001,-61.05372381200044
0.0073100000000000005,-61.21729543307677
0.007315,-61.2525489514771
0.007320000000000001,-61.28779838803166
0.007325000000000001,-61.280426214741915
0.007330000000000001,-61.273056751912925
0.007335,-61.393589342389774
0.00734,-61.5137481288323
0.007345000000000001,-61.54881244937368
0.007350000000000001,-61.710681614251044
0.007355,-61.82970789549595
0.00736,-61.99023775745993
0.007365000000000001,-62.02465786426494
0.007370000000000001,-62.059074069680044
0.0073750000000000005,-62.05160657689932
0.00738,-62.04414192938534
0.007385000000000001,-62.036680050115294
0.007390000000000001,-62.029220865082486
0.0073950000000000005,-62.147880975774754
0.0074,-62.14044704973144
0.007405000000000001,-62.30062119195325
0.007410000000000001,-62.29316850456646
0.007415000000000001,-62.45272907086995
0.00742,-62.570081050593885
0.007425,-62.728400014338135
0.007430000000000001,-62.88581596601886
0.007435000000000001,-63.04232685232108
0.00744,-63.19793063276785
0.007445,-63.23100515643085
0.007450000000000001,-63.264076067780366
0.007455000000000001,-63.25645958289004
0.0074600000000000005,-63.24884615670152
0.007465,-63.36335955839398
0.007470000000000001,-63.355773924478015
0.007475000000000001,-63.38879238558422
0.0074800000000000005,-63.503061119713294
0.007485,-63.49546034417934
0.007490000000000001,-63.649831043973315
0.007495000000000001,-63.64221263998873
0.007500000000000001,-63.79596474169122
0.007505,-63.78832849563394
0.00751,-63.82091867135714
0.007515000000000001,-63.81324170307256
0.007520000000000001,-63.92655456821601
0.0075250000000000004,-64.03948202427124
0.00753,-64.07193035687092
0.007535000000000001,-64.10437492647746
0.007540000000000001,-64.21674881936842
0.0075450000000000005,-64.32873606878591
0.00755,-64.36084689701356
0.007555000000000001,-64.51190733874132
0.007560000000000001,-64.62272466852974
0.0075650000000000005,-64.77239411773915
0.00757,-64.8038418022058
0.007575000000000001,-64.83528602098174
0.007580000000000001,-64.82748213599805
0.007585000000000001,-64.81968131754728
0.00759,-64.92970851687548
0.007595,-65.03934607517377
0.007600000000000001,-65.18745497169863
0.007605000000000001,-65.21847536697442
0.0076100000000000004,-65.24949231079519
0.007615,-65.35787064986916
0.007620000000000001,-65.46585775157841
0.007625000000000001,-65.4965404187738
0.0076300000000000005,-65.64230465512708
0.007635,-65.63444390886417
0.007640000000000001,-65.66483689905444
0.007645000000000001,-65.65693397629808
0.0076500000000000005,-65.76413304422948
0.007655,-65.87093903324555
0.007660000000000001,-65.90119619347428
0.007665000000000001,-66.04539737275188
0.007670000000000001,-66.151014852303
0.007675,-66.18085136945469
0.007680000000000001,-66.21068461873917
0.007685000000000001,-66.31574794165049
0.007690000000000001,-66.42041613951363
0.0076950000000000005,-66.56194193551859
0.0077,-66.59118754488226
0.007705000000000001,-66.6204300295524
0.007710000000000001,-66.6124089558774
0.0077150000000000005,-66.6043911262806
0.00772,-66.59637645063081
0.007725000000000001,-66.70050868622853
0.007730000000000001,-66.69252660378494
0.0077350000000000006,-66.72181616007587
0.00774,-66.71379098303024
0.007745000000000001,-66.70576873590134
0.007750000000000001,-66.81015765987675
0.007755000000000001,-66.80216745957861
0.00776,-66.94348269293413
0.007765000000000001,-66.93547603913558
0.007770000000000001,-66.96467436386621
0.007775000000000001,-67.06835041664594
0.0077800000000000005,-67.17162725430306
0.007785,-67.20060671952348
0.007790000000000001,-67.22958276833174
0.007795000000000001,-67.33230041646246
0.0078000000000000005,-67.43461781572775
0.007805,-67.4632551847142
0.007810000000000001,-67.4918892224956
0.007815,-67.59364762854186
0.00782,-67.69500477116233
0.007825,-67.8321519992473
0.00783,-67.86019063247636
0.007835,-67.88822611877528
0.007840000000000001,-67.8800579263086
0.007845000000000001,-67.98037868206578
0.007850000000000001,-67.9722448168602
0.007855000000000001,-68.10818110442035
0.00786,-68.20761744413562
0.007865,-68.23522961800208
0.00787,-68.26283867849686
0.007875,-68.36171646374623
0.00788,-68.35353573801468
0.007885000000000001,-68.48756315790521
0.007890000000000001,-68.47936732163568
0.007895000000000001,-68.50659981331104
0.0079,-68.60477120806804
0.007905,-68.70253731046135
0.00791,-68.72955290386687
0.007915,-68.86178784778554
0.00792,-68.95832983663418
0.007925000000000001,-68.98491464543224
0.007930000000000001,-69.01149654285815
0.007935000000000001,-69.00319126690965
0.007940000000000001,-68.9948892086226
0.007945,-69.0913972292227
0.00795,-69.18749796566503
0.007955,-69.21391954123702
0.00796,-69.24033812341666
0.007965,-69.23200857825262
0.007970000000000001,-69.22368213279641
0.007975000000000001,-69.31974948601864
0.007980000000000001,-69.31145912334351
0.007985,-69.4417720996401
0.00799,-69.43346669988347
0.007995,-69.45968683396333
0.008,-69.55504720148319
0.008005,-69.54672905471568
0.008010000000000001,-69.67610778999565
0.008015000000000001,-69.7705723343789
0.008020000000000001,-69.79640261638382
0.008025000000000001,-69.82222991298832
0.00803,-69.91613367287135
0.008035,-69.90777030218904
0.00804,-70.03522173676974
0.008045,-70.0268438350081
0.00805,-70.15365164546824
0.008055000000000001,-70.24617123190676
0.008060000000000001,-70.27131291870762
0.008065000000000001,-70.29645178034703
0.00807,-70.38841176892076
0.008075,-70.47995926027745
0.00808,-70.60411113828559
0.008085,-70.62864459658996
0.00809,-70.65317540647176
0.008095000000000001,-70.64467210435924
0.008100000000000001,-70.63617211606459
0.008105000000000001,-70.72695219113442
0.008110000000000001,-70.71849106304401
0.008115,-70.8418091595417
0.00812,-70.9316880105279
0.008125,-71.05362787319484
0.00813,-71.17455451427051
0.008135,-71.29446640184872
0.008140000000000001,-71.31787313548507
0.008145000000000001,-71.43662002210834
0.008150000000000001,-71.52295397632427
0.008155,-71.54592350440907
0.00816,-71.6630101836623
0.008165,-71.74809099725718
0.00817,-71.86366160172972
0.008175,-71.88592610036505
0.008180000000000002,-71.90818854162757
0.008185000000000001,-71.99194965707981
0.008190000000000001,-71.98332455594776
0.008195000000000001,-72.09734327554615
0.0082,-72.18020445956793
0.008205,-72.29282854840017
0.00821,-72.40442356583881
0.008215,-72.42564242020723
0.00822,-72.44685942697043
0.008225000000000001,-72.43812729911676
0.008230000000000001,-72.42939908221564
0.008235000000000001,-72.4206746632124
0.00824,-72.41195393348066
0.008245,-72.40323678864868
0.00825,-72.48547491193406
0.008255,-72.56729413976782
0.00826,-72.588678418969
0.008265000000000002,-72.69977788314146
0.008270000000000001,-72.69107613332255
0.008275000000000001,-72.80140510721742
0.008280000000000001,-72.88147699810726
0.008285,-72.99040060744704
0.00829,-73.01090385676719
0.008295,-73.1186478408788
0.0083,-73.10989148788397
0.008305,-73.21686649777867
0.008310000000000001,-73.29440881265089
0.008315000000000001,-73.31430345458173
0.008320000000000001,-73.41972839012027
0.008325,-73.49600367248235
0.00833,-73.5998854012524
0.008335,-73.70272118704277
0.00834,-73.72163087068881
0.008345,-73.74053899365109
0.008350000000000002,-73.73165078842007
0.008355000000000001,-73.72276657225684
0.008360000000000001,-73.71388622975756
0.008365000000000001,-73.78897900286539
0.00837,-73.86364984622729
0.008375,-73.88254300104548
0.00838,-73.9841582741036
0.008385,-73.97529989891824
0.00839,-74.07614740174428
0.008395000000000001,-74.06727826667743
0.008400000000000001,-74.08570363168708
0.008405000000000001,-74.15887840363987
0.00841,-74.15000166111365
0.008415,-74.249992367288
0.00842,-74.2411051619561
0.008425,-74.34045913134389
0.00843,-74.41225029090712
0.008435000000000002,-74.43013903749561
0.008440000000000001,-74.52793297753588
0.008445000000000001,-74.51901032737217
0.008450000000000001,-74.53659857324052
0.008455,-74.60737725051729
0.00846,-74.67773194829088
0.008465,-74.77375309069203
0.00847,-74.79086603134363
0.008475,-74.80797742246989
0.008480000000000001,-74.79896722548067
0.008485000000000001,-74.78996081477159
0.008490000000000001,-74.85962940290582
0.008495,-74.85067236017863
0.0085,-74.86781382092607
0.008505,-74.93732439654684
0.00851,-75.00640976605531
0.008515,-75.0233516549904
0.008520000000000002,-75.04029180442072
0.008525000000000001,-75.10884519758699
0.008530000000000001,-75.09985993197336
0.008535000000000001,-75.19372629592787
0.00854,-75.26137502298316
0.008545,-75.2778164935535
0.00855,-75.37011450535765
0.008555,-75.43648090715438
0.00856,-75.45247880115295
0.008565000000000001,-75.54307475899604
0.008570000000000001,-75.60815863994867
0.008575000000000001,-75.69717941775417
0.00858,-75.71245614787013
0.008585,-75.80027782576741
0.00859,-75.8632721394329
0.008595,-75.8781065805023
0.0086,-75.89293986051062
0.008605000000000002,-75.88379529806362
0.008610000000000001,-75.8746547244393
0.008615000000000001,-75.86551802542964
0.008620000000000001,-75.85638509130003
0.008625,-75.92020069103502
0.00863,-75.91111976270442
0.008635,-75.9987043254417
0.00864,-76.06161666328401
0.008645,-76.07641452072912
0.008650000000000001,-76.16242569661053
0.008655000000000001,-76.15331298830235
0.008660000000000001,-76.16781012058138
0.008665,-76.22972668901339
0.00867,-76.22060782806881
0.008675,-76.23505554541396
0.00868,-76.2258814458531
0.008685,-76.28799945152787
0.008690000000000002,-76.27887791215106
0.008695000000000001,-76.29339071571265
0.008700000000000001,-76.35537068819694
0.008705000000000001,-76.34624265349099
0.00871,-76.43139518858541
0.008715,-76.4924702099649
0.00872,-76.57616842768417
0.008725,-76.59004084087344
0.00873,-76.60391187385194
0.008735000000000001,-76.59469242350141
0.008740000000000001,-76.58547657616515
0.008745000000000001,-76.6459006338835
0.00875,-76.7058952773662
0.008755,-76.71967151110682
0.00876,-76.73344626968793
0.008765,-76.79292141769334
0.00877,-76.85196693115434
0.008775000000000002,-76.93297042244556
0.008780000000000001,-76.94613592470391
0.008785000000000001,-76.95930015115886
0.008790000000000001,-77.01701106764921
0.008795,-77.07429228499392
0.0088,-77.08713079152565
0.008805,-77.16566985870898
0.00881,-77.15643794754992
0.008815,-77.16897600061081
0.008820000000000001,-77.22527341725575
0.008825000000000001,-77.21603631565812
0.008830000000000001,-77.2285308380158
0.008835,-77.28470762361572
0.00884,-77.34045414594779
0.008845,-77.41707407892542
0.00885,-77.49259904278853
0.008855,-77.50433969133418
0.008860000000000002,-77.51607938854104
0.008865000000000001,-77.50674449844591
0.008870000000000001,-77.5606927542987
0.008875000000000001,-77.55141480319799
0.00888,-77.62591626655116
0.008885,-77.61663073698065
0.00889,-77.62815267602369
0.008895,-77.68151983634571
0.0089,-77.73445635380976
0.008905000000000001,-77.80734148614103
0.008910000000000001,-77.81839441730264
0.008915000000000001,-77.89006625094592
0.00892,-77.94088145898021
0.008925,-78.01094548503056
0.00893,-78.07990724370664
0.008935,-78.14776593599187
0.00894,-78.15752323557744
0.008945000000000002,-78.22417033587176
0.008950000000000001,-78.271205923378
0.008955000000000001,-78.28052161363962
0.008960000000000001,-78.28983695598257
0.008965,-78.33638354500128
0.00897,-78.38250072764532
0.008975,-78.44631656459097
0.00898,-78.4550338956118
0.008985,-78.46375097639933
0.008990000000000001,-78.45429094556154
0.008995000000000001,-78.44483527031477
0.009000000000000001,-78.49038690438461
0.009005,-78.48099274907753
0.00901,-78.54434961624803
0.009015,-78.58901350415577
0.00902,-78.59751710107957
0.009025,-78.65929579123468
0.009030000000000002,-78.70266864055544
0.009035000000000001,-78.71073111813358
0.009040000000000001,-78.71879326903459
0.009045000000000001,-78.70930742756039
0.00905,-78.69982576240035
0.009055,-78.69034815354654
0.00906,-78.73437819511811
0.009065,-78.77797820213442
0.00907,-78.83844496393866
0.009075000000000001,-78.84629736671563
0.009080000000000001,-78.8541492952817
0.009085000000000001,-78.89643333152084
0.00909,-78.88699536635669
0.009095,-78.94601409716591
0.0091,-78.98741398559756
0.009105,-79.04495365920953
0.00911,-79.05205316984372
0.009115000000000002,-79.05915238282665
0.009120000000000001,-79.04962824606724
0.009125000000000001,-79.04010819795798
0.009130000000000001,-79.08096783599927
0.009135,-79.07151098130055
0.00914,-79.12863846530827
0.009145,-79.16861536642467
0.00915,-79.22426200995982
0.009155,-79.23087358869506
0.009160000000000001,-79.28530787308817
0.009165000000000001,-79.32315527993542
0.009170000000000001,-79.37596881899188
0.009175,-79.3818542161865
0.00918,-79.4334571273659
0.009185,-79.46917650760535
0.00919,-79.4746238218237
0.009195,-79.52451583051982
0.009200000000000002,-79.55894954023839
0.009205000000000001,-79.60722025948219
0.009210000000000001,-79.6119439644624
0.009215000000000001,-79.65900705432911
0.00922,-79.64946634248471
0.009225,-79.6958044733807
0.00923,-79.7276735776525
0.009235,-79.77253041767477
0.00924,-79.77638334761558
0.009245000000000001,-79.78023673162862
0.009250000000000001,-79.7706138533891
0.009255000000000001,-79.80160163489947
0.009260000000000001,-79.79204776407573
0.009265,-79.83606393997533
0.00927,-79.86618935960651
0.009275,-79.86973850552687
0.00928,-79.91219209604951
0.009285000000000002,-79.90262469809386
0.009290000000000001,-79.90588678086338
0.009295000000000001,-79.93513640731021
0.009300000000000001,-79.963960228647
0.009305,-79.96706889869208
0.00931,-80.0077916804053
0.009315,-80.03533820809925
0.00932,-80.03801374536533
0.009325,-80.07703757105361
0.009330000000000001,-80.10330827075322
0.009335000000000001,-80.10555173872119
0.009340000000000001,-80.1428790404797
0.009345000000000001,-80.16787592291399
0.00935,-80.1696883893137
0.009355,-80.2053216886568
0.00936,-80.22904682543293
0.009365,-80.23042936410309
0.009370000000000002,-80.23181262806428
0.009375000000000001,-80.22213585267184
0.009380000000000001,-80.2124636821152
0.009385000000000001,-80.20279598040234
0.00939,-80.22736860700536
0.009395,-80.21777240923053
0.0094,-80.25326153965563
0.009405,-80.24366289174586
0.00941,-80.27858649529702
0.009415000000000001,-80.30188584467751
0.009420000000000001,-80.33532820805928
0.009425000000000001,-80.36764129936984
0.009430000000000001,-80.36830851974221
0.009435,-80.39942541403839
0.00944,-80.41976090398377
0.009445,-80.44925701102618
0.00945,-80.47762282829954
0.009455000000000002,-80.47728799626339
0.009460000000000001,-80.50446197332964
0.009465000000000001,-80.52183820777047
0.009470000000000001,-80.52107846546403
0.009475,-80.546574454169
0.00948,-80.56269185625375
0.009485,-80.58656975778028
0.00949,-80.60931626564353
0.009495,-80.60755951714305
0.009500000000000001,-80.60580411104888
0.009505000000000001,-80.59607416117343
0.009510000000000001,-80.61054797689141
0.009515000000000001,-80.62460390514471
0.00952,-80.64573449755903
0.009525,-80.66573326724973
0.00953,-80.66328578480726
0.009535,-80.66083967411952
0.009540000000000002,-80.67281425508779
0.009545000000000001,-80.6631530082956
0.009550000000000001,-80.68189603072749
0.009555000000000001,-80.67223553361511
0.00956,-80.690447429748
0.009565,-80.68078710891933
0.00957,-80.69846904491602
0.009575,-80.68880887950708
0.00958,-80.70596202597129
0.009585000000000002,-80.69630200140043
0.009590000000000001,-80.7129275333663
0.009595000000000001,-80.72250149876102
0.009600000000000001,-80.71912651109712
0.009605,-80.73423652244885
0.00961,-80.74256805135828
0.009615,-80.75606698072507
0.00962,-80.76843364409481
0.009625000000000002,-80.76406961911181
0.009630000000000001,-80.75970716232548
0.009635000000000001,-80.76597824628804
0.009640000000000001,-80.75630848960145
0.009645,-80.76746419390898
0.00965,-80.75779599276547
0.009655,-80.75319380276888
0.00966,-80.74345415577594
0.009665,-80.74988216010631
0.009670000000000002,-80.75589820346939
0.009675000000000001,-80.75133729568086
0.009680000000000001,-80.76170934060704
0.009685000000000001,-80.75204752132805
0.00969,-80.76176642633988
0.009695,-80.75210528892903
0.0097,-80.74714906044859
0.009705,-80.7520432845974
0.009710000000000002,-80.74238655508879
0.009715000000000001,-80.75170579487995
0.009720000000000001,-80.74204994635475
0.009725000000000001,-80.75085988577858
0.00973,-80.75458021302217
0.009735,-80.74925535269297
0.00974,-80.75656878803969
0.009745,-80.75906135635701
0.00975,-80.7533251636872
0.009755000000000002,-80.74759038151335
0.009760000000000001,-80.73785566285208
0.009765000000000001,-80.7404764386197
0.009770000000000001,-80.74268858740402
0.009775,-80.73686294086927
0.00978,-80.73103859993579
0.009785,-80.7329085784503
0.00979,-80.73437062723742
0.009795000000000002,-80.73870492568477
0.009800000000000001,-80.73234479862425
0.009805000000000001,-80.72598611665144
0.009810000000000001,-80.72626384642095
0.009815,-80.72613505656959
0.00982,-80.71952898985549
0.009825,-80.72171690145488
0.00983,-80.71206360017243
0.009835,-80.71361892434868
0.009840000000000002,-80.7039671122198
0.009845000000000001,-80.7050324378202
0.009850000000000001,-80.70295303507721
0.009855000000000001,-80.69569716566325
0.00986,-80.69528699337732
0.009865,-80.69199638335688
0.00987,-80.68999281611781
0.009875,-80.6868601045382
0.009880000000000002,-80.67863167608557
0.009885000000000001,-80.67040516806806
0.009890000000000001,-80.66067250769336
0.009895000000000001,-80.65094461109972
0.0099,-80.64662415822295
0.009905,-80.6419016871639
0.00991,-80.63377007801762
0.009915,-80.62564013316609
0.00992,-80.62060516064507
0.009925000000000002,-80.61096705088212
0.009930000000000001,-80.60706993091819
0.009935000000000001,-80.59743425056989
0.009940000000000001,-80.59306182296493
0.009945,-80.58342812907203
0.00995,-80.57858174112415
0.009955,-80.56895007369833
0.00996,-80.56037568618527
0.009965000000000002,-80.55066801567216
0.009970000000000001,-80.54519397753548
0.009975000000000001,-80.53931962907589
0.009980000000000001,-80.53081691922222
0.009985,-80.52534681197407
0.00999,-80.5182749976765
0.009995,-80.51122085562737
0.01,-80.50304076575928
0.010005,-80.49357221452878
0.010010000000000002,-80.4841055429939
0.010015000000000001,-80.47440103972326
0.010020000000000001,-80.46470106836342
0.010025000000000001,-80.45500549587679
0.01003,-80.44531419443732
0.010035,-80.43824171865934
0.01004,-80.43077105734942
0.010045,-80.42174700344009
0.010050000000000002,-80.41414719336194
0.010055000000000001,-80.4045419010836
0.010060000000000001,-80.39633821527427
0.010065000000000001,-80.38733010198904
0.01007,-80.37779424380413
0.010075,-80.36834209743094
0.01008,-80.35871669060421
0.010085,-80.34904816382418
0.01009,-80.33946414246533
0.010095000000000002,-80.32979735533502
0.010100000000000001,-80.32013850682954
0.010105000000000001,-80.3108653642656
0.010110000000000001,-80.30127526901175
0.010115,-80.29167175866493
0.01012,-80.28255416790753
0.010125,-80.27306533141206
0.01013,-80.26354020194114
0.010135000000000002,-80.25388878981747
0.010140000000000001,-80.2442398132757
0.010145000000000001,-80.2345798751651
0.010150000000000001,-80.22580282229808
0.010155,-80.2166305424972
0.01016,-80.20705988296916
0.010165,-80.19755260752488
0.01017,-80.18795514142542
0.010175,-80.17831601083246
0.010180000000000002,-80.16876144045592
0.010185000000000001,-80.15912355345722
0.010190000000000001,-80.14939945120362
0.010195000000000001,-80.13983421486377
0.0102,-80.13009112143125
0.010205,-80.1204481780861
0.01021,-80.11136407457671
0.010215,-80.10190331431053
0.010220000000000002,-80.09236206107072
0.010225000000000001,-80.08264320887261
0.010230000000000001,-80.07308782066865
0.010235000000000001,-80.06335345199732
0.01024,-80.05377785504837
0.010245,-80.0442718153403
0.01025,-80.03461334635678
0.010255,-80.02503897458898
0.01026,-80.01546620017676
0.010265000000000002,-80.00585229310272
0.010270000000000001,-79.99624059342435
0.010275000000000001,-79.98661805685188
0.010280000000000001,-79.97788686598625
0.010285,-79.96876215616076
0.01029,-79.95923169004439
0.010295,-79.9497023910371
0.0103,-79.94008496130749
0.010305000000000002,-79.93117273779845
0.010310000000000001,-79.92164127474572
0.010315000000000001,-79.91255721617505
0.010320000000000001,-79.90302693570223
0.010325,-79.8934899638009
0.01033,-79.88400122795322
0.010335,-79.87431095435913
0.01034,-79.86479715801572
0.010345,-79.85524875682107
0.010350000000000002,-79.84565643410278
0.010355000000000001,-79.83614813884543
0.010360000000000001,-79.82660351203535
0.010365000000000001,-79.81701497395414
0.01037,-79.80751045719124
0.010375,-79.79796959255124
0.01038,-79.78842695473891
0.010385,-79.77888501287464
0.010390000000000002,-79.76930246819855
0.010395000000000001,-79.75972203344783
0.010400000000000001,-79.75013028273654
0.010405000000000001,-79.7414265221856
0.01041,-79.73192042526881
0.010415,-79.7231074778643
0.01042,-79.71369759437597
0.010425,-79.70420481356916
0.01043,-79.6945397437951
0.010435000000000002,-79.68503532649657
0.010440000000000001,-79.67535310455932
0.010445000000000001,-79.66583522338384
0.010450000000000001,-79.656335207201
0.010455,-79.64671001849328
0.01046,-79.63735547797982
0.010465,-79.62792117530492
0.01047,-79.61833192009213
0.010475000000000002,-79.6086686420778
0.010480000000000001,-79.59917502241763
0.010485000000000001,-79.58950145657212
0.010490000000000001,-79.57998862489025
0.010495,-79.57049934673425
0.0105,-79.56094741316076
0.010505,-79.5514354994066
0.01051,-79.5419235040405
0.010515,-79.53241234706596
0.010520000000000002,-79.52286034766563
0.010525000000000001,-79.51331042486459
0.010530000000000001,-79.50374922997865
0.010535000000000001,-79.49507908944263
0.01054,-79.4860187718439
0.010545,-79.47655060875306
0.01055,-79.46714753836972
0.010555,-79.45760130100359
0.010560000000000002,-79.44796874960645
0.010565000000000001,-79.43849481251193
0.010570000000000001,-79.4288921271526
0.010575000000000001,-79.41935047857285
0.01058,-79.40971853821436
0.010585,-79.40024937150325
0.01059,-79.39065016108407
0.010595,-79.38111327463047
0.0106,-79.37148627790398
0.010605000000000002,-79.36202186306112
0.010610000000000001,-79.35237965372467
0.010615000000000001,-79.34290419919223
0.010620000000000001,-79.33344402987021
0.010625,-79.3238598653652
0.01063,-79.31432091890838
0.010635,-79.30551038708971
0.01064,-79.29631112995317
0.010645000000000002,-79.28681162312131
0.010650000000000001,-79.27731370464103
0.010655000000000001,-79.2677797658707
0.010660000000000001,-79.25824888183647
0.010665000000000001,-79.24872140298811
0.01067,-79.24073854949151
0.010675,-79.23129608419009
0.01068,-79.22222138603452
0.010685,-79.21439915566249
0.010690000000000002,-79.20495986933797
0.010695000000000001,-79.19730376500551
0.010700000000000001,-79.18875781228489
0.010705000000000001,-79.17948555816982
0.01071,-79.17021432943565
0.010715,-79.16139079107312
0.01072,-79.15195282911655
0.010725,-79.14260122272012
0.010730000000000002,-79.13394327832454
0.010735000000000001,-79.12489768195066
0.010740000000000001,-79.11546242747207
0.010745000000000001,-79.10608977330477
0.010750000000000001,-79.0966307088764
0.010755,-79.08712964192422
0.01076,-79.07763067929653
0.010765,-79.06851424980671
0.01077,-79.0591659766369
0.010775000000000002,-79.04970183243479
0.010780000000000001,-79.04020857700378
0.010785000000000001,-79.03070292862861
0.010790000000000001,-79.02209761116255
0.010795,-79.01267760609119
0.0108,-79.00341081294255
0.010805,-78.99391245823284
0.01081,-78.9859695744869
0.010815000000000002,-78.97655633134119
0.010820000000000001,-78.9675147939921
0.010825000000000001,-78.95973515611443
0.010830000000000001,-78.95032522917595
0.010835000000000001,-78.94271905513688
0.01084,-78.93330970307206
0.010845,-78.9252607412566
0.01085,-78.91585183406151
0.010855,-78.90664600409958
0.010860000000000002,-78.89715850862262
0.010865000000000001,-78.88937652286191
0.010870000000000001,-78.87997412221324
0.010875000000000001,-78.8723631695581
0.01088,-78.86296141844456
0.010885,-78.85490868024074
0.01089,-78.84607794573974
0.010895,-78.83679686868487
0.010900000000000002,-78.82747732389677
0.010905000000000001,-78.81800645558214
0.010910000000000001,-78.80853775103276
0.010915000000000001,-78.79905807901595
0.010920000000000001,-78.78958195083769
0.010925,-78.7801092712653
0.01093,-78.77252055847907
0.010935,-78.76313282668262
0.01094,-78.75577552018885
0.010945000000000002,-78.74638835062268
0.010950000000000001,-78.73737192628496
0.010955000000000001,-78.72961753970128
0.010960000000000001,-78.72023355158602
0.010965,-78.71265509408502
0.01097,-78.70418538827273
0.010975,-78.6949759660312
0.01098,-78.68576763628003
0.010985000000000002,-78.67702703120747
0.010990000000000002,-78.66790205253038
0.010995000000000001,-78.65847532985072
0.011000000000000001,-78.6490980022507
0.011005000000000001,-78.63969040650301
0.01101,-78.63024215167376
0.011015,-78.62069923107683
0.01102,-78.6113215486493
0.011025,-78.60181461505421
0.011030000000000002,-78.59241355042198
0.011035000000000001,-78.58297175603477
0.011040000000000001,-78.57353209177083
0.011045000000000001,-78.56408121390857
0.01105,-78.55463384902086
0.011055,-78.54657699462042
0.01106,-78.53721493768863
0.011065,-78.52922887943325
0.011070000000000002,-78.52046094785905
0.011075000000000002,-78.5111668166502
0.011080000000000001,-78.5017855237571
0.011085000000000001,-78.49242257877343
0.011090000000000001,-78.48293429125584
0.011095,-78.47354798405973
0.0111,-78.46416312114278
0.011105,-78.45473689983358
0.01111,-78.44531280405891
0.011115000000000002,-78.43628265415133
0.011120000000000001,-78.42693016647621
0.011125000000000001,-78.41756756516507
0.011130000000000001,-78.40871193110303
0.011135,-78.39946207271882
0.01114,-78.39013812552601
0.011145,-78.38072484746496
0.01115,-78.37170895303488
0.011155000000000002,-78.36244586933276
0.011160000000000002,-78.35307170199451
0.011165000000000001,-78.3436618196468
0.011170000000000001,-78.33423939280924
0.011175000000000001,-78.32572255194151
0.01118,-78.31638577154379
0.011185,-78.30720476163692
0.01119,-78.2988611508933
0.011195,-78.29013548577514
0.011200000000000002,-78.28087469922049
0.011205000000000001,-78.27161498940796
0.011210000000000001,-78.26220091731473
0.011215000000000001,-78.25370946970791
0.01122,-78.24438105590372
0.011225,-78.23580902298352
0.01123,-78.22648157065854
0.011235,-78.21747905262198
0.011240000000000002,-78.20821934873295
0.011245000000000002,-78.19885993014803
0.011250000000000001,-78.18946590223666
0.011255000000000001,-78.1800739807818
0.011260000000000001,-78.17067095056854
0.011265,-78.16216993871129
0.01127,-78.15328796708607
0.011275,-78.14403263212698
0.01128,-78.1347519225991
0.011285000000000002,-78.12540798239226
0.011290000000000001,-78.11602312227994
0.011295000000000001,-78.1066403555997
0.011300000000000001,-78.0976500208378
0.011305,-78.08841924506577
0.01131,-78.07907602993744
0.011315,-78.06961277352099
0.01132,-78.0603029883414
0.011325000000000002,-78.05081998932774
0.011330000000000002,-78.04152171662369
0.011335000000000001,-78.03221629022006
0.011340000000000001,-78.02286397469607
0.011345000000000001,-78.01349018586106
0.01135,-78.00412294980228
0.011355,-77.99515592509454
0.01136,-77.98585728508198
0.011365,-77.97655208033899
0.011370000000000002,-77.96776405863127
0.011375000000000001,-77.95846938556296
0.011380000000000001,-77.9492264947717
0.011385000000000001,-77.93985342468154
0.01139,-77.93174090494747
0.011395,-77.9224531457193
0.0114,-77.91437552530026
0.011405,-77.90556296557276
0.011410000000000002,-77.89635498537808
0.011415000000000002,-77.88711774754842
0.011420000000000001,-77.87776119752348
0.011425000000000001,-77.86840674642725
0.011430000000000001,-77.85904133778725
0.011435,-77.85058249361464
0.01144,-77.84174484258068
0.011445,-77.83248250169859
0.01145,-77.82328923837744
0.011455000000000002,-77.8139847744174
0.011460000000000001,-77.80467986847174
0.011465000000000001,-77.79533328161723
0.011470000000000001,-77.78598879147346
0.011475,-77.77704493851112
0.01148,-77.7678536614335
0.011485,-77.75855211161524
0.01149,-77.7491299367805
0.011495000000000002,-77.73985872591814
0.011500000000000002,-77.73041547247692
0.011505000000000001,-77.72106598871756
0.011510000000000001,-77.71171955803963
0.011515000000000001,-77.70346158976282
0.01152,-77.694200600814
0.011525,-77.68515706531687
0.01153,-77.67581766119541
0.011535,-77.66823436928458
0.011540000000000002,-77.66027280370263
0.011545000000000001,-77.65131946641854
0.011550000000000001,-77.6423670838769
0.011555000000000001,-77.63303132505807
0.01156,-77.62369891607436
0.011565,-77.61436976864942
0.01157,-77.60763568979351
0.011575,-77.59839083872907
0.011580000000000002,-77.592136797204
0.011585000000000002,-77.58470372558415
0.011590000000000001,-77.57593290120302
0.011595000000000001,-77.56716299590641
0.011600000000000001,-77.55783673961446
0.011605,-77.55063948425536
0.01161,-77.543064449545
0.011615,-77.5342488507547
0.01162,-77.52543421703241
0.011625000000000002,-77.51760145698124
0.011630000000000001,-77.50836082938542
0.011635000000000001,-77.49947292020528
0.011640000000000001,-77.49015413752703
0.011645,-77.48083870651503
0.01165,-77.47417365842972
0.011655,-77.46494266970862
0.01166,-77.4587774884657
0.011665000000000002,-77.45141562348189
0.011670000000000002,-77.44387201614838
0.011675000000000001,-77.43486141952104
0.011680000000000001,-77.42585193752436
0.011685000000000001,-77.41742278722188
0.01169,-77.40819050071484
0.011695,-77.39967931920242
0.0117,-77.39054641675503
0.011705,-77.38133936203144
0.011710000000000002,-77.37196550036018
0.011715000000000001,-77.36273552007593
0.011720000000000001,-77.35338651290566
0.011725000000000001,-77.34413340563184
0.01173,-77.33483939079565
0.011735,-77.32545924878325
0.01174,-77.31623582365891
0.011745,-77.30683950334125
0.011750000000000002,-77.297633358493
0.011755000000000002,-77.28841458434465
0.011760000000000001,-77.27915255313842
0.011765000000000001,-77.2698655647576
0.011770000000000001,-77.26050872894778
0.011775,-77.25129415019173
0.01178,-77.24196125113889
0.011785,-77.23267903353016
0.01179,-77.22332231257617
0.011795000000000002,-77.21411269268619
0.011800000000000001,-77.20473296395758
0.011805000000000001,-77.19544516390127
0.011810000000000001,-77.18616045045326
0.011815,-77.17687917451266
0.01182,-77.1691883427508
0.011825,-77.15999217963783
0.01183,-77.15245414977433
0.011835000000000002,-77.14407534496624
0.011840000000000002,-77.13502226718848
0.011845000000000001,-77.12597025184432
0.011850000000000001,-77.11734242840684
0.011855000000000001,-77.10814800062144
0.01186,-77.09902639573366
0.011865,-77.09058556877628
0.01187,-77.08139514547035
0.011875,-77.07285828436174
0.011880000000000002,-77.06376186998355
0.011885000000000001,-77.05458033670197
0.011890000000000001,-77.04532565654402
0.011895000000000001,-77.03605760930391
0.0119,-77.02770663421161
0.011905,-77.01852429515664
0.01191,-77.0101050274998
0.011915,-77.00102521518355
0.011920000000000002,-76.99192504222685
0.011925000000000002,-76.9827173965939
0.011930000000000001,-76.97346807889832
0.011935000000000001,-76.96422087849186
0.011940000000000001,-76.95496290837222
0.011945,-76.94662011830296
0.01195,-76.93790477139531
0.011955,-76.92875543324651
0.01196,-76.91967737547282
0.011965000000000002,-76.91043447870558
0.011970000000000001,-76.90119827746574
0.011975000000000001,-76.89237018986208
0.011980000000000001,-76.88320250869678
0.011985,-76.87403224283216
0.01199,-76.86539455829387
0.011995,-76.85633309651578
0.012,-76.84725320843724
0.012005000000000002,-76.83802132159212
0.012010000000000002,-76.82870374587642
0.012015000000000001,-76.81954204258558
0.012020000000000001,-76.81020810494643
0.012025000000000001,-76.80096815709854
0.01203,-76.79173126698932
0.012035,-76.78358849893077
0.01204,-76.77443708511815
0.012045,-76.76628740100674
0.012050000000000002,-76.75746501159371
0.012055000000000001,-76.74833070441389
0.012060000000000001,-76.73914117133594
0.012065000000000001,-76.72992110484712
0.01207,-76.721100833014
0.012075,-76.7120352890321
0.01208,-76.7029046275141
0.012085,-76.69373238495871
0.012090000000000002,-76.68451869513123
0.012095000000000002,-76.67530708591478
0.012100000000000001,-76.6665017574867
0.012105000000000001,-76.65736169334072
0.012110000000000001,-76.64832808091883
0.012115,-76.63923950786415
0.01212,-76.62997387715504
0.012125,-76.62068552574677
0.01213,-76.61154925478215
0.012135000000000002,-76.60229279294711
0.012140000000000001,-76.59313308333681
0.012145000000000001,-76.58397461502446
0.012150000000000001,-76.57477465590208
0.012155000000000001,-76.5654989996659
0.01216,-76.55636974943364
0.012165,-76.54712261298569
0.01217,-76.53792552961261
0.012175000000000002,-76.5286587999154
0.012180000000000002,-76.51953416264024
0.012185000000000001,-76.51024178908177
0.012190000000000001,-76.50103881724267
0.012195000000000001,-76.49183886189722
0.0122,-76.48374873190009
0.012205,-76.47463416378172
0.01221,-76.46574557157429
0.012215,-76.45784670360837
0.012220000000000002,-76.44873558895124
0.012225000000000001,-76.44090083281995
0.012230000000000001,-76.43232725988369
0.012235000000000001,-76.42326636870929
0.012240000000000001,-76.41428540277433
0.012245,-76.40510365974194
0.01225,-76.39592909030438
0.012255,-76.38716741737927
0.012260000000000002,-76.37806070945275
0.012265000000000002,-76.36907737820383
0.012270000000000001,-76.35997186134372
0.012275000000000001,-76.35076458858187
0.012280000000000001,-76.34189720417767
0.012285,-76.33279553886943
0.01229,-76.32367041366088
0.012295,-76.31456998990342
0.0123,-76.30539195328527
0.012305000000000002,-76.29626866226002
0.012310000000000001,-76.28714560905776
0.012315000000000001,-76.27798092531931
0.012320000000000001,-76.26881830701409
0.012325000000000001,-76.25964478316571
0.01233,-76.25139034076287
0.012335,-76.24230239683655
0.01234,-76.23337710483247
0.012345000000000002,-76.22421072191409
0.012350000000000002,-76.21504763204086
0.012355000000000001,-76.20797919505193
0.012360000000000001,-76.19890073798402
0.012365000000000001,-76.19037697138833
0.01237,-76.18122008897086
0.012375,-76.17483457690655
0.01238,-76.16576184123242
0.012385,-76.1599311938262
0.012390000000000002,-76.15085853383688
0.012395000000000002,-76.14462008388044
0.012400000000000001,-76.13554741025706
0.012405000000000001,-76.12705095167526
0.012410000000000001,-76.12024274173305
0.012415,-76.11306646737933
0.01242,-76.10572936755077
0.012425,-76.09689355449517
0.012430000000000002,-76.08850671781997
0.012435000000000002,-76.07951807831577
0.012440000000000001,-76.07047411021223
0.012445000000000001,-76.06133211639083
0.012450000000000001,-76.05219227450563
0.012455,-76.04304118738753
0.01246,-76.0348037928712
0.012465,-76.02620015473836
0.01247,-76.01716006666055
0.012475000000000002,-76.00819244693007
0.012480000000000002,-75.99905681505807
0.012485000000000001,-75.98992799167752
0.012490000000000001,-75.98078512965692
0.012495000000000001,-75.97256870162332
0.0125,-75.96351162147003
0.012505,-75.95462002140728
0.01251,-75.94548469163361
0.012515000000000002,-75.93796206610499
0.012520000000000002,-75.92891193985571
0.012525000000000001,-75.92156366691182
0.012530000000000001,-75.91251429152427
0.012535000000000001,-75.90476523430448
0.01254,-75.89571645234074
0.012545,-75.88756781296226
0.01255,-75.87851978626917
0.012555,-75.86997276986635
0.012560000000000002,-75.86100701920503
0.012565000000000002,-75.8519767269348
0.012570000000000001,-75.84286183513726
0.012575000000000001,-75.83374906458955
0.012580000000000001,-75.82462505035605
0.012585,-75.8155045364984
0.01259,-75.80638742782622
0.012595,-75.79727363287702
0.012600000000000002,-75.79055230046579
0.012605000000000002,-75.78152304826084
0.012610000000000001,-75.7731483110756
0.012615000000000001,-75.7666192667015
0.012620000000000001,-75.75759294788297
0.012625,-75.75156073987246
0.01263,-75.74253473008177
0.012635,-75.73412551284414
0.01264,-75.72748778671878
0.012645000000000002,-75.7204846087631
0.012650000000000002,-75.71200629668094
0.012655000000000001,-75.70352892428139
0.012660000000000001,-75.69629171969515
0.012665000000000001,-75.68726923362036
0.01267,-75.67872736865044
0.012675,-75.67168603653394
0.01268,-75.6626670910393
0.012685000000000002,-75.65595199821288
0.012690000000000002,-75.64824704380611
0.012695000000000001,-75.64019173952981
0.012700000000000001,-75.63121598729201
0.012705000000000001,-75.62224145648534
0.01271,-75.61313980519479
0.012715,-75.60491162076526
0.01272,-75.59632020320498
0.012725,-75.58736462051498
0.012730000000000002,-75.57834332674805
0.012735000000000002,-75.56918288148165
0.012740000000000001,-75.56016844369599
0.012745000000000001,-75.5510383487898
0.012750000000000001,-75.54200081037366
0.012755,-75.53292225865331
0.01276,-75.52376992678404
0.012765,-75.51476195342525
0.012770000000000002,-75.50563857044318
0.012775000000000002,-75.49656299585568
0.012780000000000001,-75.48749307871363
0.012785000000000001,-75.47883831361267
0.012790000000000001,-75.46983832762547
0.012795,-75.4609724835208
0.0128,-75.45202664332426
0.012805,-75.44291048056769
0.01281,-75.43384543430709
0.012815000000000002,-75.42519154415018
0.012820000000000002,-75.41628135842885
0.012825000000000001,-75.40731075492937
0.012830000000000001,-75.39825014554583
0.012835000000000001,-75.38919161936943
0.01284,-75.38012178262761
0.012845,-75.37197072160178
0.01285,-75.36298657963746
0.012855000000000002,-75.35478687297515
0.012860000000000002,-75.34580375034436
0.012865000000000001,-75.33688584684307
0.012870000000000001,-75.32864648242521
0.012875000000000001,-75.31966699601956
0.01288,-75.31134876779659
0.012885,-75.30237036055065
0.01289,-75.29366229780986
0.012895,-75.28468478297322
0.012900000000000002,-75.27564420526322
0.012905000000000002,-75.26702769057698
0.012910000000000001,-75.25813880251593
0.012915000000000001,-75.24914929045029
0.012920000000000001,-75.24004464450238
0.012925,-75.23107261026946
0.01293,-75.22193701665593
0.012935,-75.21288629612023
0.012940000000000002,-75.20383906140405
0.012945000000000002,-75.1959241466524
0.012950000000000001,-75.18764860721721
0.012955000000000001,-75.1787872693169
0.012960000000000001,-75.1699269950815
0.012965,-75.1608842545029
0.01297,-75.1528851292007
0.012975,-75.14392795728095
0.01298,-75.13592400381823
0.012985000000000002,-75.1269677684005
0.012990000000000002,-75.11811930791694
0.012995000000000001,-75.11003546932736
0.013000000000000001,-75.1015917532172
0.013005000000000001,-75.09268046840603
0.01301,-75.08377028970891
0.013015,-75.07473672153965
0.01302,-75.06570661211924
0.013025000000000002,-75.05667986747038
0.013030000000000002,-75.04765639729612
0.013035000000000001,-75.04097856152029
0.013040000000000001,-75.03203960491905
0.013045000000000001,-75.02578888548793
0.01305,-75.01685023996498
0.013055,-75.01020873257058
0.01306,-75.00127028357784
0.013065,-74.99277578900488
0.013070000000000002,-74.98571459138424
0.013075000000000002,-74.97829351487745
0.013080000000000001,-74.97059561168726
0.013085000000000001,-74.96177254781239
0.013090000000000001,-74.9529506132293
0.013095,-74.94393169234033
0.0131,-74.93600237261498
0.013105,-74.92706916109144
0.013110000000000002,-74.9183570496868
0.013115000000000002,-74.90934562881147
0.013120000000000001,-74.90211967408524
0.013125000000000001,-74.89319337561781
0.013130000000000001,-74.88621085328407
0.013135,-74.87728528881102
0.01314,-74.86991570757726
0.013145,-74.86099071639993
0.01315,-74.85232472222681
0.013155000000000002,-74.84332121322525
0.013160000000000002,-74.83621749743827
0.013165000000000001,-74.82875498863564
0.013170000000000001,-74.8201938996692
0.013175000000000001,-74.8124574799433
0.01318,-74.80353741887939
0.013185,-74.79475090173005
0.01319,-74.78575235104134
0.013195000000000002,-74.77828007200068
0.013200000000000002,-74.77044972154857
0.013205000000000001,-74.76220058525261
0.013210000000000001,-74.75329143620955
0.013215000000000001,-74.74432972049946
0.01322,-74.73534515151431
0.013225,-74.72635135134286
0.01323,-74.7173610790834
0.013235,-74.70978442473611
0.013240000000000002,-74.7008795896686
0.013245000000000002,-74.69230415486638
0.013250000000000001,-74.68493575254301
0.013255000000000001,-74.67720984613396
0.013260000000000001,-74.66857254212785
0.013265,-74.66048187245218
0.01327,-74.65157927701543
0.013275,-74.64297709788168
0.013280000000000002,-74.63407555407001
0.013285000000000002,-74.62509364998469
0.013290000000000001,-74.61622957292967
0.013295000000000001,-74.60720052382135
0.013300000000000001,-74.59823390517472
0.013305,-74.58920702463648
0.01331,-74.58031149310855
0.013315,-74.57125432027196
0.01332,-74.56243008704354
0.013325000000000002,-74.55359334014194
0.013330000000000002,-74.5446333421062
0.013335000000000001,-74.53571779049446
0.013340000000000001,-74.52676118027755
0.013345000000000001,-74.51780665171286
0.01335,-74.50884097330292
0.013355,-74.50080248757712
0.01336,-74.49192250335751
0.013365000000000002,-74.48320992940782
0.013370000000000002,-74.47538416504365
0.013375000000000001,-74.46650794830948
0.013380000000000001,-74.45786879148885
0.013385000000000001,-74.4489142251812
0.01339,-74.43996294387412
0.013395,-74.43333950245332
0.0134,-74.42635968923769
0.013405,-74.41799413685487
0.013410000000000002,-74.41088900868908
0.013415000000000002,-74.40284258789028
0.013420000000000001,-74.39411976488064
0.013425000000000001,-74.38559524465369
0.013430000000000001,-74.37672482621775
0.013435,-74.3676942040346
0.01344,-74.35882491961873
0.013445,-74.34983782310289
0.013450000000000002,-74.3409008974139
0.013455000000000002,-74.33190950002904
0.013460000000000001,-74.32307800699874
0.013465000000000001,-74.31407386517341
0.013470000000000001,-74.30514336614378
0.013475,-74.29621496206855
0.01348,-74.28771179887607
0.013485,-74.27885519069385
0.01349,-74.27000364720726
0.013495000000000002,-74.2610687006953
0.013500000000000002,-74.25213714857746
0.013505000000000001,-74.24484482777001
0.013510000000000001,-74.23599837051084
0.013515000000000001,-74.22890869239978
0.01352,-74.22006290114122
0.013525,-74.21152727972313
0.01353,-74.20416461488288
0.013535000000000002,-74.19532202803049
0.013540000000000002,-74.18813796582732
0.013545000000000001,-74.1801386720745
0.013550000000000001,-74.17144972063976
0.013555000000000001,-74.16298217798021
0.013560000000000001,-74.15413877731388
0.013565,-74.14516852114846
0.01357,-74.13632625871487
0.013575,-74.12737754789772
0.013580000000000002,-74.11846749601486
0.013585000000000002,-74.10950525491393
0.013590000000000001,-74.1007008290017
0.013595000000000001,-74.09168465938818
0.013600000000000001,-74.08278022587348
0.013605,-74.07386656794402
0.01361,-74.0649563448844
0.013615,-74.05604946309441
0.013620000000000002,-74.04905284519053
0.013625000000000002,-74.04023083662284
0.013630000000000001,-74.03190455271643
0.013635000000000001,-74.02512055527001
0.013640000000000001,-74.01630167928585
0.013645000000000001,-74.00804837640734
0.01365,-74.00147624761797
0.013655,-73.9945507361336
0.01366,-73.98623751953421
0.013665000000000002,-73.97919405481223
0.013670000000000002,-73.97037617341547
0.013675000000000001,-73.96282945144155
0.013680000000000001,-73.95401225337419
0.013685000000000001,-73.94538443746876
0.01369,-73.93769123231648
0.013695,-73.92887765516981
0.0137,-73.9212473346425
0.013705000000000002,-73.91243481752241
0.013710000000000002,-73.90443261400968
0.013715000000000001,-73.89572705630026
0.013720000000000001,-73.88701495179359
0.013725000000000001,-73.87813468816022
0.013730000000000001,-73.86925652956207
0.013735,-73.86036684611949
0.01374,-73.85240277977464
0.013745,-73.84359891051044
0.013750000000000002,-73.83560597224856
0.013755000000000002,-73.8268032541256
0.013760000000000001,-73.81844051665334
0.013765000000000001,-73.80963874826237
0.013770000000000001,-73.80090734478492
0.013775,-73.79215496311014
0.01378,-73.78322432210746
0.013785,-73.77429362494448
0.013790000000000002,-73.76552834698272
0.013795000000000002,-73.75655051534122
0.013800000000000002,-73.74761905481817
0.013805000000000001,-73.73882489565138
0.013810000000000001,-73.72986859311867
0.013815000000000001,-73.72115011048253
0.01382,-73.71236006259474
0.013825,-73.70355811990527
0.01383,-73.6946998209965
0.013835000000000002,-73.68579845127339
0.013840000000000002,-73.67704630248969
0.013845000000000001,-73.66812467960867
0.013850000000000001,-73.65931478274936
0.013855000000000001,-73.65046404708471
0.01386,-73.64161534936706
0.013865,-73.6327552964294
0.01387,-73.62389863807142
0.013875000000000002,-73.6164664127005
0.013880000000000002,-73.6076949695438
0.013885000000000002,-73.60040158398195
0.013890000000000001,-73.59163086238135
0.013895000000000001,-73.58396931555274
0.013900000000000001,-73.57519916176486
0.013905,-73.56717057181547
0.01391,-73.55840114194152
0.013915,-73.54968939078917
0.013920000000000002,-73.5416535159986
0.013925000000000002,-73.53326873936162
0.013930000000000001,-73.5245026600773
0.013935000000000001,-73.51580240722932
0.013940000000000001,-73.506966298067
0.013945,-73.49813652542684
0.01395,-73.48973760097921
0.013955,-73.48106216885034
0.013960000000000002,-73.47233421745435
0.013965000000000002,-73.46350558959418
0.013970000000000002,-73.45461704187413
0.013975000000000001,-73.44589147855082
0.013980000000000001,-73.43695406707336
0.013985000000000001,-73.4281287617192
0.01399,-73.41929420627294
0.013995,-73.41046304332717
0.014,-73.40163518057722
0.014005000000000002,-73.39472216460598
0.014010000000000002,-73.3859791153934
0.014015000000000001,-73.3777340601202
0.014020000000000001,-73.3710403912416
0.014025000000000001,-73.3623003909192
0.01403,-73.35598209901156
0.014035,-73.34866423567954
0.01404,-73.34027109901832
0.014045000000000002,-73.33268893522106
0.014050000000000002,-73.32394731207624
0.014055000000000002,-73.31533633561892
0.014060000000000001,-73.30651609374138
0.014065000000000001,-73.29922393937275
0.014070000000000001,-73.29158395007912
0.014075,-73.2830868881317
0.01408,-73.27507545103028
0.014085,-73.26642874663425
0.014090000000000002,-73.25769391643937
0.014095000000000002,-73.24884134259543
0.014100000000000001,-73.24013998637903
0.014105000000000001,-73.23126960253865
0.014110000000000001,-73.22246814437376
0.014115,-73.21366878125698
0.01412,-73.20485862166876
0.014125,-73.19605190038223
0.014130000000000002,-73.18867954109314
0.014135000000000002,-73.18096019242573
0.014140000000000002,-73.172554151807
0.014145000000000001,-73.16401945321537
0.014150000000000001,-73.15523082437548
0.014155000000000001,-73.14642762172258
0.01416,-73.13857193870795
0.014165,-73.1298544561527
0.01417,-73.12198537471535
0.014175000000000002,-73.11351359331637
0.014180000000000002,-73.10475133011683
0.014185000000000001,-73.09604110392124
0.014190000000000001,-73.087254596622
0.014195000000000001,-73.07842219726373
0.0142,-73.06970832467809
0.014205,-73.06083817446829
0.01421,-73.05222213017622
0.014215000000000002,-73.04351233622421
0.014220000000000002,-73.03472251048173
0.014225000000000002,-73.02633780538865
0.014230000000000001,-73.01771345076567
0.014235000000000001,-73.0090275221353
0.014240000000000001,-73.00025432996118
0.014245,-72.99148317445483
0.01425,-72.98313837851306
0.014255,-72.97443843444397
0.014260000000000002,-72.96591456666518
0.014265000000000002,-72.95721587158371
0.014270000000000001,-72.94833575976413
0.014275000000000001,-72.9396380738256
0.014280000000000001,-72.93076895892631
0.014285,-72.92199296979577
0.01429,-72.91321998379073
0.014295,-72.90445034119945
0.014300000000000002,-72.89729687781838
0.014305000000000002,-72.88861228526949
0.014310000000000002,-72.88032667093897
0.014315000000000001,-72.87156362352697
0.014320000000000001,-72.86280372324688
0.014325000000000001,-72.85404688711067
0.01433,-72.84529303538001
0.014335,-72.84033707391048
0.01434,-72.83503450610509
0.014345000000000002,-72.82735983393431
0.014350000000000002,-72.82244576021927
0.014355000000000001,-72.8161054315815
0.014360000000000001,-72.80978109001778
0.014365000000000001,-72.80150103722433
0.01437,-72.79322199855433
0.014375,-72.78446405639431
0.01438,-72.77766174884539
0.014385000000000002,-72.76898889817056
0.014390000000000002,-72.76251079073329
0.014395000000000002,-72.75509522443393
0.014400000000000001,-72.74671499429522
0.014405000000000001,-72.7383358444639
0.014410000000000001,-72.7307300873269
0.014415,-72.72205926355834
0.01442,-72.71363254853209
0.014425,-72.70625684508434
0.014430000000000002,-72.69759002252658
0.014435000000000002,-72.6903478568333
0.014440000000000001,-72.68236212196157
0.014445000000000001,-72.673796083779
0.014450000000000001,-72.66530984373719
0.014455,-72.65664298403594
0.01446,-72.64793259578487
0.014465,-72.63919760849036
0.014470000000000002,-72.63046927817547
0.014475000000000002,-72.62217831573254
0.014480000000000002,-72.61360500463887
0.014485000000000001,-72.60498199504337
0.014490000000000001,-72.59629712541323
0.014495000000000001,-72.58757078550252
0.0145,-72.57884655576272
0.014505,-72.57011144466438
0.01451,-72.56137979598962
0.014515000000000002,-72.5540852838792
0.014520000000000002,-72.54543900212137
0.014525000000000001,-72.5382997723479
0.014530000000000001,-72.52965437390566
0.014535000000000001,-72.52125967581503
0.01454,-72.51393131181241
0.014545,-72.50528934070852
0.01455,-72.49697443748477
0.014555000000000002,-72.48825419083367
0.014560000000000002,-72.47953720507817
0.014565000000000002,-72.47342894748273
0.014570000000000001,-72.46697764394992
0.014575000000000001,-72.45894562777207
0.014580000000000001,-72.45249481618957
0.014585,-72.44386009478681
0.01459,-72.43692876738803
0.014595,-72.4282946470032
0.014600000000000002,-72.42101069399376
0.014605000000000002,-72.41300410774528
0.014610000000000001,-72.40452246565744
0.014615000000000001,-72.3959957997384
0.014620000000000001,-72.38733502451328
0.014625,-72.37863304682158
0.01463,-72.36993319376963
0.014635,-72.36166809546033
0.014640000000000002,-72.35303994251922
0.014645000000000002,-72.34442237705359
0.014650000000000002,-72.33639451692451
0.014655000000000001,-72.32802621280362
0.014660000000000001,-72.31936105067358
0.014665000000000001,-72.31069708399588
0.01467,-72.30214898116917
0.014675,-72.29352743171302
0.01468,-72.28482002123
0.014685000000000002,-72.27651115828634
0.014690000000000002,-72.26797398283624
0.014695000000000001,-72.25937332700691
0.014700000000000001,-72.25068866916843
0.014705000000000001,-72.2419532570631
0.01471,-72.23333913192221
0.014715,-72.22462453624539
0.01472,-72.21594250313306
0.014725000000000002,-72.20722183894755
0.014730000000000002,-72.1986123655103
0.014735000000000002,-72.18990613678216
0.014740000000000001,-72.18127354470741
0.014745000000000001,-72.172641620026
0.014750000000000001,-72.16396809570055
0.014755,-72.15529661322748
0.01476,-72.146614160805
0.014765,-72.13793508516653
0.014770000000000002,-72.13069628472465
0.014775000000000002,-72.12311781319447
0.014780000000000001,-72.11473594319887
0.014785000000000001,-72.10677642849392
0.014790000000000001,-72.09818107951027
0.014795,-72.08958817754397
0.0148,-72.08157148767819
0.014805,-72.07297987399416
0.014810000000000002,-72.06446964975265
0.014815000000000002,-72.05669200161826
0.014820000000000002,-72.048104301708
0.014825000000000001,-72.03967635518052
0.014830000000000001,-72.03213686527056
0.014835000000000001,-72.02355292843419
0.01484,-72.0160731423178
0.014845,-72.00749015509102
0.01485,-71.99966500958644
0.014855000000000002,-71.99118533954871
0.014860000000000002,-71.98269311765094
0.014865000000000001,-71.97408443103147
0.014870000000000001,-71.96547644679771
0.014875000000000001,-71.95686994745293
0.01488,-71.94822193227805
0.014885,-71.93957596458934
0.01489,-71.93136913454015
0.014895000000000002,-71.9227947612579
0.014900000000000002,-71.91442508510166
0.014905000000000002,-71.90591130921044
0.014910000000000001,-71.89728744323331
0.014915000000000001,-71.88864706445271
0.014920000000000001,-71.87996158276113
0.014925,-71.87139187991586
0.01493,-71.86266868574617
0.014935,-71.85421347910628
0.014940000000000002,-71.84564775922227
0.014945000000000002,-71.83700894126834
0.014950000000000001,-71.82879736533548
0.014955000000000001,-71.82023579274824
0.014960000000000001,-71.81168093023219
0.014965000000000001,-71.80304090773326
0.01497,-71.79440420384645
0.014975,-71.7874287803174
0.014980000000000002,-71.77887709132588
0.014985000000000002,-71.77213992779964
0.014990000000000002,-71.76456926633232
0.014995000000000001,-71.75632524807205
0.015000000000000001,-71.74800129113781
0.015005000000000001,-71.73937875609718
0.01501,-71.73075824362796
0.015015,-71.7221260837193
0.01502,-71.71349731265225
0.015025000000000002,-71.70630215029152
0.015030000000000002,-71.6987702603176
0.015035000000000001,-71.69043775373866
0.015040000000000001,-71.68252969431109
0.015045000000000001,-71.67398475278358
0.015050000000000001,-71.66544345150889
0.015055,-71.65681980382976
0.01506,-71.64819951624438
0.015065000000000002,-71.64123316589908
0.015070000000000002,-71.6339303493231
0.015075000000000002,-71.62567981047961
0.015080000000000001,-71.6180749334552
0.015085000000000001,-71.60964470201517
0.015090000000000001,-71.60116459696503
0.015095,-71.5925272924615
0.0151,-71.58399086516273
0.015105,-71.57536249164613
0.015110000000000002,-71.56675808268395
0.015115000000000002,-71.55815956248318
0.015120000000000001,-71.5500042241345
0.015125000000000001,-71.54156201594026
0.015130000000000001,-71.53307264549635
0.015135000000000001,-71.52447572617488
0.01514,-71.5158808319616
0.015145,-71.50727449842348
0.015150000000000002,-71.49867154522897
0.015155000000000002,-71.49150670134954
0.015160000000000002,-71.48298899250229
0.015165000000000001,-71.47481252246487
0.015170000000000001,-71.46621638135386
0.015175000000000001,-71.45762341150906
0.01518,-71.45168874414858
0.015185,-71.44318005237328
0.01519,-71.43541951709693
0.015195000000000002,-71.42972071981679
0.015200000000000002,-71.42368585864861
0.015205000000000002,-71.41587761282814
0.015210000000000001,-71.4099543447368
0.015215000000000001,-71.40144588909175
0.015220000000000001,-71.39505733904859
0.015225,-71.38654932100943
0.01523,-71.37982153870965
0.015235000000000002,-71.3722721965729
0.015240000000000002,-71.36395793940609
0.015245000000000002,-71.35601912769086
0.015250000000000001,-71.34758870587211
0.015255000000000001,-71.33909190748626
0.015260000000000001,-71.33055774135474
0.015265,-71.3219822177311
0.01527,-71.3134088046663
0.015275,-71.3048244565761
0.015280000000000002,-71.29719194699136
0.015285000000000002,-71.2886934236245
0.015290000000000002,-71.28107016442661
0.015295000000000001,-71.27257283141284
0.015300000000000001,-71.26417048754479
0.015305000000000001,-71.25653371875471
0.01531,-71.2480401455506
0.015315,-71.2404100490592
0.015320000000000002,-71.23218974860734
0.015325000000000002,-71.22369506601355
0.015330000000000002,-71.21514998081685
0.015335000000000001,-71.2065884031314
0.015340000000000001,-71.19846448746036
0.015345000000000001,-71.19006220151932
0.01535,-71.1815662225845
0.015355,-71.1730128537325
0.015360000000000002,-71.16444644973777
0.015365000000000002,-71.15683649592233
0.015370000000000002,-71.14835582620753
0.015375000000000002,-71.14075826781388
0.015380000000000001,-71.13256643374021
0.015385000000000001,-71.12409149186833
0.015390000000000001,-71.11556440842703
0.015395,-71.10701560177489
0.0154,-71.09845736092223
0.015405000000000002,-71.09084499478129
0.015410000000000002,-71.08237247251881
0.015415000000000002,-71.07476976501576
0.015420000000000001,-71.06657668756621
0.015425000000000001,-71.05807191174496
0.015430000000000001,-71.04956829545634
0.015435,-71.04101586537722
0.01544,-71.03315831324483
0.015445000000000002,-71.02496932708672
0.015450000000000002,-71.01646954761183
0.015455000000000002,-71.00802663583238
0.015460000000000002,-70.99953499794503
0.015465000000000001,-70.99104406874103
0.015470000000000001,-70.98251153956414
0.015475000000000001,-70.9739810471707
0.01548,-70.96543957467723
0.015485,-70.95785320105932
0.015490000000000002,-70.94939737709822
0.015495000000000002,-70.94182524734589
0.015500000000000002,-70.93337044422994
0.015505000000000001,-70.925468335816
0.015510000000000001,-70.9171011893336
0.015515000000000001,-70.90868713870243
0.01552,-70.90016495257898
0.015525,-70.89164478218974
0.015530000000000002,-70.8831131587145
0.015535000000000002,-70.8745849033918
0.015540000000000002,-70.86605992345457
0.015545000000000002,-70.85946959267895
0.015550000000000001,-70.85102944479733
0.015555000000000001,-70.84309683129162
0.015560000000000001,-70.83675199360164
0.015565,-70.82831491189299
0.01557,-70.82046618815284
0.015575000000000002,-70.81195070257615
0.015580000000000002,-70.80634370026145
0.015585000000000002,-70.80040493446386
0.015590000000000001,-70.79267887461172
0.015595000000000001,-70.78495363425057
0.015600000000000001,-70.77644097861469
0.015605,-70.77082731591986
0.01561,-70.76239891232979
0.015615000000000002,-70.75479975268136
0.015620000000000002,-70.74942789989032
0.015625,-70.74372448095774
0.01563,-70.73818613476257
0.015635,-70.7316570775046
0.01564,-70.72413754055775
0.015645000000000003,-70.71580206294084
0.01565,-70.70739161120251
0.015655000000000002,-70.69888979381889
0.01566,-70.69083259200232
0.015665000000000002,-70.68240263677885
0.01567,-70.67419870983589
0.015675,-70.66577036023303
0.015680000000000003,-70.65724174383541
0.015685,-70.64885058778668
0.015690000000000003,-70.64025762047427
0.015695,-70.63176386389658
0.015700000000000002,-70.62371212036258
0.015705,-70.61529162478642
0.015710000000000002,-70.60688563437162
0.015715,-70.59908908931254
0.01572,-70.59096410583192
0.015725000000000003,-70.5825550292848
0.01573,-70.57409334646765
0.015735000000000002,-70.56560841125365
0.01574,-70.55756592443468
0.015745000000000002,-70.54915420769922
0.01575,-70.54096530848604
0.015755,-70.53255501218875
0.01576,-70.52404327263505
0.015765,-70.51566997155464
0.015770000000000003,-70.50713505393198
0.015775,-70.4986595312658
0.015780000000000002,-70.49018606595948
0.015785,-70.48170172659597
0.015790000000000002,-70.47417694665477
0.015795,-70.46632437489336
0.0158,-70.45798232418952
0.015805,-70.44964138281944
0.01581,-70.44163341700578
0.015815000000000003,-70.43332519460193
0.01582,-70.4249748399115
0.015825000000000002,-70.41651015822183
0.01583,-70.40800604230708
0.015835000000000002,-70.3996117510544
0.01584,-70.39106757810042
0.015845,-70.38280863734704
0.015850000000000003,-70.37441839058735
0.015855,-70.36596370253586
0.015860000000000003,-70.35796353278936
0.015865,-70.34966573008184
0.015870000000000002,-70.34128011167451
0.015875,-70.3328288176768
0.015880000000000002,-70.32482937268915
0.015885,-70.31644740289148
0.01589,-70.3083085744917
0.015895000000000003,-70.29999065537733
0.0159,-70.29157220548055
0.015905000000000002,-70.28312404819474
0.01591,-70.27467789556945
0.015915000000000002,-70.26622052083025
0.01592,-70.25776648612008
0.015925,-70.24931569942991
0.01593,-70.24280747900711
0.015935,-70.23444148759533
0.015940000000000003,-70.22658637480734
0.015945,-70.22032997771025
0.015950000000000002,-70.21196700192898
0.015955,-70.20614220803255
0.015960000000000002,-70.19777966064332
0.015965,-70.19163105658245
0.01597,-70.18456231506335
0.015975,-70.1765056936106
0.01598,-70.16917573619183
0.015985000000000003,-70.16081171879999
0.01599,-70.15303954368572
0.015995000000000002,-70.14467648582337
0.016,-70.13633961831636
0.016005000000000002,-70.12863942631833
0.01601,-70.12028023234984
0.016015,-70.11203276936595
0.016020000000000003,-70.10459146136434
0.016025,-70.09682488559615
0.016030000000000003,-70.08860746450246
0.016035,-70.08030524676336
0.016040000000000002,-70.07188201120664
0.016045,-70.06344707144835
0.016050000000000002,-70.05597209026593
0.016055,-70.04762289934978
0.01606,-70.03945719965834
0.016065000000000003,-70.0322407963442
0.01607,-70.02469944164254
0.016075000000000002,-70.01649694455126
0.01608,-70.00853474195046
0.016085000000000002,-70.00025273804309
0.01609,-69.9918313953038
0.016095,-69.98341886068143
0.0161,-69.97499477260246
0.016105,-69.96753077576209
0.016110000000000003,-69.95919241560507
0.016115,-69.95103768761366
0.016120000000000002,-69.94262095661381
0.016125,-69.93591249344013
0.016130000000000002,-69.92758086930445
0.016135,-69.92114754428931
0.01614,-69.91281665443678
0.016145,-69.90606500532222
0.01615,-69.89855497622585
0.016155000000000003,-69.89046369537901
0.01616,-69.8822626071846
0.016165000000000002,-69.87386450903286
0.01617,-69.86545299301027
0.016175000000000002,-69.85800805193384
0.01618,-69.84968230116051
0.016185,-69.84154248216349
0.016190000000000003,-69.83435814303344
0.016195,-69.82603624358852
0.016200000000000003,-69.81798584232283
0.016205,-69.80958560618238
0.016210000000000002,-69.8031563134435
0.016215,-69.79640300597238
0.016220000000000002,-69.78848339930329
0.016225,-69.78056476579829
0.01623,-69.77216849615148
0.016235000000000003,-69.7657601951945
0.01624,-69.75744889399034
0.016245000000000002,-69.75141020384805
0.01625,-69.74309959051777
0.016255000000000002,-69.73523583142939
0.01626,-69.72684663353438
0.016265,-69.72095229703407
0.01627,-69.71473406537947
0.016275,-69.70847835250613
0.016280000000000003,-69.70124630208973
0.016285,-69.69309104370157
0.016290000000000002,-69.68484693415253
0.016295,-69.67646930500568
0.016300000000000002,-69.66807973934803
0.016305,-69.66065366055489
0.01631,-69.6523499880425
0.016315,-69.64495587254325
0.01632,-69.63665347451786
0.016325000000000003,-69.62845747843853
0.01633,-69.62106091571339
0.016335000000000002,-69.61276234593382
0.01634,-69.60465710503242
0.016345000000000002,-69.5975235304348
0.01635,-69.59006798619573
0.016355,-69.58192826801299
0.016360000000000003,-69.5737896663751
0.016365,-69.56618965767298
0.016370000000000003,-69.55789696363361
0.016375,-69.55026888707884
0.016380000000000002,-69.54197752749378
0.016385,-69.53373151261589
0.016390000000000002,-69.52616431846093
0.016395,-69.51787685234497
0.0164,-69.51029116019346
0.016405000000000003,-69.50210382435421
0.01641,-69.49389832386667
0.016415000000000003,-69.48558587320723
0.01642,-69.47723168808815
0.016425000000000002,-69.46887957267806
0.01643,-69.46098569808947
0.016435,-69.4527938225929
0.01644,-69.4445154848284
0.016445,-69.4361456318592
0.016450000000000003,-69.42786682624023
0.016455,-69.41950419471665
0.016460000000000002,-69.41115733349538
0.016465,-69.40281645303399
0.016470000000000002,-69.39493393602737
0.016475,-69.38666238825999
0.01648,-69.37865337656521
0.016485,-69.370383165218
0.01649,-69.362058079315
0.016495000000000003,-69.35421406901592
0.0165,-69.34594774011146
0.016505000000000002,-69.33771512527287
0.01651,-69.33013912383998
0.016515000000000002,-69.32224341055866
0.01652,-69.31397854536372
0.016525,-69.30578101438975
0.016530000000000003,-69.29749418230577
0.016535,-69.28920699138567
0.016540000000000003,-69.28092051300769
0.016545,-69.27259307970746
0.016550000000000002,-69.2642676410976
0.016555,-69.2559308116005
0.016560000000000002,-69.24759731746671
0.016565,-69.24071883065622
0.01657,-69.23247055478855
0.016575000000000003,-69.225791452543
0.01658,-69.21754394611057
0.016585000000000003,-69.2105569262749
0.01659,-69.20231002027492
0.016595000000000002,-69.19501603893384
0.0166,-69.18676986799089
0.016605,-69.17916988349243
0.01661,-69.17101919891967
0.016615,-69.1627954549785
0.016620000000000003,-69.15446369052432
0.016625,-69.1462565251347
0.016630000000000002,-69.13785230542116
0.016635,-69.12954084563745
0.016640000000000002,-69.12168214685764
0.016645,-69.11344363047756
0.01665,-69.10522492882859
0.016655,-69.0969079852951
0.01666,-69.08981706274194
0.016665000000000003,-69.08240770234964
0.01667,-69.07441717756474
0.016675000000000002,-69.06631640012253
0.01668,-69.05801730162989
0.016685000000000002,-69.04970467060053
0.01669,-69.04236450375193
0.016695,-69.03470644514039
0.016700000000000003,-69.02660968791754
0.016705,-69.01842996128829
0.016710000000000003,-69.01013476989709
0.016715,-69.00182791044887
0.016720000000000002,-68.99352439890704
0.016725,-68.986681243571
0.016730000000000002,-68.97846297861201
0.016735,-68.97059626911407
0.01674,-68.96402029272882
0.016745000000000003,-68.95580541073444
0.01675,-68.9480300153134
0.016755000000000003,-68.93973670506233
0.01676,-68.93144650005851
0.016765000000000002,-68.92315931675955
0.01677,-68.91832886851127
0.016775,-68.91012538057409
0.01678,-68.90293922455271
0.016785,-68.89836700926143
0.016790000000000003,-68.89347554784585
0.016795,-68.88896213918986
0.016800000000000002,-68.88149616532247
0.016805,-68.87403105159721
0.016810000000000002,-68.86574556816771
0.016815,-68.85746322870905
0.01682,-68.84918394811989
0.016825,-68.84090764463168
0.01683,-68.83263423967807
0.016835000000000003,-68.82436365776923
0.01684,-68.82154665012138
0.016845000000000002,-68.81335845102987
0.01685,-68.81206821227163
0.016855000000000002,-68.80387926057355
0.01686,-68.7972947943335
0.016865,-68.79449155965669
0.016870000000000003,-68.78630408940899
0.016875,-68.77980447950773
0.016880000000000003,-68.77153912801869
0.016885,-68.7694715733476
0.016890000000000002,-68.76708353301484
0.016895,-68.76070814362043
0.016900000000000002,-68.75957193153907
0.016905,-68.75138466272512
0.01691,-68.74981351458314
0.016915000000000003,-68.74162579407458
0.01692,-68.739741105882
0.016925000000000003,-68.7359226969577
0.01693,-68.72906717869044
0.016935000000000002,-68.72221250218325
0.01694,-68.71394361795768
0.016945,-68.71046674175999
0.01695,-68.70667099513783
0.016955,-68.70361531568983
0.016960000000000003,-68.69652649981894
0.016965,-68.69255623677115
0.016970000000000002,-68.6870851306145
0.016975,-68.67967726209282
0.016980000000000002,-68.67227053607388
0.016985,-68.66400007162308
0.01699,-68.65888196096785
0.016995,-68.6506964268401
0.017,-68.64342728911367
0.017005000000000003,-68.63516429275417
0.01701,-68.63080003251213
0.017015000000000002,-68.62262130546188
0.01702,-68.61927172106614
0.017025000000000002,-68.61435942964448
0.01703,-68.60714591880433
0.017035,-68.59993342985662
0.017040000000000003,-68.59487996826728
0.017045,-68.58950979503979
0.017050000000000003,-68.58435306631546
0.017055,-68.57823542362289
0.017060000000000002,-68.57038609886514
0.017065,-68.56253810736321
0.017070000000000002,-68.55559322803495
0.017075,-68.5474140302599
0.01708,-68.53954056744182
0.017085000000000003,-68.5328683708329
0.01709,-68.52588128215982
0.017095000000000003,-68.51797891839216
0.0171,-68.51007785213115
0.017105000000000002,-68.50295984702376
0.01711,-68.49478831203348
0.017115000000000002,-68.48686223848892
0.01712,-68.48001827475858
0.017125,-68.47285993844505
0.017130000000000003,-68.4649054550628
0.017135,-68.45741659762217
0.017140000000000002,-68.44933754663029
0.017145,-68.44117227959406
0.017150000000000002,-68.43292245766688
0.017155,-68.42475731642877
0.01716,-68.41651296228792
0.017165,-68.40828022581434
0.01717,-68.40005371483514
0.017175000000000003,-68.39229247289009
0.01718,-68.38422510111849
0.017185000000000002,-68.37607495670719
0.01719,-68.3678533656519
0.017195000000000002,-68.35961853915208
0.0172,-68.35236025888568
0.017205,-68.34421145298167
0.017210000000000003,-68.3362537118425
0.017215,-68.32927165980742
0.017220000000000003,-68.32112704775892
0.017225,-68.31326414099821
0.017230000000000002,-68.30655722559038
0.017235,-68.29953704302237
0.017240000000000002,-68.29164594189872
0.017245,-68.28375595436326
0.01725,-68.27553480373942
0.017255000000000003,-68.26731703469513
0.01726,-68.26116072932882
0.017265000000000003,-68.25302800660965
0.01727,-68.24728295925766
0.017275000000000002,-68.23915103632338
0.01728,-68.23310961737126
0.017285000000000002,-68.22497830645024
0.01729,-68.21864142945677
0.017295,-68.21051085304319
0.017300000000000003,-68.20387943374325
0.017305,-68.19652446893497
0.017310000000000002,-68.188615787833
0.017315,-68.18060190138232
0.017320000000000002,-68.17240465271311
0.017325,-68.16419429675877
0.01733,-68.15598742014691
0.017335,-68.1492511336848
0.01734,-68.14220271062415
0.017345000000000003,-68.13431510273257
0.01735,-68.1264285978686
0.017355000000000002,-68.11925473406524
0.01736,-68.11113521014518
0.017365000000000002,-68.10322533075319
0.01737,-68.09632980365693
0.017375,-68.08821430363133
0.017380000000000003,-68.08148192808395
0.017385,-68.07336756747927
0.017390000000000003,-68.06548066805176
0.017395,-68.05864446366454
0.017400000000000002,-68.0505337444109
0.017405,-68.04387914974738
0.017410000000000002,-68.03651326957012
0.017415,-68.02852739554218
0.01742,-68.02054267343269
0.017425000000000003,-68.01305386081914
0.01743,-68.00525451122284
0.017435000000000003,-67.9971641599981
0.01744,-67.98905929188976
0.017445000000000002,-67.98088326003229
0.01745,-67.97270930324332
0.017455000000000002,-67.96500307628561
0.01746,-67.95690096261987
0.017465,-67.94908702884196
0.017470000000000003,-67.94098639216944
0.017475,-67.93288528387012
0.017480000000000002,-67.9247858768044
0.017485,-67.91663552975075
0.017490000000000002,-67.90846784131166
0.017495,-67.90029455731508
0.0175,-67.8921993432809
0.017505,-67.88402805509392
0.01751,-67.87586471062174
0.017515000000000003,-67.86769435336413
0.01752,-67.85960352087959
0.017525000000000002,-67.85137520561513
0.01753,-67.84320564165496
0.017535000000000002,-67.8358028794244
0.01754,-67.82771916807015
0.017545,-67.81975709163524
0.017550000000000003,-67.81159494384269
0.017555,-67.80497108508145
0.017560000000000003,-67.79803741441
0.017565,-67.79076941663517
0.017570000000000002,-67.78271046109222
0.017575,-67.77465264078504
0.017580000000000002,-67.76649252773352
0.017585,-67.75922597814427
0.01759,-67.75115163648373
0.017595000000000003,-67.74324129173617
0.0176,-67.7350885334455
0.017605000000000003,-67.72693900051921
0.01761,-67.7187926040309
0.017615000000000002,-67.71329372769725
0.01762,-67.70523165877574
0.017625000000000002,-67.7003442041005
0.01763,-67.69228241765052
0.017635,-67.68489643866512
0.017640000000000003,-67.67945476016168
0.017645,-67.67370314029452
0.017650000000000002,-67.66628951640718
0.017655,-67.65887676697265
0.017660000000000002,-67.65300091034068
0.017665,-67.64494227707512
0.01767,-67.63955287297202
0.017675,-67.63315123416817
0.01768,-67.62552148878673
0.017685000000000003,-67.61901569163935
0.01769,-67.61168874217738
0.017695000000000002,-67.60383233462106
0.0177,-67.59587510486534
0.017705000000000002,-67.5877477998737
0.01771,-67.57960764963441
0.017715,-67.57147095817274
0.017720000000000003,-67.56480806928879
0.017725,-67.55783708660383
0.017730000000000003,-67.55002240664352
0.017735,-67.54275769928778
0.017740000000000002,-67.53470554431256
0.017745,-67.52670371213787
0.017750000000000002,-67.5185730005799
0.017755,-67.51177056849355
0.01776,-67.50466053457964
0.017765000000000003,-67.4971495119978
0.01777,-67.48905441723137
0.017775000000000003,-67.48101360365801
0.01778,-67.47289664454925
0.017785000000000002,-67.46477323271498
0.01779,-67.45672900979018
0.017795000000000002,-67.44854814467548
0.0178,-67.44042529915873
0.017805,-67.43307426800443
0.017810000000000003,-67.42503738372143
0.017815,-67.41768059441408
0.017820000000000003,-67.4097427492165
0.017825,-67.40178652634751
0.017830000000000002,-67.39368239307734
0.017835,-67.3855802712018
0.01784,-67.37746656881292
0.017845,-67.3703243739859
0.01785,-67.3622964148735
0.017855000000000003,-67.35521523677306
0.01786,-67.34755654317273
0.017865000000000002,-67.33952858178559
0.01787,-67.33156954974162
0.017875000000000002,-67.32347218164468
0.01788,-67.31537346615661
0.017885,-67.30738747967185
0.017890000000000003,-67.29925042960693
0.017895,-67.29115887374823
0.017900000000000003,-67.28306932629744
0.017905,-67.27496879901096
0.017910000000000002,-67.26784943054074
0.017915,-67.26042444627083
0.017920000000000002,-67.2524826973497
0.017925,-67.24460567365298
0.01793,-67.23658994446762
0.017935000000000003,-67.22846301680163
0.01794,-67.22071995689052
0.017945000000000003,-67.2127845883429
0.01795,-67.20478308363349
0.017955000000000002,-67.19670372868387
0.01796,-67.1886263496437
0.017965000000000002,-67.18053756230239
0.01797,-67.17342494947704
0.017975,-67.16542179908278
0.017980000000000003,-67.15761085070716
0.017985,-67.15078652281882
0.017990000000000003,-67.14365714964381
0.017995,-67.13582424615358
0.018000000000000002,-67.12799238545091
0.018005,-67.11991202993063
0.01801,-67.11316862701901
0.018015,-67.10517364712203
0.01802,-67.09749124617649
0.018025000000000003,-67.08941780873306
0.01803,-67.08134750370863
0.018035000000000002,-67.07588035201447
0.01804,-67.06789440669627
0.018045000000000002,-67.06303134852183
0.01805,-67.05504570839626
0.018055,-67.047724048868
0.018060000000000003,-67.04232759090442
0.018065,-67.03434459427802
0.018070000000000003,-67.0295750391375
0.018075,-67.02366194011663
0.018080000000000002,-67.01773027578511
0.018085,-67.01007718688712
0.018090000000000002,-67.00242515183882
0.018095,-66.99569560328148
0.0181,-66.98771155740452
0.018105000000000003,-66.98004135313671
0.01811,-66.9719790890676
0.018115000000000003,-66.96392006851875
0.01812,-66.95846810620021
0.018125000000000002,-66.9527112747772
0.01813,-66.94535287219173
0.018135000000000002,-66.93799539017239
0.01814,-66.92994001682767
0.018145,-66.92188781275306
0.018150000000000003,-66.91383869077319
0.018155,-66.90579256712685
0.018160000000000003,-66.901890393669
0.018165,-66.89392765569818
0.018170000000000002,-66.89114120734438
0.018175,-66.88317830477337
0.01818,-66.87639291721227
0.018185,-66.86835162992196
0.01819,-66.86500171367338
0.018195000000000003,-66.8570435250721
0.0182,-66.85499081989872
0.018205000000000002,-66.85112050237402
0.01821,-66.84790646347948
0.018215000000000002,-66.8409509486799
0.01822,-66.8339963014955
0.018225,-66.82595363965564
0.018230000000000003,-66.8179141339551
0.018235,-66.81420399608695
0.018240000000000003,-66.80624808547165
0.018245,-66.80371600355714
0.018250000000000002,-66.79576019354957
0.018255,-66.78904398215903
0.018260000000000002,-66.78101008376377
0.018265,-66.77297920694889
0.01827,-66.77030926300374
0.018275000000000003,-66.76733339005331
0.01828,-66.76092008889897
0.018285000000000003,-66.75450746518828
0.01829,-66.75140892812813
0.018295000000000002,-66.74346014752874
0.0183,-66.7417402291571
0.018305000000000002,-66.73379147230767
0.01831,-66.72728365569506
0.018315,-66.72424581431537
0.018320000000000003,-66.72090267975481
0.018325,-66.71436818683706
0.018330000000000003,-66.71191134652297
0.018335,-66.7076541891607
0.018340000000000002,-66.70081297720135
0.018345,-66.69397273686451
0.01835,-66.68594315860554
0.018355,-66.67791687809544
0.01836,-66.669893802987
0.018365000000000003,-66.6669882113639
0.01837,-66.6590484547959
0.018375000000000002,-66.65758328390093
0.01838,-66.6496436061041
0.018385000000000002,-66.64320645242357
0.01839,-66.63518901392123
0.018395,-66.6328316106437
0.018400000000000003,-66.62489711986936
0.018405,-66.61871754943103
0.018410000000000003,-66.61070562961106
0.018415,-66.60910509188284
0.018420000000000002,-66.60719884019514
0.018425,-66.60115476271801
0.018430000000000002,-66.60060717779166
0.018435,-66.59267416629375
0.01844,-66.5864422639342
0.018445000000000003,-66.5841977774582
0.01845,-66.58164830067494
0.018455000000000003,-66.58018924372544
0.01846,-66.57779652404126
0.018465000000000002,-66.5744703075572
0.01847,-66.56750444595131
0.018475000000000002,-66.56053974523026
0.01848,-66.55252061024609
0.018485,-66.54824760112116
0.018490000000000003,-66.54031320639852
0.018495,-66.5334957118454
0.018500000000000003,-66.52548409693513
0.018505,-66.52198262253292
0.018510000000000002,-66.5181776688888
0.018515,-66.51150207065585
0.018520000000000002,-66.50482744906019
0.018525,-66.49681981811891
0.01853,-66.49338901259581
0.018535000000000003,-66.48965486850662
0.01854,-66.48300548707553
0.018545000000000002,-66.480023912518
0.01855,-66.4720983434247
0.018555000000000002,-66.4687223987531
0.01856,-66.46079751753804
0.018565,-66.4571445570646
0.018570000000000003,-66.45208736461437
0.018575,-66.44499631298132
0.018580000000000003,-66.43790642850354
0.018585,-66.43273968149634
0.018590000000000002,-66.42727150520875
0.018595,-66.4200449104219
0.018600000000000002,-66.41281952716729
0.018605,-66.40481745818501
0.01861,-66.39681892366195
0.018615000000000003,-66.39222921903887
0.01862,-66.3843154335463
0.018625000000000003,-66.38060416252587
0.01863,-66.37550681139655
0.018635000000000002,-66.36840982770602
0.01864,-66.36361086193173
0.018645000000000002,-66.35569659943803
0.01865,-66.3505095214867
0.018655,-66.34430678752452
0.018660000000000003,-66.33684110575308
0.018665,-66.32937669688583
0.018670000000000003,-66.32307065869558
0.018675,-66.31646493705057
0.018680000000000002,-66.3088668202485
0.018685,-66.30127001159649
0.018690000000000002,-66.29456340397411
0.018695,-66.28665557853664
0.0187,-66.27904501978396
0.018705000000000003,-66.27263461563912
0.01871,-66.26473149176384
0.018715000000000002,-66.25859557069565
0.01872,-66.2516857779008
0.018725000000000002,-66.24399200822417
0.01873,-66.23629952959182
0.018735,-66.22831781297472
0.018740000000000003,-66.22180558236305
0.018745,-66.2139097891821
0.018750000000000003,-66.20637196857608
0.018755,-66.20015573075186
0.018760000000000002,-66.19226422850186
0.018765,-66.18482788071455
0.018770000000000002,-66.1789064279932
0.018775,-66.17268597973717
0.01878,-66.1652316937398
0.018785000000000003,-66.15893206958971
0.01879,-66.1518170155123
0.018795000000000003,-66.14406359678547
0.0188,-66.13657308283202
0.018805000000000002,-66.12868426267912
0.01881,-66.12075174228302
0.018815000000000002,-66.11278461148586
0.01882,-66.10587463800154
0.018825,-66.09799356747568
0.018830000000000003,-66.09118750458477
0.018835,-66.08330793108861
0.018840000000000003,-66.07623847077002
0.018845,-66.06863679510238
0.018850000000000002,-66.06076381702714
0.018855,-66.05283884631515
0.018860000000000002,-66.04489189493498
0.018865,-66.03693539604704
0.01887,-66.02898236519249
0.018875000000000003,-66.02103270298036
0.01888,-66.01504951680054
0.018885000000000002,-66.00876854172753
0.01889,-66.0013092837394
0.018895000000000002,-65.99385105713903
0.0189,-65.98747193588953
0.018905,-65.9796088722151
0.018910000000000003,-65.97350446775842
0.018915,-65.96663076279715
0.018920000000000003,-65.95897533863254
0.018925,-65.95132105118876
0.018930000000000002,-65.94337832235722
0.018935,-65.93543895831635
0.018940000000000002,-65.92946201331125
0.018945,-65.92160777934754
0.01895,-65.91427611791688
0.018955000000000003,-65.90859565484683
0.01896,-65.90074487257
0.018965000000000003,-65.89351432333905
0.01897,-65.8881291426584
0.018975000000000002,-65.882446553525
0.01898,-65.87519822037457
0.018985000000000002,-65.86795083849914
0.01899,-65.86002254887332
0.018995,-65.85473504506975
0.019000000000000003,-65.84689140684824
0.019005,-65.83979664325476
0.019010000000000003,-65.83187484724756
0.019015,-65.82395611437312
0.019020000000000002,-65.81994571328848
0.019025,-65.81211063015893
0.019030000000000002,-65.80915048948822
0.019035,-65.80131543572969
0.01904,-65.79458446815168
0.019045000000000003,-65.79066128031074
0.01905,-65.7828285489904
0.019055000000000002,-65.7799840422998
0.01906,-65.77215141896757
0.019065000000000002,-65.76545126646339
0.01907,-65.76161534208259
0.019075,-65.75378513926206
0.019080000000000003,-65.74718321984328
0.019085,-65.74363537737523
0.019090000000000003,-65.73978956856398
0.019095,-65.73657513684465
0.019100000000000002,-65.73243898448345
0.019105,-65.72738129987836
0.019110000000000002,-65.72006145662382
0.019115,-65.71274277302344
0.01912,-65.70482673943054
0.019125000000000003,-65.69691413850853
0.01913,-65.68900487206942
0.019135000000000003,-65.68109884577127
0.01914,-65.6731959689675
0.019145000000000002,-65.66529615456199
0.01915,-65.66222976999954
0.019155000000000002,-65.65441317098282
0.01916,-65.64807688167896
0.019165,-65.64529597850684
0.019170000000000003,-65.63748164276622
0.019175,-65.63615261201167
0.019180000000000003,-65.62833810199936
0.019185,-65.62673888371855
0.019190000000000002,-65.61892407523717
0.019195,-65.61254880402133
0.019200000000000002,-65.60964847066288
0.019205,-65.60645055636026
0.01921,-65.60005436779697
0.019215000000000003,-65.59365896484078
0.01922,-65.58576579217285
0.019225000000000003,-65.5829511710511
0.01923,-65.57983908261421
0.019235000000000002,-65.57759868481082
0.01924,-65.5710007274858
0.019245,-65.56440369187571
0.019250000000000003,-65.56049907261938
0.019255,-65.55629807400454
0.019260000000000003,-65.54956776174981
0.019265,-65.54283844203721
0.019270000000000002,-65.53494599119644
0.019275,-65.53113560466386
0.019280000000000002,-65.5270289646946
0.019285,-65.52033281445794
0.01929,-65.51683083158348
0.019295000000000003,-65.51183748715799
0.0193,-65.50484427103784
0.019305000000000003,-65.50016214718462
0.01931,-65.49235080501713
0.019315000000000002,-65.48729396012061
0.01932,-65.48122207234996
0.019325000000000002,-65.47386918031816
0.01933,-65.46775148951131
0.019335,-65.45994076128005
0.019340000000000003,-65.45241144025572
0.019345,-65.44452281650698
0.019350000000000003,-65.43663776793655
0.019355,-65.43127300898483
0.019360000000000002,-65.42561402774726
0.019365,-65.41840598607523
0.019370000000000002,-65.41119908976768
0.019375,-65.40331930688853
0.01938,-65.39544294431498
0.019385000000000003,-65.39067871798274
0.01939,-65.38562004236346
0.019395000000000003,-65.37861750206476
0.0194,-65.37384437173677
0.019405000000000002,-65.36605132619313
0.01941,-65.36090570551305
0.019415,-65.3547729880167
0.019420000000000003,-65.34741179482955
0.019425,-65.34005180078923
0.019430000000000003,-65.33217940150364
0.019435,-65.3243104659181
0.019440000000000002,-65.3190773272794
0.019445,-65.31129340572424
0.019450000000000002,-65.30425740792433
0.019455,-65.29932396084108
0.01946,-65.29154366245807
0.019465000000000003,-65.28734340982784
0.01947,-65.27956392914953
0.019475000000000003,-65.27256587639158
0.01948,-65.26773780284098
0.019485000000000002,-65.26261619892676
0.01949,-65.2576878249209
0.019495000000000002,-65.25044397604971
0.0195,-65.24320125603437
0.019505,-65.23534229706691
0.019510000000000003,-65.22748672700449
0.019515,-65.22257684440567
0.019520000000000003,-65.21480600500115
0.019525,-65.2078865234302
0.019530000000000002,-65.20327581657607
0.019535,-65.19550836701306
0.019540000000000002,-65.18869084643046
0.019545,-65.18437808275252
0.01955,-65.17661384465916
0.019555000000000003,-65.16989776121063
0.01956,-65.16205567782175
0.019565000000000003,-65.15852971634573
0.01957,-65.15077128123097
0.019575000000000002,-65.14432124812072
0.01958,-65.13648498757176
0.019585,-65.13374052521175
0.019590000000000003,-65.12598733388924
0.019595,-65.11980123059078
0.019600000000000003,-65.11734648817146
0.019605,-65.1145972431976
0.019610000000000002,-65.11282531160826
0.019615,-65.11014009919
0.019620000000000002,-65.1065417730294
0.019625,-65.09964486718754
0.01963,-65.09274902622711
0.019635000000000003,-65.08785200854169
0.01964,-65.08266278016396
0.019645000000000003,-65.07563911011636
0.01965,-65.07068559710999
0.019655000000000002,-65.06292611356206
0.01966,-65.05572689988622
0.019665000000000002,-65.04788949101439
0.01967,-65.04291547266175
0.019675,-65.03516308696807
0.019680000000000003,-65.03090264856877
0.019685,-65.02315131908992
0.019690000000000003,-65.01615988212835
0.019695,-65.00833055847811
0.019700000000000002,-65.00395993382182
0.019705,-64.99929723949114
0.019710000000000002,-64.99245818205735
0.019715,-64.98562011692047
0.01972,-64.98086715788018
0.019725000000000003,-64.97312345406331
0.01973,-64.96915496699273
0.019735000000000003,-64.96141217934955
0.01974,-64.95718927551873
0.019745000000000002,-64.95176381766909
0.01975,-64.94467201924894
0.019755,-64.93758133933237
0.019760000000000003,-64.9297588491871
0.019765,-64.92193974603967
0.019770000000000003,-64.9141239330604
0.019775,-64.90631131721241
0.019780000000000002,-64.90276678453719
0.019785,-64.89503792521657
0.019790000000000002,-64.89267320569736
0.019795,-64.88494460177048
0.0198,-64.88232268124055
0.019805000000000003,-64.87459416641562
0.01981,-64.86802941523709
0.019815000000000003,-64.86439686671572
0.01982,-64.85667110289947
0.019825000000000002,-64.8541887276456
0.01983,-64.84646335734938
0.019835000000000002,-64.83993589850327
0.01984,-64.83640861627214
0.019845,-64.83258972018156
0.019850000000000003,-64.82604690926654
0.019855,-64.82290961459717
0.019860000000000003,-64.81821778484367
0.019865,-64.81384915973615
0.019870000000000002,-64.80857176679767
0.019875,-64.80238580840782
0.019880000000000002,-64.79486368103257
0.019885,-64.78734294028334
0.01989,-64.77953150729293
0.019895000000000003,-64.77321144282553
0.0199,-64.76660259422957
0.019905000000000003,-64.75912797490236
0.01991,-64.75227780495781
0.019915000000000002,-64.74455258122237
0.01992,-64.73690588165056
0.019925000000000002,-64.73003613035895
0.019930000000000003,-64.72287836910877
0.019935,-64.71522388186618
0.019940000000000003,-64.70764186707656
0.019945,-64.69992164153469
0.019950000000000002,-64.69209589466541
0.019955,-64.6846819283467
0.019960000000000002,-64.67704658728665
0.019965,-64.66931209017072
0.01997,-64.66153178393563
0.019975000000000003,-64.65373883984414
0.01998,-64.64594941577731
0.019985000000000003,-64.63965333674923
0.01999,-64.63194959214489
0.019995000000000002,-64.62591859635127
0.02,-64.61915152462758
0.020005000000000002,-64.61163885101901
0.02001,-64.60412736197729
0.020015,-64.59634432487837
0.020020000000000003,-64.58999748002256
0.020025,-64.58230011478028
0.020030000000000003,-64.57495143241933
0.020035,-64.56891752098856
0.020040000000000002,-64.56122407570633
0.020045,-64.55398228037501
0.020050000000000002,-64.54826001602586
0.020055,-64.54057027402193
0.02006,-64.53529913398462
0.020065000000000003,-64.52761031476975
0.02007,-64.52041389366137
0.020075000000000003,-64.51481881664797
0.02008,-64.5071333234447
0.020085000000000002,-64.50004310708125
0.02009,-64.49227946160778
0.020095000000000002,-64.48451893967632
0.020100000000000003,-64.47676145454284
0.020105,-64.46900692286077
0.020110000000000003,-64.46125526454786
0.020115,-64.45842480915186
0.020120000000000002,-64.45530480469682
0.020125,-64.45301704645011
0.020130000000000002,-64.44982522561799
0.020135,-64.4430945215364
0.02014,-64.43636469313371
0.020145000000000003,-64.42860879932047
0.02015,-64.42453953706298
0.020155000000000003,-64.41686770682927
0.02016,-64.41029520195045
0.020165000000000002,-64.40254544117083
0.02017,-64.39926970709755
0.020175000000000002,-64.39160340609638
0.02018,-64.3895814089577
0.020185,-64.38582868103994
0.020190000000000003,-64.3793453422433
0.020195,-64.37628354835634
0.020200000000000003,-64.37166674216337
0.020205,-64.36489360574636
0.020210000000000002,-64.35812144815183
0.020215,-64.35342282398514
0.020220000000000002,-64.34575464374218
0.020225,-64.3418407064285
0.02023,-64.33417341266889
0.020235000000000003,-64.32733273923218
0.02024,-64.32275819973918
0.020245000000000003,-64.31509421590596
0.02025,-64.31134433658283
0.020255000000000002,-64.30629863220103
0.02026,-64.30144228969637
0.020265000000000002,-64.29430282876241
0.020270000000000003,-64.28716453949286
0.020275,-64.2794186126813
0.020280000000000003,-64.27411440897792
0.020285,-64.26645373777805
0.020290000000000002,-64.25947750671284
0.020295,-64.2517390635886
0.020300000000000002,-64.24400388030627
0.020305,-64.23999520205831
0.02031,-64.23234416793554
0.020315000000000003,-64.22934381076966
0.02032,-64.22486347874636
0.020325000000000003,-64.2181481713143
0.02033,-64.21143381385706
0.020335000000000002,-64.20370250151515
0.02034,-64.19597439351993
0.020345000000000002,-64.1882493997988
0.02035,-64.18516021644787
0.020355,-64.17751867165153
0.020360000000000003,-64.17129326693319
0.020365,-64.1635739392042
0.020370000000000003,-64.1558575315936
0.020375,-64.14814396515321
0.020380000000000002,-64.14681579945226
0.020385,-64.1451989858982
0.020390000000000002,-64.13945140367677
0.020395,-64.13370436710522
0.0204,-64.12599175555731
0.020405000000000003,-64.1182819755478
0.02041,-64.11754337739357
0.020415000000000003,-64.11651583161542
0.02042,-64.11096714015507
0.020425000000000002,-64.10541896625817
0.02043,-64.09770992409715
0.020435000000000002,-64.09000370533467
0.020440000000000003,-64.08984973759371
0.020445,-64.08222504804328
0.020450000000000003,-64.08434652117955
0.020455,-64.08371053160309
0.020460000000000002,-64.07829387564388
0.020465,-64.07287777018415
0.020470000000000002,-64.06517110726752
0.020475,-64.05746732648127
0.02048,-64.04976635031467
0.020485000000000003,-64.04206810429238
0.02049,-64.04326289214256
0.020495000000000003,-64.03564536839941
0.0205,-64.03955960374915
0.020505000000000002,-64.04026866651972
0.02051,-64.04307403341673
0.020515000000000002,-64.0449802947733
0.02052,-64.03956167474698
0.020525,-64.03414375561272
0.020530000000000003,-64.02643696045509
0.020535,-64.01873323419437
0.020540000000000003,-64.01103249197513
0.020545,-64.0117433753431
0.020550000000000002,-64.00412405795814
0.020555,-64.00739551464994
0.020560000000000002,-63.99977547560464
0.020565000000000003,-63.994766379296436
0.02057,-63.995569430856975
0.020575000000000003,-63.98795090479214
0.02058,-63.983038548400486
0.020585000000000003,-63.98412699104075
0.02059,-63.97651016152029
0.020595000000000002,-63.97169407009534
0.0206,-63.97306666992234
0.020605000000000002,-63.96545144586503
0.020610000000000003,-63.96960247902945
0.020615,-63.97049013747734
0.020620000000000003,-63.965588308037574
0.020625,-63.96869476785866
0.020630000000000003,-63.96107450838754
0.020635,-63.96381157870534
0.020640000000000002,-63.963638848649765
0.020645,-63.96526981689698
0.02065,-63.959784505433824
0.020655000000000003,-63.95430010745978
0.02066,-63.94659636892803
0.020665000000000003,-63.938895953464026
0.02067,-63.931198766201696
0.020675000000000002,-63.93170779971493
0.02068,-63.92409259252874
0.020685000000000002,-63.919084722316306
0.02069,-63.91139308389085
0.020695,-63.91266920037847
0.020700000000000003,-63.91365607586223
0.020705,-63.90879153080805
0.020710000000000003,-63.91202931470059
0.020715,-63.912149729515335
0.020720000000000002,-63.90699348718135
0.020725,-63.909078644147534
0.020730000000000002,-63.90146107726788
0.020735000000000003,-63.89612984834412
0.02074,-63.88843565173085
0.020745000000000003,-63.88875344704208
0.02075,-63.88114148485392
0.020755000000000003,-63.876072170248506
0.02076,-63.87667897664125
0.020765000000000002,-63.87699736576545
0.02077,-63.879280608280894
0.020775000000000002,-63.873967083011934
0.020780000000000003,-63.86865441792301
0.020785,-63.86096203644421
0.020790000000000003,-63.853272932548194
0.020795,-63.84558701310512
0.020800000000000003,-63.846584169688036
0.020805,-63.847292787102575
0.020810000000000002,-63.850094912702275
0.020815,-63.84491495868326
0.02082,-63.83973580246132
0.020825000000000003,-63.83204839531823
0.02083,-63.832472449758555
0.020835000000000003,-63.824867226378736
0.02084,-63.82775462635394
0.020845000000000002,-63.82014933428481
0.02085,-63.815055886672134
0.020855000000000002,-63.81557833709759
0.02086,-63.807975341464314
0.020865,-63.80298030140849
0.020870000000000003,-63.79530100249392
0.020875,-63.78762477374597
0.020880000000000003,-63.77995153013244
0.020885,-63.77228118995159
0.020890000000000002,-63.775003884596536
0.020895,-63.777437068308295
0.020900000000000002,-63.78253475276501
0.020905000000000003,-63.777939061499545
0.02091,-63.77334393269843
0.020915000000000003,-63.765669873134094
0.02092,-63.76780866776103
0.020925000000000003,-63.76021557191261
0.02093,-63.75576579903754
0.020935000000000002,-63.758186195846726
0.02094,-63.75059474974666
0.020945000000000002,-63.756134631295694
0.020950000000000003,-63.74854236396327
0.020955,-63.75382197705496
0.020960000000000003,-63.755562578862346
0.020965,-63.750960692248725
0.020970000000000003,-63.7463594442742
0.020975,-63.73868622081297
0.020980000000000002,-63.73101609349588
0.020985,-63.73361197657664
0.02099,-63.72602261429555
0.020995000000000003,-63.73179561143692
0.021,-63.72420546661102
0.021005000000000003,-63.72971797326178
0.02101,-63.73163377027268
0.021015000000000002,-63.7270917998582
0.02102,-63.73156253026689
0.021025000000000002,-63.73261301967067
0.02103,-63.73586887927577
0.021035,-63.7308094376982
0.021040000000000003,-63.7257509136774
0.021045,-63.718072939976004
0.021050000000000003,-63.710398346642236
0.021055,-63.71164449983689
0.021060000000000002,-63.70405183905134
0.021065,-63.70803039937182
0.021070000000000002,-63.708796846191326
0.021075000000000003,-63.70387062510167
0.02108,-63.70681188947571
0.021085000000000003,-63.69921588923806
0.02109,-63.70179229506652
0.021095000000000003,-63.694196426330365
0.0211,-63.696520467441026
0.021105000000000002,-63.68892479983288
0.02111,-63.68369823601325
0.021115000000000002,-63.68380440203992
0.021120000000000003,-63.676211767199234
0.021125,-63.67108528118821
0.021130000000000003,-63.671483828233086
0.021135,-63.6715955742603
0.021140000000000003,-63.673598582614865
0.021145,-63.66823066288369
0.021150000000000002,-63.66940743906492
0.021155,-63.66799112492807
0.02116,-63.6623357973962
0.021165000000000003,-63.65668158847785
0.02117,-63.64900766321506
0.021175000000000003,-63.64133728391974
0.02118,-63.63367034681898
0.021185000000000002,-63.633620882285435
0.02119,-63.62603661190907
0.021195000000000002,-63.6208637632831
0.0212,-63.61320324760111
0.021205,-63.61392825265637
0.021210000000000003,-63.60634973590959
0.021215,-63.601438752641215
0.021220000000000003,-63.60245382619108
0.021225,-63.60318205924066
0.021230000000000002,-63.59825430485174
0.021235,-63.59332725928446
0.021240000000000002,-63.593963208623144
0.021245000000000003,-63.586386196180904
0.02125,-63.589548971325634
0.021255000000000003,-63.5819718850121
0.02126,-63.576968841584815
0.021265000000000003,-63.577706808333716
0.02127,-63.578158344682244
0.021275000000000002,-63.58061035803589
0.02128,-63.58216972552087
0.021285000000000002,-63.5828365524667
0.021290000000000003,-63.57714104870092
0.021295,-63.57144665213448
0.021300000000000003,-63.56980548793255
0.021305,-63.562222654799946
0.021310000000000003,-63.562357959649376
0.021315,-63.554776168238625
0.021320000000000002,-63.54901330149611
0.021325,-63.547491427023026
0.021330000000000002,-63.539913214375474
0.021335000000000003,-63.53425387546951
0.02134,-63.52659930925686
0.021345000000000003,-63.51894810136138
0.02135,-63.51130015529973
0.021355000000000002,-63.503655378367945
0.02136,-63.50436542813933
0.021365000000000002,-63.50478958910387
0.02137,-63.49976919781294
0.021375,-63.49474948949558
0.021380000000000003,-63.48710657696465
0.021385,-63.487921717993515
0.021390000000000003,-63.480360577307
0.021395,-63.475491257181766
0.021400000000000002,-63.4765973564279
0.021405,-63.477417422892565
0.021410000000000002,-63.48035649478809
0.021415000000000003,-63.48240424108717
0.02142,-63.47706770063745
0.021425000000000003,-63.4717320458631
0.02143,-63.464086587028895
0.021435000000000003,-63.45644442103671
0.02144,-63.45680523045257
0.021445000000000002,-63.449245275230616
0.02145,-63.444225451913326
0.021455000000000002,-63.44487977350584
0.021460000000000003,-63.44524867059493
0.021465,-63.44021360227129
0.021470000000000003,-63.43517926604172
0.021475,-63.42754199389695
0.021480000000000003,-63.41990786344114
0.021485,-63.412276786631494
0.021490000000000002,-63.40464867887371
0.021495,-63.406845685818304
0.021500000000000002,-63.39929832399329
0.021505000000000003,-63.404530389609455
0.02151,-63.39698208982007
0.021515000000000003,-63.40195959724323
0.02152,-63.394410235896075
0.021525000000000002,-63.39913383316819
0.02153,-63.39158354868238
0.021535000000000002,-63.39605388615368
0.02154,-63.39720192911108
0.021545,-63.39243073685843
0.021550000000000003,-63.387660231272704
0.021555,-63.38002915427655
0.021560000000000003,-63.38156491681347
0.021565,-63.3740153496951
0.021570000000000002,-63.3693941480669
0.021575,-63.361768435710594
0.021580000000000002,-63.364070244494705
0.021585000000000003,-63.35652543829459
0.02159,-63.361896664970594
0.021595000000000003,-63.35435111106216
0.0216,-63.349923900999485
0.021605000000000003,-63.34230197201323
0.02161,-63.34517456284929
0.021615000000000002,-63.337633159964426
0.02162,-63.34376292462567
0.021625000000000002,-63.33622057952799
0.021630000000000003,-63.33198534757191
0.021635,-63.33494896806461
0.021640000000000003,-63.3376259593569
0.021645,-63.33337160782398
0.021650000000000003,-63.32911778503391
0.021655,-63.331698249875345
0.021660000000000002,-63.33399243489024
0.021665,-63.33889330936654
0.021670000000000002,-63.34290453973546
0.021675000000000003,-63.33807107191689
0.02168,-63.33323845262232
0.021685000000000003,-63.32560898019169
0.02169,-63.31798282019326
0.021695000000000002,-63.310359877833406
0.0217,-63.31266402190774
0.021705000000000002,-63.30512224400012
0.02171,-63.31049624866965
0.021715,-63.312324146032125
0.021720000000000003,-63.30778569782961
0.021725,-63.312129267130906
0.021730000000000003,-63.30458305632932
0.021735,-63.30856461414505
0.021740000000000002,-63.301018161029546
0.021745,-63.29624333478916
0.021750000000000002,-63.288620723904145
0.021755000000000004,-63.290459274675044
0.02176,-63.28291822249385
0.021765000000000003,-63.278403856164196
0.02177,-63.28053076730442
0.021775000000000003,-63.27299199830594
0.02178,-63.2685752383094
0.021785000000000002,-63.260960592113676
0.02179,-63.26385058448179
0.021795000000000002,-63.26645450908309
0.021800000000000003,-63.26218063648481
0.021805,-63.25790733536799
0.021810000000000003,-63.25029370138135
0.021815,-63.242683109067045
0.021820000000000003,-63.2350754742079
0.021825,-63.23900833813603
0.021830000000000002,-63.2314806210447
0.021835,-63.22767300277047
0.021840000000000002,-63.220069465643334
0.021845000000000003,-63.22475304438186
0.02185,-63.217228895019474
0.021855000000000003,-63.21367383539559
0.02186,-63.218632799069326
0.021865000000000002,-63.211109374167556
0.02187,-63.2200106793209
0.021875000000000002,-63.21248571137263
0.02188,-63.22112619655917
0.021885,-63.21359958638803
0.021890000000000003,-63.210003828780124
0.021895,-63.21484637414581
0.021900000000000003,-63.20732059139429
0.021905,-63.20381758559111
0.021910000000000002,-63.196216322701495
0.021915,-63.18861786694659
0.021920000000000002,-63.194673826807126
0.021925000000000004,-63.20044149560917
0.02193,-63.197232028615396
0.021935000000000003,-63.19402281739773
0.02194,-63.186423049535186
0.021945000000000003,-63.17882607560092
0.02195,-63.18542259006118
0.021955000000000002,-63.17790397528399
0.02196,-63.18898295315355
0.021965000000000002,-63.1814624348172
0.021970000000000003,-63.19227576891257
0.021975,-63.184753262504486
0.021980000000000003,-63.19530154434532
0.021985,-63.20101099349373
0.021990000000000003,-63.19777904850096
0.021995,-63.194547493944135
0.022000000000000002,-63.18694345614093
0.022005,-63.179342377769885
0.022010000000000002,-63.18588111993341
0.022015000000000003,-63.17835873501358
0.02202,-63.17542346890833
0.022025000000000003,-63.16782610566669
0.02203,-63.17509796339548
0.022035000000000003,-63.167578769110904
0.02204,-63.16488993755853
0.022045000000000002,-63.17242550010681
0.02205,-63.179671658164516
0.022055,-63.1911694538053
0.022060000000000003,-63.18822819807549
0.022065,-63.185287299507806
0.022070000000000003,-63.177684379610646
0.022075,-63.18461959874792
0.022080000000000002,-63.17709533924513
0.022085,-63.18862701390204
0.022090000000000002,-63.181101255948796
0.022095000000000004,-63.17822890376135
0.0221,-63.170628193988684
0.022105000000000003,-63.17809433180167
0.02211,-63.170571927326336
0.022115000000000003,-63.16794585713416
0.02212,-63.160348819906645
0.022125000000000002,-63.15275459022352
0.02213,-63.16141033107347
0.022135000000000002,-63.153893513884036
0.022140000000000003,-63.16771217843086
0.022145,-63.160193176481734
0.022150000000000003,-63.15789734646298
0.022155,-63.16660633534364
0.022160000000000003,-63.1590872958103
0.022165,-63.15687769627285
0.022170000000000002,-63.1658437044651
0.022175,-63.174519127535525
0.022180000000000002,-63.18792298032157
0.022185000000000003,-63.18545826590806
0.02219,-63.18299386155408
0.022195000000000003,-63.17539099007021
0.0222,-63.167791084948114
0.022205000000000003,-63.160194064889275
0.02221,-63.16947333924172
0.022215000000000002,-63.178461734071455
0.02222,-63.17632671221406
0.022225,-63.174191873180185
0.022230000000000003,-63.183060296349844
0.022235,-63.175536103055634
0.022240000000000003,-63.189640070194805
0.022245,-63.18211404174943
0.022250000000000002,-63.179884380639656
0.022255,-63.172283980331386
0.022260000000000002,-63.16468646316377
0.022265000000000004,-63.17452773535411
0.02227,-63.16700720905139
0.022275000000000003,-63.18240445385525
0.02228,-63.17488170355608
0.022285000000000003,-63.19000295224792
0.02229,-63.18247786857317
0.022295000000000002,-63.18050312482474
0.0223,-63.190182303480235
0.022305000000000002,-63.1995701121544
0.022310000000000003,-63.213925817505455
0.022315,-63.211694687842545
0.022320000000000003,-63.209463918439056
0.022325,-63.201855424005714
0.022330000000000003,-63.210918002447286
0.022335,-63.219689591214284
0.022340000000000002,-63.217475269895054
0.022345,-63.215261307032215
0.022350000000000002,-63.223913427606256
0.022355000000000003,-63.23227481751462
0.02236,-63.229921441156044
0.022365000000000003,-63.242963517652136
0.02237,-63.23542374043321
0.022375000000000003,-63.232890781410866
0.02238,-63.24093127556526
0.022385000000000002,-63.23339285569448
0.02239,-63.24639941423163
0.022395,-63.25394594268732
0.022400000000000003,-63.25131699581981
0.022405,-63.24868860475318
0.022410000000000003,-63.25612001079827
0.022415,-63.24857784697991
0.022420000000000002,-63.24592744946736
0.022425,-63.2536212597508
0.022430000000000002,-63.26102495001111
0.022435000000000004,-63.272739484969655
0.02244,-63.283564323097785
0.022445000000000003,-63.28043632314697
0.02245,-63.27730909825942
0.022455000000000003,-63.26968249916506
0.02246,-63.262059358645914
0.022465000000000002,-63.25443957615419
0.02247,-63.26179872401679
0.022475000000000002,-63.25425797982621
0.022480000000000003,-63.25158433109596
0.022485,-63.25920610964018
0.022490000000000003,-63.251666948815796
0.022495,-63.26411636800909
0.022500000000000003,-63.25657606867322
0.022505,-63.25392226464908
0.022510000000000002,-63.246307618612434
0.022515,-63.23869606966193
0.022520000000000002,-63.24730393746819
0.022525000000000003,-63.25562095092603
0.02253,-63.25325295700166
0.022535000000000003,-63.25088530402423
0.02254,-63.243272947906206
0.022545000000000003,-63.23566361274433
0.02255,-63.228057215137866
0.022555000000000002,-63.23764147756257
0.02256,-63.24693411913473
0.022565,-63.26116386715654
0.022570000000000003,-63.258897874355156
0.022575,-63.256632208071764
0.022580000000000003,-63.249019251889834
0.022585,-63.241409313143876
0.022590000000000002,-63.25083721092203
0.022595,-63.24330470113976
0.022600000000000002,-63.25815507058086
0.022605000000000004,-63.25062064037342
0.02261,-63.248571114168875
0.022615000000000003,-63.240962494946785
0.02262,-63.250896318525086
0.022625000000000003,-63.24336479224953
0.02263,-63.24155519583183
0.022635000000000002,-63.25173938467972
0.02264,-63.24420806083103
0.022645000000000002,-63.260064304899174
0.022650000000000003,-63.25253082006112
0.022655,-63.26810885906112
0.022660000000000003,-63.27758250307286
0.022665,-63.27559853550321
0.022670000000000003,-63.27361485254223
0.022675,-63.282965009852326
0.022680000000000002,-63.275425002547266
0.022685,-63.29017413282448
0.022690000000000002,-63.29902514393071
0.022695000000000003,-63.312669449861595
0.0227,-63.31024792404005
0.022705000000000003,-63.307826918855994
0.02271,-63.30020219833176
0.022715000000000003,-63.29258071820309
0.02272,-63.28496238649684
0.022725000000000002,-63.29441237667569
0.02273,-63.286871702729904
0.022735000000000002,-63.28489486301716
0.022740000000000003,-63.277280482129356
0.022745,-63.269669041518874
0.022750000000000003,-63.28028912794085
0.022755,-63.27275440675836
0.022760000000000002,-63.27117140074256
0.022765,-63.28203827632166
0.022770000000000002,-63.29261211953807
0.022775000000000004,-63.29099596705315
0.02278,-63.28937996115589
0.022785000000000003,-63.299825807151144
0.02279,-63.29228633323262
0.022795000000000003,-63.30849293555665
0.0228,-63.30095144693046
0.022805000000000002,-63.299235541355685
0.02281,-63.30971902331257
0.022815000000000002,-63.31990960448597
0.022820000000000003,-63.33534021522246
0.022825,-63.34987973289448
0.022830000000000003,-63.34767865349033
0.022835,-63.34547806564325
0.022840000000000003,-63.3542083266647
0.022845,-63.34665439913987
0.022850000000000002,-63.34442902909285
0.022855,-63.33680165863284
0.022860000000000002,-63.32917746066871
0.022865000000000003,-63.321556345911375
0.02287,-63.331921892880075
0.022875000000000003,-63.34199448411305
0.02288,-63.34020506160725
0.022885000000000003,-63.33841590351194
0.02289,-63.34836195009937
0.022895000000000002,-63.34081381812875
0.0229,-63.33899735723855
0.022905000000000002,-63.34919277384874
0.022910000000000003,-63.3590952581963
0.022915,-63.357246910468504
0.022920000000000003,-63.372343560448726
0.022925,-63.381367634553946
0.022930000000000002,-63.37922190202548
0.022935,-63.377076630584796
0.022940000000000002,-63.38597773124692
0.022945000000000004,-63.394586746503755
0.02295,-63.40791299103404
0.022955000000000003,-63.40540069374824
0.02296,-63.40288902718821
0.022965000000000003,-63.39524971735819
0.02297,-63.38761377624094
0.022975000000000002,-63.39636093863609
0.02298,-63.40481607525512
0.022985000000000002,-63.40247839032997
0.022990000000000003,-63.41565064860814
0.022995,-63.40808773013461
0.023000000000000003,-63.42087484863562
0.023005,-63.41331083809181
0.023010000000000003,-63.41072357197717
0.023015,-63.40308565490603
0.023020000000000002,-63.4114740901942
0.023025,-63.41957070105995
0.023030000000000002,-63.43221414852404
0.023035000000000003,-63.4295293474167
0.02304,-63.426845181140116
0.023045000000000003,-63.41920348975019
0.02305,-63.41156514874555
0.023055000000000003,-63.40393006190591
0.02306,-63.41263142477337
0.023065000000000002,-63.40507453580682
0.02307,-63.4189645108158
0.023075000000000002,-63.42716662627109
0.023080000000000003,-63.4399499937193
0.023085,-63.43730060755322
0.023090000000000003,-63.43465180676407
0.023095,-63.44206613300573
0.023100000000000002,-63.434500807229846
0.023105,-63.44668084470503
0.023110000000000002,-63.43911476051532
0.023115000000000004,-63.451022818825656
0.02312,-63.45773773527777
0.023125000000000003,-63.45481303918882
0.02313,-63.46567024715343
0.023135000000000003,-63.47151308895263
0.02314,-63.481154491108256
0.023145000000000002,-63.47770995363696
0.02315,-63.47426632974657
0.023155000000000002,-63.46661282146698
0.023160000000000004,-63.45896290735756
0.023165,-63.451316481662765
0.023170000000000003,-63.457787708973314
0.023175,-63.46396842850839
0.023180000000000003,-63.46086605891781
0.023185,-63.47101205010813
0.023190000000000002,-63.46344093388264
0.023195,-63.46016032945362
0.023200000000000002,-63.46602888107155
0.023205000000000003,-63.47160738269647
0.02321,-63.480895596276554
0.023215000000000003,-63.47736498099381
0.02322,-63.47383520314628
0.023225000000000003,-63.466184483520976
0.02323,-63.45853725057014
0.023235000000000002,-63.45089340275245
0.02324,-63.443252842504265
0.023245000000000002,-63.44993016300931
0.023250000000000003,-63.442368816740824
0.023255,-63.4535666737706
0.023260000000000003,-63.45975082770188
0.023265,-63.45665202804927
0.023270000000000002,-63.453553795236914
0.023275,-63.45962536654558
0.023280000000000002,-63.4654067614871
0.023285000000000004,-63.47496416813806
0.02329,-63.47150368562219
0.023295000000000003,-63.48022634042655
0.0233,-63.48446984444547
0.023305000000000003,-63.480717072250215
0.02331,-63.4769651653217
0.023315000000000002,-63.469313988693735
0.02332,-63.473924791732586
0.023325000000000002,-63.46635437696303
0.023330000000000004,-63.474805434644445
0.023335,-63.47892966588108
0.023340000000000003,-63.47513856733751
0.023345,-63.471348293826885
0.023350000000000003,-63.4636992117014
0.023355,-63.46819151599444
0.023360000000000002,-63.46062314420469
0.023365,-63.45697530384086
0.023370000000000002,-63.449332313112805
0.023375000000000003,-63.454569294980836
0.02338,-63.459516852442285
0.023385000000000003,-63.45600552482213
0.02339,-63.45249482812153
0.023395000000000003,-63.45733515555695
0.0234,-63.46188637809493
0.023405000000000002,-63.458241804092815
0.02341,-63.454597917670256
0.023415000000000002,-63.44695469283226
0.023420000000000003,-63.45187170275996
0.023425,-63.44430869515061
0.023430000000000003,-63.44080585993475
0.023435,-63.445994970022454
0.023440000000000003,-63.438433954840235
0.023445,-63.43502309745956
0.023450000000000002,-63.44048305146133
0.023455000000000004,-63.44565349053074
0.02346,-63.45439440626779
0.023465000000000003,-63.46224353064723
0.02347,-63.45835709614126
0.023475000000000003,-63.45447145385417
0.02348,-63.4468257883171
0.023485000000000002,-63.43918350208934
0.02349,-63.43154449782689
0.023495000000000002,-63.43668873978674
0.023500000000000004,-63.429129665361735
0.023505,-63.425705114709174
0.023510000000000003,-63.418071183160535
0.023515,-63.41044030328486
0.023520000000000003,-63.416792906122396
0.023525,-63.40924095906479
0.023530000000000002,-63.420003887976264
0.023535,-63.42586487102399
0.023540000000000002,-63.422664089491576
0.023545000000000003,-63.41946375018491
0.02355,-63.41183094857889
0.023555000000000003,-63.40420118326472
0.02356,-63.410886933043514
0.023565000000000003,-63.40333591494889
0.02357,-63.400430391394885
0.023575000000000002,-63.407380138710344
0.02358,-63.39982997911398
0.023585000000000002,-63.41138696059741
0.023590000000000003,-63.41784325131729
0.023595,-63.414842093813995
0.023600000000000003,-63.411841333057964
0.023605,-63.40421017142826
0.023610000000000003,-63.39658201697102
0.023615,-63.403858054405354
0.023620000000000002,-63.396308314557785
0.023625000000000004,-63.40829935482662
0.02363,-63.400747988679576
0.023635000000000003,-63.41246807415475
0.02364,-63.404914944728375
0.023645000000000003,-63.416364668252044
0.02365,-63.408809908017005
0.023655000000000002,-63.405894994533945
0.02366,-63.39826540108341
0.023665000000000002,-63.40566040982117
0.023670000000000004,-63.3981092684317
0.023675,-63.39544014147719
0.023680000000000003,-63.387814475563154
0.023685,-63.395934239384125
0.023690000000000003,-63.38838647914173
0.023695,-63.385961109900734
0.023700000000000002,-63.378338865796266
0.023705,-63.38717835179948
0.023710000000000002,-63.37963349884817
0.023715000000000003,-63.39370334438215
0.02372,-63.40204337389747
0.023725000000000003,-63.399673574782064
0.02373,-63.39730400793097
0.023735000000000003,-63.38967754168745
0.02374,-63.38205396498535
0.023745000000000002,-63.374433199658434
0.02375,-63.38403755427828
0.023755000000000002,-63.37649374080356
0.023760000000000003,-63.39158098515297
0.023765,-63.384034840140416
0.023770000000000003,-63.39884389021548
0.023775,-63.391295323869464
0.023780000000000003,-63.38922451892806
0.023785,-63.38160156520839
0.023790000000000002,-63.39149926958636
0.023795000000000004,-63.38395322925753
0.0238,-63.382121640757724
0.023805000000000003,-63.39226828836677
0.02381,-63.40212174811644
0.023815000000000003,-63.40025756229326
0.02382,-63.39839350775881
0.023825000000000002,-63.408120272405064
0.02383,-63.40056937916682
0.023835000000000002,-63.39867769351432
0.023840000000000004,-63.40865410188905
0.023845,-63.41833735118723
0.023850000000000003,-63.43309356712605
0.023855,-63.43094289733279
0.023860000000000003,-63.4287925601942
0.023865,-63.437681920559115
0.023870000000000002,-63.43012260304865
0.023875,-63.44426322450009
0.023880000000000002,-63.436702439370364
0.023885000000000003,-63.434455596220346
0.02389,-63.443390968489155
0.023895000000000003,-63.435831035816314
0.0239,-63.450033015885126
0.023905000000000003,-63.44247160168397
0.02391,-63.44023960959363
0.023915000000000002,-63.44922053687381
0.02392,-63.441659959779265
0.023925000000000002,-63.45592269919185
0.023930000000000003,-63.4483606279426
0.023935,-63.446143316476544
0.023940000000000003,-63.45516934318558
0.023945,-63.46390269465031
0.023950000000000003,-63.46165514286803
0.023955,-63.459407989216324
0.023960000000000002,-63.468018589502265
0.023965000000000004,-63.4604540589242
0.02397,-63.474225180237774
0.023975000000000003,-63.48233587877925
0.02398,-63.47987739709726
0.023985000000000003,-63.47741941645712
0.02399,-63.46977509405439
0.023995000000000002,-63.46213398804309
0.024,-63.45449600748596
0.024005000000000002,-63.46387277629244
0.024010000000000004,-63.45631243100655
0.024015,-63.45429784353177
0.024020000000000003,-63.46392537473906
0.024025,-63.456365711061046
0.024030000000000003,-63.45443513726455
0.024035,-63.464312226225864
0.024040000000000002,-63.45675311896868
0.024045,-63.45490607762745
0.024050000000000002,-63.44727325135162
0.024055000000000003,-63.439643293608974
0.02406,-63.432016127091885
0.024065000000000003,-63.4435136583058
0.02407,-63.45471648453015
0.024075000000000003,-63.453298912997866
0.02408,-63.47012672308261
0.024085000000000002,-63.46256784458663
0.02409,-63.4609659005818
0.024095000000000002,-63.4718232475709
0.024100000000000003,-63.48238623594739
0.024105,-63.49831782819772
0.024110000000000003,-63.49645467527862
0.024115,-63.494591833531494
0.024120000000000003,-63.48694933875789
0.024125,-63.479309906951755
0.024130000000000002,-63.47167345320353
0.024135000000000004,-63.48281187145535
0.02414,-63.493655613218586
0.024145000000000003,-63.492112601024346
0.02415,-63.49056975574963
0.024155000000000003,-63.50128157493183
0.02416,-63.4937169331538
0.024165000000000002,-63.49214447686765
0.02417,-63.4845064492297
0.024175000000000002,-63.495918826172755
0.024180000000000004,-63.50703619960328
0.024185,-63.50558331965022
0.024190000000000003,-63.50413059707912
0.024195,-63.51511474885739
0.024200000000000003,-63.52580412735108
0.024205,-63.524205409965475
0.024210000000000002,-63.52260694025063
0.024215,-63.514962146194236
0.024220000000000002,-63.52597730958477
0.024225000000000003,-63.53669759659949
0.02423,-63.5528415197074
0.024235000000000003,-63.568091233727756
0.02424,-63.56604728348148
0.024245000000000003,-63.5640038210137
0.02425,-63.573253862563014
0.024255000000000002,-63.58221020291745
0.02426,-63.58002416034543
0.024265000000000002,-63.57783865757539
0.024270000000000003,-63.57018005801223
0.024275,-63.579472652269466
0.024280000000000003,-63.57189223634656
0.024285,-63.58657484080367
0.024290000000000003,-63.57899321660137
0.024295,-63.576866102388465
0.024300000000000002,-63.56921083798965
0.024305000000000004,-63.57900390405256
0.024310000000000002,-63.57142634160591
0.024315000000000003,-63.5867738575923
0.02432,-63.579194770199464
0.024325000000000003,-63.577235638976916
0.02433,-63.58706522563657
0.024335000000000002,-63.57948695348418
0.02434,-63.59488319848686
0.024345000000000002,-63.58730337395321
0.024350000000000004,-63.60241778508293
0.024355,-63.61152965850724
0.024360000000000003,-63.625532319701456
0.024365,-63.62317003098015
0.024370000000000003,-63.62080831998715
0.024375,-63.6131439927415
0.024380000000000002,-63.60548299632169
0.024385,-63.59782523538415
0.024390000000000002,-63.59017061832004
0.024395000000000003,-63.60033021560697
0.0244,-63.61019514725255
0.024405000000000003,-63.608314156780395
0.02441,-63.62336711666354
0.024415000000000003,-63.615783378644025
0.02442,-63.61371913207763
0.024425000000000002,-63.6060616469696
0.02443,-63.59840725611182
0.024435000000000002,-63.59075587343436
0.024440000000000003,-63.583107416238455
0.024445,-63.59446490303147
0.024450000000000003,-63.60552674214067
0.024455,-63.60404821122331
0.024460000000000003,-63.62069315114504
0.024465,-63.61311366506037
0.024470000000000002,-63.62936179102199
0.024475000000000004,-63.6217801377804
0.024480000000000002,-63.637743890210245
0.024485000000000003,-63.647491190876536
0.02449,-63.6623415649975
0.024495000000000003,-63.66018939828859
0.0245,-63.6580377217939
0.024505000000000002,-63.650370950623994
0.02451,-63.65977951134016
0.024515000000000002,-63.65219075653546
0.024520000000000004,-63.66702946322506
0.024525,-63.67593210362202
0.024530000000000003,-63.673721531920116
0.024535,-63.68749623826236
0.024540000000000003,-63.67990034063678
0.024545,-63.693284134609144
0.024550000000000002,-63.685687093059684
0.024555,-63.69879251486507
0.024560000000000002,-63.69119440088042
0.024565000000000003,-63.68866066026404
0.02457,-63.680988783704855
0.024575000000000003,-63.6733202169168
0.02458,-63.66565486541956
0.024585000000000003,-63.657992638433655
0.02459,-63.65033344873534
0.024595000000000002,-63.660787858722415
0.0246,-63.67094692752051
0.024605000000000002,-63.669160618323005
0.024610000000000003,-63.684605933735014
0.024615,-63.69387926500771
0.024620000000000003,-63.70809892676425
0.024625,-63.705784988175196
0.024630000000000003,-63.703471555202995
0.024635,-63.69579942536419
0.024640000000000002,-63.70473594813829
0.024645000000000004,-63.697142050284526
0.024650000000000002,-63.69495829169136
0.024655000000000003,-63.687290877945124
0.02466,-63.679626568321424
0.024665000000000003,-63.689733421767855
0.02467,-63.68214634318137
0.024675000000000002,-63.697913155040325
0.02468,-63.69032418948445
0.024685000000000002,-63.68846211723256
0.024690000000000004,-63.69860069472902
0.024695,-63.6910121153375
0.024700000000000003,-63.706821543892055
0.024705,-63.699231107298445
0.024710000000000003,-63.69737858320629
0.024715,-63.68971435728367
0.024720000000000002,-63.700342524638714
0.024725,-63.69275518401249
0.024730000000000002,-63.69113942518868
0.024735000000000004,-63.702009820507435
0.02474,-63.712584228578145
0.024745000000000003,-63.72853831494872
0.02475,-63.726659331522384
0.024755000000000003,-63.72478067376845
0.02476,-63.717110140038095
0.024765000000000002,-63.70944269299746
0.02477,-63.70177824693549
0.024775000000000002,-63.69411671949817
0.024780000000000003,-63.68645803155686
0.024785,-63.698512967435335
0.024790000000000003,-63.690930097490686
0.024795,-63.68979273402489
0.024800000000000003,-63.70208305837772
0.024805,-63.69449973258951
0.024810000000000002,-63.69344053075368
0.024815000000000004,-63.70596509156562
0.024820000000000002,-63.69838126828914
0.024825000000000003,-63.7173636512892
0.02483,-63.729370867294335
0.024835000000000003,-63.7281977028435
0.02484,-63.746104194131775
0.024845000000000002,-63.73850967976291
0.02485,-63.75601430170831
0.024855000000000002,-63.748417450936046
0.024860000000000004,-63.76563287507742
0.024865,-63.77631282721231
0.024870000000000003,-63.792410870072786
0.024875,-63.80761138994351
0.024880000000000003,-63.8055314342107
0.024885,-63.803452038381195
0.024890000000000002,-63.812653376315474
0.024895,-63.8050417043798
0.024900000000000002,-63.802934489491584
0.024905000000000004,-63.81238385901531
0.02491,-63.80477397806909
0.024915000000000003,-63.81967228254805
0.02492,-63.82861296184392
0.024925000000000003,-63.84239518803482
0.02493,-63.839955579269315
0.024935000000000002,-63.83751664841203
0.02494,-63.829823394834115
0.024945000000000002,-63.82213359399966
0.024950000000000003,-63.814447145905696
0.024955,-63.82397277165118
0.024960000000000003,-63.83320270064382
0.024965,-63.83108922421771
0.024970000000000003,-63.82897620777983
0.024975,-63.82128973754292
0.024980000000000002,-63.8308504440453
0.024985000000000004,-63.84011537599225
0.024990000000000002,-63.83801346846693
0.024995000000000003,-63.85227464464338
0.025,-63.86065285582102
0.025005000000000003,-63.858251158448475
0.02501,-63.85585004131875
0.025015000000000003,-63.848157559673375
0.02502,-63.84046841441039
0.025025000000000002,-63.83278251009965
0.025030000000000004,-63.82509975504905
0.025035,-63.81742006115806
0.025040000000000003,-63.809743343776795
0.025045,-63.820754430639376
0.025050000000000003,-63.813154268665194
0.025055,-63.83012698974427
0.025060000000000002,-63.8225245648569
0.025065,-63.83920833641903
0.025070000000000002,-63.831603519346544
0.025075000000000004,-63.82995844629957
0.02508,-63.84077550723642
0.025085000000000003,-63.85129565103275
0.02509,-63.84961476233699
0.025095000000000003,-63.865545731956495
0.0251,-63.85793423898679
0.025105000000000002,-63.87346624593075
0.02511,-63.88288062686618
0.025115000000000002,-63.88082504444415
0.025120000000000003,-63.878769892461925
0.025125,-63.888052539105665
0.025130000000000003,-63.89703924656712
0.025135,-63.8948390554307
0.025140000000000003,-63.8926393558155
0.025145,-63.884944552757176
0.025150000000000002,-63.8942626809034
0.025155000000000004,-63.88664592208313
0.025160000000000002,-63.884573924410404
0.025165000000000003,-63.87688378628641
0.02517,-63.869196756958125
0.025175000000000003,-63.86151274993677
0.02518,-63.87245302828687
0.025185000000000003,-63.864845690688725
0.02519,-63.863320417341924
0.025195000000000002,-63.85563964833937
0.025200000000000004,-63.847961718329074
0.025205,-63.86005161562125
0.025210000000000003,-63.8524494722999
0.025215,-63.85131072598579
0.025220000000000003,-63.863634082416354
0.025225,-63.85603146858353
0.025230000000000002,-63.87475052487412
0.025235,-63.886554417874336
0.025240000000000002,-63.885300833187834
0.025245000000000004,-63.884047333689715
0.02525,-63.895709477463875
0.025255000000000003,-63.907073594093816
0.02526,-63.924086950572836
0.025265000000000003,-63.9224546144667
0.02527,-63.920822582726224
0.025275000000000002,-63.91312829855417
0.02528,-63.92413675371234
0.025285000000000002,-63.91651941529204
0.025290000000000003,-63.93349324369571
0.025295,-63.925874030117065
0.025300000000000003,-63.92429061071098
0.025305,-63.93531934684751
0.025310000000000003,-63.92770056889017
0.025315,-63.926197277262226
0.025320000000000002,-63.937463866882524
0.025325000000000004,-63.948432473242946
0.025330000000000002,-63.96492051168858
0.025335000000000003,-63.98050858075173
0.02534,-63.978510873384195
0.025345000000000003,-63.97651366729682
0.02535,-63.98599654960764
0.025355000000000003,-63.9783654676801
0.02536,-63.99331338260851
0.025365000000000002,-63.9856812119104
0.025370000000000004,-64.00034274246961
0.025375,-63.99270922535826
0.025380000000000003,-64.00708496326537
0.025385,-64.01562658276116
0.025390000000000003,-64.01326577832663
0.025395,-64.0109055986412
0.025400000000000002,-64.00319293677418
0.025405,-64.01206689839852
0.025410000000000002,-64.00443276686572
0.025415000000000004,-64.00220114759264
0.02542,-63.99449376641053
0.025425000000000003,-64.00407571446668
0.02543,-64.0133606527532
0.025435000000000003,-64.0112513842787
0.02544,-64.02554364522736
0.025445000000000002,-64.0179083532409
0.02545,-64.01561458389439
0.025455000000000002,-64.02455325526617
0.025460000000000003,-64.0169193405979
0.025465,-64.01470933867067
0.025470000000000003,-64.0070020615928
0.025475,-64.01664807157361
0.025480000000000003,-64.00901851508637
0.025485,-64.02418249580718
0.025490000000000002,-64.03331544461477
0.025495000000000004,-64.03115407053286
0.025500000000000002,-64.04524386055289
0.025505000000000003,-64.0534860486434
0.02551,-64.06634346106662
0.025515000000000003,-64.07830001484218
0.02552,-64.07538074851226
0.025525000000000003,-64.07246228066982
0.02553,-64.06473871974474
0.025535000000000002,-64.05701870301878
0.025540000000000004,-64.0647146873679
0.025545,-64.05707382619563
0.025550000000000003,-64.05444499503052
0.025555,-64.04673057443054
0.025560000000000003,-64.03901942231059
0.025565,-64.03131144601349
0.025570000000000002,-64.0406464255002
0.025575,-64.0330161482679
0.025580000000000002,-64.03094039057936
0.025585000000000004,-64.02323643755513
0.02559,-64.01553545054922
0.025595000000000003,-64.02603309309463
0.0256,-64.01840886730076
0.025605000000000003,-64.01672452978596
0.02561,-64.00902663575535
0.025615000000000002,-64.0013315354036
0.02562,-63.99363915467287
0.025625000000000002,-64.00574346124935
0.025630000000000003,-63.99812662648002
0.025635,-64.01655721096944
0.025640000000000003,-64.02814021000937
0.025645,-64.04544693795953
0.025650000000000003,-64.04388048844541
0.025655,-64.0423141899858
0.025660000000000002,-64.03460996416625
0.025665000000000004,-64.02690866107623
0.025670000000000002,-64.03858679256653
0.025675000000000003,-64.0309616109623
0.02568,-64.0296701182676
0.025685000000000003,-64.04158175203398
0.02569,-64.03395636500133
0.025695000000000003,-64.05213310445926
0.0257,-64.06352353321925
0.025705000000000002,-64.06211694266172
0.025710000000000004,-64.06071049489793
0.025715000000000002,-64.07195836888032
0.025720000000000003,-64.0829073318092
0.025725,-64.08135042188107
0.025730000000000003,-64.09785849973646
0.025735,-64.09021849977104
0.025740000000000002,-64.08847467650794
0.025745,-64.08076123461989
0.025750000000000002,-64.0730508616423
0.025755000000000004,-64.06534347276566
0.02576,-64.07730185211173
0.025765000000000003,-64.08896067578736
0.02577,-64.10637214743542
0.025775000000000003,-64.1048235945603
0.02578,-64.10327529689457
0.025785000000000002,-64.09556037079669
0.02579,-64.08784850245523
0.025795000000000002,-64.09960075091189
0.025800000000000003,-64.09196521424738
0.025805,-64.10993264612978
0.025810000000000003,-64.10229486949773
0.025815,-64.11996699454158
0.025820000000000003,-64.11232682964484
0.025825,-64.11090184393169
0.025830000000000002,-64.12244405799171
0.025835000000000004,-64.11480408165933
0.025840000000000002,-64.11345755491725
0.025845000000000003,-64.12523312078696
0.02585,-64.11759349984641
0.025855000000000003,-64.13559303820304
0.02586,-64.1279512549862
0.025865000000000003,-64.12660684857461
0.02587,-64.1188917822117
0.025875000000000002,-64.11117966919545
0.025880000000000004,-64.1238735016681
0.025885000000000002,-64.13626682122442
0.025890000000000003,-64.15465904106536
0.025895,-64.17214839095259
0.025900000000000003,-64.18873475687971
0.025905,-64.18696823264116
0.025910000000000002,-64.18520215306468
0.025915,-64.17747214807575
0.025920000000000002,-64.18814885420971
0.025925000000000004,-64.1804962490343
0.02593,-64.17885293979494
0.025935000000000003,-64.1897664977068
0.02594,-64.18211494859105
0.025945000000000003,-64.18055123600504
0.02595,-64.17282674826482
0.025955000000000002,-64.18443191934743
0.02596,-64.1767840146915
0.025965000000000002,-64.19455891496294
0.025970000000000003,-64.18690897442342
0.025975,-64.204387833847
0.025980000000000003,-64.19673568426498
0.025985,-64.19525333402584
0.025990000000000003,-64.20664729435954
0.025995,-64.19899556330253
0.026000000000000002,-64.2164904682329
0.026005000000000004,-64.22736217568963
0.026010000000000002,-64.22576559562286
0.026015000000000003,-64.2421753085773
0.02602,-64.25214752379172
0.026025000000000003,-64.26731790325555
0.02603,-64.28158430953177
0.026035000000000003,-64.27922446779137
0.02604,-64.27686533210277
0.026045000000000002,-64.2691181486687
0.026050000000000004,-64.26137447932035
0.026055000000000002,-64.27077784436784
0.026060000000000003,-64.26311244950094
0.026065,-64.27796262737303
0.026070000000000003,-64.27029616985732
0.026075,-64.26814619212433
0.026080000000000002,-64.27757420445442
0.026085,-64.26990913131236
0.026090000000000002,-64.2678412344169
0.026095000000000004,-64.27751107637151
0.0261,-64.26984749511243
0.026105000000000003,-64.2850514995787
0.02611,-64.29420365216679
0.026115000000000003,-64.29202610970809
0.02612,-64.30614897542692
0.026125000000000002,-64.29847823027296
0.02613,-64.29611499871974
0.026135000000000002,-64.28837071438245
0.026140000000000004,-64.29763154115633
0.026145,-64.2899653989286
0.026150000000000003,-64.30462579235147
0.026155,-64.31336993956431
0.026160000000000003,-64.3110546539028
0.026165,-64.30873989788923
0.026170000000000002,-64.30099434419314
0.026175000000000004,-64.29325209100207
0.026180000000000002,-64.28551304454614
0.026185000000000003,-64.27777711472848
0.02619,-64.28822663658217
0.026195000000000003,-64.28056774767623
0.0262,-64.29680735636894
0.026205000000000003,-64.28914651956474
0.02621,-64.30509235890062
0.026215000000000002,-64.29742941340282
0.026220000000000004,-64.29555559646238
0.026225000000000002,-64.28781898456705
0.026230000000000003,-64.28008538234182
0.026235,-64.29124628076488
0.026240000000000003,-64.2835891842991
0.026245,-64.28210378443086
0.026250000000000002,-64.27437331696915
0.026255,-64.26664567990184
0.026260000000000002,-64.25892079788078
0.026265000000000004,-64.2511985985084
0.02627,-64.24347901222217
0.026275000000000003,-64.25713920820671
0.02628,-64.2704971326767
0.026285000000000003,-64.29017716477031
0.02629,-64.28918456110029
0.026295000000000002,-64.28819192110414
0.0263,-64.28046206505111
0.026305000000000002,-64.27273498613718
0.026310000000000004,-64.26501061110729
0.026315,-64.25728886957495
0.026320000000000003,-64.27162051593511
0.026325,-64.26397308433864
0.026330000000000003,-64.26355077858534
0.026335,-64.27810068536878
0.026340000000000002,-64.27045190632573
0.026345000000000004,-64.27010148147417
0.026350000000000002,-64.28486855981069
0.026355000000000003,-64.27721845606852
0.02636,-64.27693956115515
0.026365000000000003,-64.26921666287362
0.02637,-64.26149631938274
0.026375000000000003,-64.27737265140284
0.02638,-64.26972574074539
0.026385000000000002,-64.26981864673759
0.026390000000000004,-64.28590583657025
0.026395000000000002,-64.27825714810075
0.026400000000000003,-64.30199455872122
0.026405,-64.31754218846446
0.026410000000000003,-64.3401441440012
0.026415,-64.36184005994816
0.026420000000000003,-64.36134122012619
0.026425,-64.36084242718199
0.026430000000000002,-64.35309941021485
0.026435000000000004,-64.36757641980441
0.02644,-64.35990838370672
0.026445000000000003,-64.359521138322
0.02645,-64.3517808490893
0.026455000000000003,-64.3669224086683
0.02646,-64.35925659011683
0.026465000000000002,-64.38174067709339
0.02647,-64.39634455817729
0.026475000000000002,-64.39598240286828
0.026480000000000004,-64.39562027492813
0.026485,-64.41006382920327
0.026490000000000003,-64.40238887645094
0.026495,-64.4239468310805
0.026500000000000003,-64.41626933189852
0.026505,-64.43751886476744
0.026510000000000002,-64.42983865557835
0.026515000000000004,-64.45078031785775
0.026520000000000002,-64.44309752231035
0.026525000000000003,-64.44245725864488
0.02653,-64.43470208334898
0.026535000000000003,-64.44911865417818
0.02654,-64.46323094682428
0.026545000000000003,-64.46269775678451
0.02655,-64.46216469675244
0.026555000000000002,-64.45440699298929
0.026560000000000004,-64.46880986803409
0.026565000000000002,-64.46112736972009
0.026570000000000003,-64.46070576890651
0.026575,-64.45295118306062
0.026580000000000003,-64.46801807389593
0.026585,-64.46033815519505
0.026590000000000003,-64.48272643618661
0.026595,-64.47504369809859
0.026600000000000002,-64.47476482241433
0.026605000000000004,-64.46700974513195
0.02661,-64.48250286269753
0.026615000000000003,-64.47482215929688
0.02662,-64.47476500940346
0.026625000000000003,-64.46701227361466
0.02663,-64.48316151680848
0.026635000000000002,-64.49900476158855
0.02664,-64.49904939781281
0.026645000000000002,-64.49909393489742
0.026650000000000004,-64.49133700119309
0.026655,-64.50745913022641
0.026660000000000003,-64.52327511245366
0.026665,-64.54624355608475
0.026670000000000003,-64.56830305137375
0.026675,-64.56787256950706
0.026680000000000002,-64.56744226752284
0.026685000000000004,-64.55966996448727
0.026690000000000002,-64.55190079794014
0.026695000000000003,-64.56708535984868
0.0267,-64.55939100755762
0.026705000000000003,-64.58193955539541
0.02671,-64.57424256936415
0.026715000000000003,-64.5964780702499
0.02672,-64.58877828304541
0.026725000000000002,-64.61070128575452
0.026730000000000004,-64.6248743457955
0.026735000000000002,-64.6456572959476
0.026740000000000003,-64.64489755197901
0.026745,-64.64413814709414
0.026750000000000003,-64.63635275985934
0.026755,-64.65013396448167
0.026760000000000003,-64.66361001914511
0.026765,-64.66284512931833
0.026770000000000002,-64.682735298167
0.026775000000000004,-64.67501888907539
0.02678,-64.6740620077038
0.026785000000000003,-64.68714834674577
0.02679,-64.69992987011207
0.026795000000000003,-64.71886121170205
0.0268,-64.71762913088445
0.026805000000000002,-64.71639755347354
0.02681,-64.70859997003224
0.026815000000000002,-64.70080582048391
0.026820000000000004,-64.69301500606123
0.026825,-64.68522743186577
0.026830000000000003,-64.69898071264278
0.026835,-64.69126881081075
0.026840000000000003,-64.69061088832757
0.026845,-64.70458084329604
0.026850000000000002,-64.69686920036777
0.026855000000000004,-64.7178057625674
0.026860000000000002,-64.71009176807803
0.026865000000000003,-64.70942633701208
0.02687,-64.70163991878626
0.026875000000000003,-64.69385652683181
0.02688,-64.70870648018312
0.026885000000000003,-64.70099784416608
0.02689,-64.72310418892792
0.026895000000000002,-64.71539275948292
0.026900000000000004,-64.71502148063402
0.026905000000000002,-64.72984707048421
0.026910000000000003,-64.72213509945298
0.026915,-64.7218343777728
0.026920000000000003,-64.7368711387944
0.026925,-64.7516010703075
0.026930000000000003,-64.75125206277393
0.026935,-64.75090309608876
0.026940000000000002,-64.74311290073899
0.026945000000000004,-64.73532568542522
0.02695,-64.72754136919849
0.026955000000000003,-64.74344661441211
0.02696,-64.73573631608674
0.026965000000000003,-64.75924690271542
0.02697,-64.77460525808183
0.026975000000000002,-64.77446473148434
0.02698,-64.7968605264633
0.026985000000000002,-64.78913812460564
0.026990000000000004,-64.78880242067137
0.026995,-64.78100781997634
0.027000000000000003,-64.79640778104532
0.027005,-64.81150018254975
0.027010000000000003,-64.81126691861655
0.027015,-64.83331055188162
0.027020000000000002,-64.82558216541246
0.027025000000000004,-64.84719663444052
0.027030000000000002,-64.83946562461887
0.027035000000000003,-64.83895669526736
0.02704,-64.85340883446267
0.027045000000000003,-64.86755382287029
0.02705,-64.88830690502043
0.027055000000000003,-64.90814661297749
0.02706,-64.90712542863004
0.027065000000000002,-64.90610467550368
0.027070000000000004,-64.89828585198156
0.027075000000000002,-64.89047040804897
0.027080000000000003,-64.90398728894517
0.027085,-64.89624787014425
0.027090000000000003,-64.91658856233147
0.027095,-64.92956388852944
0.027100000000000003,-64.92861023481042
0.027105,-64.9276569260409
0.027110000000000002,-64.94047119025436
0.027115000000000004,-64.93272544186806
0.027120000000000002,-64.95213296439258
0.027125000000000003,-64.94438554255625
0.02713,-64.94331269260508
0.027135000000000003,-64.93549290903012
0.02714,-64.94874487289498
0.027145000000000002,-64.94100115819423
0.02715,-64.94015471765253
0.027155000000000002,-64.95362305183801
0.027160000000000004,-64.9458799057322
0.027165,-64.94510591028882
0.027170000000000003,-64.9587895083949
0.027175,-64.97216587493108
0.027180000000000003,-64.99189691279807
0.027185,-64.99084349150517
0.027190000000000002,-64.98979040205433
0.027195000000000004,-64.98196481360134
0.027200000000000002,-64.97414247856895
0.027205000000000003,-64.98757536050162
0.02721,-64.97982884912874
0.027215000000000003,-64.97904071854799
0.02722,-64.97122201328152
0.027225000000000003,-64.985319970553
0.02723,-64.97757652466129
0.027235000000000002,-64.97701200966067
0.027240000000000004,-64.96919634865566
0.027245000000000002,-64.9613836094845
0.027250000000000003,-64.97658940031431
0.027255,-64.96885103209868
0.027260000000000003,-64.96865901686509
0.027265,-64.9840714080405
0.027270000000000003,-64.97633225922024
0.027275,-64.9762085808481
0.027280000000000002,-64.96839728178527
0.027285000000000004,-64.98446071574205
0.027290000000000002,-64.97672320750728
0.027295000000000003,-64.97681756849622
0.0273,-64.99308341285835
0.027305000000000003,-65.00903957778718
0.02731,-65.03220901388684
0.027315000000000002,-65.0320175651468
0.02732,-65.0318261041917
0.027325000000000002,-65.02400330247164
0.027330000000000004,-65.01618344601272
0.027335,-65.03217204212552
0.027340000000000003,-65.0244262250652
0.027345,-65.04805615647867
0.027350000000000003,-65.04030720990785
0.027355,-65.06361491314658
0.027360000000000002,-65.07880891210105
0.027365000000000004,-65.07858768603738
0.027370000000000002,-65.07836650709312
0.027375000000000003,-65.07053633645322
0.02738,-65.06270918276968
0.027385000000000003,-65.0548849638295
0.02739,-65.04706360063949
0.027395000000000003,-65.06386655216842
0.0274,-65.0561186744443
0.027405000000000002,-65.08083244735032
0.027410000000000004,-65.07308115281735
0.027415000000000002,-65.09746961939877
0.027420000000000003,-65.08971481313178
0.027425,-65.11377852100354
0.027430000000000003,-65.12953690447746
0.027435,-65.15244780384033
0.027440000000000003,-65.17444136114445
0.027445,-65.17393696708945
0.027450000000000002,-65.17343283216061
0.027455000000000004,-65.18764230660997
0.027460000000000002,-65.17986744119014
0.027465000000000003,-65.17931927722096
0.02747,-65.19373805017558
0.027475000000000003,-65.1859638571335
0.02748,-65.18548583632968
0.027485000000000002,-65.20011281520831
0.02749,-65.19233909684017
0.027495000000000002,-65.19193073095256
0.027500000000000004,-65.20676482948774
0.027505,-65.19899140678939
0.027510000000000003,-65.19865222123153
0.027515,-65.21369235898773
0.027520000000000003,-65.22842231166881
0.027525,-65.22803258777834
0.027530000000000002,-65.22764301245584
0.027535000000000004,-65.2197923008025
0.027540000000000002,-65.21194471449716
0.027545000000000004,-65.2041001671597
0.02755,-65.1962585757931
0.027555000000000003,-65.21260173841343
0.02756,-65.22863361102193
0.027565000000000003,-65.25191173029418
0.02757,-65.25172546700577
0.027575000000000002,-65.2515392624848
0.027580000000000004,-65.24368780452834
0.027585000000000002,-65.2358393888975
0.027590000000000003,-65.22799393248167
0.027595,-65.22015135542505
0.027600000000000003,-65.2123115809992
0.027605,-65.20447453548037
0.027610000000000003,-65.22230454063548
0.027615,-65.21454024593987
0.027620000000000002,-65.24062413827987
0.027625000000000004,-65.23285603240598
0.027630000000000002,-65.2586090579283
0.027635000000000003,-65.25083707804154
0.02764,-65.25133072841142
0.027645000000000003,-65.26885555380798
0.02765,-65.26108213153415
0.027655000000000002,-65.26163947952756
0.02766,-65.25379455822086
0.027665000000000002,-65.2719524810933
0.027670000000000004,-65.26418030242299
0.027675,-65.26494944342429
0.027680000000000003,-65.25710582686018
0.027685,-65.2758923320081
0.027690000000000003,-65.29436501126666
0.027695,-65.3208985584481
0.027700000000000002,-65.32152301899742
0.027705000000000004,-65.32214731379916
0.027710000000000002,-65.31429159117378
0.027715000000000004,-65.3064387461846
0.02772,-65.32491450076002
0.027725000000000003,-65.34307634907371
0.02773,-65.3438263604723
0.027735000000000003,-65.3445761738885
0.02774,-65.36254992148375
0.027745000000000002,-65.38020992640514
0.027750000000000004,-65.40566449373468
0.027755000000000002,-65.4060072901812
0.027760000000000003,-65.43056405536106
0.027765,-65.42276145669994
0.027770000000000003,-65.42290447940991
0.027775,-65.43944101204971
0.027780000000000003,-65.43163823901774
0.027785,-65.43184681034944
0.027790000000000002,-65.44857882658289
0.027795000000000004,-65.44077602995135
0.027800000000000002,-65.44104968802826
0.027805000000000003,-65.43317577854003
0.02781,-65.42530490499324
0.027815000000000003,-65.44311525954767
0.02782,-65.46061144526526
0.027825000000000003,-65.48585014977296
0.02783,-65.48613137390657
0.027835000000000002,-65.4864126467504
0.027840000000000004,-65.47853161800167
0.027845,-65.47065369272843
0.027850000000000003,-65.4627787855557
0.027855,-65.48072394824379
0.027860000000000003,-65.47292225174206
0.027865,-65.4736007725967
0.027870000000000002,-65.46572793835071
0.027875000000000004,-65.48430099036275
0.027880000000000002,-65.47650088470573
0.027885000000000004,-65.50358239709892
0.02789,-65.52158660540738
0.027895000000000003,-65.52226806730766
0.0279,-65.52294940710954
0.027905000000000003,-65.54076341424816
0.02791,-65.55826256205211
0.027915000000000002,-65.55877107734901
0.027920000000000004,-65.58403887726233
0.027925000000000002,-65.57621887628869
0.027930000000000003,-65.5765261817835
0.027935,-65.59358679345445
0.027940000000000003,-65.5857664125935
0.027945,-65.61084111994482
0.027950000000000003,-65.62733615209238
0.027955,-65.62750152004102
0.027960000000000002,-65.62766702341966
0.027965000000000004,-65.61976669501293
0.027970000000000002,-65.6118695671645
0.027975000000000003,-65.60397555077132
0.02798,-65.62161367371473
0.027985000000000003,-65.63893652029488
0.02799,-65.63937984850351
0.027995000000000003,-65.66441487474222
0.028,-65.65658541546853
0.028005000000000002,-65.65682727057104
0.028010000000000004,-65.67371071699874
0.028015,-65.69027916553415
0.028020000000000003,-65.69046477694992
0.028025,-65.69065048836076
0.028030000000000003,-65.68274365379494
0.028035,-65.67483998038885
0.028040000000000002,-65.69210841948107
0.028045000000000004,-65.68427852409114
0.028050000000000002,-65.68471255562287
0.028055000000000004,-65.67681156022049
0.02806,-65.69471035815215
0.028065000000000003,-65.71229314399764
0.02807,-65.737655077376
0.028075000000000003,-65.76209120913639
0.02808,-65.78560133225523
0.028085000000000002,-65.78541839227258
0.028090000000000004,-65.78523573477477
0.028095000000000002,-65.80054799513626
0.028100000000000003,-65.79269729010137
0.028105,-65.79246560525696
0.028110000000000003,-65.7845438381122
0.028115,-65.77662534266389
0.028120000000000003,-65.76871002711067
0.028125,-65.78555355266113
0.028130000000000002,-65.77771224285026
0.028135000000000004,-65.80250275318079
0.028140000000000002,-65.79465857489173
0.028145000000000003,-65.81911339336274
0.02815,-65.83513623854678
0.028155000000000003,-65.83512788884774
0.02816,-65.83511967377373
0.028165000000000003,-65.85095606913376
0.02817,-65.84310304527685
0.028175000000000002,-65.86655670033855
0.028180000000000004,-65.88182708452874
0.028185,-65.88156238684702
0.028190000000000003,-65.881297930267
0.028195,-65.87336534634892
0.028200000000000003,-65.88889831673562
0.028205,-65.90411593363037
0.028210000000000002,-65.92633213989204
0.028215000000000004,-65.92581244239466
0.028220000000000002,-65.92529308236769
0.028225000000000004,-65.91735307188378
0.02823,-65.93214061068782
0.028235000000000003,-65.94661312983894
0.02824,-65.94607657324994
0.028245000000000003,-65.94554032225179
0.02825,-65.93759895739511
0.028255000000000002,-65.929660918172
0.028260000000000004,-65.9448478315191
0.028265000000000002,-65.93698483828538
0.028270000000000003,-65.93670276494295
0.028275,-65.95208602711178
0.028280000000000003,-65.96715362215761
0.028285,-65.9668164802026
0.028290000000000003,-65.96647950044546
0.028295,-65.98136293597175
0.028300000000000002,-65.97349488787303
0.028305000000000004,-65.97310827016153
0.028310000000000002,-65.98818910955622
0.028315000000000003,-65.98032139536186
0.02832,-65.98000074154119
0.028325000000000003,-65.9952779469353
0.02833,-66.01023927304539
0.028335000000000003,-66.03211598598256
0.02834,-66.03150357204662
0.028345000000000002,-66.03089143315006
0.028350000000000004,-66.02294106960746
0.028355,-66.01499398564701
0.028360000000000003,-66.0299719015988
0.028365,-66.02209986976338
0.028370000000000003,-66.0217419456989
0.028375,-66.03691624139766
0.028380000000000002,-66.05177445402232
0.028385000000000004,-66.05136128943307
0.028390000000000002,-66.05094826839003
0.028395000000000004,-66.0429989624876
0.0284,-66.03505280020597
0.028405000000000003,-66.05062029085303
0.02841,-66.04274864786211
0.028415000000000003,-66.06584822240974
0.02842,-66.05797382052886
0.028425000000000002,-66.05772630453208
0.028430000000000004,-66.04977995130882
0.028435000000000002,-66.06573463685488
0.028440000000000003,-66.05786249924599
0.028445,-66.0814772256622
0.028450000000000003,-66.09686156386603
0.028455,-66.11930374333969
0.028460000000000003,-66.14081524703653
0.028465,-66.16139590916212
0.028470000000000002,-66.16044492931324
0.028475000000000004,-66.15949437144232
0.028480000000000002,-66.15152511641114
0.028485000000000003,-66.14355928169003
0.02849,-66.1575668104455
0.028495000000000003,-66.14967673694483
0.0285,-66.17070565231784
0.028505000000000003,-66.16281355387449
0.02851,-66.18351066378946
0.028515000000000002,-66.17561631351772
0.028520000000000004,-66.19598223742791
0.028525000000000002,-66.1880857341663
0.028530000000000003,-66.20812109488395
0.028535,-66.20022253290048
0.028540000000000003,-66.21992795656699
0.028545,-66.21202742590073
0.028550000000000002,-66.23140354195782
0.028555000000000004,-66.22350112873427
0.028560000000000002,-66.2425485698961
0.028565000000000004,-66.23464435661879
0.02857,-66.23336176798442
0.028575000000000003,-66.24583769648102
0.02858,-66.23793454880163
0.028585000000000003,-66.25692890773
0.02859,-66.26884309937465
0.028595000000000002,-66.26742599130681
0.028600000000000004,-66.26600935808723
0.028605000000000002,-66.25802732126326
0.028610000000000003,-66.27021981661713
0.028615,-66.26231458596102
0.028620000000000003,-66.2610059349106
0.028625,-66.25302862206783
0.028630000000000003,-66.24505457102475
0.028635,-66.23708369062552
0.028640000000000002,-66.25083778886794
0.028645000000000004,-66.2429423184395
0.028650000000000002,-66.24216040009637
0.028655000000000003,-66.25611418287484
0.02866,-66.24821871580953
0.028665000000000003,-66.26917660226873
0.02867,-66.28256334789332
0.028675000000000003,-66.28164149365176
0.02868,-66.28071981411895
0.028685000000000002,-66.27274377482624
0.028690000000000004,-66.28639900051333
0.028695000000000002,-66.27849848393308
0.028700000000000003,-66.27768023976432
0.028705,-66.2915352499928
0.028710000000000003,-66.2836348442585
0.028715,-66.30446254763874
0.028720000000000002,-66.31775023903059
0.028725000000000004,-66.316792110729
0.028730000000000002,-66.31583417986135
0.028735000000000004,-66.30785333277383
0.02874,-66.29987562905899
0.028745000000000003,-66.291900982236
0.02875,-66.30635601693055
0.028755000000000003,-66.29845623278325
0.02876,-66.32008188288036
0.028765000000000002,-66.31217933308814
0.028770000000000004,-66.31154179948496
0.028775000000000002,-66.30356681876766
0.028780000000000003,-66.31841388800005
0.028785,-66.33294318143975
0.028790000000000003,-66.33240091478727
0.028795,-66.35373257932548
0.028800000000000003,-66.34582373777023
0.028805,-66.36670389154531
0.028810000000000002,-66.3587923759797
0.028815000000000004,-66.3793383285257
0.028820000000000002,-66.37142426886867
0.028825000000000003,-66.37050832460282
0.02883,-66.3840982066392
0.028835000000000003,-66.37618429587337
0.02884,-66.39666268310134
0.028845000000000003,-66.40968454682523
0.02885,-66.42898712119602
0.028855000000000002,-66.42769388069739
0.028860000000000004,-66.42640103163023
0.028865000000000002,-66.4385410657446
0.028870000000000003,-66.43061538845635
0.028875,-66.44916802491969
0.028880000000000003,-66.44124081108438
0.028885,-66.43981687976166
0.028890000000000002,-66.45191524510555
0.028895000000000004,-66.46369724512499
0.028900000000000002,-66.46222180066303
0.028905000000000004,-66.46074677787723
0.02891,-66.45274326725144
0.028915000000000003,-66.46480183669145
0.02892,-66.4568750470006
0.028925000000000003,-66.45550706951539
0.02893,-66.46777115751154
0.028935000000000002,-66.45984533530128
0.028940000000000004,-66.45854644513345
0.028945000000000002,-66.45054833671092
0.028950000000000004,-66.44255338194107
0.028955,-66.43456149401888
0.028960000000000003,-66.42657258953905
0.028965,-66.41858658836266
0.028970000000000003,-66.43330640043625
0.028975,-66.44770774079512
0.028980000000000002,-66.44711515412769
0.028985000000000004,-66.4465225143768
0.028990000000000002,-66.43853263128267
0.028995000000000003,-66.45319366213528
0.029,-66.44527836105696
0.029005000000000003,-66.46718149194041
0.02901,-66.45926321791066
0.029015000000000003,-66.45868291267618
0.02902,-66.4506921396101
0.029025000000000002,-66.46573996579141
0.029030000000000004,-66.48046881045249
0.029035000000000002,-66.47998225076753
0.029040000000000003,-66.50158277976094
0.029045,-66.49365763964975
0.029050000000000003,-66.51480366571354
0.029055,-66.5283216963134
0.029060000000000002,-66.52742354484296
0.029065000000000004,-66.54741479141403
0.029070000000000002,-66.55997781601896
0.029075000000000004,-66.57867373245999
0.02908,-66.57721387630099
0.029085000000000003,-66.59500052601491
0.02909,-66.58705279736785
0.029095000000000003,-66.60439271172261
0.0291,-66.61505337019985
0.029105000000000002,-66.63121642213629
0.029110000000000004,-66.62911375175176
0.029115000000000002,-66.62701180694096
0.029120000000000004,-66.61898093096697
0.029125,-66.62922358018916
0.029130000000000003,-66.62127084504314
0.029135,-66.61928034200099
0.029140000000000003,-66.62973546812314
0.029145,-66.6217847504194
0.029150000000000002,-66.63810160224497
0.029155000000000004,-66.6301498205374
0.029160000000000002,-66.6281484243673
0.029165000000000003,-66.6385699850273
0.02917,-66.64867530519527
0.029175000000000003,-66.64662456835863
0.02918,-66.66207777339488
0.029185000000000003,-66.65412187039213
0.02919,-66.66913295364483
0.029195000000000002,-66.66117592894437
0.029200000000000004,-66.65884425707328
0.029205000000000002,-66.65081427322148
0.029210000000000003,-66.660718996717
0.029215,-66.65276695536033
0.029220000000000003,-66.66835146933218
0.029225,-66.67769566824612
0.029230000000000003,-66.69210387431612
0.029235000000000004,-66.70557460865456
0.029240000000000002,-66.70279219161092
0.029245000000000004,-66.7000105763005
0.02925,-66.70778090379476
0.029255000000000003,-66.69981705637673
0.02926,-66.69699497523082
0.029265000000000003,-66.70498866451226
0.02927,-66.69702749730845
0.029275000000000002,-66.71007182079242
0.029280000000000004,-66.7021101460695
0.029285000000000002,-66.71483433939254
0.029290000000000004,-66.70687184965551
0.029295,-66.70396443984043
0.029300000000000003,-66.71170158390548
0.029305,-66.70374124342402
0.029310000000000003,-66.71644381945603
0.029315,-66.70848288501297
0.029320000000000002,-66.72086607084123
0.029325000000000004,-66.71290425219424
0.029330000000000002,-66.70991205334795
0.029335000000000003,-66.71739482662724
0.02934,-66.70943505531616
0.029345000000000003,-66.70651956510247
0.02935,-66.71422682268563
0.029355000000000003,-66.72161963647731
0.02936,-66.73342697964117
0.029365000000000002,-66.73022882028438
0.029370000000000004,-66.72703140808238
0.029375000000000002,-66.71899180730881
0.029380000000000003,-66.710955737024
0.029385,-66.70292309578915
0.029390000000000003,-66.71084512522506
0.029395,-66.70289109236468
0.029400000000000003,-66.70012562006974
0.029405000000000004,-66.69209797141677
0.029410000000000002,-66.68407350835801
0.029415000000000004,-66.69314099138901
0.02942,-66.68519414483372
0.029425000000000003,-66.69966231712392
0.02943,-66.69171372396602
0.029435000000000003,-66.68925216266166
0.02944,-66.69829422944322
0.029445000000000002,-66.69034623537485
0.029450000000000004,-66.6879579513706
0.029455000000000002,-66.69721709077125
0.029460000000000004,-66.6892698782073
0.029465,-66.68695444681678
0.029470000000000003,-66.69642962682605
0.029475,-66.68848308097951
0.029480000000000003,-66.70349357402038
0.029485,-66.7124088123941
0.029490000000000002,-66.72624293008573
0.029495000000000004,-66.72355758286002
0.029500000000000002,-66.72087270532006
0.029505000000000003,-66.72891601899707
0.02951,-66.73664449982289
0.029515000000000003,-66.73379648712731
0.02952,-66.73094901402777
0.029525000000000003,-66.72291428399564
0.02953,-66.73094091404288
0.029535000000000002,-66.72298471871225
0.029540000000000004,-66.73607072468121
0.029545000000000002,-66.74354174908078
0.029550000000000003,-66.74060705930613
0.029555,-66.73767292692766
0.029560000000000003,-66.74497930308824
0.029565,-66.73701916753576
0.029570000000000003,-66.73404445505878
0.029575000000000004,-66.72601068101923
0.029580000000000002,-66.71798017484537
0.029585000000000004,-66.72643739068667
0.02959,-66.71848493942267
0.029595000000000003,-66.7321426093203
0.0296,-66.72418865146784
0.029605000000000003,-66.73752442384817
0.02961,-66.74518299322021
0.029615000000000002,-66.75734344193638
0.029620000000000004,-66.76856583465586
0.029625000000000002,-66.76521906174337
0.029630000000000004,-66.7618730204905
0.029635,-66.7538302689564
0.029640000000000003,-66.74579100876689
0.029645,-66.7528131421037
0.029650000000000003,-66.74485302788467
0.029655,-66.75660354160355
0.029660000000000002,-66.74864254302132
0.029665000000000004,-66.74549257552705
0.029670000000000002,-66.7374574301895
0.029675000000000003,-66.72942555329499
0.02968,-66.7373642160476
0.029685000000000003,-66.72941063946439
0.02969,-66.72665080691272
0.029695000000000003,-66.7348113601446
0.0297,-66.7268588769486
0.029705000000000002,-66.72417370602949
0.029710000000000004,-66.71614733644289
0.029715000000000002,-66.72499024415126
0.029720000000000003,-66.71704144926267
0.029725,-66.71458609186348
0.029730000000000003,-66.72364666227857
0.029735,-66.73239157110557
0.029740000000000003,-66.74599854831081
0.029745000000000004,-66.75866742107264
0.029750000000000002,-66.75568733208344
0.029755000000000004,-66.7527077664214
0.02976,-66.74467142095553
0.029765000000000003,-66.73663835721526
0.02977,-66.74473741296119
0.029775000000000003,-66.73678259767651
0.02978,-66.7499642799742
0.029785000000000002,-66.74200803596734
0.029790000000000004,-66.75486871935746
0.029795000000000002,-66.762170698027
0.029800000000000004,-66.75917920785083
0.029805,-66.77090000378088
0.029810000000000003,-66.77725864894032
0.029815,-66.7739488917203
0.029820000000000003,-66.7706398015962
0.029825,-66.776837899515
0.029830000000000002,-66.7688722763831
0.029835000000000004,-66.77952795174038
0.029840000000000002,-66.77156180505763
0.029845000000000003,-66.78190215347813
0.02985,-66.78731357624356
0.029855000000000003,-66.7836856933121
0.02986,-66.78005858194744
0.029865000000000003,-66.78531322798045
0.02987,-66.79025503147403
0.029875000000000002,-66.79879685467165
0.029880000000000004,-66.79477431667088
0.029885000000000002,-66.79075270456967
0.029890000000000003,-66.78270274910477
0.029895,-66.78725979224491
0.029900000000000003,-66.7792906264909
0.029905,-66.7753935334801
0.029910000000000003,-66.78018816878016
0.029915000000000004,-66.77222182258303
0.029920000000000002,-66.78101027948199
0.029925000000000004,-66.77304368734563
0.029930000000000002,-66.76914928321852
0.029935000000000003,-66.77394776262749
0.02994,-66.76598346570292
0.029945000000000003,-66.76216995682869
0.02995,-66.75413134030133
0.029955000000000002,-66.75963548496489
0.029960000000000004,-66.75167660919567
0.029965000000000002,-66.74810178615287
0.029970000000000004,-66.75383916492059
0.029975,-66.74588214247821
0.029980000000000003,-66.75592206470981
0.029985,-66.74796412733556
0.029990000000000003,-66.74438881478882
0.029995,-66.75012356282653
0.030000000000000002,-66.7555453102197
0.030005000000000004,-66.75192790436762
0.030010000000000002,-66.74831107250628
0.030015000000000003,-66.7402759510269
0.03002,-66.74601005851038
0.030025000000000003,-66.73805442998018
0.03003,-66.73455836734323
0.030035000000000003,-66.72652828020006
0.03004,-66.71850131444329
0.030045000000000002,-66.71047738467797
0.030050000000000004,-66.71784154051664
0.030055000000000002,-66.70989575327123
0.030060000000000003,-66.72209676611938
0.030065,-66.72890755825263
0.030070000000000003,-66.72575884037765
0.030075,-66.72261048351638
0.030080000000000003,-66.71458353145461
0.030085000000000004,-66.72169776682043
0.030090000000000002,-66.7284980223431
0.030095000000000004,-66.72534548585051
0.030100000000000002,-66.73639577113589
0.030105000000000003,-66.72844142913782
0.03011,-66.73905915419799
0.030115000000000003,-66.73110347858521
0.03012,-66.7414065539154
0.030125000000000002,-66.7467930062385
0.030130000000000004,-66.75592389879938
0.030135000000000002,-66.75205665646024
0.030140000000000004,-66.74819015979848
0.030145,-66.74015049065255
0.030150000000000003,-66.7321142566899
0.030155,-66.7375827351022
0.030160000000000003,-66.74273852798717
0.030165,-66.75156204295111
0.030170000000000002,-66.74761851819999
0.030175000000000004,-66.74367574200596
0.030180000000000002,-66.73563679955872
0.030185000000000003,-66.74040729647422
0.03019,-66.73244863641835
0.030195000000000003,-66.74120281827699
0.0302,-66.73324368021885
0.030205000000000003,-66.74168767813555
0.03021,-66.73372781876964
0.030215000000000002,-66.72975236335637
0.030220000000000004,-66.73429597597065
0.030225000000000002,-66.73852771761734
0.030230000000000003,-66.73451269243228
0.030235,-66.73049838803696
0.030240000000000003,-66.73457906592235
0.030245,-66.73834826670927
0.030250000000000003,-66.7453236451381
0.030255000000000004,-66.75136187182771
0.030260000000000002,-66.75646299636617
0.030265000000000004,-66.75158203137897
0.030270000000000002,-66.74670218073501
0.030275000000000003,-66.73865462327551
0.03028,-66.73061081999286
0.030285000000000003,-66.72257066068155
0.03029,-66.72551686952606
0.030295000000000002,-66.71755806948542
0.030300000000000004,-66.72388514673406
0.030305000000000002,-66.71592635198621
0.030310000000000004,-66.72194935163323
0.030315,-66.71399029140017
0.030320000000000003,-66.70941045343594
0.030325,-66.71214800960342
0.030330000000000003,-66.70419158688291
0.030335,-66.71024038228899
0.030340000000000002,-66.70228393950889
0.030345000000000004,-66.70802952431399
0.030350000000000002,-66.7000727985919
0.030355000000000004,-66.70551593546101
0.03036,-66.6975590090258
0.030365000000000003,-66.70270046317023
0.03037,-66.69474341464701
0.030375000000000003,-66.69958395379734
0.03038,-66.7008787123216
0.030385000000000002,-66.70455372198647
0.030390000000000004,-66.69932285541647
0.030395000000000002,-66.6940930722046
0.030400000000000003,-66.68605408533584
0.030405,-66.68698974781695
0.030410000000000003,-66.67903331828579
0.030415,-66.67393758515881
0.030420000000000003,-66.67512905037238
0.030425000000000004,-66.6671760481075
0.030430000000000002,-66.66216778800414
0.030435000000000004,-66.66361392378599
0.030440000000000002,-66.65566407417911
0.030445000000000003,-66.65999289117319
0.03045,-66.65204319210875
0.030455000000000003,-66.6560736666632
0.03046,-66.65676385139786
0.030465000000000002,-66.65157263278448
0.030470000000000004,-66.65448838198719
0.030475000000000002,-66.64653559809042
0.030480000000000004,-66.64115484164039
0.030485,-66.64148899430043
0.030490000000000003,-66.63353949913143
0.030495,-66.63638892354433
0.030500000000000003,-66.62843996484722
0.030505,-66.63099495029668
0.030510000000000002,-66.63058032581266
0.030515000000000004,-66.63197364711681
0.030520000000000002,-66.62617878657242
0.030525000000000004,-66.6203850870483
0.03053,-66.61235451957587
0.030535000000000003,-66.60432763183688
0.03054,-66.59630431647018
0.030545000000000003,-66.59650719560373
0.03055,-66.58856641528973
0.030555000000000002,-66.58323670361135
0.030560000000000004,-66.58369971711053
0.030565000000000002,-66.57576196181847
0.030570000000000003,-66.57052092545821
0.030575,-66.57124294413308
0.030580000000000003,-66.5633079964652
0.030585,-66.56666935401573
0.030590000000000003,-66.55873437675659
0.030595000000000004,-66.56180105623713
0.030600000000000002,-66.55386583058463
0.030605000000000004,-66.55663861080825
0.030610000000000002,-66.54870323952926
0.030615000000000003,-66.55118290175068
0.03062,-66.54324748236121
0.030625000000000003,-66.53779996494488
0.03063,-66.52978826640093
0.030635000000000003,-66.530370280404
0.030640000000000004,-66.53064525493008
0.030645000000000002,-66.53295295407112
0.030650000000000004,-66.52740091495657
0.030655,-66.52184980485086
0.030660000000000003,-66.51383757541997
0.030665,-66.51376432603665
0.030670000000000003,-66.50583467441908
0.030675,-66.50813681159629
0.030680000000000002,-66.50020740274815
0.030685000000000004,-66.5022182442903
0.030690000000000002,-66.501402024234
0.030695000000000004,-66.49572195636652
0.0307,-66.49662727615484
0.030705000000000003,-66.48869519735668
0.03071,-66.48919641652319
0.030715000000000003,-66.4812648520093
0.030720000000000004,-66.47532600249922
0.030725000000000002,-66.46731797629975
0.030730000000000004,-66.46642886125784
0.030735000000000002,-66.45850390569164
0.030740000000000003,-66.45971948148484
0.030745,-66.45179499468455
0.030750000000000003,-66.44603990460537
0.030755,-66.44520214021328
0.030760000000000003,-66.43728062947964
0.030765000000000004,-66.43856361451621
0.030770000000000002,-66.43720480362167
0.030775000000000004,-66.4313492863122
0.030780000000000002,-66.42549473613818
0.030785000000000003,-66.41749395988671
0.03079,-66.40949660541222
0.030795000000000003,-66.40898040441293
0.0308,-66.40106566181383
0.030805000000000003,-66.3955136371742
0.030810000000000004,-66.39526292733161
0.030815000000000002,-66.39470684211351
0.030820000000000004,-66.38912531588772
0.030825,-66.39037299829344
0.030830000000000003,-66.38245802220487
0.030835,-66.38330246588835
0.030840000000000003,-66.38161719813077
0.030845,-66.37565702913786
0.030850000000000002,-66.36969785243164
0.030855000000000004,-66.36170335296529
0.030860000000000002,-66.36038063431418
0.030865000000000004,-66.35246934910624
0.03087,-66.34665094371894
0.030875000000000003,-66.33866324570897
0.03088,-66.33809350294113
0.030885000000000003,-66.33721905987521
0.030890000000000004,-66.33798755439298
0.030895000000000002,-66.33782542600878
0.030900000000000004,-66.33673280931274
0.030905000000000002,-66.33034497582523
0.030910000000000003,-66.32395831976365
0.030915,-66.31596496524467
0.030920000000000003,-66.31336667637883
0.030925,-66.30545747199031
0.030930000000000003,-66.29921546316574
0.030935000000000004,-66.29689371098206
0.030940000000000002,-66.28898832745034
0.030945000000000004,-66.28284097893615
0.030950000000000002,-66.274859016947
0.030955000000000003,-66.27329799162649
0.03096,-66.2653991985143
0.030965000000000003,-66.2657142393791
0.03097,-66.25781579273674
0.030975000000000003,-66.25185539032486
0.030980000000000004,-66.25035458222486
0.030985000000000002,-66.24245893576365
0.030990000000000004,-66.24285331476135
0.030995,-66.23495797200717
0.031000000000000003,-66.22901975177821
0.031005,-66.22104742467616
0.031010000000000003,-66.21307832143668
0.031015,-66.21260461999947
0.031020000000000002,-66.21182702009057
0.031025000000000004,-66.21271965048015
0.031030000000000002,-66.21268337655768
0.031035000000000004,-66.20657531085084
0.03104,-66.20046821930704
0.031045000000000003,-66.19817823900894
0.03105,-66.1955860123834
0.031055000000000003,-66.18933848360626
0.031060000000000004,-66.18309198421278
0.031065000000000002,-66.17511974705825
0.031070000000000004,-66.16715094626379
0.031075000000000002,-66.1591854837642
0.031080000000000003,-66.15122326533567
0.031085,-66.15045637458093
0.031090000000000003,-66.14257657910154
0.031095,-66.14394330999875
0.031100000000000003,-66.14266020397666
0.031105000000000004,-66.13685730229628
0.031110000000000002,-66.13712956843975
0.031115000000000004,-66.129246401643
0.031120000000000002,-66.12912181713605
0.031125000000000003,-66.12672086679872
0.03113,-66.1205432902167
0.031135000000000003,-66.1143667015392
0.03114,-66.10640378241837
0.031145000000000003,-66.10437355922666
0.031150000000000004,-66.10204152769047
0.031155000000000002,-66.10085990557678
0.031160000000000004,-66.09447403399312
0.031165,-66.08808923866786
0.031170000000000003,-66.08012741530804
0.031175,-66.07216906432862
0.031180000000000003,-66.06421408619833
0.031185,-66.05626238528484
0.031190000000000002,-66.04831386970159
0.031195000000000004,-66.04036845116109
0.031200000000000002,-66.04013875572387
0.031205000000000004,-66.03227524276213
0.03121,-66.02685295438282
0.031215000000000003,-66.02689123787432
0.03122,-66.01902963460432
0.031225000000000003,-66.01369795105656
0.031230000000000004,-66.00575955952631
0.031235000000000002,-65.9978240655064
0.031240000000000004,-65.99908811531233
0.031245000000000002,-65.99123345374147
0.03125,-65.99529578182558
0.031255000000000005,-65.98744004891958
0.03126,-65.98244830320264
0.031265,-65.98375766672913
0.03127,-65.97590308752055
0.031275000000000004,-65.98002590336553
0.03128,-65.98081496742485
0.031285,-65.98378814048391
0.031290000000000005,-65.97845822991101
0.031295,-65.97312901062907
0.0313,-65.97309864290179
0.031305,-65.96523805653226
0.031310000000000004,-65.96758053916717
0.031315,-65.95971984719544
0.03132,-65.96177857468223
0.031325000000000006,-65.95391758504829
0.031330000000000004,-65.94842155878048
0.031335,-65.94048388863236
0.03134,-65.94077855704954
0.031345000000000005,-65.93292286816518
0.03135,-65.93569656644043
0.031355,-65.93547521254443
0.031360000000000006,-65.93004261219164
0.031365000000000004,-65.93172370453712
0.03137,-65.92386429336405
0.031375,-65.91824629623828
0.031380000000000005,-65.91031024018541
0.031385,-65.90237743772546
0.03139,-65.90278661465042
0.031395,-65.89493571775823
0.031400000000000004,-65.89786062681486
0.031405,-65.89775406620728
0.03141,-65.89953228889243
0.031415000000000005,-65.90038582191255
0.031420000000000003,-65.89452743105912
0.031425,-65.88867004114906
0.03143,-65.88073264532456
0.031435000000000005,-65.87279869504752
0.03144,-65.86486809172959
0.031445,-65.86470711004397
0.031450000000000006,-65.85685885842405
0.031455000000000004,-65.85902473560749
0.03146,-65.8583506304826
0.031465,-65.85277223334431
0.031470000000000005,-65.84719467373851
0.031475,-65.84640154752131
0.03148,-65.83855283427171
0.031485000000000006,-65.83987802005686
0.031490000000000004,-65.83857425778564
0.031495,-65.83278587266433
0.0315,-65.83302465849853
0.031505000000000005,-65.82517359133506
0.03151,-65.82502041329407
0.031515,-65.81716984118705
0.03152,-65.81112927873143
0.031525000000000004,-65.80320196128345
0.03153,-65.8018543133011
0.031535,-65.80020639626956
0.031540000000000006,-65.79992808307139
0.031545000000000004,-65.79379513303275
0.03155,-65.78766324957044
0.031555,-65.77973688459734
0.031560000000000005,-65.77777155631614
0.031565,-65.76992885473469
0.03157,-65.76394267952146
0.031575000000000006,-65.76225667503505
0.031580000000000004,-65.75441740763834
0.031585,-65.75455240538464
0.03159,-65.74671365181234
0.031595000000000005,-65.74657322686771
0.0316,-65.73873474552899
0.031605,-65.73270646951384
0.03161,-65.73088730337068
0.031615000000000004,-65.72305192241686
0.03162,-65.72300881051966
0.031625,-65.71517395728631
0.031630000000000005,-65.714856298623
0.031635,-65.7070217324597
0.03164,-65.70095214748211
0.031645,-65.69900210734934
0.031650000000000005,-65.69675303732265
0.031655,-65.69066105314624
0.03166,-65.68963785387758
0.031665000000000006,-65.68649365459572
0.031670000000000004,-65.68421720968307
0.031675,-65.67759286585195
0.03168,-65.67096974612834
0.031685000000000005,-65.6630541544047
0.03169,-65.65514217254992
0.031695,-65.64723369540769
0.031700000000000006,-65.644760878988
0.031705000000000004,-65.6369361584725
0.03171,-65.63079284753961
0.031715,-65.62289126486223
0.031720000000000005,-65.62118742182331
0.031725,-65.6191848874105
0.03173,-65.61318363867358
0.031735,-65.61248544147148
0.031740000000000004,-65.60958863531012
0.031745,-65.6032872762056
0.03175,-65.59698692609295
0.031755000000000005,-65.59398375579708
0.031760000000000004,-65.58616340861819
0.031765,-65.58454151994161
0.03177,-65.58103957571004
0.031775000000000005,-65.57453749980621
0.03178,-65.57184343746336
0.031785,-65.56402224298145
0.031790000000000006,-65.5609474845624
0.031795000000000004,-65.55635718578053
0.0318,-65.54949179756545
0.031805,-65.54262764991192
0.031810000000000005,-65.53472781539544
0.031815,-65.52683157308566
0.03182,-65.51893881844606
0.031825000000000006,-65.51104945103526
0.031830000000000004,-65.50316337434626
0.031835,-65.5009212871918
0.03184,-65.49311847336891
0.031845000000000005,-65.49250438450767
0.03185,-65.48470177039086
0.031855,-65.48381777937217
0.03186,-65.4760151782957
0.031865000000000004,-65.46982825769136
0.03187,-65.46194821757244
0.031875,-65.45407133104517
0.031880000000000006,-65.45268097302905
0.031885000000000004,-65.4448866962719
0.03189,-65.43912437893874
0.031895,-65.43801392825688
0.031900000000000005,-65.43022190751184
0.031905,-65.42455439524029
0.03191,-65.42372267470428
0.031915000000000006,-65.422592906339
0.031920000000000004,-65.4229907844967
0.031925,-65.42247077423833
0.03193,-65.41631573583733
0.031935000000000005,-65.41016162140737
0.03194,-65.40228519760187
0.031945,-65.39441206499743
0.03195,-65.39277163155488
0.031955000000000004,-65.3849814873978
0.03196,-65.379138779356
0.031965,-65.37127166122154
0.031970000000000005,-65.36340761298682
0.031975,-65.3630158816045
0.03198,-65.35523382323979
0.031985,-65.34981257970556
0.031990000000000005,-65.34195356213677
0.031995,-65.33409743261473
0.032,-65.32624411411112
0.032005000000000006,-65.31839353261415
0.032010000000000004,-65.32019588996124
0.032015,-65.31242564672326
0.03202,-65.3077434128168
0.032025000000000005,-65.309811807417
0.03203,-65.3115804737489
0.032035,-65.31583763415146
0.032040000000000006,-65.31089416580444
0.032045000000000004,-65.31428982400541
0.03205,-65.31447344279194
0.032055,-65.31661963825621
0.032060000000000005,-65.31114229557326
0.032065,-65.30566573841026
0.03207,-65.29780381272006
0.032075,-65.28994509668011
0.032080000000000004,-65.29029199874529
0.032085,-65.29034077760656
0.03209,-65.28505160155444
0.032095000000000005,-65.27976312544561
0.032100000000000004,-65.27190635279608
0.032105,-65.26405270822666
0.03211,-65.26494891579117
0.032115000000000005,-65.2571767682437
0.03212,-65.26073096878967
0.032125,-65.25295826732163
0.032130000000000006,-65.25623576687431
0.032135000000000004,-65.25641840557734
0.03214,-65.25117591048885
0.032145,-65.25337733153195
0.032150000000000005,-65.24560022245956
0.032155,-65.24741409877126
0.03216,-65.24649940033508
0.032165000000000006,-65.24088857730275
0.032170000000000004,-65.23527866462436
0.032175,-65.23425472653089
0.03218,-65.23293422825597
0.032185000000000005,-65.22718844692098
0.03219,-65.22144363061169
0.032195,-65.21358707214188
0.0322,-65.21264381487633
0.032205000000000004,-65.20487030805498
0.03221,-65.20597818906187
0.032215,-65.19820507748021
0.032220000000000006,-65.19904292509571
0.032225000000000004,-65.19126996803574
0.03223,-65.19183853107133
0.032235,-65.18999255900363
0.032240000000000005,-65.18407424249862
0.032245,-65.18357532456027
0.03225,-65.17580039384933
0.032255000000000006,-65.16970273922094
0.032260000000000004,-65.16185101397576
0.032265,-65.16018792671696
0.03227,-65.15822934757867
0.032275000000000005,-65.15227677559251
0.03228,-65.15162720263413
0.032285,-65.14385702341548
0.03229,-65.14282843877442
0.032295000000000004,-65.13505893717632
0.0323,-65.1337663640368
0.032305,-65.13052768459885
0.032310000000000005,-65.12810881385057
0.032315,-65.12149852092725
0.03232,-65.11488950543145
0.032325,-65.10703892307298
0.032330000000000005,-65.09919200052147
0.032335,-65.09134863035183
0.03234,-65.08879654300199
0.032345000000000006,-65.08103710300183
0.032350000000000004,-65.07491158766211
0.032355,-65.07264909670127
0.03236,-65.0648931175917
0.032365000000000005,-65.06424144451894
0.03237,-65.0564860377291
0.032375,-65.05039342253086
0.032380000000000006,-65.04256082781754
0.032385000000000004,-65.04087544771988
0.03239,-65.03312599983958
0.032395,-65.03324035980559
0.032400000000000005,-65.03106148982029
0.032405,-65.03005020124354
0.03241,-65.02380612052286
0.032415,-65.01756306323466
0.032420000000000004,-65.014601123133
0.032425,-65.00684970666842
0.03243,-65.00526657787697
0.032435000000000005,-65.00181597656646
0.032440000000000004,-64.99910956060822
0.032445,-64.99244109514098
0.03245,-64.98577384036358
0.032455000000000005,-64.98154650573429
0.03246,-64.97379524979144
0.032465,-64.97052882965464
0.032470000000000006,-64.96581771598994
0.032475000000000004,-64.9589592955596
0.03248,-64.95464099425375
0.032485,-64.9468903517318
0.032490000000000005,-64.93985697246038
0.032495,-64.93486729139777
0.0325,-64.92712110933583
0.032505000000000006,-64.92283919565487
0.032510000000000004,-64.91509462106359
0.032515,-64.91055968294279
0.03252,-64.90281639515212
0.032525000000000005,-64.89802921696668
0.03253,-64.89028726390175
0.032535,-64.88524863171803
0.03254,-64.87750805983997
0.032545000000000004,-64.87221876139618
0.03255,-64.86447961580592
0.032555,-64.858940440493
0.032560000000000006,-64.85253082708677
0.032565000000000004,-64.8458756008116
0.03257,-64.83823019808929
0.032575,-64.83058627446846
0.032580000000000005,-64.82276715179184
0.032585,-64.81609478486102
0.03259,-64.80836215931673
0.032595000000000006,-64.80088159941182
0.032600000000000004,-64.79307137963181
0.032605,-64.78720683412023
0.03261,-64.77948232378978
0.032615000000000005,-64.77403076369568
0.03262,-64.76769124910756
0.032625,-64.76030749649576
0.03263,-64.75292498793677
0.032635000000000004,-64.74512172583597
0.03264,-64.73919768245769
0.032645,-64.73148006788696
0.032650000000000005,-64.72594758516725
0.032655,-64.71954959397986
0.03266,-64.71215086043637
0.032665,-64.70475334414661
0.032670000000000005,-64.69827597299522
0.032675,-64.69056187957577
0.03268,-64.68429248943467
0.032685000000000006,-64.67734376689731
0.032690000000000004,-64.66985139820919
0.032695,-64.66229939409494
0.0327,-64.65451710788572
0.032705000000000005,-64.64673697100183
0.03271,-64.63894553479867
0.032715,-64.63214567887204
0.032720000000000006,-64.62505844355678
0.032725000000000004,-64.61743751672165
0.03273,-64.60981783860832
0.032735,-64.60203246756659
0.032740000000000005,-64.59425056104503
0.032745,-64.58647201898884
0.03275,-64.5786967452626
0.032755,-64.57351760472264
0.032760000000000004,-64.56582702094035
0.032765,-64.56127848537122
0.03277,-64.55358854945784
0.032775000000000006,-64.54657176767932
0.032780000000000004,-64.54151527094929
0.032785,-64.53617054309849
0.03279,-64.52914274461058
0.032795000000000005,-64.5221159008024
0.0328,-64.51669020396892
0.032805,-64.50900429867636
0.032810000000000006,-64.50197027864445
0.032815000000000004,-64.49685388792267
0.03282,-64.49144963044634
0.032825,-64.48612013131374
0.032830000000000005,-64.47884759573905
0.032835,-64.471576162447
0.03284,-64.46381078852892
0.032845000000000006,-64.4560487400853
0.032850000000000004,-64.44828992243737
0.032855,-64.44361204068049
0.03286,-64.43864629162049
0.032865000000000005,-64.43175325151513
0.03287,-64.42707852335748
0.032875,-64.4194022871005
0.03288,-64.41233633894407
0.032885000000000005,-64.40458175989129
0.03289,-64.39683035890182
0.032895,-64.39258555377441
0.032900000000000006,-64.38805286936118
0.032905000000000004,-64.38388149357148
0.03291,-64.3769098334177
0.032915,-64.37190864024143
0.032920000000000005,-64.3642370564419
0.032925,-64.35709320160635
0.03293,-64.34934334150097
0.032935000000000006,-64.3443655144509
0.032940000000000004,-64.33910077233756
0.032945,-64.33395295522463
0.03295,-64.32790313244497
0.032955000000000005,-64.32046219831248
0.03296,-64.31302249898134
0.032965,-64.30527254972903
0.03297,-64.29752606285227
0.032975000000000004,-64.2897829382152
0.03298,-64.28457762718101
0.032985,-64.27908601585581
0.032990000000000005,-64.27202860945951
0.032995000000000003,-64.26497222254123
0.033,-64.25940398350302
0.033005,-64.25174714846034
0.033010000000000005,-64.24667344469604
0.033015,-64.23901764670973
0.03302,-64.23189589732438
0.033025000000000006,-64.22416176855083
0.033030000000000004,-64.21921949176368
0.033035,-64.21157005611161
0.03304,-64.20472179928475
0.033045000000000005,-64.19699433371359
0.03305,-64.19285405281391
0.033055,-64.18521064238409
0.033060000000000006,-64.1820331492178
0.033065000000000004,-64.17742244216966
0.03307,-64.17314060593095
0.033075,-64.16795886968136
0.033080000000000005,-64.16187743320943
0.033085,-64.15444322453824
0.03309,-64.14701027402069
0.033095,-64.13927948674669
0.033100000000000004,-64.13306885137061
0.033105,-64.12542388055165
0.03311,-64.11815617191229
0.033115000000000006,-64.11043324634376
0.033120000000000004,-64.10503462997727
0.033125,-64.09739680247718
0.03313,-64.09040439329742
0.033135000000000005,-64.08531947638575
0.03314,-64.07994955580784
0.033145,-64.0729488265657
0.033150000000000006,-64.06594910793784
0.033155000000000004,-64.05823436448154
0.03316,-64.05328382658752
0.033165,-64.0456538244413
0.033170000000000005,-64.03881598101363
0.033175,-64.03417754539873
0.03318,-64.02655084940051
0.033185000000000006,-64.02270687962299
0.033190000000000004,-64.01508080107655
0.033195,-64.00828896272037
0.0332,-64.00378091307441
0.033205000000000005,-63.998987939162916
0.03321,-63.99445835009299
0.033215,-63.987431149191906
0.03322,-63.98040501210888
0.033225000000000005,-63.97486575030992
0.03323,-63.96904264772664
0.033235,-63.9618977253127
0.033240000000000006,-63.956071619399694
0.033245000000000004,-63.94844667892482
0.03325,-63.9411326646656
0.033255,-63.93342947291686
0.033260000000000005,-63.92572964749734
0.033265,-63.91803309183004
0.03327,-63.91033971312109
0.033275000000000006,-63.90264942221133
0.033280000000000004,-63.89904419079539
0.033285,-63.89143756828967
0.03329,-63.88506371249778
0.033295000000000005,-63.877379086706725
0.0333,-63.87456992498145
0.033305,-63.866968390867285
0.03331,-63.86086322391467
0.033315000000000004,-63.853183751762714
0.03332,-63.845507087235696
0.033325,-63.8378331556231
0.033330000000000005,-63.8367852769679
0.033335000000000004,-63.835450689856465
0.03334,-63.82982352809234
0.033345,-63.82419683699913
0.033350000000000005,-63.81652333373022
0.033355,-63.808852574569826
0.03336,-63.80118448727891
0.033365000000000006,-63.801212435444256
0.033370000000000004,-63.79362553496155
0.033375,-63.79597981395915
0.03338,-63.78839173340462
0.033385000000000005,-63.790492904390845
0.03339,-63.78290359894855
0.033395,-63.78475234629516
0.033400000000000006,-63.77716199332472
0.033405000000000004,-63.77181985395656
0.03341,-63.76415194519343
0.033415,-63.76438544105514
0.033420000000000005,-63.75679894642754
0.033425,-63.75942711614811
0.03343,-63.75918306941993
0.033435,-63.75392282341516
0.033440000000000004,-63.74866312909709
0.033445,-63.74832800127826
0.03345,-63.74073876456461
0.033455000000000006,-63.74261154191853
0.033460000000000004,-63.741801152154544
0.033465,-63.742573394931554
0.03347,-63.736896779659034
0.033475000000000005,-63.73122098539846
0.03348,-63.723547666199536
0.033485,-63.7224648830664
0.033490000000000006,-63.7148743839651
0.033495000000000004,-63.715753168097905
0.0335,-63.70816274656747
0.033505,-63.702578578445554
0.033510000000000005,-63.70160734081689
0.033515,-63.69401934278936
0.03352,-63.695045961173356
0.033525000000000006,-63.68745802082966
0.033530000000000004,-63.681912697495065
0.033535,-63.67424761798368
0.03354,-63.66658561790373
0.033545000000000005,-63.65892661178973
0.03355,-63.65127051752362
0.033555,-63.64361725620355
0.03356,-63.64516278667288
0.033565000000000005,-63.63759030653366
0.03357,-63.64196099790132
0.033575,-63.64302672953497
0.033580000000000006,-63.63821263162063
0.033585000000000004,-63.64154678576232
0.03359,-63.64175115020848
0.033595,-63.63664686330272
0.033600000000000005,-63.631543245442415
0.033605,-63.62388465819346
0.03361,-63.6162291305733
0.033615000000000006,-63.617303579155745
0.033620000000000004,-63.609729478410685
0.033625,-63.6134743377635
0.03363,-63.605899621093776
0.033635000000000005,-63.609390564905105
0.03364,-63.60181508828917
0.033645,-63.60505278470616
0.03365,-63.597476677314916
0.033655000000000004,-63.5924929556618
0.03366,-63.584840117302534
0.033665,-63.57719029512075
0.033670000000000005,-63.57894227870404
0.033675000000000004,-63.580406958924556
0.03368,-63.57572954321612
0.033685,-63.57959455960773
0.033690000000000005,-63.58019847095903
0.033695,-63.582852732679406
0.0337,-63.577659559696315
0.033705000000000006,-63.57948825066251
0.033710000000000004,-63.57856504008385
0.033715,-63.57918513548727
0.03372,-63.578912865316944
0.033725000000000005,-63.57298156161052
0.03373,-63.567051448352025
0.033735,-63.55938699579645
0.033740000000000006,-63.55753117867149
0.033745000000000004,-63.55539128983543
0.03375,-63.54950454955688
0.033755,-63.54361892610104
0.033760000000000005,-63.541399442426055
0.033765,-63.533820597325295
0.03377,-63.53318539264652
0.033775,-63.5256076458645
0.033780000000000004,-63.519655269224565
0.033785,-63.5120006727217
0.03379,-63.50434950467637
0.033795000000000006,-63.49670166584568
0.033800000000000004,-63.49606161762715
0.033805,-63.495136893757184
0.03381,-63.489665334779495
0.033815000000000005,-63.49034888811792
0.03382,-63.48278113468751
0.033825,-63.483108756581515
0.033830000000000006,-63.475541261479385
0.033835000000000004,-63.46983713271105
0.03384,-63.46846329974564
0.033845,-63.46680561186177
0.033850000000000005,-63.46644252161798
0.033855,-63.460502206720655
0.03386,-63.454562950517186
0.033865000000000006,-63.44691623091669
0.033870000000000004,-63.439272935288635
0.033875,-63.43784173695702
0.03388,-63.430281744557476
0.033885000000000005,-63.424664654865765
0.03389,-63.41702793473774
0.033895,-63.40939438471137
0.0339,-63.409232394519464
0.033905000000000005,-63.40878593154961
0.03391,-63.41003408800101
0.033915,-63.40450609237656
0.033920000000000006,-63.39897893472103
0.033925000000000004,-63.39778212979788
0.03393,-63.39630181579586
0.033935,-63.39065201641134
0.033940000000000005,-63.390593771895276
0.033945,-63.38303679750295
0.03395,-63.3826260030227
0.033955000000000006,-63.380116286250356
0.033960000000000004,-63.37412176064657
0.033965,-63.36812829657646
0.03397,-63.3655425556909
0.033975000000000005,-63.36267471902848
0.03398,-63.356561801613026
0.033985,-63.35044998255697
0.03399,-63.34281512418869
0.033995000000000004,-63.33518371165402
0.034,-63.32755564493302
0.034005,-63.31993082792383
0.034010000000000006,-63.31230916828914
0.034015000000000004,-63.30469057730847
0.03402,-63.297074969736435
0.034025,-63.297527212330714
0.034030000000000005,-63.28999321193016
0.034035,-63.29290055491801
0.03404,-63.28536590933046
0.034045000000000006,-63.28033110167189
0.034050000000000004,-63.28089275127719
0.034055,-63.273359685792805
0.03406,-63.26842465495192
0.034065000000000005,-63.26081480773778
0.03407,-63.26215029410081
0.034075,-63.2546215291717
0.034080000000000006,-63.249947248889534
0.034085000000000004,-63.24234176915746
0.03409,-63.24444582190926
0.034095,-63.246264622327196
0.034100000000000005,-63.25052616481818
0.034105,-63.2538993790775
0.03411,-63.24891945912559
0.034115,-63.24394021297386
0.034120000000000004,-63.23632755597257
0.034125,-63.22871796894245
0.03413,-63.22111136654599
0.034135000000000006,-63.21350766678807
0.034140000000000004,-63.20590679088501
0.034145,-63.198308663138555
0.03415,-63.2015739292366
0.034155000000000005,-63.194055649979745
0.03416,-63.20070176222911
0.034165,-63.193181992057404
0.034170000000000006,-63.199573015098665
0.034175000000000004,-63.192051683580466
0.03418,-63.19818824555159
0.034185,-63.19066551610298
0.034190000000000005,-63.19654824757683
0.034195,-63.19876287357088
0.0342,-63.19436547330168
0.034205000000000006,-63.189968618045654
0.034210000000000004,-63.19209029270697
0.034215,-63.18456419153552
0.03422,-63.18015413015199
0.034225000000000005,-63.18256381771634
0.034230000000000003,-63.18468842024352
0.034235,-63.189358235799034
0.03424,-63.18470632730326
0.034245000000000005,-63.180055134224325
0.03425,-63.17244763269983
0.034255,-63.174294861313086
0.034260000000000006,-63.17585754287855
0.034265000000000004,-63.17977875301353
0.03427,-63.174938565952
0.034275,-63.178039880505224
0.034280000000000005,-63.17808573743423
0.034285,-63.172959702663384
0.03429,-63.17492923495225
0.034295000000000006,-63.16739401493492
0.034300000000000004,-63.16900946954031
0.034305,-63.16147474054861
0.03431,-63.156117786617045
0.034315000000000005,-63.14850673043053
0.03432,-63.140899093393585
0.034325,-63.141462268110295
0.03433,-63.133937007439435
0.034335000000000004,-63.129008285889505
0.03434,-63.129867533275174
0.034345,-63.12234502955989
0.034350000000000006,-63.1175167895364
0.034355000000000004,-63.11867080025304
0.03436,-63.11954124843959
0.034365,-63.11469876036129
0.034370000000000005,-63.10985702256418
0.034375,-63.102257528786765
0.03438,-63.09466121557197
0.034385000000000006,-63.08706799317172
0.034390000000000004,-63.079477775353276
0.034395,-63.08217482039981
0.0344,-63.07466520572344
0.034405000000000005,-63.070457900841035
0.03441,-63.062872146002384
0.034415,-63.05528921477584
0.034420000000000006,-63.04770903139008
0.034425000000000004,-63.04013152304117
0.03443,-63.045007340239856
0.034435,-63.037508796392935
0.034440000000000005,-63.03403489590831
0.034445,-63.02646033698292
0.03445,-63.03208224366888
0.034455,-63.037417377010634
0.034460000000000005,-63.03407936831933
0.034465,-63.04308161563108
0.03447,-63.035579200764516
0.034475000000000006,-63.03206452022364
0.034480000000000004,-63.03710262341654
0.034485,-63.04185441418928
0.03449,-63.05002147884682
0.034495000000000005,-63.046260462452416
0.0345,-63.042499904043474
0.034505,-63.03491388592593
0.034510000000000006,-63.027330832229985
0.034515000000000004,-63.01975066164915
0.03452,-63.012173296061285
0.034525,-63.018044773809564
0.034530000000000005,-63.01054614517065
0.034535,-63.02065572252532
0.03454,-63.013155327993275
0.034545000000000006,-63.00994666219323
0.034550000000000004,-63.01589447256255
0.034555,-63.008394458179254
0.03456,-63.00527721045164
0.034565000000000005,-62.99770187772086
0.034570000000000004,-62.990129262330505
0.034575,-62.982559292644225
0.03458,-62.990177715336884
0.034585000000000005,-62.9975079465249
0.03459,-62.994837938537
0.034595,-62.99216802783853
0.034600000000000006,-62.98459558520471
0.034605000000000004,-62.97702580710444
0.03461,-62.98517431108998
0.034615,-62.993034203817544
0.034620000000000005,-63.00534324906777
0.034625,-63.00262469085688
0.03463,-62.99990635136963
0.034635000000000006,-62.992329288457135
0.034640000000000004,-62.984755035592656
0.034645,-62.977183517503086
0.03465,-62.96961466186318
0.034655000000000005,-62.962048399179885
0.03466,-62.971448838974275
0.034665,-62.96395925476868
0.03467,-62.96199971544513
0.034675000000000004,-62.97165587651295
0.03468,-62.981022229306426
0.034685,-62.97903277991589
0.034690000000000006,-62.99340173516688
0.034695000000000004,-62.98590391704725
0.0347,-62.98373411816235
0.034705,-62.99277855932896
0.034710000000000005,-62.985280607240185
0.034715,-62.99961221102152
0.03472,-62.99211211537805
0.034725000000000006,-63.00617288008609
0.034730000000000004,-62.998670537503045
0.034735,-63.012461021441716
0.03474,-63.020605710308146
0.034745000000000005,-63.033298214061666
0.03475,-63.030666856052655
0.034755,-63.02803594667592
0.034760000000000006,-63.02044786902399
0.034765000000000004,-63.028279673446136
0.03477,-63.02077014079237
0.034775,-63.01827497031894
0.034780000000000005,-63.01069129538367
0.034785,-63.01924912642081
0.03479,-63.02751774848095
0.034795,-63.0403761732607
0.034800000000000005,-63.0377855498261
0.034805,-63.049812155672065
0.03481,-63.042296216252005
0.034815000000000006,-63.03952773538226
0.034820000000000004,-63.04681913546464
0.034825,-63.03930462026381
0.03483,-63.051308762305645
0.034835000000000005,-63.04379323560273
0.03484,-63.05553141095326
0.034845,-63.0480146515879
0.034850000000000006,-63.04520116014655
0.034855000000000004,-63.052359751223555
0.03486,-63.044844455845464
0.034865,-63.05667208118704
0.034870000000000005,-63.063342964198235
0.034875,-63.07407373400217
0.03488,-63.07094346194705
0.034885000000000006,-63.06781388584486
0.034890000000000004,-63.060214964589676
0.034895,-63.0665818329979
0.0349,-63.07266103176169
0.034905000000000005,-63.06955667028374
0.034910000000000004,-63.06645296106766
0.034915,-63.058855500691074
0.03492,-63.06529652243765
0.034925000000000005,-63.057778628024586
0.03493,-63.054814408052074
0.034935,-63.04722226936043
0.034940000000000006,-63.03963327646309
0.034945000000000004,-63.032047340952836
0.03495,-63.024464377885195
0.034955,-63.016884305642755
0.034960000000000005,-63.00930704580464
0.034965,-63.00173252302124
0.03497,-63.01168456365053
0.034975000000000006,-63.02134625891031
0.034980000000000004,-63.03605969313342
0.034985,-63.03393821753828
0.03499,-63.0478168629339
0.034995000000000005,-63.055942888645006
0.035,-63.06861199156165
0.035005,-63.06597076130976
0.03501,-63.06333001165173
0.035015000000000004,-63.05573671480975
0.03502,-63.04814656901557
0.035025,-63.04055948566162
0.035030000000000006,-63.04929848376555
0.035035000000000004,-63.0417892559588
0.03504,-63.05571763255609
0.035045,-63.06396358758047
0.035050000000000005,-63.06158682736144
0.035055,-63.059210428410545
0.03506,-63.05162046778379
0.035065000000000006,-63.060214082166574
0.035070000000000004,-63.05270216341628
0.035075,-63.06643789352738
0.03508,-63.074538786683576
0.035085000000000005,-63.07211199025146
0.03509,-63.084802298089656
0.035095,-63.077282771584855
0.035100000000000006,-63.08959436265092
0.035105000000000004,-63.09662633978314
0.03511,-63.093838314025895
0.035115,-63.09105087176623
0.035120000000000005,-63.097972067687195
0.035125,-63.10460489802772
0.03513,-63.11528723799888
0.035135,-63.11213989610605
0.035140000000000005,-63.10899329872494
0.035145,-63.10138794925887
0.03515,-63.093786011686625
0.035155000000000006,-63.10058168022821
0.035160000000000004,-63.093059161204174
0.035165,-63.104405756320006
0.03517,-63.11071410516437
0.035175000000000005,-63.10768308865289
0.03518,-63.11798936218925
0.035185,-63.11046122823246
0.035190000000000006,-63.10725365679962
0.035195000000000004,-63.113257424215
0.0352,-63.10573139331591
0.035205,-63.1026160504836
0.035210000000000005,-63.095015835124215
0.035215,-63.10175767325085
0.03522,-63.09423675997767
0.035225000000000006,-63.10551114033876
0.035230000000000004,-63.09798929839257
0.035235,-63.09505595742821
0.03524,-63.087459539614585
0.035245000000000005,-63.07986624719607
0.035250000000000004,-63.08760796655837
0.035255,-63.0950606955676
0.03526,-63.106833534497554
0.035265000000000005,-63.103964627545366
0.03527,-63.10109623281338
0.035275,-63.09349821998376
0.035280000000000006,-63.085903367044466
0.035285000000000004,-63.07831158506141
0.03529,-63.07072278858391
0.035295,-63.063136895508165
0.035300000000000005,-63.07213463910258
0.035305,-63.06462618222098
0.03531,-63.06252004016475
0.035315000000000006,-63.05493729631012
0.035320000000000004,-63.06465221594037
0.035325,-63.07407662006998
0.03533,-63.07209631448593
0.035335000000000005,-63.07011613176311
0.03534,-63.07942023195998
0.035345,-63.08843406264365
0.03535,-63.086313761027206
0.035355000000000004,-63.08419368643265
0.03536,-63.0766040723727
0.035365,-63.0690173658086
0.035370000000000006,-63.07883403859411
0.035375000000000004,-63.07132438790558
0.03538,-63.08668642319386
0.035385,-63.096005873185355
0.035390000000000005,-63.09398644698784
0.035395,-63.09196725048122
0.0354,-63.08437625262776
0.035405000000000006,-63.07678818007376
0.035410000000000004,-63.0692029530817
0.035415,-63.07978077894258
0.03542,-63.07227213284614
0.035425000000000005,-63.07069255041633
0.03543,-63.063110025620084
0.035435,-63.05553019165183
0.035440000000000006,-63.06726987639146
0.035445000000000004,-63.05976578782168
0.03545,-63.077684743324035
0.035455,-63.07017780086712
0.035460000000000005,-63.08781615126071
0.035465,-63.080306291578154
0.03547,-63.09766456776277
0.035475,-63.09015195807432
0.035480000000000005,-63.10723069400177
0.035485,-63.11783506501255
0.03549,-63.11624199003977
0.035495000000000006,-63.13226569336582
0.035500000000000004,-63.12474325064562
0.035505,-63.140379383860775
0.03551,-63.14990044088826
0.035515000000000005,-63.164433929826025
0.03552,-63.162247909283636
0.035525,-63.160062396553876
0.035530000000000006,-63.15245497036328
0.035535000000000004,-63.144850796652364
0.03554,-63.13724978289256
0.035545,-63.129651840179655
0.035550000000000005,-63.14022683372173
0.035555,-63.15051003868753
0.03556,-63.14880634595543
0.035565000000000006,-63.14710290441857
0.035570000000000004,-63.1395034584082
0.035575,-63.13190701093389
0.03558,-63.14298138994314
0.035585000000000006,-63.13546156685541
0.035590000000000004,-63.13404016753821
0.035595,-63.12644689484758
0.0356,-63.13822322990168
0.035605000000000005,-63.149706763483636
0.03561,-63.16685504561457
0.035615,-63.16532782661573
0.035620000000000006,-63.16380082551976
0.035625000000000004,-63.15619979560274
0.03563,-63.14860174792913
0.035635,-63.1602037000199
0.035640000000000005,-63.17151284418492
0.035645,-63.188429919902646
0.03565,-63.186841600983705
0.035655000000000006,-63.18525355934089
0.035660000000000004,-63.19576798828014
0.035665,-63.20599028757435
0.03567,-63.2042596526914
0.035675000000000005,-63.202529369672156
0.03568,-63.19492016134899
0.035685,-63.18731407572409
0.03569,-63.17971102538315
0.035695000000000005,-63.17211092633572
0.0357,-63.184036203920655
0.035705,-63.17651223564855
0.035710000000000006,-63.175371640227866
0.035715000000000004,-63.18753860082488
0.03572,-63.19941207784739
0.035725,-63.217082237295955
0.035730000000000005,-63.21568027457698
0.035735,-63.21427853831248
0.03574,-63.225354162037185
0.035745000000000006,-63.23613696777354
0.035750000000000004,-63.23459133740697
0.035755,-63.23304601233073
0.03576,-63.22543395317662
0.035765000000000005,-63.23654625144339
0.03577,-63.247365621793506
0.035775,-63.24583138833134
0.035780000000000006,-63.24429745382559
0.035785000000000004,-63.23668420432738
0.03579,-63.247832665808616
0.035795,-63.25868808919486
0.035800000000000005,-63.25716505473872
0.035805000000000003,-63.25564231381963
0.03581,-63.266369283849095
0.035815,-63.258828902765664
0.035820000000000005,-63.25727813061342
0.035825,-63.24966465316015
0.03583,-63.26109482174527
0.035835000000000006,-63.27223161849251
0.035840000000000004,-63.27080206214715
0.035845,-63.26937275433561
0.03585,-63.280379720133865
0.035855000000000005,-63.27283861005451
0.03586,-63.271380627467636
0.035865,-63.28263271339729
0.035870000000000006,-63.27509228265737
0.035875000000000004,-63.27371641596386
0.03588,-63.266102897156216
0.035885,-63.2780542655372
0.035890000000000005,-63.28971169744453
0.035895,-63.30709735027981
0.0359,-63.32359202332885
0.035905000000000006,-63.321882568814466
0.035910000000000004,-63.320173529566524
0.035915,-63.31254810197719
0.03592,-63.30492588345479
0.035925000000000006,-63.29730678326447
0.035930000000000004,-63.28969071422539
0.035935,-63.28207759257137
0.03594,-63.274467337817036
0.035945000000000005,-63.26685987262916
0.03595,-63.280237945548066
0.035955,-63.272705615746155
0.035960000000000006,-63.27204347861091
0.035965000000000004,-63.28565523041079
0.03597,-63.27812214200083
0.035975,-63.298539185964586
0.035980000000000005,-63.2910031352264
0.035985,-63.311130412803685
0.03599,-63.30359131144111
0.035995000000000006,-63.30285697593113
0.036000000000000004,-63.31626655474295
0.036005,-63.329380680326075
0.03601,-63.328608490135935
0.036015000000000005,-63.3479794083832
0.03602,-63.360207066037184
0.036025,-63.378355712105524
0.03603,-63.39561228215477
0.036035000000000005,-63.39408529599167
0.03604,-63.39255875794862
0.036045,-63.384922932877274
0.036050000000000006,-63.3961366056278
0.036055000000000004,-63.40705613896549
0.03606,-63.40553979370506
0.036065,-63.42199386871885
0.036070000000000005,-63.414429189619455
0.036075,-63.43049003822563
0.03608,-63.42292390578305
0.036085000000000006,-63.438703618522005
0.036090000000000004,-63.43113610341258
0.036095,-63.44663524287569
0.0361,-63.43906641289587
0.036105000000000005,-63.437153367171994
0.03611,-63.44710045087871
0.036115,-63.43953311781724
0.036120000000000006,-63.455083847035866
0.036125000000000004,-63.44751541544905
0.03613,-63.46278589639287
0.036135,-63.45521610051426
0.036140000000000005,-63.470206900737566
0.036145000000000004,-63.462635811523405
0.03615,-63.47734750127021
0.036155,-63.48616101945887
0.036160000000000005,-63.48393289817101
0.036165,-63.481705415671264
0.03617,-63.47405535721175
0.036175000000000006,-63.466408720226504
0.036180000000000004,-63.458765405740486
0.036185,-63.46883762608008
0.03619,-63.46127198302046
0.036195000000000005,-63.476988298966944
0.0362,-63.469421186227954
0.036205,-63.484856554685074
0.036210000000000006,-63.47728775460756
0.036215000000000004,-63.47535854725851
0.03622,-63.4677162218431
0.036225,-63.46007704280912
0.036230000000000005,-63.47089294282622
0.036235,-63.46333075659828
0.03624,-63.48003534139069
0.036245000000000006,-63.47247125169834
0.036250000000000004,-63.48889246600755
0.036255,-63.498988127098706
0.03626,-63.49719141411364
0.036265000000000006,-63.495395066642864
0.036270000000000004,-63.50536167123256
0.036275,-63.51503443943764
0.03628,-63.52978244391041
0.036285000000000005,-63.54363675740411
0.03629,-63.54124302169948
0.036295,-63.53884994161135
0.036300000000000006,-63.54705817106206
0.036305000000000004,-63.55497377354709
0.03631,-63.55244051968022
0.036315,-63.56490020198288
0.036320000000000005,-63.55731441506499
0.036325,-63.56938831360831
0.03633,-63.56180190844696
0.036335000000000006,-63.55901951420003
0.036340000000000004,-63.566404821013684
0.036345,-63.55882070893948
0.03635,-63.570967010482654
0.036355000000000005,-63.5633824590989
0.03636,-63.575255100026986
0.036365,-63.567669807553656
0.03637,-63.57926938822246
0.036375000000000005,-63.57168340843804
0.03638,-63.583010531669665
0.036385,-63.575423916675774
0.036390000000000006,-63.572454645394316
0.036395000000000004,-63.57928248811826
0.0364,-63.57169811881992
0.036405,-63.58310257070265
0.036410000000000005,-63.58943462617832
0.036415,-63.59973164453493
0.03642,-63.59644097966139
0.036425000000000006,-63.5931511760172
0.036430000000000004,-63.59869970183262
0.036435,-63.59111000829493
0.03644,-63.60081383221424
0.036445000000000005,-63.60587055424406
0.03645,-63.602377855531515
0.036455,-63.59888604918962
0.036460000000000006,-63.60383297891822
0.036465000000000004,-63.59624263184559
0.03647,-63.59273182047419
0.036475,-63.585067440116866
0.036480000000000005,-63.59075454219161
0.036485000000000004,-63.58317035813084
0.03649,-63.59305672395047
0.036495,-63.58547217377433
0.036500000000000005,-63.58214421960174
0.036505,-63.587897361532406
0.03651,-63.580314908885015
0.036515000000000006,-63.57707783976381
0.036520000000000004,-63.56942112621268
0.036525,-63.56176765040043
0.03653,-63.55411732060565
0.036535000000000005,-63.56153729756805
0.03654,-63.568665230633016
0.036545,-63.565875039519746
0.036550000000000006,-63.563085261353926
0.036555000000000004,-63.555434662201534
0.03656,-63.54778712532195
0.036565,-63.54014256586724
0.036570000000000005,-63.54854597680221
0.036575,-63.5409792311541
0.03658,-63.55447428493822
0.036585000000000006,-63.5469056822667
0.036590000000000004,-63.560124084010894
0.036595,-63.55255349492595
0.0366,-63.55006844994906
0.036605000000000006,-63.54242332581916
0.036610000000000004,-63.53478110892355
0.036615,-63.54394868293116
0.03662,-63.552822842332624
0.036625000000000005,-63.5506194298353
0.03663,-63.56434968126172
0.036635,-63.57234390664748
0.036640000000000006,-63.569842434706715
0.036645000000000004,-63.56734132943809
0.03665,-63.55969064673008
0.036655,-63.568026735143434
0.036660000000000005,-63.57606994873122
0.036665,-63.58864503546611
0.03667,-63.60032592467367
0.036675000000000006,-63.5973865987739
0.036680000000000004,-63.59444787752394
0.036685,-63.586787948693896
0.03669,-63.57913130229842
0.036695000000000005,-63.57147784487415
0.0367,-63.563827486618706
0.036705,-63.556180141247175
0.03671,-63.54853572585414
0.036715000000000005,-63.54089416078124
0.03672,-63.55072077424886
0.036725,-63.543156113868385
0.036730000000000006,-63.54128820900754
0.036735000000000004,-63.533649449000386
0.03674,-63.5441820669739
0.036745,-63.554420100635774
0.036750000000000005,-63.569918716225295
0.036755,-63.56794426498575
0.03676,-63.56596999963795
0.036765000000000006,-63.57540822111045
0.036770000000000004,-63.56783604931846
0.036775,-63.56583386002066
0.03678,-63.57552129746739
0.036785000000000005,-63.56794962336457
0.03679,-63.583154545895226
0.036795,-63.59233646876416
0.036800000000000006,-63.59022979020656
0.036805000000000004,-63.58812341381355
0.03681,-63.580470859797074
0.036815,-63.589986829238754
0.036820000000000006,-63.582411799923094
0.036825000000000004,-63.58043366143744
0.03683,-63.59019834828133
0.036835,-63.58262392697454
0.036840000000000005,-63.59793240066825
0.036845,-63.59035609566366
0.03685,-63.588389113575246
0.036855000000000006,-63.580738823874114
0.036860000000000004,-63.57309146401011
0.036865,-63.583809646673075
0.03687,-63.576238914473834
0.036875000000000005,-63.592814875641466
0.03688,-63.585241851704055
0.036885,-63.601533173568306
0.036890000000000006,-63.61152829868192
0.036895000000000004,-63.62670667427322
0.0369,-63.62464249634507
0.036905,-63.63897400679188
0.036910000000000005,-63.64741396776576
0.036915,-63.66052203841341
0.03692,-63.67273483937177
0.036925000000000006,-63.68405232869297
0.036930000000000004,-63.68100857603437
0.036935,-63.67796567298413
0.03694,-63.67028829513461
0.036945000000000006,-63.662614494637666
0.036950000000000004,-63.654944166512706
0.036955,-63.647277209891755
0.03696,-63.63961352785815
0.036965000000000005,-63.64824493557408
0.03697,-63.64065950220211
0.036975,-63.65446312591148
0.036980000000000006,-63.64687634041089
0.036985000000000004,-63.644525439196094
0.03699,-63.653200222136554
0.036995,-63.64561442702205
0.037000000000000005,-63.6594758217821
0.037005,-63.65188864787804
0.03701,-63.665471008082356
0.037015000000000006,-63.657882254760224
0.037020000000000004,-63.6711861680392
0.037025,-63.663595938115314
0.03703,-63.67662199480816
0.037035000000000005,-63.66903038574058
0.037040000000000003,-63.66648157661106
0.037045,-63.67457468037274
0.03705,-63.68237436512581
0.037055000000000005,-63.69462972807941
0.03706,-63.69182421010015
0.037065,-63.689019326017785
0.037070000000000006,-63.696027012020465
0.037075000000000004,-63.68843038573262
0.03708,-63.68560201410678
0.037085,-63.67793159687918
0.037090000000000005,-63.67026444689098
0.037095,-63.67846055585818
0.0371,-63.67087184420169
0.037105000000000006,-63.66844465113669
0.037110000000000004,-63.66078204662038
0.037115,-63.669694425184716
0.03712,-63.662109660870925
0.037125000000000005,-63.659923739644505
0.03713,-63.66908682701187
0.037135,-63.661502807038126
0.037140000000000006,-63.676013069251574
0.037145000000000004,-63.6846707597619
0.03715,-63.68238111288613
0.037155,-63.695827993309486
0.037160000000000006,-63.68823587838071
0.037165000000000004,-63.68576378116765
0.03717,-63.69408697860541
0.037175,-63.702116424007585
0.037180000000000005,-63.71467821579222
0.037185,-63.71194859455116
0.03719,-63.709219553438366
0.037195000000000006,-63.701545867045695
0.037200000000000004,-63.70924676249612
0.037205,-63.70165195971834
0.03721,-63.71421990426096
0.037215000000000005,-63.706624082529885
0.03722,-63.703957541982255
0.037225,-63.696287539848186
0.037230000000000006,-63.68862070230225
0.037235000000000004,-63.69729697290876
0.03724,-63.689708154555845
0.037245,-63.68744082782537
0.037250000000000005,-63.69636864241993
0.037255,-63.68878069763269
0.03726,-63.68659777055414
0.037265000000000006,-63.69577592959317
0.037270000000000005,-63.68818872465161
0.037275,-63.68608971242511
0.03728,-63.67842862694855
0.037285000000000006,-63.670770438143684
0.037290000000000004,-63.66311506772783
0.037295,-63.655462440484
0.0373,-63.66672318131892
0.037305000000000005,-63.67768785317838
0.03731,-63.694159087023074
0.037315,-63.692416827044575
0.037320000000000006,-63.69067470735411
0.037325000000000004,-63.68301367641762
0.03733,-63.67535551808219
0.037335,-63.68642971415888
0.037340000000000005,-63.678847900137455
0.037345,-63.6773843379752
0.03735,-63.66972886897998
0.037355000000000006,-63.662076115457204
0.037360000000000004,-63.67430068362021
0.037365,-63.66672343987248
0.03737,-63.66564626862164
0.037375000000000005,-63.67810561721624
0.037380000000000004,-63.67052757841148
0.037385,-63.66952815500656
0.03739,-63.68222114026229
0.037395000000000005,-63.67464229988613
0.0374,-63.67372023683438
0.037405,-63.686645716222806
0.037410000000000006,-63.679066064525685
0.037415000000000004,-63.698580700292524
0.03742,-63.690998083869886
0.037425,-63.690077210774014
0.037430000000000005,-63.703013898832715
0.037435,-63.71565282430352
0.03744,-63.73435873069513
0.037445000000000006,-63.7331700893128
0.037450000000000004,-63.73198157467791
0.037455,-63.743806549483686
0.03746,-63.75533442343322
0.037465000000000005,-63.7539967689412
0.03747,-63.7712675117359
0.037475,-63.76366631423579
0.037480000000000006,-63.76214292171187
0.037485000000000004,-63.773316071130765
0.03749,-63.78419246879222
0.037495,-63.7826333359737
0.037500000000000006,-63.7810745336773
0.037505000000000004,-63.77339592821339
0.03751,-63.78459331611911
0.037515,-63.776991653156976
0.037520000000000005,-63.794213324784906
0.037525,-63.78660983931554
0.03753,-63.803542452732074
0.037535000000000006,-63.79593695131821
0.037540000000000004,-63.81258107124047
0.037545,-63.80497366082876
0.03755,-63.821329854893364
0.037555000000000005,-63.81372063685617
0.03756,-63.82978947558856
0.037565,-63.839606937056885
0.037570000000000006,-63.83768757085616
0.037575000000000004,-63.83576869407536
0.03758,-63.82807976765526
0.037585,-63.82039413107665
0.037590000000000005,-63.81271169072503
0.037595,-63.80503235665274
0.0376,-63.81654838223979
0.037605000000000006,-63.808945605829145
0.037610000000000005,-63.82659118308998
0.037615,-63.81898630633478
0.03762,-63.81758165453483
0.037625000000000006,-63.8099034077828
0.037630000000000004,-63.802228115013854
0.037635,-63.79455569577464
0.03764,-63.786886072762634
0.037645000000000005,-63.80023522943984
0.03765,-63.79264072330422
0.037655,-63.7919268956058
0.037660000000000006,-63.78425933718062
0.037665000000000004,-63.77659443142998
0.03767,-63.76893210970306
0.037675,-63.78385763540279
0.037680000000000005,-63.79848312958852
0.037685,-63.81983897833972
0.03769,-63.84029617614988
0.037695000000000006,-63.85985456727254
0.037700000000000004,-63.858866215461646
0.037705,-63.85787801779661
0.03771,-63.85019374039271
0.037715000000000005,-63.842512464713955
0.037720000000000004,-63.85587262634021
0.037725,-63.84826683876356
0.03773,-63.84754932243179
0.037735000000000005,-63.83987084679733
0.03774,-63.85390904549188
0.037745,-63.846305547973984
0.037750000000000006,-63.86730680484081
0.037755000000000004,-63.85970044972429
0.03776,-63.88040249663763
0.037765,-63.89369072402051
0.037770000000000005,-63.892929709519485
0.037775,-63.91254718419926
0.03778,-63.904929825773266
0.037785000000000006,-63.90398048342071
0.037790000000000004,-63.896290329144634
0.037795,-63.88860319134328
0.0378,-63.8809189871633
0.037805000000000005,-63.87323763699624
0.03781,-63.8879575509778
0.037815,-63.90237687360901
0.037820000000000006,-63.923463097629835
0.037825000000000004,-63.9436492727395
0.03783,-63.94280869959192
0.037835,-63.94196832082524
0.037840000000000006,-63.93427213136892
0.037845000000000004,-63.9476435275195
0.03785,-63.94002311473073
0.037855,-63.93929966729739
0.037860000000000005,-63.931606856875064
0.037865,-63.92391700142927
0.03787,-63.916230020538606
0.037875000000000006,-63.931176194786694
0.037880000000000004,-63.92356370949249
0.037885,-63.923370234720295
0.03789,-63.91568535221911
0.037895000000000005,-63.93129755518718
0.0379,-63.92368669810287
0.037905,-63.94678379510985
0.037910000000000006,-63.93916964210145
0.037915000000000004,-63.96196134633639
0.03792,-63.95434381193709
0.037925,-63.95421545877275
0.037930000000000005,-63.96958543977756
0.037935,-63.96196696751183
0.03794,-63.98474392081532
0.037945000000000007,-63.99958249042444
0.037950000000000005,-64.02123159264086
0.037955,-64.0207498111787
0.03796,-64.02026817340047
0.037965000000000006,-64.01256289818846
0.037970000000000004,-64.02702052998175
0.037975,-64.01939049080686
0.03798,-64.0190226442595
0.037985000000000005,-64.01132054073408
0.03799,-64.02644674768824
0.037995,-64.01881933370115
0.038000000000000006,-64.01867598573382
0.038005000000000004,-64.03401960599768
0.03801,-64.02639174475549
0.038015,-64.04913602681327
0.038020000000000005,-64.04150529751922
0.038025,-64.04135515217786
0.03803,-64.05668537390214
0.038035000000000006,-64.04905401099637
0.038040000000000004,-64.04897602152452
0.038045,-64.06452236972281
0.03805,-64.0568905575994
0.038055000000000005,-64.05688428268604
0.038060000000000004,-64.04918051786717
0.038065,-64.04147958638784
0.03807,-64.05813081154747
0.038075000000000005,-64.0744785942249
0.03808,-64.09814177130339
0.038085,-64.0981589425725
0.038090000000000006,-64.09817609863929
0.038095000000000004,-64.11368530100287
0.0381,-64.1288916449481
0.038105,-64.12875037867353
0.038110000000000005,-64.15092897195788
0.038115,-64.14328105669624
0.03812,-64.14294844543718
0.038125000000000006,-64.157766786287
0.038130000000000004,-64.15011887285266
0.038135,-64.14985931419326
0.03814,-64.16489521430194
0.038145000000000005,-64.15724744954231
0.03815,-64.1570604572069
0.038155,-64.1493409005207
0.038160000000000006,-64.14162432897179
0.038165000000000004,-64.13391066108022
0.03817,-64.1504997247696
0.038175,-64.14285981061404
0.038180000000000006,-64.14319552353902
0.038185000000000004,-64.15999366547051
0.03819,-64.15235276033471
0.038195,-64.17703521665834
0.038200000000000005,-64.1932938178262
0.038205,-64.21684238160849
0.03821,-64.23948647990419
0.038215000000000006,-64.23923163337071
0.038220000000000004,-64.23897697310035
0.038225,-64.23124326315701
0.03823,-64.22351271129797
0.038235000000000005,-64.2391473766255
0.03824,-64.23149149428228
0.038245,-64.23149856917071
0.038250000000000006,-64.24734599813553
0.038255000000000004,-64.23968990903062
0.03826,-64.23976772460328
0.038265,-64.23203996708286
0.038270000000000005,-64.24854378250987
0.038275,-64.26474294126292
0.03828,-64.26492327974881
0.038285000000000007,-64.26510358668722
0.038290000000000005,-64.28113811283409
0.038295,-64.27347799607121
0.0383,-64.27361545691168
0.038305000000000006,-64.28986037638165
0.038310000000000004,-64.28219988732648
0.038315,-64.30615131417514
0.03832,-64.29848795238293
0.038325000000000005,-64.29861465928896
0.03833,-64.3148342697859
0.038335,-64.3307489997584
0.038340000000000006,-64.33082775856509
0.038345000000000004,-64.33090656197622
0.03835,-64.32316511806916
0.038355,-64.31542670489593
0.038360000000000005,-64.33206694374641
0.038365,-64.34840182170582
0.03837,-64.37205773706133
0.038375000000000006,-64.37204506963677
0.038380000000000004,-64.39482596828337
0.038385,-64.40956459053254
0.03839,-64.40924116176186
0.038395000000000006,-64.43080564010371
0.038400000000000004,-64.4231192753501
0.038405,-64.44426211402512
0.03841,-64.43657366692665
0.038415000000000005,-64.45740877868776
0.03842,-64.44971832606082
0.038425,-64.470246268078
0.038430000000000006,-64.46255388364052
0.038435000000000004,-64.4827752161939
0.03844,-64.47508097079567
0.038445,-64.49499625725187
0.038450000000000005,-64.48730021908683
0.038455,-64.50691002587604
0.03846,-64.51935225611203
0.038465000000000006,-64.5378265913023
0.038470000000000004,-64.53649395985175
0.038475,-64.53516195910063
0.03848,-64.52738244387713
0.038485000000000005,-64.5394471085861
0.03849,-64.55120886749495
0.038495,-64.54987737244173
0.038500000000000006,-64.54854643926409
0.038505000000000005,-64.56015800333545
0.03851,-64.5524530300458
0.038515,-64.55108640848604
0.038520000000000006,-64.5629265422042
0.038525000000000004,-64.55522332702381
0.03853,-64.57332504285591
0.038535,-64.56562055299196
0.038540000000000005,-64.58342006971306
0.038545,-64.59450350581356
0.03855,-64.59294277046206
0.038555000000000006,-64.59138259977782
0.038560000000000004,-64.60231758808187
0.038565,-64.59460850396007
0.03857,-64.59301350659891
0.038575000000000005,-64.60417978213142
0.03858,-64.5964724794205
0.038585,-64.61367842358094
0.038590000000000006,-64.62431635479898
0.038595000000000004,-64.6226053035011
0.0386,-64.6208948063015
0.038605,-64.61310880954473
0.038610000000000005,-64.60532623952238
0.038615000000000003,-64.61673077019067
0.03862,-64.60902533646386
0.03862500000000001,-64.60758901627061
0.038630000000000005,-64.5998110278653
0.038635,-64.61189906549869
0.03864,-64.6041975918051
0.038645000000000006,-64.62262783170222
0.038650000000000004,-64.61492442086549
0.038655,-64.61364072233008
0.03866,-64.60586438738639
0.038665000000000005,-64.5980911322529
0.03867,-64.59032087198834
0.038675,-64.58255352497818
0.038680000000000006,-64.59644784239765
0.038685000000000004,-64.6100372986353
0.03869,-64.60932114217468
0.038695,-64.62935713876968
0.038700000000000005,-64.62165655143647
0.038705,-64.64127150722065
0.03871,-64.63356830972943
0.038715000000000006,-64.6528764742293
0.038720000000000004,-64.66508964610716
0.038725,-64.66390554921671
0.03873,-64.66272171857655
0.038735000000000006,-64.65493795765529
0.038740000000000004,-64.64715733854631
0.038745,-64.63937977390468
0.03875,-64.6527967446094
0.038755000000000005,-64.66590886508065
0.03876,-64.66502712281074
0.038765,-64.68443002017204
0.038770000000000006,-64.67672020882489
0.038775000000000004,-64.67564622599258
0.03878,-64.68837056186302
0.038785,-64.68066093316872
0.038790000000000005,-64.67966148366503
0.038795,-64.67187935295843
0.0388,-64.68527702269316
0.038805000000000006,-64.69836963007555
0.038810000000000004,-64.69747838660643
0.038815,-64.69658727522791
0.03882,-64.7095217091256
0.038825000000000005,-64.72215130562934
0.03883,-64.72110228109717
0.038835,-64.72005347423345
0.038840000000000006,-64.73252652109431
0.038845000000000005,-64.74469496292566
0.03885,-64.76280851434458
0.038855,-64.76137094435612
0.038860000000000006,-64.7599337846665
0.038865000000000004,-64.77126535844455
0.03887,-64.76354014190728
0.038875,-64.78096997317616
0.038880000000000005,-64.7917696527247
0.038885,-64.7901002935469
0.03889,-64.78843142681943
0.038895000000000006,-64.79908090196413
0.038900000000000004,-64.79135087720736
0.038905,-64.8078744244831
0.03891,-64.81799381794453
0.038915000000000005,-64.8160945537958
0.03892,-64.83151987173328
0.038925,-64.8237828739292
0.038930000000000006,-64.82169445917675
0.038935000000000004,-64.83144205948643
0.03894,-64.82370684122768
0.038945,-64.8390317444247
0.038950000000000005,-64.83129560933979
0.038955000000000004,-64.84632127615218
0.03896,-64.83858393688915
0.03896500000000001,-64.83642378150553
0.038970000000000005,-64.84595792215418
0.038975,-64.85518917567916
0.03898,-64.85299100972205
0.038985000000000006,-64.85079343725735
0.038990000000000004,-64.84298035152065
0.038995,-64.83517068107632
0.039,-64.82736432795737
0.039005000000000005,-64.81956119803438
0.03901,-64.83048371934133
0.039015,-64.82275755782423
0.039020000000000006,-64.82114625359212
0.039025000000000004,-64.81334703215082
0.03903,-64.80555081848965
0.039035,-64.79775753060618
0.039040000000000005,-64.81027272017245
0.039045,-64.82248272897006
0.03905,-64.84065122956207
0.039055000000000006,-64.83922577499317
0.039060000000000004,-64.8378005113954
0.039065,-64.82999900400866
0.03907,-64.82220051610811
0.039075000000000006,-64.81440496524192
0.039080000000000004,-64.82713822410564
0.039085,-64.83956599652647
0.03909,-64.83844381909446
0.039095000000000005,-64.85693882769124
0.0391,-64.86845015297446
0.039105,-64.88568971278418
0.039110000000000006,-64.88402442705954
0.039115000000000004,-64.88235949788924
0.03912,-64.87454823705588
0.039125,-64.86674017083978
0.039130000000000005,-64.87832658045382
0.039135,-64.87059511152478
0.03914,-64.86920150475922
0.039145000000000006,-64.88101283658608
0.039150000000000004,-64.87328182429805
0.039155,-64.8913504794389
0.03916,-64.88361735660902
0.039165000000000005,-64.90137942912958
0.03917,-64.91242483438405
0.039175,-64.9108312773298
0.039180000000000006,-64.90923804197071
0.039185000000000005,-64.92013034876376
0.03919,-64.93071808706284
0.039195,-64.92896940976834
0.039200000000000006,-64.92722112441774
0.039205000000000004,-64.91940365305639
0.03921,-64.93029763920575
0.039215,-64.9225573263723
0.039220000000000005,-64.93940796777157
0.039225,-64.9497686187573
0.03923,-64.96547773882958
0.039235000000000006,-64.98027313277889
0.039240000000000004,-64.97798286173294
0.039245,-64.97569323049736
0.03925,-64.98453573494868
0.039255000000000005,-64.97678172513932
0.03926,-64.97445875528621
0.039265,-64.96663181195566
0.039270000000000006,-64.95880824924258
0.039275000000000004,-64.95098797060864
0.03928,-64.94317088329706
0.039285,-64.93535689818418
0.039290000000000005,-64.92754592963713
0.039295000000000004,-64.91973789537688
0.0393,-64.93201851145018
0.03930500000000001,-64.94399329256056
0.039310000000000005,-64.9427117615318
0.039315,-64.94143030833845
0.03932,-64.95324781685821
0.039325000000000006,-64.94551021177188
0.039330000000000004,-64.9441893270122
0.039335,-64.95622977471155
0.03934,-64.94849226307092
0.039345000000000005,-64.94724573317221
0.03935,-64.95950802115244
0.039355,-64.9714642951886
0.039360000000000006,-64.98929973026573
0.039365000000000004,-64.98777597870374
0.03937,-64.98625248461981
0.039375,-64.978431393562
0.039380000000000005,-64.97061339647328
0.039385,-64.98263838767753
0.03939,-64.97489658479779
0.039395000000000006,-64.97364206689919
0.039400000000000004,-64.98588871222094
0.039405,-64.9781470396064
0.03941,-64.99679718410486
0.039415000000000006,-64.98905316696236
0.039420000000000004,-65.00739383984424
0.039425,-64.99964733310016
0.03943,-64.99830814363136
0.039435000000000005,-64.99048849657424
0.03944,-64.98267182965898
0.039445,-64.99558166422293
0.039450000000000006,-65.00818467692736
0.039455000000000004,-65.0071068118709
0.03946,-65.02583976665302
0.039465,-65.01809084427205
0.039470000000000005,-65.01681928368248
0.039475,-65.02902922240585
0.03948,-65.04093270127372
0.039485000000000006,-65.05870092891982
0.039490000000000004,-65.07555384551002
0.039495,-65.0737722621297
0.0395,-65.07199113642976
0.039505000000000005,-65.08236644414916
0.03951,-65.07460394834341
0.039515,-65.09077012593788
0.039520000000000007,-65.0830063714085
0.039525000000000005,-65.09886773342535
0.03953,-65.09110246612553
0.039535,-65.10665963365814
0.039540000000000006,-65.11604363931134
0.039545000000000004,-65.11387524924997
0.03955,-65.12832882662714
0.039555,-65.12055654137853
0.039560000000000005,-65.11819814552238
0.039565,-65.12720773596011
0.03957,-65.11943734159703
0.039575000000000006,-65.13378847428504
0.039580000000000004,-65.12601727035349
0.039585,-65.12366261047458
0.03959,-65.11581808210933
0.039595000000000005,-65.10797692660144
0.0396,-65.11791574751197
0.039605,-65.11015227868255
0.039610000000000006,-65.12573750183407
0.039615000000000004,-65.1351428676451
0.03962,-65.149584020671
0.039625,-65.14719121421423
0.039630000000000006,-65.14479899816126
0.039635000000000004,-65.1369514203105
0.03964,-65.12910723643827
0.03964500000000001,-65.13859977517498
0.039650000000000005,-65.13083352647261
0.039655,-65.1287186079948
0.03966,-65.12087914546267
0.039665000000000006,-65.13106268773682
0.039670000000000004,-65.12330054941458
0.039675,-65.12141857218101
0.03968,-65.11358317417087
0.039685000000000005,-65.12445286631439
0.03969,-65.11669422520593
0.039695,-65.11504318610743
0.039700000000000006,-65.12613844830985
0.039705000000000004,-65.11838014126313
0.03971,-65.13550215109588
0.039715,-65.12774169031354
0.039720000000000005,-65.14455596525417
0.039725,-65.15488244508231
0.03973,-65.15303063860286
0.039735000000000006,-65.16873713726557
0.039740000000000004,-65.17814599781121
0.039745,-65.19259297869883
0.03975,-65.19019799074871
0.039755000000000006,-65.18780358124536
0.039760000000000004,-65.17995122931815
0.039765,-65.17210225754253
0.03977,-65.18159715905925
0.039775000000000005,-65.17382609200413
0.03978,-65.17170868340206
0.039785,-65.16386438028258
0.039790000000000006,-65.15602321552949
0.039795000000000004,-65.166666459087
0.0398,-65.1589022086784
0.039805,-65.15717192093462
0.039810000000000005,-65.14933438149735
0.039815,-65.1606600923149
0.03982,-65.15289892945822
0.039825000000000006,-65.15139809504727
0.039830000000000004,-65.14356365988077
0.039835,-65.15556705436296
0.03984,-65.16726328151849
0.039845000000000005,-65.16587115138084
0.039850000000000003,-65.18340012765813
0.039855,-65.17563384936925
0.03986000000000001,-65.19273910947103
0.039865000000000005,-65.20328167707231
0.03987,-65.2192398772626
0.039875,-65.23428079888927
0.039880000000000006,-65.23203110492122
0.039885000000000004,-65.22978194670353
0.03989,-65.23879649796966
0.039895,-65.23101493532259
0.039900000000000005,-65.22873051595059
0.039905,-65.22087586195505
0.03991,-65.21302448640459
0.039915000000000006,-65.20517629690933
0.039920000000000004,-65.1973312046982
0.039925,-65.2084127461471
0.03993,-65.21918753639588
0.039935000000000005,-65.21748161363425
0.03994,-65.23378627314331
0.039945,-65.22601082519077
0.039950000000000006,-65.2418939403552
0.039955000000000004,-65.23411655997153
0.03996,-65.24969342269102
0.039965,-65.24191422400315
0.039970000000000006,-65.23985948283962
0.039975000000000004,-65.24978936426982
0.03998,-65.24201105956729
0.03998500000000001,-65.24003370530141
0.039990000000000005,-65.23218222463387
0.039995,-65.24279876944803
0.04,-65.25310871859692
0.040005000000000006,-65.25124382447952
0.040010000000000004,-65.24937922798897
0.040015,-65.24152650583521
0.04002,-65.23367688882315
0.040025000000000005,-65.24474684763358
0.04003,-65.23697387481745
0.040035,-65.2353798999742
0.040040000000000006,-65.24667316716804
0.040045000000000004,-65.23890048197488
0.04005,-65.25628931737522
0.040055,-65.2485144362203
0.040060000000000005,-65.2469155868232
0.040065,-65.23906726368844
0.04007,-65.25080548760461
0.040075000000000006,-65.24303334427859
0.040080000000000005,-65.26101397956423
0.040085,-65.25323947633012
0.04009,-65.25178877321643
0.040095000000000006,-65.26351330967009
0.040100000000000004,-65.27493015703502
0.040105,-65.27343424122913
0.04011,-65.27193850414801
0.040115000000000005,-65.28319571712304
0.04012,-65.27541633818255
0.040125,-65.29275905137933
0.040130000000000006,-65.30347541176386
0.040135000000000004,-65.30174118831688
0.04014,-65.30000727744805
0.040145,-65.2921475276311
0.040150000000000005,-65.28429092178578
0.040155,-65.2957628141794
0.04016,-65.30692700620652
0.040165000000000006,-65.30534322660641
0.040170000000000004,-65.32216901449277
0.040175,-65.31438194413298
0.04018,-65.33078351723299
0.040185000000000005,-65.32299452287636
0.040190000000000003,-65.32113841645078
0.040195,-65.33168022085026
0.04020000000000001,-65.32389201303118
0.040205000000000005,-65.32211195599133
0.04021,-65.33287874254391
0.040215,-65.32509146596685
0.040220000000000006,-65.32338697465465
0.040225000000000004,-65.31552669732217
0.04023,-65.32697333518355
0.040235,-65.31918958492686
0.040240000000000005,-65.3367852626876
0.040245,-65.32899940509103
0.04025,-65.3462833594654
0.040255000000000006,-65.35695354398008
0.040260000000000004,-65.37308703465726
0.040265,-65.37109927522401
0.04027,-65.36911195923595
0.040275000000000005,-65.37893621589114
0.04028,-65.37113944987625
0.040285,-65.36911457700982
0.040290000000000006,-65.3612448439319
0.040295000000000004,-65.35337832381354
0.0403,-65.34551492691216
0.040305,-65.33765456700003
0.040310000000000006,-65.34953293187714
0.040315000000000004,-65.3417486984012
0.04032,-65.35991866931714
0.04032500000000001,-65.35213207071882
0.040330000000000005,-65.36998860892751
0.040335,-65.3621995104982
0.04034,-65.36070671673542
0.040345000000000006,-65.35284432908152
0.040350000000000004,-65.36492576335617
0.040355,-65.35713942100357
0.04036,-65.3755801196834
0.040365000000000005,-65.36779139707816
0.04037,-65.38591778705498
0.040375,-65.39721793140322
0.040380000000000006,-65.41419214370573
0.040385000000000004,-65.43024623090557
0.04039,-65.42823235384822
0.040395,-65.42621896360234
0.040400000000000005,-65.41833952664118
0.040405,-65.41046341677456
0.04041,-65.42114185017739
0.040415000000000006,-65.41334296630208
0.040420000000000005,-65.41160123372315
0.040425,-65.40372940894821
0.04043,-65.415087361026
0.040435000000000006,-65.40729217619831
0.040440000000000004,-65.40577929190779
0.040445,-65.41735737777947
0.04045,-65.428626817997
0.040455000000000005,-65.42706830313593
0.04046,-65.44403734727588
0.040465,-65.4362355818276
0.040470000000000006,-65.43448274484412
0.040475000000000004,-65.44535752976837
0.04048,-65.43755640180058
0.040485,-65.43587856813133
0.040490000000000005,-65.44697550196074
0.040495,-65.4391751638258
0.0405,-65.43757186114097
0.040505000000000006,-65.44888985000797
0.040510000000000004,-65.45989919372535
0.040515,-65.47648816752432
0.04052,-65.47460556832914
0.040525000000000005,-65.47272336898611
0.040530000000000004,-65.46484064267925
0.040535,-65.45696115460865
0.04054000000000001,-65.44908481409861
0.040545000000000005,-65.44121153402507
0.04055,-65.43334123067619
0.040555,-65.4254738236187
0.040560000000000006,-65.43836488451666
0.040565000000000004,-65.4305728563054
0.04057,-65.45009178695312
0.040575,-65.44229697981513
0.040580000000000005,-65.44121509390006
0.040585,-65.45408002626894
0.04059,-65.44628465013686
0.040595000000000006,-65.44527373439098
0.040600000000000004,-65.45835113045328
0.040605,-65.45055540015036
0.04061,-65.47032329251701
0.040615000000000005,-65.4828505765329
0.04062,-65.48170871602086
0.040625,-65.48056696242867
0.040630000000000006,-65.4726899388842
0.040635000000000004,-65.48550260671885
0.04064,-65.49800509316985
0.040645,-65.51658536439697
0.040650000000000006,-65.51519909228449
0.040655000000000004,-65.51381307371491
0.04066,-65.525458466547
0.04066500000000001,-65.53679439374592
0.040670000000000005,-65.55382208501804
0.040675,-65.55204050781538
0.04068,-65.56818132712715
0.040685000000000006,-65.56035885151076
0.040690000000000004,-65.57607320967357
0.040695,-65.58555654948722
0.0407,-65.58338295885797
0.040705000000000005,-65.58120998027236
0.04071,-65.59053719221544
0.040715,-65.58271067049029
0.040720000000000006,-65.59749765854448
0.040725000000000004,-65.60628524188562
0.04073,-65.60387729100363
0.040735,-65.60147001162315
0.040740000000000005,-65.59356508190749
0.040745,-65.60266043618637
0.04075,-65.59483399828359
0.040755000000000006,-65.59254624560546
0.040760000000000005,-65.58464686344925
0.040765,-65.59443097392588
0.04077,-65.60390672817185
0.040775000000000006,-65.60173224779281
0.040780000000000004,-65.59955824427256
0.040785,-65.59165889662339
0.04079,-65.5837628468655
0.040795000000000005,-65.59400084468442
0.0408,-65.58618216025752
0.040805,-65.60217818627306
0.040810000000000006,-65.59435784624236
0.040815000000000004,-65.61004226340874
0.04082,-65.60222007057361
0.040825,-65.60015933346415
0.040830000000000005,-65.59226369766465
0.040835,-65.60271675134983
0.04084,-65.59489826979961
0.040845000000000006,-65.59306802667527
0.040850000000000004,-65.6037434702878
0.040855,-65.59592569113605
0.04086,-65.61250331201028
0.040865000000000005,-65.6046836305548
0.040870000000000004,-65.60284790065667
0.040875,-65.61350985232843
0.04088000000000001,-65.60569060461901
0.040885000000000005,-65.60392944988605
0.04089,-65.61481267188817
0.040895,-65.62538645661162
0.040900000000000006,-65.64139936680964
0.040905000000000004,-65.63935819272508
0.04091,-65.63731741483357
0.040915,-65.62941561994076
0.040920000000000005,-65.6395962960074
0.040925,-65.63177191269097
0.04093,-65.62984696718915
0.040935000000000006,-65.64025095757094
0.040940000000000004,-65.65034574135785
0.040945,-65.6483762602057
0.04095,-65.66378756555554
0.040955000000000005,-65.65595771402698
0.04096,-65.67094282941626
0.040965,-65.66311138024264
0.040970000000000006,-65.67778635248524
0.040975000000000004,-65.6699534034944
0.04098,-65.66763229544941
0.040985,-65.65972587495983
0.040990000000000006,-65.65182271147908
0.040995000000000004,-65.64392271370308
0.041,-65.6545373543046
0.04100500000000001,-65.6467142933239
0.041010000000000005,-65.66321215108744
0.041015,-65.67328149840247
0.04102,-65.6886231165978
0.041025000000000006,-65.7030410384197
0.041030000000000004,-65.71653519539704
0.041035,-65.71385232624304
0.04104,-65.7111701325806
0.041045000000000005,-65.70325290240893
0.04105,-65.71155190104761
0.041055,-65.703713472017
0.041060000000000006,-65.71713481067948
0.041065000000000004,-65.70929553132376
0.04107,-65.70665635121644
0.041075,-65.71495696527953
0.041080000000000005,-65.70711932986005
0.041085,-65.72054248585671
0.04109,-65.71270390228389
0.041095000000000007,-65.7100656492879
0.041100000000000005,-65.71836774408696
0.041105,-65.7105306851479
0.04111,-65.70797112189595
0.041115000000000006,-65.71650464333896
0.041120000000000004,-65.72473002366162
0.041125,-65.72212914594523
0.04113000000000001,-65.71952878422397
0.041135000000000005,-65.72760131969194
0.04114,-65.71976321105527
0.041145,-65.73288287326197
0.041150000000000006,-65.74041742899634
0.041155000000000004,-65.75238295544708
0.04116,-65.74931466352292
0.041165,-65.74624709281275
0.041170000000000005,-65.73832559225961
0.041175,-65.74548404794314
0.04118,-65.75233533503821
0.041185000000000006,-65.74927179151852
0.041190000000000004,-65.76036908954825
0.041195,-65.75252236783614
0.0412,-65.7632024263185
0.041205000000000006,-65.75535508524665
0.041210000000000004,-65.76573409178059
0.041215,-65.77121308741823
0.04122000000000001,-65.76768779905986
0.041225000000000005,-65.76416335356754
0.04123,-65.76949988828567
0.041235,-65.77453064433556
0.041240000000000006,-65.77085551870458
0.041245000000000004,-65.77953071913107
0.04125,-65.77167827333213
0.041255,-65.77994181360759
0.041260000000000005,-65.77208933263853
0.041265,-65.78005741753664
0.04127,-65.77220493980403
0.041275000000000006,-65.77987828186465
0.041280000000000004,-65.78332919052008
0.041285,-65.78985316248618
0.04129,-65.78541499352292
0.041295000000000005,-65.78097795042818
0.0413,-65.77304435800929
0.041305,-65.77614514144892
0.041310000000000006,-65.77894201449992
0.041315000000000004,-65.77452005068098
0.04132,-65.77009912084681
0.041325,-65.76216970187619
0.041330000000000006,-65.76531023368575
0.041335000000000004,-65.75746244918267
0.04134,-65.76402255399992
0.04134500000000001,-65.76664097790525
0.041350000000000005,-65.76216183981165
0.041355,-65.7676241243545
0.04136,-65.75977357164345
0.041365000000000006,-65.76483220174721
0.041370000000000004,-65.75698200674361
0.041375,-65.7617531422992
0.04138,-65.75390334168898
0.041385000000000005,-65.75838772109661
0.04139,-65.75053835129641
0.041395,-65.74565812929073
0.041400000000000006,-65.74728710977315
0.041405000000000004,-65.74861364615853
0.04141,-65.75230314467542
0.041415,-65.75506972188224
0.041420000000000005,-65.74969507334981
0.041425000000000003,-65.7443216770345
0.04143,-65.73639185528184
0.04143500000000001,-65.73669492284442
0.041440000000000005,-65.7288483472427
0.041445,-65.72361625342401
0.04145,-65.71569447617162
0.041455000000000006,-65.71674643170327
0.041460000000000004,-65.71749665468731
0.041465,-65.71240009588993
0.04147000000000001,-65.71537306903762
0.041475000000000005,-65.70753136366957
0.04148,-65.71010757254393
0.041485,-65.70226635996602
0.041490000000000006,-65.69691534034219
0.041495000000000004,-65.68899829913977
0.0415,-65.68108480073343
0.041505,-65.68225234976339
0.041510000000000005,-65.67442095358783
0.041515,-65.67835121153755
0.04152,-65.67051995786491
0.041525000000000006,-65.67416669093528
0.041530000000000004,-65.66633532860035
0.041535,-65.66969927956636
0.04154,-65.66992842573237
0.041545000000000006,-65.66466292749253
0.041550000000000004,-65.65939838532091
0.041555,-65.65148779442168
0.04156000000000001,-65.64358066855667
0.041565000000000005,-65.64465021235259
0.04157,-65.6368250940465
0.041575,-65.64062326040883
0.041580000000000006,-65.63279815883789
0.041585000000000004,-65.6277644417478
0.04159,-65.62888886075342
0.041595,-65.62106622615697
0.041600000000000005,-65.62493675404696
0.041605,-65.61711407825605
0.04161,-65.62070198496176
0.041615000000000006,-65.61287904289016
0.041620000000000004,-65.60779443885792
0.041625,-65.60876275587873
0.04163,-65.60094233490231
0.041635000000000005,-65.59594905547404
0.04164,-65.58805278155518
0.041645,-65.58976640658354
0.041650000000000006,-65.58195151823561
0.041655000000000005,-65.577210241616
0.04166,-65.57918769836222
0.041665,-65.58086360364334
0.041670000000000006,-65.58500922454802
0.041675000000000004,-65.58000575797368
0.04168,-65.57500307234311
0.04168500000000001,-65.57586611216485
0.041690000000000005,-65.56804903565735
0.041695,-65.57157056980247
0.0417,-65.57192225665962
0.041705000000000006,-65.57430325362641
0.041710000000000004,-65.56885562130668
0.041715,-65.56340898124712
0.04172,-65.5629535911807
0.041725000000000005,-65.5621988417903
0.04173,-65.56310585318205
0.041735,-65.55728804192395
0.041740000000000006,-65.55733434199294
0.041745000000000004,-65.54950994896276
0.04175,-65.5491691032443
0.041755,-65.54134571851432
0.041760000000000005,-65.53527934941168
0.041765000000000004,-65.53331692897149
0.04177,-65.52549759370025
0.04177500000000001,-65.51952853634496
0.041780000000000005,-65.51784824307562
0.041785,-65.51003300635563
0.04179,-65.51017060836121
0.041795000000000006,-65.50798857016858
0.041800000000000004,-65.5019304128118
0.041805,-65.49587338458048
0.04181000000000001,-65.48797978644977
0.041815000000000005,-65.48008975299454
0.04182,-65.47220318073505
0.041825,-65.47136866054748
0.041830000000000006,-65.46356500415853
0.041835000000000004,-65.46482453397157
0.04184,-65.45702118104121
0.041845,-65.45136957495447
0.041850000000000005,-65.44348947535647
0.041855,-65.44320989307231
0.04186,-65.4354122171182
0.041865000000000006,-65.4374084203815
0.041870000000000004,-65.42961073729101
0.041875,-65.42414745401975
0.04188,-65.42393665531898
0.041885000000000006,-65.41614136136762
0.041890000000000004,-65.41822851980112
0.041895,-65.41043320072971
0.04190000000000001,-65.40499445344034
0.041905000000000005,-65.40485235484594
0.04191,-65.39705940470009
0.041915,-65.3917143584041
0.041920000000000006,-65.39184689462142
0.041925000000000004,-65.3916807768145
0.04193,-65.38631085405925
0.041935,-65.38094168248811
0.041940000000000005,-65.37307142398237
0.041945,-65.37327269488651
0.04195,-65.3654845282352
0.041955000000000006,-65.36025712213753
0.041960000000000004,-65.3523925488401
0.041965,-65.35334698662408
0.04197,-65.34556390532313
0.041975000000000005,-65.34919819102521
0.04198,-65.34964474162412
0.041985,-65.34448336965215
0.041990000000000006,-65.33932267991345
0.041995000000000005,-65.339652808492
0.042,-65.33186786526231
0.042005,-65.32668564166471
0.042010000000000006,-65.318824389677
0.042015000000000004,-65.31990718514247
0.04202,-65.31212741882585
0.04202500000000001,-65.3159318023345
0.042030000000000005,-65.30815153183157
0.042035,-65.30315332332108
0.04204,-65.29529648145196
0.042045000000000006,-65.29691910244013
0.042050000000000004,-65.29824246160094
0.042055,-65.30190814110506
0.04206,-65.29681272789001
0.042065000000000005,-65.2917180259619
0.04207,-65.28385875466772
0.042075,-65.2760026533367
0.042080000000000006,-65.2774799278826
0.042085000000000004,-65.27865820062426
0.04209,-65.27374708008986
0.042095,-65.27727465234804
0.042100000000000005,-65.26949593658537
0.042105000000000004,-65.27263236290166
0.04211,-65.26485326953282
0.04211500000000001,-65.25968923346656
0.042120000000000005,-65.25183370892856
0.042125,-65.25295994256417
0.04213,-65.24518606033693
0.042135000000000006,-65.24904712243001
0.042140000000000004,-65.24127290250769
0.042145,-65.24485667929964
0.04215000000000001,-65.24526846874396
0.042155000000000005,-65.24010164013515
0.04216,-65.23493559698274
0.042165,-65.23523270627105
0.042170000000000006,-65.22745717317687
0.042175000000000004,-65.23021586032552
0.04218,-65.23000950497843
0.042185,-65.22463616503639
0.042190000000000005,-65.21926370854014
0.042195,-65.21140866008153
0.0422,-65.20355695563094
0.042205000000000006,-65.20420108183491
0.042210000000000004,-65.20454743225085
0.042215,-65.19936246635534
0.04222,-65.20178175108055
0.042225000000000006,-65.19400887387356
0.042230000000000004,-65.19604089592289
0.042235,-65.18826803416587
0.04224000000000001,-65.19002792695227
0.042245000000000005,-65.18225516836367
0.04225,-65.17675212998168
0.042255,-65.1689028890367
0.042260000000000006,-65.16105696300647
0.042265000000000004,-65.16164182843487
0.04227,-65.15387790211152
0.042275,-65.14879482659333
0.042280000000000005,-65.14095467851513
0.042285,-65.14229242456847
0.04229,-65.13453366416555
0.042295000000000006,-65.12970489191157
0.042300000000000004,-65.13131306457396
0.042305,-65.13262315038232
0.04231,-65.13626637418194
0.042315000000000005,-65.13117987786565
0.04232,-65.12609411839996
0.042325,-65.11825388410122
0.042330000000000007,-65.1104168474321
0.042335000000000005,-65.10258291910172
0.04234,-65.10452888661351
0.042345,-65.0967759359082
0.042350000000000006,-65.09215377105832
0.042355000000000004,-65.0943676663579
0.04236,-65.0866163773963
0.04236500000000001,-65.0820846255048
0.042370000000000005,-65.08456528033123
0.042375,-65.08674743000053
0.04238,-65.08218787262913
0.042385000000000006,-65.08704656044229
0.042390000000000004,-65.07929235385542
0.042395,-65.07454909354738
0.0424,-65.06671860945683
0.042405000000000005,-65.0690505427858
0.04241,-65.06130091947861
0.042415,-65.056809723023
0.042420000000000006,-65.05940816834006
0.042425000000000004,-65.05166023694983
0.04243,-65.05747378326765
0.042435,-65.05956406288023
0.042440000000000005,-65.06424541134207
0.042445000000000004,-65.05942447848419
0.04245,-65.05460427312437
0.04245500000000001,-65.04677195675437
0.042460000000000005,-65.0389428612586
0.042465,-65.04118611563047
0.04247,-65.03343807132639
0.042475000000000006,-65.02891848434867
0.042480000000000004,-65.03142901906834
0.042485,-65.02368288142002
0.04249000000000001,-65.02937922412804
0.042495000000000005,-65.02163240602378
0.0425,-65.01713267256665
0.042505,-65.01970067502488
0.042510000000000006,-65.02197055052034
0.042515000000000004,-65.01744348679196
0.04252,-65.02241848937805
0.042525,-65.01466918967571
0.042530000000000005,-65.01925355910011
0.042535,-65.0204230633145
0.04254,-65.01552582464913
0.042545000000000006,-65.01903697367705
0.042550000000000004,-65.0112836983411
0.042555,-65.00620478135662
0.04256,-65.00705565006601
0.042565000000000006,-65.00760994711767
0.042570000000000004,-65.00250747584995
0.042575,-64.99740589175826
0.04258000000000001,-64.98957637728101
0.042585000000000005,-64.98175024209961
0.04259,-64.97392738972817
0.042595,-64.97580717991966
0.042600000000000006,-64.96806567114261
0.042605000000000004,-64.9729219165809
0.04261,-64.96518000627812
0.042615,-64.96976045547764
0.042620000000000005,-64.96201795230932
0.042625,-64.95724277466284
0.04263,-64.94942412133055
0.042635000000000006,-64.9416086076396
0.042640000000000004,-64.94429888836491
0.042645,-64.93656407204303
0.04265,-64.94249682087406
0.042655000000000005,-64.93476122146032
0.042660000000000003,-64.93032910569534
0.042665,-64.93307739835397
0.04267000000000001,-64.93552801859208
0.042675000000000005,-64.94068643890968
0.04268,-64.93599621394708
0.042685,-64.94029889671309
0.042690000000000006,-64.94117472327851
0.042695000000000004,-64.94423537027735
0.0427,-64.93901529610545
0.04270500000000001,-64.93379619435602
0.042710000000000005,-64.92597202773138
0.042715,-64.92653502063905
0.04272,-64.91879335999343
0.042725000000000006,-64.91371839625711
0.042730000000000004,-64.90590094870284
0.042735,-64.90721979011919
0.04274,-64.89948416336875
0.042745000000000005,-64.89466502791807
0.04275,-64.89625707748263
0.042755,-64.88852394147727
0.042760000000000006,-64.88379749670835
0.042765000000000004,-64.88566155123388
0.04277,-64.88722902245338
0.042775,-64.88247739898972
0.042780000000000006,-64.87772647130885
0.042785000000000004,-64.86991614824197
0.04279,-64.8718473992476
0.04279500000000001,-64.86411839445017
0.042800000000000005,-64.86904017569866
0.042805,-64.8613107576041
0.04281,-64.8566308372944
0.042815000000000006,-64.85862724167676
0.042820000000000004,-64.86032713930979
0.042825,-64.86448297633865
0.04283000000000001,-64.85954737161192
0.042835000000000005,-64.85461257268378
0.04284,-64.84680218762517
0.042845,-64.83899509859786
0.042850000000000006,-64.83119121230159
0.042855000000000004,-64.82339043909059
0.04286,-64.82620475037164
0.042865,-64.81848457671992
0.042870000000000005,-64.81417407709179
0.042875,-64.81725525749741
0.04288,-64.8095366424185
0.042885000000000006,-64.81598559950356
0.042890000000000005,-64.80826605344248
0.042895,-64.81443758832577
0.0429,-64.81680517879943
0.042905000000000006,-64.81232690606662
0.042910000000000004,-64.80784925201577
0.042915,-64.80004878258508
0.04292000000000001,-64.80277575298366
0.042925000000000005,-64.79505611473367
0.04293,-64.79071699506389
0.042935,-64.7937115612947
0.042940000000000006,-64.78599375377992
0.042945000000000004,-64.79232751873337
0.04295,-64.79481733356702
0.042955,-64.79038124111221
0.042960000000000005,-64.78594577787095
0.042965,-64.77814744973738
0.04297,-64.7703522644586
0.042975000000000006,-64.77367563452378
0.042980000000000004,-64.76596086775017
0.042985,-64.77273134365683
0.04299,-64.76501571447453
0.042995000000000005,-64.77150859817762
0.043000000000000003,-64.76379194786465
0.043005,-64.77000792457561
0.04301000000000001,-64.76229037920659
0.043015000000000005,-64.76823013664051
0.04302,-64.77042503257847
0.043025,-64.76589086141706
0.043030000000000006,-64.770760516754
0.043035000000000004,-64.77206757199085
0.04304,-64.76723477163974
0.04304500000000001,-64.76240283534374
0.043050000000000005,-64.75460129240422
0.043055,-64.74680312980617
0.04306,-64.74895451154346
0.043065000000000006,-64.75081002216118
0.043070000000000004,-64.75517085946352
0.043075,-64.758622500151
0.04308,-64.76116502568186
0.043085000000000005,-64.75582967668993
0.04309,-64.75049541469843
0.043095,-64.74269002249805
0.043100000000000006,-64.74287496535297
0.043105000000000004,-64.73515250762499
0.04311,-64.72996466830425
0.043115,-64.73043014328232
0.043120000000000006,-64.72271112516495
0.043125000000000004,-64.71761901430074
0.04313,-64.71836378006512
0.04313500000000001,-64.71064792872387
0.043140000000000005,-64.71398854279553
0.043145,-64.70627291766961
0.04315,-64.70120861797547
0.043155000000000006,-64.69341682705291
0.043160000000000004,-64.69471808182347
0.043165,-64.68700811356412
0.04317000000000001,-64.69108743388237
0.043175000000000005,-64.69189141465813
0.04318,-64.68689889022622
0.043185,-64.68991488599107
0.043190000000000006,-64.68220140473716
0.043195000000000004,-64.67702928084111
0.0432,-64.6775251715053
0.043205,-64.67772710997222
0.043210000000000005,-64.67988152919125
0.043215,-64.67445888025726
0.04322,-64.66903723960634
0.043225000000000006,-64.66124444981551
0.043230000000000005,-64.6611448477901
0.043235,-64.66075191810383
0.04324,-64.65536077364101
0.043245000000000006,-64.65678381892343
0.043250000000000004,-64.65551270693676
0.043255,-64.65570320854735
0.04326000000000001,-64.64978851045105
0.043265000000000005,-64.64913689848792
0.04327,-64.64142042188855
0.043275,-64.63532982034951
0.043280000000000006,-64.62753689020444
0.043285000000000004,-64.6257822887979
0.04329,-64.61807331887816
0.043295,-64.61808720983453
0.043300000000000005,-64.61037925701007
0.043305,-64.60448958265796
0.04331,-64.60283235218051
0.043315000000000006,-64.60088353775822
0.043320000000000004,-64.59497724582735
0.043325,-64.5890720267266
0.04333,-64.58702786947835
0.043335000000000005,-64.58469257051682
0.043340000000000004,-64.57865827715844
0.043345,-64.5726250917362
0.04335000000000001,-64.56484291936667
0.043355000000000005,-64.5570642572502
0.04336,-64.55560778845279
0.043365,-64.54791250582107
0.043370000000000006,-64.54831923713958
0.043375000000000004,-64.54062449072322
0.04338,-64.53484283524494
0.04338500000000001,-64.53348288233198
0.043390000000000005,-64.52579112814846
0.043395,-64.52632534823397
0.0434,-64.51863404205078
0.043405000000000006,-64.51890920694943
0.043410000000000004,-64.51686976701973
0.043415,-64.51094167086629
0.04342,-64.50501457111324
0.043425000000000005,-64.50288091687514
0.04343,-64.49519039482149
0.043435,-64.48925104459384
0.043440000000000006,-64.48148388602544
0.043445000000000004,-64.47372003770587
0.04345,-64.46595940556934
0.043455,-64.46557258303504
0.043460000000000006,-64.46489405952435
0.043465000000000004,-64.4658653746933
0.04347,-64.46017110537139
0.04347500000000001,-64.45447769948576
0.043480000000000005,-64.44671626507564
0.043485,-64.43895807856266
0.04349,-64.43120304830697
0.043495000000000006,-64.423451086258
0.043500000000000004,-64.42392853685125
0.043505,-64.41625823086483
0.04351000000000001,-64.41923123360367
0.043515000000000005,-64.41156037247862
0.04352,-64.4064379115597
0.043525,-64.3986901031526
0.043530000000000006,-64.39973247673262
0.043535000000000004,-64.39206596737468
0.04354,-64.38720091818526
0.043545,-64.3885231311494
0.043550000000000005,-64.38085822593912
0.043555,-64.38495385028905
0.04356,-64.38578394531046
0.043565000000000006,-64.38082955306196
0.043570000000000005,-64.37587575615053
0.043575,-64.37660155961153
0.04358,-64.36893408509084
0.043585000000000006,-64.3722372239091
0.043590000000000004,-64.37247319471517
0.043595,-64.367319380428
0.04360000000000001,-64.36216629292346
0.043605000000000005,-64.35441833397392
0.04361,-64.34667352471806
0.043615,-64.34776861938293
0.043620000000000006,-64.34010533173593
0.043625000000000004,-64.3352602125888
0.04363,-64.33663554050138
0.043635,-64.33771856383959
0.043640000000000005,-64.33285180092771
0.043645,-64.32798565333326
0.04365,-64.32896436578642
0.043655000000000006,-64.32130160583951
0.043660000000000004,-64.32494027717529
0.043665,-64.31727718440501
0.04367,-64.32065214922204
0.043675000000000005,-64.31298854241679
0.043680000000000004,-64.31610049597886
0.043685,-64.308436488729
0.04369000000000001,-64.31128612854846
0.043695000000000005,-64.30362182809905
0.0437,-64.30620985390382
0.043705,-64.29854536163084
0.043710000000000006,-64.29333193585771
0.043715000000000004,-64.2936102192615
0.04372,-64.29359743611906
0.04372500000000001,-64.28836509029928
0.043730000000000005,-64.2831335730229
0.043735,-64.27539214597398
0.04374,-64.26765398233768
0.043745000000000006,-64.25991898977188
0.043750000000000004,-64.26124838009967
0.043755,-64.25359484538997
0.04376,-64.25769782575564
0.043765000000000005,-64.25004380603359
0.04377,-64.2538829091022
0.043775,-64.24622823659591
0.043780000000000006,-64.24133480813715
0.043785000000000004,-64.23360363313796
0.04379,-64.23529700482803
0.043795,-64.22764706567902
0.043800000000000006,-64.23223345235347
0.043805000000000004,-64.23343625312253
0.04381,-64.22861651700664
0.04381500000000001,-64.23215032381316
0.043820000000000005,-64.2324791336228
0.043825,-64.22736538249153
0.04383,-64.22973684951857
0.043835000000000006,-64.22919412702153
0.043840000000000004,-64.23034170484863
0.043845,-64.23058781717383
0.04385000000000001,-64.2299325887869
0.043855000000000005,-64.22384378228371
0.04386,-64.21775626409921
0.043865,-64.21001114734955
0.043870000000000006,-64.2078382725618
0.043875000000000004,-64.20537702761627
0.04388,-64.19932929738125
0.043885,-64.19328276792538
0.043890000000000005,-64.1855432282058
0.043895,-64.18348163546212
0.0439,-64.18113175020714
0.043905000000000007,-64.17512460770442
0.043910000000000005,-64.16911859341145
0.043915,-64.1613841186144
0.04392,-64.15365316962779
0.043925000000000006,-64.1521882277426
0.043930000000000004,-64.14454072566343
0.043935,-64.13885332612837
0.04394000000000001,-64.13112928289213
0.043945000000000005,-64.13044296330207
0.04395,-64.12280167923595
0.043955,-64.12422012913497
0.043960000000000006,-64.11657900068998
0.043965000000000004,-64.11109104163735
0.04397,-64.11050471488839
0.043975,-64.10962935018635
0.043980000000000005,-64.10412490392247
0.043985,-64.09862128794403
0.04399,-64.09090294249064
0.043995000000000006,-64.09041813357551
0.044000000000000004,-64.08278238668501
0.044005,-64.07742941350207
0.04401,-64.06971707209338
0.044015000000000006,-64.0620078144862
0.044020000000000004,-64.06277592489467
0.044025,-64.06325417576079
0.04403000000000001,-64.05820825921792
0.044035000000000005,-64.06077238876077
0.04404,-64.05314091327668
0.044045,-64.05533551363342
0.044050000000000006,-64.04770368759064
0.044055000000000004,-64.04241676611538
0.04406,-64.04241277289866
0.04406500000000001,-64.03478326478813
0.044070000000000005,-64.0371066982428
0.044075,-64.0294771249089
0.04408,-64.02422412096607
0.044085000000000006,-64.02431705204928
0.044090000000000004,-64.01668977078904
0.044095,-64.0191416411279
0.0441,-64.01875311750655
0.044105000000000005,-64.02009803340452
0.04411,-64.01453611323977
0.044115,-64.00897511830729
0.044120000000000006,-64.00126471960264
0.044125000000000004,-63.99355764974087
0.04413,-63.985853813659695
0.044135,-63.98614804656344
0.044140000000000006,-63.97852629784097
0.044145000000000004,-63.97344240021451
0.04415,-63.97402464545832
0.04415500000000001,-63.96640517990019
0.044160000000000005,-63.96950607471809
0.044165,-63.961886289753394
0.04417,-63.96472979531728
0.044175000000000006,-63.957109516538914
0.044180000000000004,-63.95969631963379
0.044185,-63.95207566271329
0.04419000000000001,-63.954406452311154
0.044195000000000005,-63.9467855263593
0.0442,-63.94154103888194
0.044205,-63.9416426637206
0.044210000000000006,-63.93402416396925
0.044215000000000004,-63.936485680062894
0.04422,-63.928867183911265
0.044225,-63.93107331527001
0.044230000000000005,-63.93050361900451
0.044235000000000003,-63.93160488499308
0.04424,-63.9259888399778
0.04424500000000001,-63.92037377945864
0.044250000000000005,-63.91267232630203
0.044255,-63.9118242712117
0.04426,-63.90420593483181
0.044265000000000006,-63.905404196708446
0.044270000000000004,-63.89778631116151
0.044275,-63.89226124793531
0.04428000000000001,-63.89151918803614
0.044285000000000005,-63.88390419404735
0.04429,-63.87847967872255
0.044295,-63.878031683515815
0.044300000000000006,-63.87041968525108
0.044305000000000004,-63.86509514283197
0.04431,-63.857406678120135
0.044315,-63.85773316327529
0.044320000000000005,-63.85012677719654
0.044325,-63.84506402066469
0.04433,-63.84567976671418
0.044335000000000006,-63.83807565937489
0.044340000000000004,-63.841217531744185
0.044345,-63.833613102236505
0.04435,-63.828583781717775
0.044355000000000006,-63.82929614790263
0.044360000000000004,-63.82972034028158
0.044365,-63.82467348842641
0.04437000000000001,-63.819627335079005
0.044375000000000005,-63.811945021626514
0.04438,-63.80426581915053
0.044385,-63.79658964102738
0.044390000000000006,-63.788916404026224
0.044395000000000004,-63.79116206048723
0.0444,-63.78356946167893
0.04440500000000001,-63.78887676629468
0.044410000000000005,-63.781283150098304
0.044415,-63.77680305703569
0.04442,-63.76913285092472
0.044425000000000006,-63.76146547917961
0.044430000000000004,-63.75380086600121
0.044435,-63.757557137716596
0.04444,-63.749972112476804
0.044445000000000005,-63.757287213177264
0.04445,-63.74970061241088
0.044455,-63.756751152499994
0.044460000000000006,-63.74916290656951
0.044465000000000005,-63.745122522271124
0.04447,-63.73745796022072
0.044475,-63.741565032716274
0.044480000000000006,-63.74538164325875
0.044485000000000004,-63.75232279358355
0.04449,-63.7583682796292
0.04449500000000001,-63.75401024669322
0.044500000000000005,-63.74965280697413
0.044505,-63.74197975095367
0.04451,-63.73430976862299
0.044515000000000006,-63.72664277478422
0.044520000000000004,-63.71897868757631
0.044525,-63.71131742834435
0.04453000000000001,-63.70365892151382
0.044535000000000005,-63.7088680540339
0.04454,-63.71378601075778
0.044545,-63.710252885398816
0.044550000000000006,-63.71871767372189
0.044555000000000004,-63.711132092003254
0.04456,-63.71921842816779
0.044565,-63.72306338569355
0.044570000000000005,-63.71916741899646
0.044575000000000004,-63.71527193311243
0.04458,-63.707604909710156
0.04458500000000001,-63.69994088309236
0.044590000000000005,-63.69227977105925
0.044595,-63.697433027397715
0.0446,-63.689851137115944
0.044605000000000006,-63.69902480506184
0.044610000000000004,-63.70368539439807
0.044615,-63.71175167632609
0.04462000000000001,-63.718922696115165
0.044625000000000005,-63.714847372732294
0.04463,-63.71077269879265
0.044635,-63.70310149527026
0.044640000000000006,-63.695433474330976
0.044645000000000004,-63.68776854648675
0.04465,-63.69239876858885
0.044655,-63.684813641448244
0.044660000000000005,-63.68119985264847
0.044665,-63.67353937960334
0.04467,-63.67891048388809
0.044675000000000006,-63.67132925199953
0.044680000000000004,-63.68079282067921
0.044685,-63.6732101816248
0.04469,-63.682405062840964
0.044695000000000006,-63.67482088981216
0.044700000000000004,-63.67131980993484
0.044705,-63.6636601411423
0.04471000000000001,-63.669365680704665
0.044715000000000005,-63.67477989185973
0.04472,-63.671411961299874
0.044725,-63.680538557878094
0.044730000000000006,-63.68507951375835
0.044735000000000004,-63.68141657990274
0.04474,-63.68938186787286
0.04474500000000001,-63.69305152363644
0.044750000000000005,-63.689094838562
0.044755,-63.68513885226465
0.04476,-63.67746872509083
0.044765000000000006,-63.669801858116955
0.044770000000000004,-63.66213815879785
0.044775,-63.65447753821335
0.04478,-63.65992828155581
0.044785000000000005,-63.65234704972563
0.04479,-63.66191686145487
0.044795,-63.65433439296245
0.044800000000000006,-63.65092836213844
0.044805000000000005,-63.643270534022214
0.04481,-63.64925590177443
0.044815,-63.65494984198324
0.044820000000000006,-63.65167642606811
0.044825000000000004,-63.64840339629829
0.04483,-63.64074515929274
0.04483500000000001,-63.6467944762101
0.044840000000000005,-63.63921528860827
0.044845,-63.64958101723519
0.04485,-63.64200044766961
0.044855000000000006,-63.65209574442816
0.044860000000000004,-63.6574473788618
0.044865,-63.66643526222249
0.04487000000000001,-63.6745283802989
0.044875000000000005,-63.68172674816423
0.04488,-63.6776568121989
0.044885,-63.673587716852765
0.044890000000000006,-63.665914869686496
0.044895000000000004,-63.658245444034605
0.0449,-63.66242438040607
0.044905,-63.654835580690246
0.044910000000000005,-63.66271580228706
0.044915000000000004,-63.65512658361224
0.04492,-63.66274217741897
0.04492500000000001,-63.66623415149055
0.044930000000000005,-63.66221904815328
0.044935,-63.6582047106033
0.04494,-63.661592171856405
0.044945000000000006,-63.65400113757176
0.044950000000000004,-63.66082904145408
0.044955,-63.653237919484035
0.04496000000000001,-63.65980376023391
0.044965000000000005,-63.65221228528747
0.04497,-63.64804908537498
0.044975,-63.640382256421034
0.044980000000000006,-63.64412910440316
0.044985000000000004,-63.63654307235563
0.04499,-63.63263458655588
0.044995,-63.63665697443627
0.045000000000000005,-63.64038970073581
0.045005,-63.63645912460593
0.04501,-63.63252921141166
0.045015000000000006,-63.62486644690891
0.045020000000000004,-63.61720689961216
0.045025,-63.62178000211507
0.04503,-63.614200518812176
0.045035000000000006,-63.62260248750558
0.045040000000000004,-63.62668633934336
0.045045,-63.62287482693727
0.04505000000000001,-63.619063918866715
0.045055000000000005,-63.61140420560505
0.04506,-63.60374765246003
0.045065,-63.60866868847165
0.045070000000000006,-63.601091929976995
0.045075000000000004,-63.597580842487446
0.04508,-63.60277212113444
0.04508500000000001,-63.59519678862221
0.045090000000000005,-63.591776710159365
0.045095,-63.597236998700026
0.0451,-63.602406674047415
0.045105000000000006,-63.59896167151154
0.045110000000000004,-63.59551712137291
0.045115,-63.60057640958927
0.04512,-63.59299972538313
0.045125000000000005,-63.60204791811741
0.04513,-63.606616705620645
0.045135,-63.60296873588046
0.045140000000000007,-63.599321340587295
0.045145000000000005,-63.591664356622125
0.04515,-63.5840105176908
0.045155,-63.576359735717
0.045160000000000006,-63.58223095186125
0.045165000000000004,-63.5746593260247
0.04517,-63.5714683422147
0.04517500000000001,-63.57760554326105
0.045180000000000005,-63.570034941075946
0.045185,-63.56693328959248
0.04519,-63.57333525545456
0.045195000000000006,-63.56576557338894
0.045200000000000004,-63.56275278108523
0.045205,-63.55510817415609
0.04521000000000001,-63.56223991987727
0.045215000000000005,-63.569079868277505
0.04522,-63.56619696117705
0.045225,-63.56331432742524
0.045230000000000006,-63.55566848246861
0.045235000000000004,-63.54802551190766
0.04524,-63.555679779842045
0.045245,-63.548114785689954
0.045250000000000005,-63.560612313177614
0.045255000000000004,-63.56776809259473
0.04526,-63.579157587383875
0.04526500000000001,-63.57615244474622
0.045270000000000005,-63.573147714068114
0.045275,-63.579516381250144
0.04528,-63.571941468988136
0.045285000000000006,-63.56891430362888
0.045290000000000004,-63.575546723575236
0.045295,-63.567973146709505
0.04530000000000001,-63.56503475743641
0.045305000000000005,-63.57192970352191
0.04531,-63.57853298325518
0.045315,-63.575567330283015
0.045320000000000006,-63.57260209898521
0.045325000000000004,-63.57908955177433
0.04533,-63.57151421353088
0.045335,-63.582462535206815
0.045340000000000005,-63.58845513827706
0.045345,-63.585282927985936
0.04535,-63.595179424650915
0.045355000000000006,-63.58759777141736
0.045360000000000004,-63.584246471465384
0.045365,-63.58992448204396
0.04537,-63.595311738746524
0.045375000000000006,-63.59193574951366
0.045380000000000004,-63.60102759922633
0.045385,-63.60554363114887
0.04539000000000001,-63.6018739243696
0.045395000000000005,-63.59820498496098
0.0454,-63.59054206989583
0.045405,-63.59542180552586
0.045410000000000006,-63.58783930835832
0.045415000000000004,-63.59665073553438
0.04542,-63.58906783465927
0.04542500000000001,-63.597613311441364
0.045430000000000005,-63.59002975324441
0.045435,-63.58636734848337
0.04544,-63.578708837153094
0.045445000000000006,-63.583932264369444
0.045450000000000004,-63.57635378173083
0.045455,-63.58562125813031
0.04546,-63.57804209629544
0.045465000000000005,-63.57456334271856
0.045470000000000003,-63.57985609182834
0.045475,-63.57227863010497
0.04548000000000001,-63.568891224261634
0.045485000000000005,-63.561239054116854
0.04549,-63.567269496996374
0.045495,-63.57300904651579
0.045500000000000006,-63.582512233695674
0.045505000000000004,-63.59112174541269
0.04551,-63.59883758942844
0.04551500000000001,-63.60565978589204
0.045520000000000005,-63.60150041181232
0.045525,-63.59734198299533
0.04553,-63.5896752808673
0.045535000000000006,-63.593103837847806
0.045540000000000004,-63.58551853723234
0.045545,-63.58150475813191
0.04555000000000001,-63.57384468646197
0.045555000000000005,-63.566187965220955
0.04556,-63.57083926860162
0.045565,-63.56326282585765
0.045570000000000006,-63.57176850705153
0.045575000000000004,-63.5641914496002
0.04558,-63.57243227785709
0.045585,-63.56485438580185
0.045590000000000006,-63.56112003060044
0.045595000000000004,-63.56564719463028
0.0456,-63.55807118157848
0.04560500000000001,-63.55442955767121
0.045610000000000005,-63.559229409633346
0.045615,-63.55165539354595
0.04562,-63.560358036543086
0.045625000000000006,-63.552783295245064
0.045630000000000004,-63.561220772689246
0.045635,-63.565332882435754
0.04564000000000001,-63.57266658062366
0.045645000000000005,-63.5791070484017
0.04565,-63.57485603077255
0.045655,-63.57060591624202
0.045660000000000006,-63.5732763490256
0.045665000000000004,-63.5656927916057
0.04567,-63.561427502991435
0.045675,-63.564379495042054
0.045680000000000005,-63.55679903454009
0.045685,-63.56304516107169
0.04569,-63.55546477932271
0.045695000000000006,-63.5614516262422
0.045700000000000005,-63.563726688584524
0.045705,-63.55931207114753
0.04571,-63.564260314710346
0.045715000000000006,-63.55667655338734
0.045720000000000004,-63.552087274218124
0.045725,-63.544428041376634
0.04573000000000001,-63.53677226488758
0.045735000000000005,-63.53971082276739
0.04574,-63.53213633402746
0.045745,-63.53836281859481
0.045750000000000006,-63.530788166617235
0.045755000000000004,-63.52655289086785
0.04576,-63.529578223324904
0.04576500000000001,-63.53231549997406
0.045770000000000005,-63.53781533696368
0.045775,-63.53333465812392
0.04578,-63.528854842965046
0.045785000000000006,-63.52120012529382
0.045790000000000004,-63.51354879531117
0.045795,-63.516472300994714
0.0458,-63.50890214050042
0.045805000000000005,-63.51510739444908
0.045810000000000003,-63.50753694844622
0.045815,-63.50329950599652
0.04582000000000001,-63.50631033059763
0.045825000000000005,-63.49874198926774
0.04583,-63.50506292889378
0.045835,-63.49749423772305
0.045840000000000006,-63.4932870204894
0.045845000000000004,-63.48564260541962
0.04585,-63.478001338909436
0.04585500000000001,-63.482046783743726
0.045860000000000005,-63.474485715431165
0.045865,-63.470693323348776
0.04587,-63.47501452165969
0.045875000000000006,-63.46745498678008
0.045880000000000004,-63.4755168114414
0.045885,-63.46795628196209
0.04589000000000001,-63.475755697538716
0.045895000000000005,-63.4793941486144
0.0459,-63.48609227199523
0.045905,-63.48191876572594
0.045910000000000006,-63.477745973390824
0.045915000000000004,-63.47010104711727
0.04592,-63.47344473837202
0.045925,-63.47650049655177
0.045930000000000006,-63.47235738582896
0.045935000000000004,-63.47834113075449
0.04594,-63.470773249864656
0.04594500000000001,-63.466454647064324
0.045950000000000005,-63.46921812461152
0.045955,-63.46165259367014
0.04596,-63.45743018484537
0.045965000000000006,-63.449789297882155
0.045970000000000004,-63.44215158883202
0.045975,-63.44614518233096
0.04598000000000001,-63.43858775352896
0.045985000000000005,-63.43478057643842
0.04599,-63.43905057719865
0.045995,-63.43149476596494
0.046000000000000006,-63.42778077964393
0.046005000000000004,-63.42014958018516
0.04601,-63.42516584182613
0.046015,-63.42989308106335
0.046020000000000005,-63.43804049125933
0.046025,-63.44529642132537
0.04603,-63.45166089746771
0.046035000000000006,-63.447405656248236
0.046040000000000005,-63.44315119740025
0.046045,-63.435508541016326
0.04605,-63.42786919931729
0.046055000000000006,-63.4202330774851
0.046060000000000004,-63.42427718302258
0.046065,-63.41672139724418
0.04607000000000001,-63.41293222711143
0.046075000000000005,-63.40530112083285
0.04608,-63.41009328894565
0.046085,-63.41459673144403
0.046090000000000006,-63.41094471919468
0.046095000000000004,-63.407293184353435
0.0461,-63.41169162121701
0.04610500000000001,-63.40413781229495
0.046110000000000005,-63.40046806991134
0.046115,-63.392839007405335
0.04612,-63.39798315367856
0.046125000000000006,-63.4028383579943
0.046130000000000004,-63.399304884524696
0.046135,-63.39577186072046
0.04614,-63.38814287209762
0.046145000000000005,-63.39336245701609
0.046150000000000004,-63.39829306738327
0.046155,-63.40671125836208
0.04616000000000001,-63.40297709635832
0.046165000000000005,-63.39924351456322
0.04617,-63.39161067913276
0.046175,-63.383980977050015
0.046180000000000006,-63.3890815058968
0.046185000000000004,-63.39389319145438
0.04619,-63.39034495820222
0.04619500000000001,-63.38679722013112
0.046200000000000005,-63.379167912912386
0.046205,-63.384344450439706
0.04621,-63.376794800079956
0.046215000000000006,-63.373387202594174
0.046220000000000004,-63.37883521452259
0.046225,-63.3839941576678
0.04623000000000001,-63.38056287902681
0.046235000000000005,-63.38934312798832
0.04624,-63.39363569910598
0.046245,-63.38991195432501
0.046250000000000006,-63.38618883109238
0.046255000000000004,-63.378556208631224
0.04626,-63.383216765545995
0.046265,-63.37566430191841
0.046270000000000006,-63.37208297006087
0.046275000000000004,-63.37701753030601
0.04628,-63.381663472584115
0.04628500000000001,-63.38970267360997
0.046290000000000005,-63.385873107781066
0.046295,-63.38204422119096
0.0463,-63.374410642563014
0.046305000000000006,-63.37875799584303
0.046310000000000004,-63.37120483504614
0.046315,-63.379300593988724
0.04632000000000001,-63.37174685373627
0.046325000000000005,-63.36799465052475
0.04633,-63.360365580623466
0.046335,-63.36526437260333
0.046340000000000006,-63.35771524504731
0.046345000000000004,-63.36654350104907
0.04635,-63.370956499478
0.046355,-63.36727515338133
0.046360000000000005,-63.36359440508316
0.046365,-63.355965097812685
0.04637,-63.360745625246565
0.046375000000000006,-63.35319637463202
0.046380000000000005,-63.34965717773254
0.046385,-63.35471137264199
0.04639,-63.34716382029
0.046395000000000006,-63.35619844611788
0.046400000000000004,-63.34864996664083
0.046405,-63.357421510044894
0.04641000000000001,-63.36179219695764
0.046415000000000005,-63.36946387226958
0.04642,-63.36554316186831
0.046425,-63.36162318597199
0.046430000000000006,-63.36522400845506
0.046435000000000004,-63.35766912355525
0.04644,-63.36477237033169
0.04644500000000001,-63.35721731142182
0.046450000000000005,-63.36406200876857
0.046455,-63.3565065180527
0.04646,-63.3524404914791
0.046465000000000006,-63.35593410774241
0.046470000000000004,-63.348380968356544
0.046475,-63.34441040447853
0.04648,-63.33678220737735
0.046485000000000005,-63.32915721846123
0.046490000000000004,-63.33387553402046
0.046495,-63.33830572047402
0.04650000000000001,-63.334633708724894
0.046505000000000005,-63.3424431898399
0.04651,-63.334893629210676
0.046515,-63.34233218811781
0.046520000000000006,-63.34570426939513
0.046525000000000004,-63.34167569724263
0.04653,-63.34807769532938
0.04653500000000001,-63.35058886478617
0.046540000000000005,-63.3557825482324
0.046545,-63.35123926555124
0.04655,-63.346696963644305
0.046555000000000006,-63.33906061220947
0.046560000000000004,-63.34128795372378
0.046565,-63.34322924251892
0.04657000000000001,-63.338721223318196
0.046575000000000005,-63.33421411971324
0.04658,-63.32658121475984
0.046585,-63.32890669008904
0.046590000000000006,-63.32135554763683
0.046595000000000004,-63.316996999975615
0.0466,-63.30937055103891
0.046605,-63.31245739435974
0.046610000000000006,-63.30491201396821
0.046615000000000004,-63.31132875244881
0.04662,-63.30378303265486
0.04662500000000001,-63.29961733183553
0.046630000000000005,-63.302794693782886
0.046635,-63.29525101304001
0.04664,-63.291181237994415
0.046645000000000006,-63.28356216376431
0.046650000000000004,-63.28749508516639
0.046655,-63.279956354161044
0.04666000000000001,-63.2874968682956
0.046665000000000005,-63.29094856310351
0.04667,-63.29739198983642
0.046675,-63.293171796203644
0.046680000000000006,-63.28895233543808
0.046685000000000004,-63.2916397701516
0.04669,-63.284095140211235
0.046695,-63.27986153738072
0.046700000000000005,-63.272241546268376
0.046705,-63.27568816610504
0.04671,-63.27884815472944
0.046715000000000007,-63.2849029202921
0.046720000000000005,-63.280586081586776
0.046725,-63.276270012168354
0.04673,-63.278667625427346
0.046735000000000006,-63.27112387723203
0.046740000000000004,-63.26679429637843
0.046745,-63.259175153089295
0.04675000000000001,-63.251559226382355
0.046755000000000005,-63.24394642518766
0.04676,-63.23633666200237
0.046765,-63.22872985275102
0.046770000000000006,-63.22112591665105
0.046775000000000004,-63.21352477608372
0.04678,-63.2059263564701
0.04678500000000001,-63.198330586151826
0.046790000000000005,-63.20525385037463
0.046795,-63.21188800836008
0.0468,-63.20896870629769
0.046805000000000006,-63.206049527488084
0.046810000000000004,-63.198451484627796
0.046815,-63.19085611096857
0.04682,-63.1832633368742
0.046825000000000006,-63.19118305202049
0.046830000000000004,-63.18366765019678
0.046835,-63.19650603204218
0.04684000000000001,-63.18898817272078
0.046845000000000005,-63.201556561213565
0.04685,-63.20878026717286
0.046855,-63.20605583505583
0.046860000000000006,-63.21757826880689
0.046865000000000004,-63.210051136820084
0.04687,-63.22119561390984
0.04687500000000001,-63.227350269557526
0.046880000000000005,-63.23739522574277
0.046885,-63.23408325134904
0.04689,-63.243297197414144
0.046895000000000006,-63.23575872012964
0.046900000000000004,-63.232269938195174
0.046905,-63.2246564213306
0.04691000000000001,-63.21704606011857
0.046915000000000005,-63.223168836555246
0.04692,-63.22900305813396
0.046925,-63.23862173635234
0.046930000000000006,-63.23520188736693
0.046935000000000004,-63.23178262937335
0.04694,-63.22416841543357
0.046945,-63.216557386918055
0.046950000000000006,-63.222557940558545
0.046955000000000004,-63.2150262761195
0.04696,-63.22531638196012
0.04696500000000001,-63.23082998699879
0.046970000000000005,-63.227527298731
0.046975,-63.23677662822367
0.04698,-63.2292387454463
0.046985000000000006,-63.225759273982504
0.046990000000000004,-63.21814637261751
0.046995,-63.210536633201116
0.04700000000000001,-63.21668593681398
0.047005000000000005,-63.20915544807369
0.04701,-63.206085139806184
0.047015,-63.21250316715067
0.047020000000000006,-63.204973945965314
0.047025000000000004,-63.2019940305019
0.04703,-63.208679536135946
0.047035,-63.21507610734532
0.047040000000000005,-63.21207120709709
0.047045000000000003,-63.22249516021373
0.04705,-63.22802562051046
0.04705500000000001,-63.23723979276767
0.047060000000000005,-63.23371695927873
0.047065,-63.230194807546326
0.04707,-63.2225782669219
0.047075000000000006,-63.22780795307112
0.047080000000000004,-63.23274981349891
0.047085,-63.229254424131526
0.04709000000000001,-63.225759683828436
0.047095000000000005,-63.230597597761786
0.0471,-63.23514800121739
0.047105,-63.23152105699697
0.047110000000000006,-63.239489925653416
0.047115000000000004,-63.231947929734844
0.04712,-63.228145496061856
0.04712500000000001,-63.232400006438965
0.047130000000000005,-63.224860371230264
0.047135,-63.23282991141128
0.04714,-63.22529004067615
0.047145000000000006,-63.22151709104139
0.047150000000000004,-63.22585559669224
0.047155,-63.2183179276056
0.04716,-63.226398626061346
0.047165000000000006,-63.23025578379913
0.047170000000000004,-63.226397323922995
0.047175,-63.233442854463775
0.04718000000000001,-63.236440281927166
0.047185000000000005,-63.232292548972964
0.04719,-63.22814570476025
0.047195,-63.22052508304143
0.047200000000000006,-63.22390124761357
0.047205000000000004,-63.22699120009996
0.04721,-63.222876373747326
0.04721500000000001,-63.2187623791712
0.047220000000000005,-63.21114457880478
0.047225,-63.20353016716821
0.04723,-63.207472357458286
0.047235000000000006,-63.211127968808725
0.047240000000000004,-63.20720539238222
0.047245,-63.203283518316816
0.04725000000000001,-63.19567100090425
0.047255000000000005,-63.1880617366747
0.04726,-63.1925647819961
0.047265,-63.185035718399135
0.047270000000000006,-63.181417669435284
0.047275000000000005,-63.17381348514528
0.04728,-63.166212328081485
0.047285,-63.15861411455366
0.047290000000000006,-63.15101876414933
0.047295000000000004,-63.14342619960542
0.0473,-63.150548543633796
0.04730500000000001,-63.157381992496276
0.047310000000000005,-63.168328129796336
0.047315,-63.16525216782524
0.04732,-63.16217653552157
0.047325000000000006,-63.15457775387967
0.047330000000000004,-63.14698187642128
0.047335,-63.15397420866538
0.04734000000000001,-63.14645671036534
0.047345000000000005,-63.14367589315485
0.04735,-63.136083465262786
0.047355,-63.128493777681925
0.047360000000000006,-63.13668029122187
0.047365000000000004,-63.129168115472424
0.04737,-63.12678879409261
0.047375,-63.13523504198756
0.047380000000000005,-63.12772276294285
0.047385000000000004,-63.12542997203857
0.04739,-63.13413474810597
0.04739500000000001,-63.1266223474031
0.047400000000000005,-63.124415671118676
0.047405,-63.13337777053565
0.04741,-63.12586522745884
0.047415000000000006,-63.123744248950615
0.047420000000000004,-63.11615716081749
0.047425,-63.10857269525798
0.04743000000000001,-63.11871088987382
0.047435000000000005,-63.12855782977626
0.04744,-63.143520673921124
0.047445,-63.141453484840746
0.047450000000000006,-63.139386411651024
0.047455000000000004,-63.13179351825205
0.04746,-63.12420340250982
0.04746500000000001,-63.13418329801137
0.047470000000000005,-63.126669915351805
0.047475,-63.14224965481522
0.04748,-63.134733836425966
0.047485000000000006,-63.13288057629559
0.047490000000000004,-63.12529038185697
0.047495,-63.13577327201616
0.0475,-63.128259568174045
0.047505000000000006,-63.14450867624083
0.047510000000000004,-63.13699245709464
0.047515,-63.13530619202338
0.04752000000000001,-63.12771575446411
0.047525000000000005,-63.13869685508817
0.04753,-63.131182668162786
0.047535,-63.1480948172674
0.047540000000000006,-63.140578036475304
0.047545000000000004,-63.13905706213005
0.04755,-63.150075164589474
0.04755500000000001,-63.14255792139193
0.047560000000000005,-63.15952022691402
0.047565,-63.170035825798095
0.04757,-63.1684100313537
0.047575000000000006,-63.166784385277374
0.047580000000000004,-63.159185568834026
0.047585,-63.1700327855108
0.04759000000000001,-63.16251063179766
0.047595000000000005,-63.179247016630875
0.0476,-63.17172263441663
0.047605,-63.170152127267876
0.047610000000000006,-63.16255392599878
0.047615000000000005,-63.15495856584
0.04762,-63.147365970401054
0.047625,-63.139776066283076
0.047630000000000006,-63.13218878296149
0.047635000000000004,-63.12460405267334
0.04764,-63.13821362583514
0.04764500000000001,-63.15152883176906
0.047650000000000005,-63.15084312784734
0.047655,-63.170474336206915
0.04766,-63.16295524805703
0.047665000000000006,-63.18218952657043
0.047670000000000004,-63.17466738521998
0.047675,-63.173722748043346
0.04768000000000001,-63.16612715269644
0.047685000000000005,-63.17932874039129
0.04769,-63.19223601749575
0.047695,-63.211283556732354
0.047700000000000006,-63.210228539779834
0.047705000000000004,-63.20917362563507
0.04771,-63.201569102754306
0.047715,-63.19396748596659
0.047720000000000005,-63.18636869635705
0.047725000000000004,-63.19983261423504
0.04773,-63.19230899606512
0.04773500000000001,-63.21252721298446
0.047740000000000005,-63.20500072603118
0.047745,-63.224930868963156
0.04775,-63.237666601085465
0.047755000000000006,-63.23677486603659
0.047760000000000004,-63.25563959825221
0.047765,-63.24810218497429
0.04777000000000001,-63.26657048116583
0.047775000000000005,-63.27820813706488
0.04778,-63.29556813873157
0.047785,-63.29407699957513
0.047790000000000006,-63.31059294711123
0.047795000000000004,-63.30304165510166
0.0478,-63.30136825313964
0.04780500000000001,-63.293743884720556
0.047810000000000005,-63.30483008787377
0.047815,-63.315622902731405
0.04782,-63.331858740288844
0.047825000000000006,-63.34720341832782
0.047830000000000004,-63.34519979579824
0.047835,-63.34319680173623
0.04784,-63.35252708194516
0.047845000000000006,-63.34496826191977
0.047850000000000004,-63.35969662818566
0.047855,-63.35213705008799
0.04786000000000001,-63.366588495182754
0.047865000000000005,-63.35902785980021
0.04787,-63.3732029552074
0.047875,-63.38161806861361
0.047880000000000006,-63.37926431858594
0.047885000000000004,-63.376911277002506
0.04789,-63.38520612508985
0.04789500000000001,-63.37764251676177
0.047900000000000005,-63.37526580369404
0.047905,-63.38381771493494
0.04791,-63.376256421859765
0.047915000000000006,-63.37396684165042
0.047920000000000004,-63.36633235079617
0.047925,-63.37560158674912
0.04793000000000001,-63.384578494254654
0.047935000000000005,-63.382415770608475
0.04794,-63.38025356018737
0.047945,-63.38910802026133
0.047950000000000007,-63.39767041169482
0.047955000000000005,-63.39536767755377
0.04796,-63.39306550677504
0.047965,-63.3854287621012
0.047970000000000006,-63.39433258676998
0.047975000000000004,-63.38677423886439
0.04798,-63.400934392545125
0.04798500000000001,-63.39337491774139
0.047990000000000005,-63.39113416531114
0.047995,-63.40008500550505
0.048,-63.408743618995224
0.048005000000000006,-63.40647337302613
0.048010000000000004,-63.419916738068125
0.048015,-63.412353118052806
0.04802000000000001,-63.42541061572927
0.048025000000000005,-63.41784588198009
0.04803,-63.415325648143444
0.048035,-63.407687080949174
0.048040000000000006,-63.40005179478403
0.048045000000000004,-63.392419696141836
0.04805,-63.40193208191329
0.048055,-63.39437767484068
0.048060000000000005,-63.39241239874664
0.048065000000000004,-63.40217561858316
0.04807,-63.411645904565
0.04807500000000001,-63.426119262168754
0.048080000000000005,-63.43970040470503
0.048085,-63.437250547017605
0.04809,-63.43480124807341
0.048095000000000006,-63.42716017322424
0.048100000000000004,-63.41952238680409
0.048105,-63.41188779502736
0.04811000000000001,-63.421284569721216
0.048115000000000005,-63.413727735746825
0.04812,-63.411722285264105
0.048125,-63.42137023275104
0.048130000000000006,-63.43072521028424
0.048135000000000004,-63.42868846924595
0.04814,-63.42665206218543
0.04814500000000001,-63.43588219089693
0.048150000000000005,-63.42832253139543
0.048155,-63.442916722247624
0.04816,-63.43535557931546
0.048165000000000006,-63.43322185041877
0.048170000000000004,-63.44249559991106
0.048175,-63.434935301111274
0.04818,-63.449587664406735
0.048185000000000006,-63.4420258618506
0.048190000000000004,-63.45640024112576
0.048195,-63.44883673874162
0.04820000000000001,-63.46293370749574
0.048205000000000005,-63.47128876408826
0.04821,-63.484277977123085
0.048215,-63.48167496173446
0.048220000000000006,-63.47907256636987
0.048225000000000004,-63.47142478014974
0.04823,-63.463780339049244
0.04823500000000001,-63.45613914708412
0.048240000000000005,-63.46509446885297
0.048245,-63.45753134081902
0.04825,-63.471760686835815
0.048255000000000006,-63.46419612168941
0.048260000000000004,-63.478148192976896
0.048265,-63.470581992256996
0.04827000000000001,-63.48425736663244
0.048275000000000005,-63.49229576478737
0.04828,-63.50486338618505
0.048285,-63.502152969848304
0.048290000000000007,-63.49944319102535
0.048295000000000005,-63.49179279151046
0.0483,-63.499507586705185
0.048305,-63.49193621269546
0.048310000000000006,-63.50451736632879
0.048315000000000004,-63.49694511162479
0.04832,-63.49429997168129
0.04832500000000001,-63.50206809615139
0.048330000000000005,-63.50954429112024
0.048335,-63.5213633620023
0.04834,-63.51846382537358
0.048345000000000006,-63.51556496764571
0.048350000000000004,-63.50791200002439
0.048355,-63.50026241076141
0.04836000000000001,-63.507883820004984
0.048365000000000005,-63.500313161632505
0.04837,-63.51276968049282
0.048375,-63.50519801856051
0.048380000000000006,-63.502522097451646
0.048385000000000004,-63.510197256722364
0.04839,-63.502626974559426
0.048395,-63.515154844799746
0.048400000000000006,-63.52233248748041
0.048405000000000004,-63.51955911060407
0.04841,-63.5310328731397
0.04841500000000001,-63.53733575500838
0.048420000000000005,-63.53426723390552
0.048425,-63.54457780326342
0.04843,-63.53699659074871
0.048435000000000006,-63.546926931993546
0.048440000000000004,-63.539345224775126
0.048445,-63.536030578056376
0.04845000000000001,-63.54181783810731
0.048455000000000005,-63.547314584372174
0.04846,-63.55649657621664
0.048465,-63.564785298665065
0.048470000000000006,-63.56099423839157
0.048475000000000004,-63.55720416035221
0.04848,-63.56125425968216
0.04848500000000001,-63.55366763089764
0.048490000000000005,-63.56137712455547
0.048495,-63.55379090860352
0.0485,-63.54991790983901
0.048505000000000006,-63.55404671518708
0.048510000000000005,-63.54646349409297
0.048515,-63.54268470619174
0.04852,-63.53502711835326
0.048525000000000006,-63.52737296481188
0.048530000000000004,-63.53271858661923
0.048535,-63.52514454201443
0.04854000000000001,-63.52177720340714
0.048545000000000005,-63.527392049956035
0.04855,-63.51982006870532
0.048555,-63.516543789310454
0.048560000000000006,-63.52242660847172
0.048565000000000004,-63.51485647885341
0.04857,-63.5116707080026
0.04857500000000001,-63.50402600447948
0.048580000000000005,-63.49638437287771
0.048585,-63.50346777415277
0.04859,-63.51025982940373
0.048595000000000006,-63.50736337127401
0.048600000000000004,-63.50446729290477
0.048605,-63.49682517291928
0.04861000000000001,-63.503967824609
0.048615000000000005,-63.49640432687663
0.048620000000000003,-63.508221325680715
0.048625,-63.51486821050737
0.04863000000000001,-63.51192182096347
0.048635000000000005,-63.522686726379405
0.04864,-63.51511605454614
0.048645,-63.51199009515226
0.048650000000000006,-63.51831982225966
0.048655000000000004,-63.5107505509984
0.04866,-63.50771431859449
0.04866500000000001,-63.51430869327359
0.048670000000000005,-63.50674095474839
0.048675,-63.5037939188527
0.04868,-63.510651705793364
0.048685000000000006,-63.51721828763169
0.048690000000000004,-63.51424450377874
0.048695,-63.511271180351926
0.04870000000000001,-63.51772300699742
0.048705000000000005,-63.523883925340336
0.04871,-63.52077309901304
0.048715,-63.530892525522425
0.048720000000000006,-63.536181591171804
0.048725000000000004,-63.532776520222924
0.04873,-63.5293721271472
0.048735,-63.52171936671149
0.048740000000000006,-63.52736818120832
0.048745000000000004,-63.53272670592976
0.04875,-63.54172225061619
0.04875500000000001,-63.53811516648047
0.048760000000000005,-63.53450883904201
0.048765,-63.5268536837685
0.04877,-63.531905419241475
0.048775000000000006,-63.52433059306842
0.048780000000000004,-63.52086480879003
0.048785,-63.51321544092928
0.04879000000000001,-63.51900719222166
0.048795000000000005,-63.52450859167143
0.0488,-63.521177415446836
0.048805,-63.530418854711414
0.048810000000000006,-63.53505016086463
0.048815000000000004,-63.531425506942206
0.04882,-63.52780157305879
0.04882500000000001,-63.52014845410305
0.048830000000000005,-63.525143702201376
0.048835,-63.52984923618389
0.04884,-63.53797402436955
0.048845000000000006,-63.54520595039312
0.048850000000000005,-63.55154504099786
0.048855,-63.547268545752274
0.04886,-63.54299306173713
0.048865000000000006,-63.54558824609815
0.048870000000000004,-63.53800481719489
0.048875,-63.53371471841892
0.04888000000000001,-63.52605656635703
0.048885000000000005,-63.518401913733605
0.04889,-63.52222824686274
0.048895,-63.52576588741558
0.048900000000000006,-63.52177722637263
0.048905000000000004,-63.517789337913605
0.04891,-63.52122462974473
0.04891500000000001,-63.513650137153306
0.048920000000000005,-63.50964578246535
0.048925,-63.50199634600234
0.04893,-63.50618310909281
0.048935000000000006,-63.510080985670164
0.048940000000000004,-63.50621554487294
0.048945,-63.513321767566794
0.04895000000000001,-63.505748846106805
0.048955000000000005,-63.50170695530835
0.048960000000000004,-63.494058694077
0.048965,-63.49813129202836
0.04897000000000001,-63.50191515809423
0.048975000000000005,-63.50880935845489
0.04898,-63.50468076830417
0.048985,-63.500552966207586
0.048990000000000006,-63.492902778701115
0.048995000000000004,-63.49639082956802
0.049,-63.49959066049341
0.04900500000000001,-63.49549228323354
0.049010000000000005,-63.49139465509861
0.049015,-63.49449383403113
0.04902,-63.48692377187646
0.049025000000000006,-63.482810295543906
0.049030000000000004,-63.475165093982035
0.049035,-63.46752312085283
0.04904000000000001,-63.47184908158654
0.049045000000000005,-63.46428732301315
0.04905,-63.47235632223621
0.049055,-63.47619651028393
0.049060000000000006,-63.472315680412706
0.049065000000000004,-63.47934310653602
0.04907,-63.47177602508105
0.049075,-63.47843226000241
0.049080000000000006,-63.47086464055011
0.049085000000000004,-63.46674215575833
0.04909,-63.45909903853201
0.04909500000000001,-63.462921420483596
0.049100000000000005,-63.46645553316812
0.049105,-63.47301525235409
0.04911,-63.468806932357325
0.049115000000000006,-63.46459938624731
0.049120000000000004,-63.45695425514052
0.049125,-63.44931243542207
0.04913000000000001,-63.44167383241536
0.049135000000000005,-63.44586172805988
0.04914,-63.43830338539517
0.049145,-63.434560417905246
0.049150000000000006,-63.439023828677065
0.049155000000000004,-63.43146717325347
0.04916,-63.43971772289614
0.04916500000000001,-63.43216016410204
0.049170000000000005,-63.44014835028934
0.049175,-63.432589711785376
0.04918,-63.440316159947066
0.049185000000000006,-63.43275655512009
0.049190000000000005,-63.440221893092925
0.049195,-63.432661429002835
0.0492,-63.439866286998274
0.049205000000000006,-63.432305064853495
0.049210000000000004,-63.439250075426806
0.049215,-63.43168819102346
0.04922000000000001,-63.427642208189575
0.049225000000000005,-63.43120812132524
0.04923,-63.43448620691605
0.049235,-63.440703929893054
0.049240000000000006,-63.436412256106955
0.049245000000000004,-63.432121398693916
0.04925,-63.42447911566182
0.04925500000000001,-63.427466375863375
0.049260000000000005,-63.41990535903323
0.049265,-63.42619348508678
0.04927,-63.41863229585353
0.049275000000000006,-63.41442271655019
0.049280000000000004,-63.40678593283419
0.049285,-63.4103365300254
0.04929000000000001,-63.40278048950806
0.049295000000000005,-63.39882674619385
0.049300000000000004,-63.39119538833195
0.049305,-63.383567107855875
0.04931000000000001,-63.375941819228814
0.049315000000000005,-63.368319440264145
0.04932,-63.374033546863444
0.049325,-63.366490142948905
0.049330000000000006,-63.36326567674216
0.049335000000000004,-63.36924869884337
0.04934,-63.36170597820915
0.04934500000000001,-63.35857161223594
0.049350000000000005,-63.350953635828546
0.049355,-63.35767156184686
0.04936,-63.36409948407681
0.049365000000000006,-63.36109693826621
0.049370000000000004,-63.35809462512385
0.049375,-63.35047514620452
0.04938000000000001,-63.357257840981376
0.049385000000000005,-63.363750478174516
0.04939,-63.360768646797546
0.049395,-63.357787085832356
0.049400000000000006,-63.35016636677628
0.049405000000000004,-63.342548497559235
0.04941,-63.334933401547
0.049415,-63.34271113245272
0.049420000000000006,-63.33517378498795
0.049425000000000004,-63.34782885025692
0.04943,-63.3551113980714
0.04943500000000001,-63.352393832867655
0.049440000000000005,-63.34967649421184
0.049445,-63.356843177267365
0.04945,-63.349299404514
0.049455000000000006,-63.34655905710938
0.049460000000000004,-63.33894057187404
0.049465,-63.34683410165746
0.04947000000000001,-63.3392935307579
0.049475000000000005,-63.33679752962418
0.04948,-63.34494996998397
0.049485,-63.352811264506855
0.049490000000000006,-63.36513492794545
0.049495000000000004,-63.3623838235517
0.0495,-63.35963306686563
0.04950500000000001,-63.36670975170022
0.049510000000000005,-63.37349605544328
0.049515,-63.37060751207011
0.04952,-63.38155494641792
0.049525000000000007,-63.374000992237015
0.049530000000000005,-63.384569252132
0.049535,-63.377014130700154
0.04954,-63.38731519265623
0.049545000000000006,-63.37975900112604
0.049550000000000004,-63.376556172343534
0.049555,-63.38262839740195
0.04956000000000001,-63.37507384253489
0.049565000000000005,-63.38546513085086
0.04957,-63.37790976279741
0.049575,-63.37473008153705
0.049580000000000006,-63.38086985757894
0.049585000000000004,-63.37331604846883
0.04959,-63.37022700937036
0.04959500000000001,-63.36259874189167
0.049600000000000005,-63.354973562790256
0.049605,-63.34735138608603
0.04961,-63.35515578251653
0.049615000000000006,-63.362669257721755
0.049620000000000004,-63.374530304868685
0.049625,-63.371660895874136
0.04963000000000001,-63.36879191944567
0.049635000000000006,-63.36116430782308
0.049640000000000004,-63.35353976531927
0.049645,-63.36120128620424
0.04965000000000001,-63.35365509454695
0.049655000000000005,-63.35107818026663
0.04966,-63.35899965222412
0.049665,-63.351454259674824
0.049670000000000006,-63.34896451059798
0.049675000000000004,-63.341344732764384
0.04968,-63.349987792915506
0.04968500000000001,-63.342445650146125
0.049690000000000005,-63.35625371115667
0.049695,-63.34870960505288
0.0497,-63.362243056509
0.049705000000000006,-63.35469686728582
0.049710000000000004,-63.35230917806064
0.049715,-63.34468846261591
0.04972000000000001,-63.353637584564574
0.049725000000000005,-63.34609439967787
0.04973,-63.3439486249624
0.049735,-63.35315163436177
0.049740000000000006,-63.362062538421284
0.049745000000000004,-63.37578672020268
0.04975,-63.37338386925873
0.049755,-63.3709813592138
0.049760000000000006,-63.36335471321565
0.049765000000000004,-63.371939384335434
0.04977,-63.36439072143255
0.04977500000000001,-63.378123092291666
0.049780000000000005,-63.37057279186186
0.049785,-63.3840304183451
0.04979,-63.37647831725579
0.049795000000000006,-63.389661777269446
0.049800000000000004,-63.382107995442524
0.049805,-63.379627259202
0.04981000000000001,-63.38785084352014
0.049815000000000005,-63.3802979995221
0.04982,-63.377904157648395
0.049825,-63.370277328253614
0.049830000000000006,-63.37922019662777
0.049835000000000004,-63.37167113113816
0.04984,-63.36951946079686
0.04984500000000001,-63.36189640811808
0.049850000000000005,-63.3715535364138
0.049855000000000003,-63.36400769876519
0.04986,-63.3791660654586
0.04986500000000001,-63.388321353809616
0.049870000000000005,-63.4023726293532
0.049875,-63.41553207906296
0.04988,-63.41298068137254
0.049885000000000006,-63.41042978909904
0.049890000000000004,-63.40279370630131
0.049895,-63.395160830029845
0.04990000000000001,-63.40378464646087
0.049905000000000005,-63.39622991712898
0.04991,-63.39396821887172
0.049915,-63.402847056185905
0.049920000000000006,-63.39529332967165
0.049925000000000004,-63.39311726997821
0.04993,-63.402249909015076
0.04993500000000001,-63.39469703651319
0.049940000000000005,-63.392606114696456
0.049945,-63.384979393383446
0.04995,-63.39482474250812
0.049955000000000006,-63.387275214592634
0.049960000000000004,-63.385423996434575
0.049965,-63.39551857899061
0.04997000000000001,-63.38796935656488
0.049975000000000006,-63.40371064949664
0.049980000000000004,-63.39615933477336
0.049985,-63.411620671875426
0.04999000000000001,-63.404067131943485
0.049995000000000005,-63.41924907498472
0.05,-63.428419691338405
0.050005,-63.426321403090924
0.050010000000000006,-63.4242234634538
0.050015000000000004,-63.41658907636102
0.05002,-63.42609625164994
0.05002500000000001,-63.418539511511256
0.050030000000000005,-63.41657088780151
0.050035,-63.426328643932685
0.05004,-63.418772663963395
0.050045000000000006,-63.41688804064688
0.050050000000000004,-63.40925841428278
0.050055,-63.41972424718186
0.05006000000000001,-63.412171518695324
0.050065000000000005,-63.41052499122671
0.05007,-63.42123685556656
0.050075,-63.41368433902051
0.050080000000000006,-63.43024777628241
0.050085000000000005,-63.440453426339076
0.05009,-63.43870087941696
0.050095,-63.43694856806789
0.050100000000000006,-63.44702541525835
0.050105000000000004,-63.43946614180654
0.05011,-63.43768571027017
0.05011500000000001,-63.43005294850868
0.050120000000000005,-63.42242313334436
0.050125,-63.433662550824515
0.05013,-63.44460755102414
0.050135000000000006,-63.44310266631429
0.050140000000000004,-63.441597925479435
0.050145,-63.433965822145325
0.05015000000000001,-63.426336620885465
0.050155000000000005,-63.43806263989679
0.05016,-63.43050955059731
0.050165,-63.429282762112805
0.050170000000000006,-63.44124860289217
0.050175000000000004,-63.45291935117807
0.05018,-63.47032655044605
0.05018500000000001,-63.48684050461952
0.050190000000000005,-63.4851231721732
0.050195000000000004,-63.483406165697325
0.0502,-63.49360509229787
0.05020500000000001,-63.486037289289065
0.050210000000000005,-63.5019226069465
0.050215,-63.49435324570164
0.05022,-63.49253598534548
0.050225000000000006,-63.48489309184504
0.050230000000000004,-63.49558567541569
0.050235,-63.4880198884706
0.05024000000000001,-63.504561312381156
0.050245000000000005,-63.49699369585755
0.05025,-63.51325179605291
0.050255,-63.523224183018385
0.050260000000000006,-63.538371186451364
0.050265000000000004,-63.536304002160946
0.05027,-63.53423731969793
0.05027500000000001,-63.5265847331577
0.050280000000000005,-63.518935420989315
0.050285,-63.529030295058696
0.05029,-63.521458549169964
0.050295000000000006,-63.53720630371673
0.050300000000000004,-63.52963299331179
0.050305,-63.545098877244136
0.05031000000000001,-63.53752379711586
0.050315000000000006,-63.535597365516224
0.050320000000000004,-63.545516806013346
0.050325,-63.53794263025262
0.05033000000000001,-63.55345758032831
0.050335000000000005,-63.56287139887722
0.05034,-63.56084096702247
0.050345,-63.57529316690048
0.050350000000000006,-63.56771142612151
0.050355000000000004,-63.56549878325427
0.05036,-63.55784343225159
0.05036500000000001,-63.56738189132949
0.050370000000000005,-63.55980447345428
0.050375,-63.55783251651913
0.05038,-63.5676199630433
0.050385000000000006,-63.57711329044543
0.050390000000000004,-63.57510923858617
0.050395,-63.57310559071997
0.05040000000000001,-63.56545122484948
0.050405000000000005,-63.557800021022786
0.05041,-63.55015189048894
0.050415,-63.56089513183695
0.050420000000000006,-63.55332388518735
0.050425000000000005,-63.551757405846786
0.05043,-63.562743867201874
0.050435,-63.555172961174044
0.050440000000000006,-63.57210625881533
0.050445000000000004,-63.56453323213263
0.05045,-63.58118131262672
0.05045500000000001,-63.57360601725629
0.050460000000000005,-63.57197466655787
0.050465,-63.56432575415721
0.05047,-63.556679793775366
0.050475000000000006,-63.56839352130828
0.050480000000000004,-63.56082376018326
0.050485,-63.57872425780618
0.05049000000000001,-63.57115209777919
0.050495000000000005,-63.5698360071999
0.0505,-63.562190301429546
0.050505,-63.57438140105124
0.050510000000000006,-63.58627627942346
0.050515000000000004,-63.60398664282402
0.05052,-63.60255972182405
0.05052500000000001,-63.601133010198055
0.050530000000000005,-63.5934793859886
0.050535000000000004,-63.605022976046726
0.05054,-63.59744587739776
0.05054500000000001,-63.59614227538374
0.050550000000000005,-63.5884920441898
0.050555,-63.60072921856609
0.05056,-63.59315497198726
0.050565000000000006,-63.59208437179444
0.050570000000000004,-63.60455721765555
0.050575,-63.61673338798453
0.05058000000000001,-63.634820135125835
0.050585000000000005,-63.6334838810928
0.05059,-63.63214784903509
0.050595,-63.6244897715668
0.050600000000000006,-63.61683472416915
0.050605000000000004,-63.609182623301606
0.05061,-63.62191297635022
0.05061500000000001,-63.614336579127524
0.050620000000000005,-63.61342890608367
0.050625,-63.605779515015854
0.05063,-63.619194874727654
0.050635000000000006,-63.63231264971104
0.050640000000000004,-63.6516548154878
0.050645,-63.670100947704974
0.05065000000000001,-63.66885044031512
0.050655000000000006,-63.66760017844576
0.050660000000000004,-63.659936784301145
0.050665,-63.672024907266184
0.05067000000000001,-63.664437914999226
0.050675000000000005,-63.66330925604796
0.05068,-63.655649440072146
0.050685,-63.66842665267942
0.050690000000000006,-63.66084267931461
0.050695000000000004,-63.68016183735162
0.0507,-63.67257545384196
0.05070500000000001,-63.691602102171295
0.050710000000000005,-63.684013162092405
0.050715,-63.7027478432453
0.05072,-63.69515647592376
0.050725000000000006,-63.69403442091279
0.050730000000000004,-63.68637001394931
0.050735,-63.67870859530996
0.05074000000000001,-63.69196669326966
0.050745000000000005,-63.704926827693455
0.05075,-63.70407233621842
0.050755,-63.7032179350397
0.050760000000000007,-63.71603455684253
0.050765000000000005,-63.72855342250267
0.05077,-63.747101825848965
0.050775,-63.74586840174323
0.050780000000000006,-63.744635276910245
0.050785000000000004,-63.73696086086253
0.05079,-63.72928958997346
0.05079500000000001,-63.72162137625329
0.050800000000000005,-63.713956135158654
0.050805,-63.706293785457426
0.05081,-63.72026274092624
0.050815000000000006,-63.71267539833011
0.050820000000000004,-63.7121731705939
0.050825,-63.70451313958353
0.05083000000000001,-63.719157314729756
0.050835000000000005,-63.73350215009044
0.05084,-63.733109578179395
0.050845,-63.73271692792934
0.050850000000000006,-63.74691208216264
0.050855000000000004,-63.739320209899944
0.05086,-63.738890402552116
0.05086500000000001,-63.75331037211451
0.050870000000000005,-63.7457179972801
0.050875000000000004,-63.74536277816696
0.05088,-63.73769793261792
0.05088500000000001,-63.730035850684565
0.050890000000000005,-63.74557457913545
0.050895,-63.760813015884544
0.0509,-63.782986589399165
0.050905000000000006,-63.78266125499612
0.050910000000000004,-63.78233590895326
0.050915,-63.774663577415026
0.05092000000000001,-63.78952441753295
0.050925000000000005,-63.781926803311194
0.05093,-63.804021498303285
0.050935,-63.79642102842814
0.050940000000000006,-63.79613161704251
0.050945000000000004,-63.810987754657546
0.05095,-63.803386644569024
0.05095500000000001,-63.82547601438963
0.050960000000000005,-63.81787212420251
0.050965,-63.83966023780644
0.05097,-63.83205342758434
0.050975000000000006,-63.831682656374426
0.050980000000000004,-63.846308008709606
0.050985,-63.86063313898976
0.05099000000000001,-63.86021978782173
0.050995000000000006,-63.85980653932957
0.051000000000000004,-63.87398048297218
0.051005,-63.86636788393286
0.05101000000000001,-63.865917313891714
0.051015000000000005,-63.85823262633096
0.05102,-63.873078865257035
0.051025,-63.88762450520349
0.051030000000000006,-63.908880415451854
0.051035000000000004,-63.908309617654766
0.05104,-63.907739015056734
0.05104500000000001,-63.92145858485632
0.051050000000000005,-63.91383815862768
0.051055,-63.93442049526435
0.05106,-63.94761517113894
0.051065000000000006,-63.94681442897468
0.051070000000000004,-63.94601398631556
0.051075,-63.95906069274634
0.05108000000000001,-63.97180773314715
0.051085000000000005,-63.97085499903693
0.05109,-63.98975711156222
0.051095,-63.98212339051268
0.051100000000000007,-64.00061732550111
0.051105000000000005,-63.99298189664481
0.05111,-63.99176643636978
0.051115,-63.984058537082795
0.051120000000000006,-63.996670448312464
0.051125000000000004,-63.989039119997756
0.05113,-63.9880554087961
0.05113500000000001,-63.98035185334914
0.051140000000000005,-63.972651447369955
0.051145,-63.9649541028375
0.05115,-63.97914919055825
0.051155000000000006,-63.993043492637234
0.051160000000000004,-63.99247634192822
0.051165,-63.991909288426505
0.05117000000000001,-63.98420920722362
0.051175000000000005,-63.99840223055674
0.05118,-63.99077737559634
0.051185,-63.99032472254365
0.051190000000000006,-64.00473990104544
0.051195000000000004,-63.99711486653481
0.0512,-63.99673611480056
0.05120500000000001,-63.98903882121489
0.051210000000000006,-63.981344389075005
0.051215000000000004,-63.99687560560113
0.05122,-63.989255362397515
0.05122500000000001,-63.98925166253048
0.051230000000000005,-64.00499860602518
0.051235,-64.02044325528328
0.05124,-64.04290051572318
0.051245000000000006,-64.04262094854637
0.051250000000000004,-64.04234141519102
0.051255,-64.05695268392351
0.05126000000000001,-64.07126226239757
0.051265000000000005,-64.0708263688298
0.05127,-64.07039059756282
0.051275,-64.08454606949766
0.051280000000000006,-64.09840004643407
0.051285000000000004,-64.11874126233623
0.05129,-64.1179202041166
0.05129500000000001,-64.11709946297206
0.051300000000000005,-64.10937827066974
0.051305,-64.12285580744327
0.05131,-64.11521063983096
0.051315000000000006,-64.13547680533357
0.051320000000000005,-64.12782964357108
0.051325,-64.12704790893127
0.05133000000000001,-64.1405238446191
0.051335000000000006,-64.13287705805503
0.051340000000000004,-64.15314141217974
0.051345,-64.16608939630798
0.05135000000000001,-64.16518871202832
0.051355000000000005,-64.16428834244569
0.05136,-64.15656184933574
0.051365,-64.16981197476031
0.051370000000000006,-64.18276078087
0.051375000000000004,-64.18185960089357
0.05138,-64.20103501145265
0.05138500000000001,-64.1933776897272
0.051390000000000005,-64.19228747762384
0.051395,-64.18455766878114
0.0514,-64.19758481471213
0.051405000000000006,-64.21031063746429
0.051410000000000004,-64.2291514824831
0.051415,-64.24708836109158
0.05142000000000001,-64.2456509939541
0.051425000000000005,-64.24421415436603
0.051430000000000003,-64.25543741710787
0.051435,-64.24777060043539
0.05144000000000001,-64.24630024093524
0.051445000000000005,-64.23856115377343
0.05145,-64.25047337312618
0.05145500000000001,-64.24281123125286
0.051460000000000006,-64.24157346099796
0.051465000000000004,-64.2338389347904
0.05147,-64.22610758813923
0.05147500000000001,-64.21837933198442
0.051480000000000005,-64.21065408075414
0.051485,-64.22460514276253
0.05149,-64.21695507449869
0.051495000000000006,-64.21640460181203
0.051500000000000004,-64.20868205153172
0.051505,-64.20096232659051
0.05151000000000001,-64.2160311625391
0.051515000000000005,-64.20838575948203
0.05152,-64.23076801130766
0.051525,-64.22311944096082
0.051530000000000006,-64.22286496560764
0.051535000000000004,-64.2379182882097
0.05154,-64.25266827455128
0.05154500000000001,-64.25236792553908
0.051550000000000006,-64.25206753281081
0.051555000000000004,-64.24433974019786
0.05156,-64.23661481167885
0.05156500000000001,-64.228892670572
0.051570000000000005,-64.24482506597244
0.051575,-64.26045332472349
0.05158,-64.26044665733276
0.051585000000000006,-64.2831878120476
0.051590000000000004,-64.27553035644694
0.051595,-64.29784937733878
0.05160000000000001,-64.31233238052599
0.051605000000000005,-64.31193554202675
0.05161,-64.31153878682218
0.051615,-64.32586320854247
0.051620000000000006,-64.31819681863001
0.051625000000000004,-64.33959443525161
0.05163,-64.33192564514513
0.05163500000000001,-64.35301641427529
0.051640000000000005,-64.36657609128159
0.051645,-64.36586422411303
0.05165,-64.36515260315642
0.051655000000000006,-64.35740349269771
0.051660000000000005,-64.37125847727087
0.051665,-64.38481020980221
0.05167000000000001,-64.4047574176532
0.051675000000000006,-64.40381115004888
0.051680000000000004,-64.40286523245462
0.051685,-64.41558306605292
0.05169000000000001,-64.4279983077021
0.051695000000000005,-64.42689752932583
0.0517,-64.44536978015576
0.051705,-64.43768051914095
0.051710000000000006,-64.43639019015646
0.051715000000000004,-64.42862849267055
0.05172,-64.44112078757954
0.05172500000000001,-64.45331050517659
0.051730000000000005,-64.45213298507694
0.051735,-64.470305279645
0.05174,-64.46261379912818
0.051745000000000006,-64.48037207929974
0.051750000000000004,-64.49142877926576
0.051755,-64.48986780091305
0.05176000000000001,-64.50653327703851
0.051765000000000005,-64.49883422842018
0.051770000000000004,-64.5150887732122
0.051775,-64.5073885700091
0.05178000000000001,-64.52334619525648
0.051785000000000005,-64.51564488692571
0.05179,-64.5313061934762
0.05179500000000001,-64.54078925586126
0.051800000000000006,-64.5386973244998
0.051805000000000004,-64.53660610698873
0.05181,-64.52882652200827
0.05181500000000001,-64.52105050737798
0.051820000000000005,-64.5313114820668
0.051825,-64.52361341833664
0.05183,-64.53961255455492
0.051835000000000006,-64.5319133889696
0.051840000000000004,-64.53002563761494
0.051845,-64.5402995410744
0.05185000000000001,-64.53260174626246
0.051855000000000005,-64.54861785866166
0.05186,-64.54091885036318
0.051865,-64.53903539603168
0.051870000000000006,-64.54932188604013
0.051875000000000004,-64.54162411286588
0.05188,-64.5576568336243
0.05188500000000001,-64.54995775512351
0.051890000000000006,-64.54807834391897
0.051895000000000004,-64.55837709005895
0.0519,-64.55067913518663
0.05190500000000001,-64.5488792233697
0.051910000000000005,-64.55941259702199
0.051915,-64.5517158843504
0.05192,-64.56807658039398
0.051925000000000006,-64.57808439281692
0.051930000000000004,-64.57616983584582
0.051935,-64.57425572822491
0.05194000000000001,-64.56647940389038
0.051945000000000005,-64.55870634488132
0.05195,-64.55093645895742
0.051955,-64.56217341986031
0.051960000000000006,-64.5731080343531
0.051965000000000004,-64.57150610756317
0.05197,-64.58800795890656
0.05197500000000001,-64.58030806355372
0.051980000000000005,-64.578516746729
0.051985,-64.57074351938766
0.05199,-64.56297341518454
0.051995000000000006,-64.55520634745776
0.052000000000000005,-64.56713815150661
0.052005,-64.55944725100731
0.05201000000000001,-64.57766649663692
0.052015000000000006,-64.56997326483702
0.052020000000000004,-64.5686443581795
0.052025,-64.5608778062075
0.05203000000000001,-64.57326328237856
0.052035000000000005,-64.56557259151883
0.05204,-64.58439532286617
0.052045,-64.59624865529776
0.052050000000000006,-64.6139352202104
0.052055000000000004,-64.63071265007514
0.05206,-64.62895431901893
0.05206500000000001,-64.62719639210567
0.052070000000000005,-64.63753694784084
0.052075,-64.6298294499619
0.05208,-64.62803702608464
0.052085000000000006,-64.6202566292667
0.052090000000000004,-64.63128788735551
0.052095,-64.62358450243842
0.05210000000000001,-64.62202491192559
0.052105000000000005,-64.63328645201305
0.052110000000000004,-64.62558379822401
0.052115,-64.62410141098728
0.05212000000000001,-64.63559209690533
0.052125000000000005,-64.6278900211555
0.05213,-64.626484361764
0.05213500000000001,-64.63820306233563
0.052140000000000006,-64.64961846993378
0.052145000000000004,-64.64817116717423
0.05215,-64.64672409689393
0.05215500000000001,-64.63894428583669
0.052160000000000005,-64.65066460029493
0.052165,-64.66208153268649
0.05217,-64.67918924679577
0.052175000000000006,-64.69538700377049
0.052180000000000004,-64.71067470851669
0.052185,-64.70853310713207
0.05219000000000001,-64.70639209432696
0.052195000000000005,-64.6985962956727
0.0522,-64.6908039092325
0.052205,-64.6830148370796
0.052210000000000006,-64.69361556918618
0.052215000000000004,-64.68590379833732
0.05222,-64.68419507269748
0.05222500000000001,-64.69502746755447
0.052230000000000006,-64.68731661361602
0.052235000000000004,-64.70407824195543
0.05224,-64.71438163648583
0.05224500000000001,-64.7125559279688
0.052250000000000005,-64.71073060063937
0.052255,-64.72088676660611
0.05226,-64.71317026116625
0.052265000000000006,-64.71131022133535
0.052270000000000004,-64.72169989357691
0.052275,-64.71398455504118
0.05228000000000001,-64.73015831109637
0.052285000000000005,-64.722441395938
0.05229,-64.73831541606327
0.052295,-64.73059671366684
0.052300000000000006,-64.74617160515275
0.052305000000000004,-64.75558367229742
0.05231,-64.77002242590488
0.05231500000000001,-64.76766315029182
0.052320000000000005,-64.76530448918726
0.052325,-64.75750158110695
0.05233,-64.76654973508104
0.052335000000000007,-64.75882523444542
0.052340000000000005,-64.75659057391316
0.052345,-64.76587704328101
0.05235000000000001,-64.75815420500336
0.052355000000000006,-64.7728620817225
0.052360000000000004,-64.78162352413227
0.052365,-64.77927599357794
0.05237000000000001,-64.7769290081859
0.052375000000000005,-64.78554862685039
0.05238,-64.77782169433797
0.052385,-64.79164344018136
0.052390000000000006,-64.78391556748495
0.052395000000000004,-64.79744238546648
0.0524,-64.78971331234622
0.05240500000000001,-64.80294583219182
0.052410000000000005,-64.81060025744554
0.052415,-64.8226979273625
0.05242,-64.83388436379309
0.052425000000000006,-64.83070175943958
0.052430000000000004,-64.84102471566547
0.052435,-64.84641078309478
0.05244000000000001,-64.8554873689336
0.052445000000000006,-64.85177164169053
0.052450000000000004,-64.84805701145348
0.052455,-64.85263288719352
0.05246000000000001,-64.8448871918225
0.052465000000000005,-64.8533340942971
0.05247,-64.85739937250868
0.05247500000000001,-64.85347192405996
0.052480000000000006,-64.8608400382935
0.052485000000000004,-64.85309222253386
0.05249,-64.84898221979611
0.05249500000000001,-64.84116016881632
0.052500000000000005,-64.84536535882734
0.052505,-64.84927222991266
0.05251,-64.8452950875907
0.052515000000000006,-64.85245124405343
0.052520000000000004,-64.84470782133113
0.052525,-64.84054802608483
0.05253000000000001,-64.8441235260328
0.052535000000000005,-64.83638347784684
0.05254,-64.84349740827955
0.052545,-64.83575781799786
0.052550000000000006,-64.83161870962702
0.052555000000000004,-64.83524871898695
0.05256,-64.83858097590328
0.05256500000000001,-64.84491709666857
0.052570000000000006,-64.84052063353883
0.052575000000000004,-64.83612521549111
0.05258,-64.82830747576979
0.05258500000000001,-64.82049340701835
0.052590000000000005,-64.81268290122753
0.052595,-64.81663709346363
0.0526,-64.82029338987678
0.052605000000000006,-64.81623967667188
0.052610000000000004,-64.82305874023137
0.052615,-64.82582273433955
0.05262000000000001,-64.82146881318633
0.052625000000000005,-64.81711581491805
0.05263,-64.80930409465506
0.052635,-64.81242525959382
0.052640000000000006,-64.81524927142085
0.052645000000000004,-64.81091755405771
0.05265,-64.81662871957884
0.05265500000000001,-64.8185627931645
0.052660000000000005,-64.8139319279054
0.052665000000000003,-64.80930205481792
0.05267,-64.80149006971887
0.05267500000000001,-64.80378671081876
0.052680000000000005,-64.79605662208807
0.052685,-64.80146596335841
0.05269000000000001,-64.80326024431866
0.052695000000000006,-64.8075430917165
0.052700000000000004,-64.80263799378574
0.052705,-64.7977339532262
0.05271000000000001,-64.78992227433734
0.052715000000000005,-64.78211420892171
0.05272,-64.77430965120075
0.052725,-64.77674325142935
0.052730000000000006,-64.77888054101285
0.052735000000000004,-64.77432448888496
0.05274,-64.76976925171886
0.05274500000000001,-64.77179196396207
0.052750000000000005,-64.76406844986158
0.052755,-64.76911143079109
0.05276,-64.76138801548886
0.052765000000000006,-64.75674329432968
0.052770000000000004,-64.7588329235688
0.052775,-64.76062666288595
0.05278000000000001,-64.75595749823498
0.052785000000000006,-64.7512891635293
0.052790000000000004,-64.7529699811139
0.052795,-64.7452487838276
0.05280000000000001,-64.74983629402952
0.052805000000000005,-64.74211525206431
0.05281,-64.73735850657067
0.05281500000000001,-64.73910910461466
0.052820000000000006,-64.74056424197336
0.052825000000000004,-64.74439187104291
0.05283,-64.73938160177984
0.05283500000000001,-64.73437229081124
0.052840000000000005,-64.73503649126965
0.052845,-64.7354061881133
0.05285,-64.73778746188165
0.052855000000000006,-64.73241361906285
0.052860000000000004,-64.72704088080921
0.052865,-64.72662456164272
0.05287000000000001,-64.71890131401044
0.052875000000000005,-64.71351266699703
0.05288,-64.71337997195909
0.052885,-64.70566058639295
0.052890000000000006,-64.70036896503852
0.052895000000000005,-64.70051863855902
0.0529,-64.69280280486625
0.05290500000000001,-64.68760759640182
0.052910000000000006,-64.68803839140769
0.052915000000000004,-64.68032582938231
0.05292,-64.67522644240113
0.05292500000000001,-64.66743799817691
0.052930000000000005,-64.6686282089032
0.052935,-64.66952393716033
0.05294,-64.66456463173577
0.052945000000000006,-64.66770225096761
0.052950000000000004,-64.66771603915677
0.052955,-64.66246025830736
0.05296000000000001,-64.65720539985111
0.052965000000000005,-64.6494161610409
0.05297,-64.64980664335965
0.052975,-64.64209986737977
0.052980000000000006,-64.63699088358365
0.052985000000000004,-64.6376618250416
0.05299,-64.62995793890585
0.05299500000000001,-64.63319723925366
0.053000000000000005,-64.62549340732897
0.053005000000000004,-64.62041268892276
0.05301,-64.62116301622852
0.05301500000000001,-64.62161957120877
0.053020000000000005,-64.61651731821898
0.053025,-64.6114158761979
0.05303000000000001,-64.60363512656937
0.053035000000000006,-64.59585764776216
0.053040000000000004,-64.59716822417458
0.053045,-64.58947236838459
0.05305000000000001,-64.59356048874521
0.053055000000000005,-64.58586431513851
0.05306,-64.58100144029724
0.053065,-64.5732288960626
0.053070000000000006,-64.57509298286894
0.053075000000000004,-64.57666266985632
0.05308,-64.5806353917281
0.05308500000000001,-64.5756814433861
0.053090000000000005,-64.57072824876371
0.053095,-64.562953669471
0.0531,-64.56421502868015
0.053105000000000006,-64.55652217624352
0.053110000000000004,-64.55171270416217
0.053115,-64.54394382787139
0.05312000000000001,-64.5361780345957
0.053125000000000006,-64.53867077281123
0.053130000000000004,-64.53098570004305
0.053135,-64.52659169905192
0.05314000000000001,-64.51883059703309
0.053145000000000005,-64.5110723893076
0.05315,-64.50331699814629
0.05315500000000001,-64.49556434886397
0.053160000000000006,-64.5002214073088
0.053165000000000004,-64.49254782533778
0.05317,-64.5010822088608
0.05317500000000001,-64.49340684572896
0.053180000000000005,-64.48967060882207
0.053185,-64.49438074339103
0.05319,-64.49879461080809
0.053195000000000006,-64.50655529766428
0.053200000000000004,-64.51340975016237
0.053205,-64.5193580021675
0.05321000000000001,-64.52440010010261
0.053215000000000005,-64.5197165758517
0.05322,-64.51503385465223
0.053225,-64.51661633297368
0.053230000000000006,-64.51790505757558
0.053235000000000005,-64.51308688245776
0.05324,-64.50826956364492
0.05324500000000001,-64.50945088804242
0.053250000000000006,-64.50175882740339
0.053255000000000004,-64.49692354981795
0.05326,-64.48915588480175
0.05326500000000001,-64.49109339662695
0.053270000000000005,-64.49273703188628
0.053275,-64.48804097489416
0.05328,-64.49217024868557
0.053285000000000006,-64.49293369628094
0.053290000000000004,-64.4879416376352
0.053295,-64.48295048479719
0.05330000000000001,-64.4836087148064
0.053305000000000005,-64.47591903262088
0.05331,-64.47091102876009
0.053315,-64.47185033550915
0.053320000000000006,-64.46416380830314
0.053325000000000004,-64.45925153388012
0.05333,-64.46047067112707
0.05333500000000001,-64.46139676178312
0.053340000000000005,-64.45646310748052
0.053345000000000004,-64.45153028360994
0.05335,-64.44376749767673
0.05335500000000001,-64.43600802526
0.053360000000000005,-64.42825177214856
0.053365,-64.4204986478214
0.05337000000000001,-64.41274856530318
0.053375000000000006,-64.41595522837154
0.053380000000000004,-64.41886746067465
0.053385,-64.41460510974775
0.05339000000000001,-64.42041904708007
0.053395000000000005,-64.41274460326757
0.0534,-64.40830135338479
0.053405,-64.41089843526198
0.053410000000000006,-64.40322569485787
0.053415000000000004,-64.40902010479923
0.05342,-64.40134675369904
0.05342500000000001,-64.40687105967935
0.053430000000000005,-64.40876896988922
0.053435,-64.40416536193224
0.05344,-64.39956246069109
0.053445000000000006,-64.40135158716674
0.053450000000000004,-64.39367612942863
0.053455,-64.39839659203109
0.05346000000000001,-64.39969201856248
0.053465000000000006,-64.40329517492032
0.053470000000000004,-64.39826112605209
0.053475,-64.39322799795048
0.05348000000000001,-64.38546969830733
0.053485000000000005,-64.37771480921376
0.05349,-64.3791870476615
0.05349500000000001,-64.3715139829884
0.053500000000000006,-64.375812269866
0.053505000000000004,-64.36813913111996
0.05351,-64.36334655532919
0.05351500000000001,-64.36489797886213
0.053520000000000005,-64.36615674344492
0.053525,-64.3613425835411
0.05353,-64.35652919962145
0.053535000000000006,-64.34877911964074
0.053540000000000004,-64.35041128095368
0.053545,-64.34274284881754
0.05355000000000001,-64.33807356930457
0.053555000000000005,-64.3399835168474
0.05356,-64.33231745772325
0.053565,-64.32774231856627
0.053570000000000007,-64.32000041669897
0.053575000000000005,-64.3122615864543
0.05358,-64.31539947134763
0.05358500000000001,-64.31824369025604
0.053590000000000006,-64.32390741590692
0.053595000000000004,-64.31940122311374
0.0536,-64.31489567310666
0.05360500000000001,-64.30715371710006
0.053610000000000005,-64.29941489513965
0.053615,-64.30242423521379
0.05362,-64.29476600431597
0.053625000000000006,-64.290562452341
0.053630000000000004,-64.28282844141933
0.053635,-64.27509736541289
0.05364000000000001,-64.2793247686392
0.053645000000000005,-64.28325782748529
0.05365,-64.27934816962023
0.053655,-64.27543890390014
0.053660000000000006,-64.27925673079251
0.053665000000000004,-64.27160243737596
0.05367,-64.27901650325916
0.05367500000000001,-64.27136116505962
0.053680000000000005,-64.2673605884297
0.053685000000000004,-64.27124258439785
0.05369,-64.26358847188811
0.05369500000000001,-64.2596785875926
0.053700000000000005,-64.25194891965029
0.053705,-64.25657056355028
0.05371000000000001,-64.248920460783
0.053715000000000006,-64.2574029125125
0.053720000000000004,-64.2615238052881
0.053725,-64.25767668172348
0.05373000000000001,-64.25383002192221
0.053735000000000005,-64.24609870971805
0.05374,-64.25057585396921
0.053745,-64.25475863887752
0.053750000000000006,-64.25093241696375
0.053755000000000004,-64.25843450948089
0.05376,-64.25077808400778
0.05376500000000001,-64.24677066470628
0.053770000000000005,-64.250634153132
0.053775,-64.24297933989375
0.05378,-64.23906299851045
0.053785000000000006,-64.23133286841434
0.053790000000000004,-64.2359364676637
0.053795,-64.2282861347502
0.05380000000000001,-64.22461938367712
0.053805000000000006,-64.22948784592535
0.053810000000000004,-64.22183882589567
0.053815,-64.23064969957473
0.05382000000000001,-64.22299950305099
0.053825000000000005,-64.23153550344134
0.05383,-64.22388398232427
0.05383500000000001,-64.22016682741423
0.053840000000000006,-64.22488755403242
0.053845000000000004,-64.22931389148285
0.05385,-64.2370855915426
0.05385500000000001,-64.23311283811712
0.053860000000000005,-64.22914072291866
0.053865,-64.2214072739675
0.05387,-64.21367702553047
0.053875000000000006,-64.20594988770674
0.053880000000000004,-64.19822577411674
0.053885,-64.20374627091573
0.05389000000000001,-64.20897184374607
0.053895000000000005,-64.2054978094046
0.0539,-64.2020241753454
0.053905,-64.19429975209668
0.053910000000000007,-64.18657830063226
0.053915000000000005,-64.17885974000653
0.05392,-64.17114399244402
0.05392500000000001,-64.17812225689445
0.053930000000000006,-64.18480453114412
0.053935000000000004,-64.18182103178303
0.05394,-64.19264760203369
0.05394500000000001,-64.18500359324076
0.053950000000000005,-64.19543845464628
0.053955,-64.18779274327983
0.05396,-64.19794930370797
0.053965000000000006,-64.19030203127713
0.053970000000000004,-64.2001809247297
0.053975,-64.20534898812642
0.05398000000000001,-64.20185316403665
0.053985000000000005,-64.19835786931682
0.05399,-64.19062985421986
0.053995,-64.18290496938747
0.054000000000000006,-64.1888923327747
0.054005000000000004,-64.18124663316219
0.05401,-64.17804436054108
0.05401500000000001,-64.17032383082713
0.054020000000000006,-64.17703708311764
0.054025000000000004,-64.16939517869696
0.05403,-64.1806589341434
0.05403500000000001,-64.17301545580584
0.054040000000000005,-64.16998608969716
0.054045,-64.17674486229545
0.05405000000000001,-64.16910205473718
0.054055000000000006,-64.18042670462405
0.054060000000000004,-64.17278239111322
0.054065,-64.1838268001739
0.05407000000000001,-64.17618083768829
0.054075000000000005,-64.18694563211281
0.05408,-64.17929815267469
0.054085,-64.176141196709
0.054090000000000006,-64.1684188032437
0.054095000000000004,-64.17527093490146
0.0541,-64.18182719935561
0.05410500000000001,-64.19243747881407
0.054110000000000005,-64.18917930645114
0.054115,-64.18592165263577
0.05412,-64.17819461394231
0.054125000000000006,-64.17047072498714
0.054130000000000005,-64.1771630003309
0.054135,-64.16951800031295
0.05414000000000001,-64.16655122905698
0.054145000000000006,-64.17349916893538
0.054150000000000004,-64.16585527593367
0.054155,-64.17743206276715
0.05416000000000001,-64.16978674957248
0.054165000000000005,-64.16683433503309
0.05417,-64.17382628196962
0.05417500000000001,-64.1661818347423
0.054180000000000006,-64.16331532568901
0.054185000000000004,-64.15559638516336
0.05419,-64.14788038097235
0.05419500000000001,-64.14016723354177
0.054200000000000005,-64.14880456550308
0.054205,-64.14116884598994
0.05421,-64.15499096341193
0.054215000000000006,-64.14735309810924
0.054220000000000004,-64.14496729560355
0.054225,-64.15363678904077
0.05423000000000001,-64.16200901198319
0.054235000000000005,-64.17503911665169
0.054240000000000003,-64.17239005467772
0.054245,-64.16974133655232
0.05425000000000001,-64.17730685877173
0.054255000000000005,-64.18457588603951
0.05426,-64.1817827463613
0.05426500000000001,-64.19339371070642
0.054270000000000006,-64.18574185718238
0.054275000000000004,-64.1827650423254
0.05428,-64.18969652188399
0.05428500000000001,-64.18204604478574
0.054290000000000005,-64.17915554384567
0.054295,-64.17143087633907
0.0543,-64.17908178571425
0.054305000000000006,-64.17143560287876
0.054310000000000004,-64.16878765447014
0.054315,-64.161067257821
0.05432000000000001,-64.16943258489671
0.054325000000000005,-64.16179010456825
0.05433,-64.17525240263362
0.054335,-64.1676081730244
0.054340000000000006,-64.18078513512353
0.054345000000000004,-64.17313901248336
0.05435,-64.18603124705685
0.05435500000000001,-64.19345688426463
0.054360000000000006,-64.20522756712886
0.054365000000000004,-64.202256307237
0.05437,-64.1992856105312
0.05437500000000001,-64.19155450614952
0.054380000000000005,-64.19864293578007
0.054385,-64.19099088764077
0.05439000000000001,-64.18815167399191
0.054395000000000006,-64.18042552077402
0.054400000000000004,-64.17270247107702
0.054405,-64.16498243878542
0.05441000000000001,-64.17371506851471
0.054415000000000005,-64.16607271492757
0.05442,-64.18002363309598
0.054425,-64.18824333420123
0.054430000000000006,-64.18576826930658
0.054435000000000004,-64.1832935282854
0.05444,-64.17557016680396
0.05444500000000001,-64.18412132004983
0.054450000000000005,-64.17647587935213
0.054455,-64.17412845557828
0.05446,-64.1829263917481
0.054465000000000006,-64.19142673883121
0.054470000000000005,-64.18904522004657
0.054475,-64.18666400810756
0.05448000000000001,-64.19503203387283
0.054485000000000006,-64.20310275217332
0.054490000000000004,-64.21573408360945
0.054495,-64.21297766921748
0.05450000000000001,-64.21022176640713
0.054505000000000005,-64.20249021394417
0.05451,-64.19476187393832
0.05451500000000001,-64.18703665601502
0.054520000000000006,-64.19569230498124
0.054525000000000004,-64.18804499446551
0.05453,-64.1857311690414
0.05453500000000001,-64.17800987412387
0.054540000000000005,-64.1873727002109
0.054545,-64.17972876197925
0.05455,-64.17765281916562
0.054555000000000006,-64.18725850387564
0.054560000000000004,-64.17961490690615
0.054565,-64.17762013403775
0.05457000000000001,-64.18746752112612
0.054575000000000005,-64.1798241822926
0.054580000000000004,-64.1952585309244
0.054585,-64.18761307126115
0.05459000000000001,-64.20275703808505
0.054595000000000005,-64.19510933327263
0.0546,-64.19304659700285
0.05460500000000001,-64.2026994015243
0.054610000000000006,-64.21205374499075
0.054615000000000004,-64.22639635937158
0.05462,-64.23983568568671
0.05462500000000001,-64.237278380194
0.054630000000000005,-64.23472158884351
0.054635,-64.22698629203109
0.05464,-64.23531620527723
0.054645000000000006,-64.22765937053747
0.054650000000000004,-64.22523079959367
0.054655,-64.23380811832487
0.05466000000000001,-64.2420876758949
0.054665000000000005,-64.23962554295797
0.05467,-64.23716385775352
0.054675,-64.24531143447591
0.054680000000000006,-64.23765293862779
0.054685000000000004,-64.2508300975695
0.05469,-64.24317045229158
0.05469500000000001,-64.24060735638918
0.054700000000000006,-64.24878900838519
0.054705000000000004,-64.24113060026284
0.05471,-64.23865153917951
0.05471500000000001,-64.24708115020852
0.054720000000000005,-64.23942410915826
0.054725,-64.2529759951804
0.05473000000000001,-64.24531761888186
0.054735000000000006,-64.25858284323341
0.054740000000000004,-64.26628418633133
0.054745,-64.27842592620466
0.05475000000000001,-64.27553850316455
0.054755000000000005,-64.27265172020039
0.05476,-64.2649090556263
0.054765,-64.2722697327485
0.054770000000000006,-64.26460620275843
0.054775000000000004,-64.27673772397122
0.05478,-64.26907333162889
0.05478500000000001,-64.26624535962642
0.054790000000000005,-64.27364527113093
0.054795,-64.26598244165774
0.0548,-64.26323987761286
0.054805000000000006,-64.25550317850657
0.054810000000000005,-64.24776964551711
0.054815,-64.25634764947243
0.05482000000000001,-64.24869213710271
0.054825000000000006,-64.2624407934172
0.054830000000000004,-64.2705049954588
0.054835,-64.28312959272544
0.05484000000000001,-64.28036476544712
0.054845000000000005,-64.27760047215313
0.05485,-64.28485660370053
0.05485500000000001,-64.29181574569023
0.054860000000000006,-64.28890729664379
0.054865000000000004,-64.30011026801486
0.05487,-64.30617937967929
0.05487500000000001,-64.31614731596915
0.054880000000000005,-64.31270962007534
0.054885,-64.30927276345477
0.05489,-64.30152135293595
0.054895000000000006,-64.30725967926247
0.054900000000000004,-64.2995885021652
0.054905,-64.29628664760583
0.05491000000000001,-64.30228400329919
0.054915000000000005,-64.29461530773135
0.054920000000000004,-64.29140136940843
0.054925,-64.28365858270587
0.05493000000000001,-64.27591907035708
0.054935000000000005,-64.26818273960454
0.05494,-64.27583583471355
0.05494500000000001,-64.28319166785323
0.054950000000000006,-64.2804197088367
0.054955000000000004,-64.27764816739759
0.05496,-64.26991157029984
0.05496500000000001,-64.27760331074988
0.054970000000000005,-64.26994518488158
0.054975,-64.28251521259664
0.05498,-64.27485567463705
0.054985000000000006,-64.27214071264622
0.054990000000000004,-64.26440670931427
0.054995,-64.27259859797327
0.05500000000000001,-64.28049278677939
0.055005000000000005,-64.27790160401753
0.05501,-64.27531076979086
0.055015,-64.26757599691294
0.055020000000000006,-64.25984425774911
0.055025000000000004,-64.26853343786578
0.05503,-64.26087942008773
0.05503500000000001,-64.2585721182658
0.055040000000000006,-64.25084397442335
0.055045000000000004,-64.26023921877768
0.05505,-64.25258827076318
0.05505500000000001,-64.25051829360606
0.055060000000000005,-64.26015540460536
0.055065,-64.25250459852327
0.05507000000000001,-64.26766075644106
0.055075000000000006,-64.26000776551393
0.055080000000000004,-64.25794390208051
0.055085,-64.26760365444406
0.05509000000000001,-64.25995068508053
0.055095000000000005,-64.25796758344214
0.0551,-64.26786789958169
0.055105,-64.26021515002166
0.055110000000000006,-64.27572210444116
0.055115000000000004,-64.28510391992393
0.05512,-64.28300926220054
0.05512500000000001,-64.29743457103012
0.055130000000000005,-64.30591949038843
0.055135,-64.3035212458707
0.05514,-64.3011234115988
0.055145000000000007,-64.29338287542262
0.055150000000000005,-64.28564547827669
0.055155,-64.29491979500848
0.05516000000000001,-64.30389532625829
0.055165000000000006,-64.30166229895056
0.055170000000000004,-64.29942960060761
0.055175,-64.30826932989861
0.05518000000000001,-64.30060586730482
0.055185000000000005,-64.31470484559604
0.05519,-64.323029022089
0.05519500000000001,-64.32057511397139
0.055200000000000006,-64.33359501128315
0.055205000000000004,-64.32592411188331
0.05521,-64.33854470542524
0.05521500000000001,-64.33087257257999
0.055220000000000005,-64.34320753896289
0.055225,-64.33553425962764
0.05523,-64.34758422191835
0.055235000000000006,-64.33990987895804
0.055240000000000004,-64.33705399432544
0.055245,-64.32930558190083
0.05525000000000001,-64.33710585750785
0.055255000000000006,-64.34460831098005
0.055260000000000004,-64.35648766639659
0.055265,-64.35352746001409
0.05527000000000001,-64.35056790335797
0.055275000000000005,-64.3428158412527
0.05528,-64.34997730194777
0.05528500000000001,-64.35684139636601
0.055290000000000006,-64.35389569072095
0.055295000000000004,-64.36497393472368
0.0553,-64.37094690022388
0.05530500000000001,-64.367700603057
0.055310000000000005,-64.3644550529343
0.055315,-64.37030346696085
0.05532,-64.3626243363537
0.055325000000000006,-64.3727477880896
0.055330000000000004,-64.37808969670058
0.055335,-64.37463173013593
0.05534000000000001,-64.37117456635434
0.055345000000000005,-64.37639441410384
0.05535,-64.36871380456658
0.055355,-64.36523280125822
0.055360000000000006,-64.35747811211371
0.055365000000000004,-64.36342753254144
0.05537,-64.3557527143704
0.05537500000000001,-64.36600912867337
0.055380000000000006,-64.37145175161142
0.055385000000000004,-64.38058562304744
0.05539,-64.37693464659385
0.05539500000000001,-64.37328448987502
0.055400000000000005,-64.36552678979234
0.055405,-64.35777256771341
0.05541000000000001,-64.3633564343197
0.055415000000000006,-64.35568221841609
0.055420000000000004,-64.35232660242151
0.055425,-64.35816952357096
0.05543000000000001,-64.3504974045421
0.055435000000000005,-64.34722947717337
0.05544,-64.35333024605575
0.055445,-64.34566000846218
0.055450000000000006,-64.3561163212032
0.055455000000000004,-64.34844520223862
0.05546,-64.35862087901664
0.05546500000000001,-64.35094866403081
0.055470000000000005,-64.36084434577084
0.055475000000000003,-64.35317113285822
0.05548,-64.34977755015264
0.05548500000000001,-64.35550584608214
0.055490000000000005,-64.34783437836103
0.055495,-64.3445286608464
0.05550000000000001,-64.35051536746921
0.055505000000000006,-64.35620571371899
0.055510000000000004,-64.36566839432679
0.055515,-64.3742265508196
0.05552000000000001,-64.37043301548911
0.055525000000000005,-64.36664028618173
0.05553,-64.35888433703381
0.05553500000000001,-64.36357020119144
0.055540000000000006,-64.3558948050321
0.055545000000000004,-64.35223910409279
0.05555,-64.34448918601805
0.05555500000000001,-64.34990838035307
0.055560000000000005,-64.34223834114471
0.055565,-64.33883050408971
0.05557,-64.33108586943621
0.055575000000000006,-64.33723329579026
0.055580000000000004,-64.34308431942276
0.055585,-64.35275992925986
0.05559000000000001,-64.34925170363212
0.055595000000000006,-64.35807549781354
0.055600000000000004,-64.3504012805125
0.055605,-64.34671085562903
0.05561000000000001,-64.3515547730712
0.055615000000000005,-64.34388261302747
0.05562,-64.34028168279276
0.05562500000000001,-64.3453882683708
0.055630000000000006,-64.35019928324292
0.055635000000000004,-64.3584895449394
0.05564,-64.36587554880964
0.05564500000000001,-64.37235732108121
0.055650000000000005,-64.36804198274332
0.055655,-64.36372762722625
0.05566,-64.36639051176257
0.055665000000000006,-64.35870948134234
0.055670000000000004,-64.36459504692284
0.055675,-64.35691449991073
0.05568000000000001,-64.35251343504643
0.055685000000000005,-64.3447577572524
0.05569,-64.33700557642473
0.055695,-64.32925679110669
0.055700000000000006,-64.33341289191777
0.055705000000000005,-64.3372743211733
0.05571,-64.33333003453407
0.05571500000000001,-64.3293864323155
0.055720000000000006,-64.33313251769749
0.055725000000000004,-64.32546294626322
0.05573,-64.33278620821778
0.05573500000000001,-64.3360333330344
0.055740000000000005,-64.33188282713014
0.055745,-64.32773309238229
0.05575000000000001,-64.33086712812394
0.055755000000000006,-64.32319610703887
0.055760000000000004,-64.31902602596797
0.055765,-64.3224310803173
0.05577000000000001,-64.32554218291084
0.055775000000000005,-64.3213476250553
0.05578,-64.31715382806011
0.055785,-64.3094067113892
0.055790000000000006,-64.30166292058024
0.055795000000000004,-64.29392236086593
0.0558,-64.29834145319143
0.05580500000000001,-64.29068099812531
0.055810000000000005,-64.2988970146886
0.055815000000000003,-64.29123572123135
0.05582,-64.29917733176296
0.05582500000000001,-64.2915150150326
0.055830000000000005,-64.28764119598712
0.055835,-64.2919148682124
0.05584000000000001,-64.28425419473797
0.055845000000000006,-64.28047068173636
0.055850000000000004,-64.28501026016632
0.055855,-64.27735137177883
0.05586000000000001,-64.27365765104395
0.055865000000000005,-64.27846192837526
0.05587,-64.2708046665754
0.05587500000000001,-64.27953235748599
0.055880000000000006,-64.27187412267715
0.055885000000000004,-64.28032644597026
0.05589,-64.28442249189608
0.05589500000000001,-64.29175601699276
0.055900000000000005,-64.29818634535287
0.055905,-64.29386849236072
0.05591,-64.28955148300213
0.055915000000000006,-64.2818054908358
0.055920000000000004,-64.2849099547639
0.055925,-64.27724521381518
0.05593000000000001,-64.27306947593974
0.055935000000000006,-64.26532964813146
0.055940000000000004,-64.26917933953759
0.055945,-64.2615200920743
0.05595000000000001,-64.25759628299271
0.055955000000000005,-64.26171416781733
0.05596,-64.25405693213114
0.05596500000000001,-64.26187155374271
0.055970000000000006,-64.25421362898942
0.055975000000000004,-64.26175533449147
0.05598,-64.26516952519766
0.05598500000000001,-64.2610820534311
0.055990000000000005,-64.2569952726638
0.055995,-64.24925721486504
0.056,-64.24152240846942
0.056005000000000006,-64.2457701983604
0.056010000000000004,-64.23811561981124
0.056015,-64.24610237751232
0.05602000000000001,-64.24985097985048
0.056025000000000005,-64.25672014905001
0.05603,-64.26268667316917
0.056035,-64.25825601013292
0.056040000000000006,-64.25382620906312
0.056045000000000005,-64.24608433075706
0.05605,-64.23834586956552
0.05605500000000001,-64.24158146416853
0.056060000000000006,-64.23392401732593
0.056065000000000004,-64.2405650447444
0.05607,-64.23290728009177
0.05607500000000001,-64.2392785225481
0.056080000000000005,-64.23162020909044
0.056085,-64.22735713977822
0.05609000000000001,-64.21962327350903
0.056095000000000006,-64.2232011447486
0.056100000000000004,-64.21554795272435
0.056105,-64.22264316148042
0.05611000000000001,-64.214989423993
0.056115000000000005,-64.22181400773175
0.05612,-64.2246924335516
0.056125,-64.22042918605659
0.056130000000000006,-64.21616666838977
0.056135000000000004,-64.21893502968577
0.05614,-64.2112792406077
0.05614500000000001,-64.21729831383523
0.056150000000000005,-64.21957298644772
0.056155000000000004,-64.22447714133997
0.05616,-64.21978353749682
0.05616500000000001,-64.21509086127458
0.056170000000000005,-64.20735249524385
0.056175,-64.19961759023532
0.05618000000000001,-64.20206508530921
0.056185000000000006,-64.19441165224006
0.056190000000000004,-64.19002447485082
0.056195,-64.18229564946967
0.05620000000000001,-64.18549384557546
0.056205000000000005,-64.18839923239977
0.05621,-64.18414951947832
0.05621500000000001,-64.17990046664559
0.056220000000000006,-64.17217323653949
0.056225000000000004,-64.16444919367996
0.05623,-64.1567282486576
0.05623500000000001,-64.14901031556515
0.056240000000000005,-64.14129531186
0.056245,-64.1335831582323
0.05625,-64.13921228942209
0.056255000000000006,-64.14454685996877
0.056260000000000004,-64.15352472342062
0.056265,-64.1498658698245
0.05627000000000001,-64.15799685446997
0.056275000000000006,-64.16177294383223
0.056280000000000004,-64.16867548199177
0.056285,-64.17467659063641
0.05629000000000001,-64.17026373052636
0.056295000000000005,-64.1658516877445
0.0563,-64.1581217279663
0.05630500000000001,-64.16091262694451
0.056310000000000006,-64.15326397994419
0.056315000000000004,-64.1489945232386
0.05632,-64.15205986681791
0.05632500000000001,-64.14441369940538
0.056330000000000005,-64.14023732381062
0.056335,-64.13251584354079
0.05634,-64.13632808292654
0.056345000000000006,-64.13984733289257
0.056350000000000004,-64.1358069784088
0.056355,-64.13176722469682
0.05636000000000001,-64.12404690338224
0.056365000000000005,-64.11632972286249
0.05637,-64.12068368692277
0.056375,-64.11304648956833
0.056380000000000006,-64.1093054429078
0.056385000000000005,-64.11392672535142
0.05639,-64.10629096340577
0.05639500000000001,-64.10263996283442
0.056400000000000006,-64.09492889060286
0.056405000000000004,-64.10028642109117
0.05641,-64.10534989464117
0.05641500000000001,-64.1139661711045
0.056420000000000005,-64.11021833388601
0.056425,-64.10647101023864
0.05643000000000001,-64.1107433343571
0.056435000000000006,-64.10310483598482
0.056440000000000004,-64.09933584088814
0.056445,-64.10387604162202
0.05645000000000001,-64.09623927462428
0.056455000000000005,-64.10461083579013
0.05646,-64.09697317972214
0.056465,-64.10507270142199
0.056470000000000006,-64.09743397590391
0.056475000000000004,-64.09361764001932
0.05648,-64.08590348272344
0.05648500000000001,-64.0781924020382
0.056490000000000005,-64.08353370400823
0.056495000000000004,-64.07590202361598
0.0565,-64.07249378013934
0.05650500000000001,-64.06478696481648
0.056510000000000005,-64.05708303566034
0.056515,-64.06362330961124
0.05652000000000001,-64.05599786208911
0.056525000000000006,-64.05299329192104
0.056530000000000004,-64.05979103633815
0.056535,-64.06629377531353
0.05654000000000001,-64.07682740774949
0.056545000000000005,-64.07356394925085
0.05655,-64.07030088129174
0.05655500000000001,-64.0625918187912
0.056560000000000006,-64.05488574105324
0.056565000000000004,-64.04718256655063
0.05657,-64.05429055394873
0.05657500000000001,-64.04666562502321
0.056580000000000005,-64.04385069160803
0.056585,-64.05121358027951
0.05659,-64.04358907625182
0.056595000000000006,-64.05571286659186
0.056600000000000004,-64.04808648520705
0.056605,-64.04528502284415
0.05661000000000001,-64.05269136628652
0.056615000000000006,-64.04506530307434
0.056620000000000004,-64.05724744725488
0.056625,-64.04961961102022
0.05663000000000001,-64.04683168869654
0.056635000000000005,-64.05428119959662
0.05664,-64.04665381036124
0.05664500000000001,-64.05889384144915
0.056650000000000006,-64.05126476356844
0.056655000000000004,-64.04849041546227
0.05666,-64.05598279594454
0.05666500000000001,-64.06317959905319
0.056670000000000005,-64.07464008818391
0.056675,-64.07160596672875
0.05668,-64.06857230966493
0.056685000000000006,-64.07496997605068
0.056690000000000004,-64.06733404147047
0.056695,-64.07817724427906
0.05670000000000001,-64.07054030154252
0.056705000000000005,-64.08110585754481
0.05671,-64.07346770325026
0.056715,-64.07026825986303
0.056720000000000007,-64.06255538460388
0.056725000000000005,-64.0692629065791
0.05673,-64.06162906284348
0.05673500000000001,-64.07288389379977
0.056740000000000006,-64.07908716557085
0.056745000000000004,-64.07594588916871
0.05675,-64.08613525477494
0.05675500000000001,-64.09145455718199
0.056760000000000005,-64.08801504929808
0.056765,-64.09702902197584
0.05677000000000001,-64.08938408031625
0.056775000000000006,-64.08576378570734
0.056780000000000004,-64.07804410902033
0.056785,-64.08351084547931
0.05679000000000001,-64.08868354128502
0.056795000000000005,-64.09744844306177
0.0568,-64.09373261122205
0.056805,-64.09001755200528
0.056810000000000006,-64.08229559393932
0.056815000000000004,-64.0871489079079
0.05682,-64.07950736988462
0.05682500000000001,-64.08829749714236
0.056830000000000006,-64.0806555638684
0.056835000000000004,-64.07700965676058
0.05684,-64.06929282130994
0.05684500000000001,-64.07467756058064
0.056850000000000005,-64.06704062304723
0.056855,-64.07653640099329
0.05686000000000001,-64.06889872108485
0.056865000000000006,-64.07812012976375
0.056870000000000004,-64.07048148917016
0.056875,-64.0669457780393
0.05688000000000001,-64.07218311974968
0.056885000000000005,-64.07712669819088
0.05689,-64.07356441464931
0.05689500000000001,-64.08207742529264
0.056900000000000006,-64.07443616024389
0.056905000000000004,-64.08256481337683
0.05691,-64.08642441522815
0.05691500000000001,-64.08249711260328
0.056920000000000005,-64.08956802645335
0.056925,-64.09254990403586
0.05693,-64.0883273860318
0.056935000000000006,-64.08410579166737
0.056940000000000004,-64.07638157020507
0.056945,-64.07972990008741
0.05695000000000001,-64.08278602889993
0.056955000000000006,-64.07859045950259
0.056960000000000004,-64.07439575267449
0.056965,-64.06667454412096
0.05697000000000001,-64.07009706867825
0.056975000000000005,-64.06245704449563
0.05698,-64.05840410763803
0.05698500000000001,-64.05068915465992
0.056990000000000006,-64.04297747506425
0.056995000000000004,-64.04761726945398
0.057,-64.03998569003838
0.05700500000000001,-64.03634390994597
0.057010000000000005,-64.04125054709915
0.057015,-64.0336207011606
0.05702,-64.04247828559716
0.057025000000000006,-64.03484753297751
0.057030000000000004,-64.03122672844533
0.057035,-64.0361949864486
0.05704000000000001,-64.0285656573984
0.057045000000000005,-64.03750512327143
0.057050000000000003,-64.04197549515693
0.057055,-64.04980071607936
0.05706000000000001,-64.04585664773205
0.057065000000000005,-64.04191328860904
0.05707,-64.03419995166242
0.05707500000000001,-64.03835620098985
0.057080000000000006,-64.03072339955563
0.057085000000000004,-64.03858362312472
0.05709,-64.030950317487
0.05709500000000001,-64.02707845344426
0.057100000000000005,-64.01936984378447
0.057105,-64.01166440455961
0.05711000000000001,-64.00396204693615
0.057115000000000006,-64.0095974103526
0.057120000000000004,-64.00197432952723
0.057125,-63.99866994353822
0.05713000000000001,-64.00456775311565
0.057135000000000005,-63.996945772052136
0.05714,-63.99372958856714
0.057145,-63.98603261229287
0.057150000000000006,-63.99265893930069
0.057155000000000004,-63.98504052514744
0.05716,-63.98206948364428
0.05716500000000001,-63.98895368536628
0.057170000000000006,-63.98133588528855
0.057175000000000004,-63.992821261927816
0.05718,-63.99920190220722
0.05718500000000001,-63.99612989824886
0.057190000000000005,-63.993058243329436
0.057195,-63.98535908174947
0.05720000000000001,-63.99208547288081
0.057205000000000006,-63.98446499803503
0.057210000000000004,-63.99574130079422
0.057215,-64.00196465156687
0.05722000000000001,-63.99883863653597
0.057225000000000005,-64.00905145136555
0.05723,-64.0014237122951
0.05723500000000001,-63.998115871168906
0.057240000000000006,-63.99041317524497
0.057245000000000004,-63.98271355194728
0.05725,-63.97501691626348
0.05725500000000001,-63.98231418642221
0.057260000000000005,-63.9893165650838
0.057265,-63.98645301742958
0.05727,-63.983589782296576
0.057275000000000006,-63.975892164939324
0.057280000000000005,-63.98323676824213
0.057285,-63.975617513708194
0.05729000000000001,-63.97288546160347
0.057295000000000006,-63.98048469389264
0.057300000000000004,-63.98778878831792
0.057305,-63.99938970578346
0.05731000000000001,-64.01009087157983
0.057315000000000005,-64.00687114310938
0.05732,-64.00365196865965
0.05732500000000001,-63.995945542730524
0.057330000000000006,-63.98824231020943
0.057335000000000004,-63.980542181351275
0.05734,-63.972845069926144
0.05734500000000001,-63.9805441070959
0.057350000000000005,-63.97292517984427
0.057355,-63.97031150152046
0.05736,-63.96261809284761
0.057365000000000006,-63.97103331184941
0.057370000000000004,-63.97915276124445
0.057375,-63.976663459776276
0.05738000000000001,-63.97417438298464
0.057385000000000005,-63.96647933723622
0.057390000000000004,-63.97493403582618
0.057395,-63.967316717235235
0.05740000000000001,-63.9808918071014
0.057405000000000005,-63.97327257499118
0.05741,-63.970839396446955
0.05741500000000001,-63.96314560309918
0.057420000000000006,-63.972099596529155
0.057425000000000004,-63.96448322893924
0.05743,-63.978722376027896
0.05743500000000001,-63.98716622625026
0.057440000000000005,-64.00028674677175
0.057445,-63.997675076803084
0.05745000000000001,-63.99506379563351
0.057455000000000006,-64.00270475182651
0.057460000000000004,-63.99507790017817
0.057465,-64.0075732254757
0.05747000000000001,-63.99994510932119
0.057475000000000005,-63.997235578931665
0.05748,-64.00491937012995
0.057485,-63.99729232816933
0.057490000000000006,-64.0098446845999
0.057495000000000004,-64.00221636433864
0.0575,-63.99952092800311
0.05750500000000001,-64.00724719510981
0.057510000000000006,-63.999619933641824
0.057515000000000004,-63.99700999884331
0.05752,-64.00498895789758
0.05752500000000001,-63.99736290018393
0.057530000000000005,-64.01030765128758
0.057535,-64.00268018183017
0.05754000000000001,-64.01534316776014
0.057545000000000006,-64.00771410493019
0.057550000000000004,-64.02009593312826
0.057555,-64.01246538994954
0.05756000000000001,-64.02456667058225
0.057565000000000005,-64.0314051643163
0.05757,-64.02847797796609
0.05757500000000001,-64.02555135941903
0.057580000000000006,-64.01784080535762
0.057585000000000004,-64.01013350388101
0.05759,-64.01777970636796
0.05759500000000001,-64.02513046419442
0.057600000000000005,-64.02237650119635
0.057605,-64.01962300400072
0.05761,-64.02684862134058
0.057615000000000006,-64.01921715388004
0.057620000000000005,-64.01643758944901
0.057625,-64.02391810123392
0.05763000000000001,-64.03110326681657
0.057635000000000006,-64.04254911816838
0.057640000000000004,-64.03951069826441
0.057645,-64.05010780696774
0.05765000000000001,-64.04246868014421
0.057655000000000005,-64.03924850579787
0.05766,-64.04542866020967
0.05766500000000001,-64.03779153099201
0.057670000000000006,-64.04834617110136
0.057675000000000004,-64.05402438866011
0.05768,-64.05070645231812
0.05768500000000001,-64.06019804621931
0.057690000000000005,-64.06499437423817
0.057695,-64.07325819631794
0.0577,-64.06941537832796
0.057705000000000006,-64.06557350361906
0.057710000000000004,-64.05784950546938
0.057715,-64.06232943486631
0.05772000000000001,-64.06651631358292
0.057725000000000005,-64.07396802503638
0.057730000000000004,-64.06992186763958
0.057735,-64.06587668790715
0.05774000000000001,-64.06927781931451
0.057745000000000005,-64.06163143252677
0.05775,-64.06849129314632
0.05775500000000001,-64.06084533878276
0.057760000000000006,-64.05671427019247
0.057765000000000004,-64.06018780289622
0.05777,-64.05254485903015
0.05777500000000001,-64.04850719320095
0.057780000000000005,-64.0407896527831
0.057785,-64.04500850544159
0.05779000000000001,-64.03737172977381
0.057795000000000006,-64.03358643625988
0.057800000000000004,-64.02587494520475
0.057805,-64.03083393215012
0.05781000000000001,-64.02320253185472
0.057815000000000005,-64.03213047725157
0.05782,-64.03659176376851
0.057825,-64.04440557326492
0.057830000000000006,-64.04045744471175
0.057835000000000004,-64.03651009302068
0.05784,-64.04018456471232
0.05784500000000001,-64.03254738502604
0.057850000000000006,-64.03976809428022
0.057855000000000004,-64.04294908099675
0.05786,-64.03879854334556
0.05786500000000001,-64.04496495583001
0.057870000000000005,-64.03732410943782
0.057875,-64.03299540638139
0.05788000000000001,-64.02527934724884
0.057885000000000006,-64.01756672459044
0.057890000000000004,-64.02138903476258
0.057895,-64.01375720372016
0.05790000000000001,-64.00984293953292
0.057905000000000005,-64.01393633315396
0.05791,-64.00630677312724
0.05791500000000001,-64.0140825635439
0.057920000000000006,-64.00645248529476
0.057925000000000004,-64.01395894532295
0.05793,-64.01735587531668
0.05793500000000001,-64.01328152516282
0.057940000000000005,-64.00920791402163
0.057945,-64.0124956696137
0.05795,-64.01549175053663
0.057955000000000007,-64.0112832206306
0.057960000000000005,-64.0070754810663
0.057965,-63.99936470156274
0.05797000000000001,-63.99165727238419
0.057975000000000006,-63.99549468421569
0.057980000000000004,-63.987867881922575
0.057985,-63.995302353524416
0.05799000000000001,-63.98767503465506
0.057995000000000005,-63.994841267165945
0.058,-63.98721321534155
0.05800500000000001,-63.994111861591236
0.058010000000000006,-63.98648317269304
0.058015000000000004,-63.993114887883095
0.05802,-63.995857119876746
0.05802500000000001,-63.991565507371426
0.058030000000000005,-63.98727469115698
0.058035,-63.97956640039928
0.05804,-63.97186145505369
0.058045000000000006,-63.96415975940151
0.058050000000000004,-63.96821862576845
0.058055,-63.96059726792332
0.05806000000000001,-63.968324862782566
0.058065000000000005,-63.960702772435944
0.058070000000000004,-63.96816180551633
0.058075,-63.971525597876145
0.05808000000000001,-63.977873402696794
0.058085000000000005,-63.973565614634545
0.05809,-63.969258618112846
0.05809500000000001,-63.96155270011281
0.058100000000000006,-63.9538501186892
0.058105000000000004,-63.95738321373623
0.05811,-63.949761380895595
0.05811500000000001,-63.945757328893336
0.058120000000000005,-63.94956351458806
0.058125,-63.94194374521393
0.05813000000000001,-63.949334833048574
0.058135000000000006,-63.94171442917696
0.058140000000000004,-63.937735059483515
0.058145,-63.93003908301462
0.05815000000000001,-63.92234619913687
0.058155000000000005,-63.92716787005328
0.05816,-63.91955467528257
0.058165,-63.91598572419246
0.058170000000000006,-63.9210745902155
0.058175000000000004,-63.91346264849731
0.05818,-63.90998358513742
0.05818500000000001,-63.9022964022938
0.058190000000000006,-63.89461209541137
0.058195000000000004,-63.90090410941249
0.0582,-63.906902667835176
0.05820500000000001,-63.916758992316566
0.058210000000000005,-63.925716958663934
0.058215,-63.92207106769582
0.05822000000000001,-63.918425707833734
0.058225000000000006,-63.910731787590684
0.058230000000000004,-63.90304096919192
0.058235,-63.89535316643303
0.05824000000000001,-63.901299172655165
0.058245000000000005,-63.893690386684355
0.05825,-63.90392548165674
0.05825500000000001,-63.89631525630664
0.058260000000000006,-63.893054213729634
0.058265000000000004,-63.899057192294975
0.05827,-63.904766972856535
0.05827500000000001,-63.90147832022148
0.058280000000000005,-63.89819007258001
0.058285000000000003,-63.890501303254055
0.05829,-63.88281552742278
0.05829500000000001,-63.889344517663076
0.058300000000000005,-63.88173744282359
0.058305,-63.89274781286334
0.05831000000000001,-63.88513917168568
0.058315000000000006,-63.89587412309558
0.058320000000000004,-63.88826378588174
0.058325,-63.898723936855
0.05833000000000001,-63.90433926579899
0.058335000000000005,-63.913686462850634
0.05834,-63.91013675432807
0.05834500000000001,-63.906587653176885
0.058350000000000006,-63.898892376786684
0.058355000000000004,-63.90418944295006
0.05836,-63.896574026159556
0.05836500000000001,-63.905947969368626
0.058370000000000005,-63.89833173939062
0.058375,-63.907434017604196
0.05838,-63.89981676778934
0.058385000000000006,-63.89626758465709
0.058390000000000004,-63.90142351183673
0.058395,-63.89380793826084
0.05840000000000001,-63.90299418008266
0.058405000000000006,-63.89537785826332
0.058410000000000004,-63.904292929309655
0.058415,-63.89667564670408
0.05842000000000001,-63.89307967190802
0.058425000000000005,-63.89809594147537
0.05843,-63.89048040574385
0.05843500000000001,-63.88697508475954
0.058440000000000006,-63.892258094174245
0.058445000000000004,-63.897248566447175
0.05845,-63.89371741966642
0.05845500000000001,-63.90228772241061
0.058460000000000005,-63.90640159411584
0.058465,-63.91374872280042
0.05847000000000001,-63.90969465388666
0.058475000000000006,-63.90564142456503
0.058480000000000004,-63.89794069418544
0.058485,-63.89024339411994
0.05849000000000001,-63.89452176930086
0.058495000000000005,-63.88690504458107
0.0585,-63.88315303296496
0.058505,-63.88770171971086
0.058510000000000006,-63.88008718885277
0.058515000000000005,-63.88846527398895
0.05852,-63.880850152700525
0.05852500000000001,-63.87712160775915
0.058530000000000006,-63.8817379233526
0.058535000000000004,-63.87412459632485
0.05854,-63.882592325727366
0.05854500000000001,-63.87497835652591
0.058550000000000005,-63.87127307302911
0.058555,-63.87595663869008
0.05856000000000001,-63.86834440261376
0.058565000000000006,-63.876901309810236
0.058570000000000004,-63.86928838726681
0.058575,-63.865606172502055
0.05858000000000001,-63.87035661202232
0.058585000000000005,-63.87481512462479
0.05859,-63.88262005991644
0.05859500000000001,-63.87868574727853
0.058600000000000006,-63.874752163213614
0.058605000000000004,-63.86705824269177
0.05861,-63.85936762925218
0.05861500000000001,-63.86398853341071
0.058620000000000005,-63.86831766646921
0.058625000000000003,-63.87594985552142
0.05863,-63.871972977706605
0.05863500000000001,-63.86799683327034
0.058640000000000005,-63.86030372495201
0.058645,-63.864324316134734
0.05865000000000001,-63.868053646858726
0.058655000000000006,-63.86410278413307
0.058660000000000004,-63.86015262282274
0.058665,-63.85246137984572
0.05867000000000001,-63.856555765908006
0.058675000000000005,-63.84894507086857
0.05868,-63.84513571555221
0.05868500000000001,-63.849501660101225
0.058690000000000006,-63.85357615392176
0.058695000000000004,-63.849742873092495
0.0587,-63.84591021986997
0.05870500000000001,-63.84987534996229
0.058710000000000005,-63.8422650965897
0.058715,-63.84986573784906
0.05872,-63.85333968700799
0.058725000000000006,-63.849304499796034
0.058730000000000004,-63.84527003529579
0.058735,-63.83758020637441
0.05874000000000001,-63.829893661999094
0.058745000000000006,-63.82221030875928
0.058750000000000004,-63.81453005690337
0.058755,-63.81978524346887
0.05876000000000001,-63.824748429268
0.058765000000000005,-63.8212166278611
0.05877,-63.82974724861772
0.05877500000000001,-63.82214143497302
0.058780000000000006,-63.81842998684089
0.058785000000000004,-63.81074880238308
0.05879,-63.815869115815374
0.05879500000000001,-63.8206975706146
0.058800000000000005,-63.81712038497668
0.058805,-63.82547194680254
0.05881000000000001,-63.81786556075999
0.058815000000000006,-63.81410898354782
0.058820000000000004,-63.8186248240325
0.058825,-63.82284930238578
0.05883000000000001,-63.81906867505982
0.058835000000000005,-63.826617110769035
0.05884,-63.82996859213286
0.058845,-63.83629666929018
0.058850000000000006,-63.84172800523622
0.058855000000000005,-63.837199463414684
0.05886,-63.83267190297837
0.05886500000000001,-63.83457593534539
0.058870000000000006,-63.826959834499306
0.058875000000000004,-63.82241712827567
0.05888,-63.82460352792187
0.05888500000000001,-63.826500514408785
0.058890000000000005,-63.82193858438392
0.058895,-63.826390629231106
0.05890000000000001,-63.818775230032344
0.058905000000000006,-63.814037651440266
0.058910000000000004,-63.815641562787036
0.058915,-63.80802936181676
0.05892000000000001,-63.812489391541206
0.058925000000000005,-63.80487764039209
0.05893,-63.80907918382407
0.05893500000000001,-63.810006949906715
0.058940000000000006,-63.80512218983246
0.058945000000000004,-63.80828320017084
0.05895,-63.80066901831494
0.05895500000000001,-63.795609767401956
0.058960000000000005,-63.7879198175709
0.058965000000000004,-63.78904093653909
0.05897,-63.78987380612422
0.05897500000000001,-63.7928434501317
0.058980000000000005,-63.78770376164045
0.058985,-63.78256513698692
0.05899000000000001,-63.77487597495746
0.058995000000000006,-63.77542541477793
0.059000000000000004,-63.76781903265354
0.059005,-63.770874512057624
0.05901000000000001,-63.763268688114174
0.059015000000000005,-63.75821723433182
0.05902,-63.758865726250455
0.05902500000000001,-63.75922658681619
0.059030000000000006,-63.75415886762446
0.059035000000000004,-63.756563091518565
0.05904,-63.74895793765242
0.05904500000000001,-63.75099781283313
0.059050000000000005,-63.74339310508218
0.059055,-63.73808874347565
0.05906,-63.73797994217023
0.059065000000000006,-63.730378579083855
0.059070000000000004,-63.72517466184081
0.059075,-63.725358724874404
0.05908000000000001,-63.717760772174366
0.059085000000000006,-63.71265667760815
0.059090000000000004,-63.70498276262261
0.059095,-63.705938726851436
0.05910000000000001,-63.70660717164131
0.059105000000000005,-63.70935297878315
0.05911,-63.704168811622786
0.05911500000000001,-63.69898556321253
0.059120000000000006,-63.69131121672922
0.059125000000000004,-63.68364023364765
0.05913,-63.68450863740607
0.05913500000000001,-63.676919736394396
0.059140000000000005,-63.67204964745582
0.059145,-63.67320672052944
0.05915000000000001,-63.6740763329674
0.059155000000000006,-63.66918898315521
0.059160000000000004,-63.672266269621296
0.059165,-63.66467662710088
0.05917000000000001,-63.66738927726223
0.059175000000000005,-63.65979957923411
0.05918,-63.662260026089825
0.059185,-63.66189039492197
0.059190000000000006,-63.65658740924005
0.059195000000000005,-63.65801563604536
0.0592,-63.6504233500561
0.05920500000000001,-63.6449476291978
0.059210000000000006,-63.63727890194407
0.059215000000000004,-63.63711752442624
0.05922,-63.62953161990878
0.05922500000000001,-63.63163602049891
0.059230000000000005,-63.631000989021665
0.059235,-63.63200686935606
0.05924000000000001,-63.626392567385906
0.059245000000000006,-63.62077932520691
0.059250000000000004,-63.61938929810811
0.059255,-63.61180159007265
0.05926000000000001,-63.61227206757653
0.059265000000000005,-63.60468526911352
0.05927,-63.60490973100051
0.05927500000000001,-63.59732354159228
0.059280000000000006,-63.59157955825496
0.059285000000000004,-63.583916702330406
0.05929,-63.57625726217218
0.05929500000000001,-63.5757687222767
0.059300000000000005,-63.56819211244925
0.059305000000000004,-63.562878032518306
0.05931,-63.56268578740211
0.05931500000000001,-63.55511206057686
0.059320000000000005,-63.54989862451938
0.059325,-63.5422484474421
0.05933000000000001,-63.53460138194699
0.059335000000000006,-63.535665412097885
0.059340000000000004,-63.52809988177165
0.059345,-63.523310483882675
0.05935000000000001,-63.51566848654405
0.059355000000000005,-63.51750006196687
0.05936,-63.51904469773621
0.05936500000000001,-63.51439913592374
0.059370000000000006,-63.50975410527711
0.059375000000000004,-63.50211286756332
0.05938,-63.504041034911374
0.05938500000000001,-63.49648077696132
0.059390000000000005,-63.501358303836525
0.059395,-63.49379725632295
0.0594,-63.4892347472966
0.059405000000000006,-63.49125731709144
0.059410000000000004,-63.48369772632911
0.059415,-63.48870081241936
0.05942000000000001,-63.48114048548205
0.059425000000000006,-63.47660995069445
0.059430000000000004,-63.468973143791736
0.059435,-63.46133926498817
0.05944000000000001,-63.45370823464138
0.059445000000000005,-63.44607997622808
0.05945,-63.45009642595079
0.05945500000000001,-63.44254768354827
0.059460000000000006,-63.450200534932556
0.059465000000000004,-63.44265021944004
0.05947,-63.450042025900565
0.05947500000000001,-63.4533779041877
0.059480000000000005,-63.45966943033641
0.059485,-63.46506944069315
0.05949000000000001,-63.469577987189936
0.059495000000000006,-63.46485839013738
0.059500000000000004,-63.460139581628574
0.059505,-63.452496371997974
0.05951000000000001,-63.45420954077303
0.059515000000000005,-63.44664801590528
0.05952,-63.451240645651396
0.059525,-63.443678957637836
0.059530000000000007,-63.43904511004228
0.059535000000000005,-63.44085560097534
0.05954,-63.43329612631286
0.05954500000000001,-63.428759972442634
0.059550000000000006,-63.430857326472825
0.059555000000000004,-63.43266811644145
0.05956,-63.436928204136464
0.05956500000000001,-63.43214897570353
0.059570000000000005,-63.43558367795597
0.059575,-63.42801988467308
0.05958000000000001,-63.42306741135145
0.059585000000000006,-63.42393047968234
0.059590000000000004,-63.41636950892591
0.059595,-63.41983125108323
0.05960000000000001,-63.41227051934614
0.059605000000000005,-63.415481739160555
0.05961,-63.41568388468068
0.05961500000000001,-63.41779991400346
0.059620000000000006,-63.41902560165216
0.059625000000000004,-63.41348314447929
0.05963,-63.40794184326252
0.05963500000000001,-63.40672523318548
0.059640000000000006,-63.399159809799094
0.059645000000000004,-63.39985619769139
0.05965,-63.39229191484845
0.05965500000000001,-63.38668276827093
0.059660000000000005,-63.38558598879826
0.059665,-63.3842056942383
0.05967000000000001,-63.37858568733499
0.059675000000000006,-63.372966780859116
0.059680000000000004,-63.37150627248046
0.059685,-63.363947136670674
0.05969000000000001,-63.35832127239927
0.059695000000000005,-63.350685944769296
0.0597,-63.35001290291098
0.05970500000000001,-63.34905623595179
0.059710000000000006,-63.343582938898706
0.059715000000000004,-63.34422189676255
0.05972,-63.33666761016403
0.05972500000000001,-63.331023794733916
0.059730000000000005,-63.32980440006484
0.059735,-63.3222534866415
0.05974,-63.32294212420833
0.059745000000000006,-63.32125807042215
0.059750000000000004,-63.31554322662458
0.059755,-63.30982942750497
0.05976000000000001,-63.30219971265398
0.059765000000000006,-63.30092269932937
0.059770000000000004,-63.29337643591695
0.059775,-63.29398717219758
0.05978000000000001,-63.2864415354924
0.059785000000000005,-63.28082491778955
0.05979,-63.27320244407775
0.05979500000000001,-63.27253185748558
0.059800000000000006,-63.264992262815646
0.059805000000000004,-63.266407941178265
0.05981,-63.258868599803016
0.05981500000000001,-63.25345781299646
0.059820000000000005,-63.2529056096373
0.059825,-63.25207036285013
0.05983000000000001,-63.24664774852815
0.059835000000000006,-63.241225985516834
0.059840000000000004,-63.24030991112332
0.059845,-63.239111192546495
0.05985000000000001,-63.233567472233496
0.059855000000000005,-63.22802466083751
0.059860000000000003,-63.22040847011584
0.059865,-63.21961508576705
0.05987000000000001,-63.218539098164804
0.059875000000000005,-63.218943580027826
0.05988,-63.213218896253515
0.05988500000000001,-63.20749520492283
0.059890000000000006,-63.20567645964537
0.059895000000000004,-63.19814104040114
0.0599,-63.19241156658413
0.05990500000000001,-63.190899527035626
0.059910000000000005,-63.18336759628299
0.059915,-63.177742622663864
0.05992000000000001,-63.17653595497275
0.059925000000000006,-63.1690072608239
0.059930000000000004,-63.169707155057324
0.059935,-63.162178860319635
0.05994000000000001,-63.15659765198744
0.059945000000000005,-63.14899235567532
0.05995,-63.14139025014264
0.05995500000000001,-63.141274809711874
0.059960000000000006,-63.13375497790999
0.059965000000000004,-63.13590420193985
0.05997,-63.12838419813543
0.05997500000000001,-63.13029009597499
0.059980000000000006,-63.12952713586985
0.059985000000000004,-63.12413922383984
0.05999,-63.11875212188281
0.05999500000000001,-63.117909434346245
0.060000000000000005,-63.11678490048665
0.060005,-63.11127648108472
0.06001000000000001,-63.10576893468608
0.060015000000000006,-63.09816843675045
0.060020000000000004,-63.09745049390296
0.060025,-63.08993282827056
0.06003000000000001,-63.08458203744832
0.060035000000000005,-63.07698771133171
0.06004,-63.07705481553405
0.06004500000000001,-63.06954267438564
0.060050000000000006,-63.064457138458074
0.060055000000000004,-63.056868327520974
0.06006,-63.04928249006738
0.06006500000000001,-63.04169954444258
0.060070000000000005,-63.04350441538165
0.060075,-63.04502570099982
0.06008,-63.04041178856313
0.060085000000000006,-63.035798348559815
0.060090000000000005,-63.02821576570931
0.060095,-63.030127520093245
0.06010000000000001,-63.02262580149322
0.060105000000000006,-63.01816195680092
0.060110000000000004,-63.02036435697438
0.060115,-63.012863989352745
0.06012000000000001,-63.00849793613227
0.060125000000000005,-63.01098970870294
0.06013,-63.013197534838554
0.06013500000000001,-63.00881469572838
0.060140000000000006,-63.00443231989629
0.060145000000000004,-62.99685295675302
0.06015,-62.98927647585226
0.06015500000000001,-62.981702799085724
0.060160000000000005,-62.97413185140416
0.060165,-62.978149897073884
0.06017000000000001,-62.98188292161384
0.060175000000000006,-62.978013716988265
0.060180000000000004,-62.97414479903585
0.060185,-62.96657283478044
0.06019000000000001,-62.970683123509716
0.060195000000000005,-62.97450836303103
0.060200000000000004,-62.97066940002191
0.060205,-62.96683076970164
0.06021000000000001,-62.95925810848601
0.060215000000000005,-62.96346021226035
0.06022,-62.95596720595063
0.06022500000000001,-62.96385433192526
0.060230000000000006,-62.96757988649624
0.060235000000000004,-62.96370622064296
0.06024,-62.97056558857069
0.06024500000000001,-62.96306590702708
0.060250000000000005,-62.96956256872203
0.060255,-62.972244830332436
0.06026000000000001,-62.977652159867006
0.060265000000000006,-62.97320259211304
0.060270000000000004,-62.96875377333089
0.060275,-62.961169837003176
0.06028000000000001,-62.9535891301254
0.060285000000000005,-62.956471598172136
0.06029,-62.94897183463032
0.06029500000000001,-62.944833309288335
0.060300000000000006,-62.94800280841705
0.060305000000000004,-62.9405049836971
0.06031,-62.936463398667236
0.06031500000000001,-62.93991863953576
0.060320000000000006,-62.93242259489429
0.060325000000000004,-62.939317380442795
0.06033,-62.93182055385591
0.06033500000000001,-62.9278114767091
0.060340000000000005,-62.920238726742824
0.060345,-62.92426316207905
0.06035000000000001,-62.916770514519605
0.060355000000000006,-62.913017291483385
0.060360000000000004,-62.90544903420174
0.060365,-62.89788364959314
0.06037000000000001,-62.90313244609473
0.060375000000000005,-62.895646228341484
0.06038,-62.90492453049989
0.06038500000000001,-62.90969436808979
0.060390000000000006,-62.90617349274952
0.060395000000000004,-62.90265300271871
0.0604,-62.895085217646006
0.06040500000000001,-62.887520335041074
0.060410000000000005,-62.87995827594937
0.060415,-62.88603848863163
0.06042,-62.89183255713885
0.060425000000000006,-62.88865639110553
0.060430000000000005,-62.8854804941112
0.060435,-62.89117158619237
0.06044000000000001,-62.8836845620624
0.060445000000000006,-62.880490634541374
0.060450000000000004,-62.87292835953851
0.060455,-62.879361780615355
0.06046000000000001,-62.88550880075189
0.060465000000000005,-62.882450215106886
0.06047,-62.892531769790295
0.06047500000000001,-62.88504214716422
0.060480000000000006,-62.89475439513033
0.060485000000000004,-62.88726328773738
0.06049,-62.896717332293555
0.06049500000000001,-62.8892248675445
0.060500000000000005,-62.88585879694991
0.060505,-62.891321034023356
0.06051000000000001,-62.89649761372276
0.060515000000000006,-62.905229066916746
0.060520000000000004,-62.90161789899104
0.060525,-62.898007349961674
0.06053000000000001,-62.89043301095792
0.060535000000000005,-62.895319527642364
0.060540000000000004,-62.88782527519875
0.060545,-62.8966245072516
0.06055000000000001,-62.88912950505669
0.060555000000000005,-62.88559797437655
0.06056,-62.89057098222541
0.06056500000000001,-62.89525875552747
0.060570000000000006,-62.891707365975925
0.060575000000000004,-62.89984915620324
0.06058,-62.89235127979655
0.06058500000000001,-62.90012834639758
0.060590000000000005,-62.90377078915058
0.060595,-62.899867197831156
0.06060000000000001,-62.906618427586174
0.060605000000000006,-62.9094085740706
0.060610000000000004,-62.90521822226077
0.060615,-62.901028758470005
0.06062000000000001,-62.89344758512115
0.060625000000000005,-62.885869849558816
0.06063,-62.87829545183542
0.06063500000000001,-62.88241817008846
0.060640000000000006,-62.886256438832625
0.060645000000000004,-62.893204229251744
0.06065,-62.889145508149866
0.06065500000000001,-62.88508756832902
0.060660000000000006,-62.877511230928896
0.060665000000000004,-62.86993821562229
0.06067,-62.87396916600436
0.06067500000000001,-62.866476729741684
0.060680000000000005,-62.8627261632428
0.060685,-62.86703967541643
0.06069000000000001,-62.871068683818045
0.060695000000000006,-62.867299565402355
0.060700000000000004,-62.87456352785351
0.060705,-62.86706884698149
0.06071000000000001,-62.86312637634844
0.060715000000000005,-62.86687175228601
0.06072,-62.859379140756346
0.06072500000000001,-62.86665981762063
0.060730000000000006,-62.869932119729604
0.060735000000000004,-62.86590870711912
0.06074,-62.872165697983995
0.06074500000000001,-62.864668715053384
0.060750000000000005,-62.860472956672616
0.060755,-62.863466430121115
0.06076,-62.85597193853902
0.060765000000000007,-62.862252863727626
0.060770000000000005,-62.86477587809095
0.060775,-62.8605016008838
0.06078000000000001,-62.85622815215316
0.060785000000000006,-62.84865455753746
0.060790000000000004,-62.841084312808064
0.060795,-62.833517321438464
0.06080000000000001,-62.83737634251621
0.060805000000000005,-62.829889887144176
0.06081,-62.82608595736407
0.06081500000000001,-62.81852416440907
0.060820000000000006,-62.82313912001252
0.060825000000000004,-62.81565724689396
0.06083,-62.81210824204302
0.06083500000000001,-62.8045510297192
0.060840000000000005,-62.80991669759058
0.060845,-62.80243882900189
0.06085000000000001,-62.79914264436555
0.060855000000000006,-62.80478508140301
0.060860000000000004,-62.79730818966595
0.060865,-62.79410490702865
0.06087000000000001,-62.78655276122191
0.060875000000000005,-62.79293883805976
0.060880000000000004,-62.78546533187898
0.060885,-62.7962539625047
0.06089000000000001,-62.802159251461724
0.060895000000000005,-62.811857631936
0.0609,-62.82067299036636
0.06090500000000001,-62.817091321569976
0.060910000000000006,-62.81351023810991
0.060915000000000004,-62.805947004976865
0.06092,-62.81090031251868
0.06092500000000001,-62.8034170630236
0.060930000000000005,-62.7999800863185
0.060935,-62.805212237624374
0.06094000000000001,-62.79773063590496
0.060945000000000006,-62.806986573169034
0.060950000000000004,-62.79950401044514
0.060955,-62.80850408067077
0.06096000000000001,-62.80102037264568
0.060965000000000005,-62.80976517038914
0.06097,-62.80228042464329
0.06097500000000001,-62.798743137935155
0.060980000000000006,-62.791183120138285
0.060985000000000004,-62.79658958129809
0.06099,-62.7891092230258
0.06099500000000001,-62.798596777385946
0.061000000000000006,-62.80352579036953
0.061005000000000004,-62.80006261006796
0.06101,-62.808522628165235
0.06101500000000001,-62.8010363345136
0.061020000000000005,-62.809132303153504
0.061025,-62.81301731130843
0.06103000000000001,-62.82002556203483
0.061035000000000006,-62.81598709449902
0.061040000000000004,-62.811949468079746
0.061045,-62.815080333375604
0.06105000000000001,-62.80758883482113
0.061055000000000005,-62.814052210869704
0.06106,-62.81671307674338
0.06106500000000001,-62.81248705147686
0.061070000000000006,-62.80826192030186
0.061075000000000004,-62.81083387830914
0.06108,-62.803342118395115
0.06108500000000001,-62.809061975382846
0.061090000000000005,-62.801570500768825
0.061095000000000003,-62.807042986062505
0.0611,-62.79955149828968
0.06110500000000001,-62.80477723763274
0.061110000000000005,-62.79728578915432
0.061115,-62.80226541031847
0.06112000000000001,-62.80381489713969
0.061125000000000006,-62.799218259090935
0.061130000000000004,-62.80318175115046
0.061135,-62.7956876974613
0.06114000000000001,-62.79929814059819
0.061145000000000005,-62.79180457310501
0.06115,-62.79517287249712
0.06115500000000001,-62.795514934389274
0.061160000000000006,-62.79051455664456
0.061165000000000004,-62.78551529552643
0.06117,-62.7779436449524
0.06117500000000001,-62.77868778309757
0.061180000000000005,-62.771199007151544
0.061185,-62.76635569228537
0.06119000000000001,-62.76739918139928
0.061195000000000006,-62.75991391111172
0.061200000000000004,-62.75517263071695
0.061205,-62.75651412259219
0.06121000000000001,-62.74903205852622
0.061215000000000006,-62.74439217545064
0.061220000000000004,-62.7460303302578
0.061225,-62.73855120149704
0.06123000000000001,-62.73401209900629
0.061235000000000005,-62.735945584559154
0.06124,-62.72846914552666
0.06124500000000001,-62.72403022509485
0.061250000000000006,-62.72625771619934
0.061255000000000004,-62.71878374383404
0.06126,-62.72404015762583
0.06126500000000001,-62.71656591236691
0.061270000000000005,-62.721577292441225
0.061275,-62.72315554480788
0.06128000000000001,-62.727084328859675
0.061285000000000006,-62.73013208652773
0.061290000000000004,-62.72511043313793
0.061295,-62.72008979195832
0.06130000000000001,-62.7125293981932
0.061305000000000005,-62.713188138681105
0.06131,-62.70571040307967
0.06131500000000001,-62.70888099007367
0.061320000000000006,-62.70140369532917
0.061325000000000005,-62.696479196695286
0.06133,-62.688925726743506
0.06133500000000001,-62.69018545703716
0.061340000000000006,-62.682714050242716
0.061345000000000004,-62.678053958568164
0.06135,-62.67961139300833
0.06135500000000001,-62.6721426315858
0.061360000000000005,-62.67650630199237
0.061365,-62.66903741905215
0.06137000000000001,-62.67315888344136
0.061375000000000006,-62.66568965774846
0.061380000000000004,-62.66956954687039
0.061385,-62.66210006747955
0.06139000000000001,-62.66573901412749
0.061395000000000005,-62.65826936543042
0.0614,-62.66166800441404
0.06140500000000001,-62.66203990868875
0.061410000000000006,-62.664358905272266
0.061415000000000004,-62.665797973826635
0.06142,-62.660378381579676
0.06142500000000001,-62.654959915764294
0.061430000000000005,-62.65393864962772
0.061435000000000003,-62.64646404747966
0.06144000000000001,-62.64104185382955
0.06144500000000001,-62.64032967236109
0.061450000000000005,-62.63933888189593
0.061455,-62.63390911505805
0.06146000000000001,-62.634485917119115
0.061465000000000006,-62.62701359654289
0.061470000000000004,-62.62141737777732
0.061475,-62.62018191644293
0.06148000000000001,-62.61271330140233
0.061485000000000005,-62.60722363873322
0.06149,-62.59967880888569
0.06149500000000001,-62.59923760251415
0.061500000000000006,-62.591775801894926
0.061505000000000004,-62.593478802366164
0.06151,-62.58601745608181
0.06151500000000001,-62.58748584691132
0.061520000000000005,-62.58002469733003
0.061525,-62.574687027709096
0.06153000000000001,-62.56714920380236
0.061535000000000006,-62.56714722280625
0.061540000000000004,-62.5668665434796
0.061545,-62.56168363158672
0.06155000000000001,-62.55650156276189
0.061555000000000006,-62.54896677896135
0.061560000000000004,-62.54909534735141
0.061565,-62.54894523291687
0.06157000000000001,-62.54380778535701
0.061575000000000005,-62.53867115358183
0.06158,-62.53844746100219
0.06158500000000001,-62.53099498059293
0.061590000000000006,-62.5329849691992
0.061595000000000004,-62.52553273967843
0.0616,-62.527288283411224
0.06160500000000001,-62.526434944483036
0.061610000000000005,-62.521062839314666
0.061615,-62.52181772419542
0.06162000000000001,-62.51436295696095
0.061625000000000006,-62.51477706996009
0.061630000000000004,-62.50732279424863
0.061635,-62.50750651742114
0.06164000000000001,-62.5054754775552
0.061645000000000005,-62.49970973248226
0.06165,-62.49394508202882
0.06165500000000001,-62.486411909419814
0.061660000000000006,-62.48480199344554
0.061665000000000005,-62.48291533268428
0.06167,-62.48221766470672
0.06167500000000001,-62.47628191417766
0.061680000000000006,-62.470347306433666
0.061685000000000004,-62.46281604897377
0.06169,-62.460696125393525
0.06169500000000001,-62.45324891328254
0.061700000000000005,-62.45271506130784
0.061705,-62.44526876937997
0.06171000000000001,-62.439442108653765
0.061715000000000006,-62.43191878539132
0.061720000000000004,-62.430431599607786
0.061725,-62.428667948211576
0.06173000000000001,-62.42300075841217
0.061735000000000005,-62.42254113960996
0.06174,-62.415099212467354
0.06174500000000001,-62.409267025690454
0.061750000000000006,-62.40726871083837
0.061755000000000004,-62.399830094667884
0.06176,-62.39410615138823
0.06176500000000001,-62.386590734646475
0.061770000000000005,-62.38539423783172
0.061775000000000004,-62.37796192233185
0.06178000000000001,-62.37250931430472
0.06178500000000001,-62.37162540248377
0.061790000000000005,-62.370464923717996
0.061795,-62.37072990461733
0.06180000000000001,-62.36504950279242
0.061805000000000006,-62.3593700372358
0.061810000000000004,-62.35185775418971
0.061815,-62.34434874130842
0.06182000000000001,-62.33684290490743
0.061825000000000005,-62.329340154972016
0.06183,-62.32939559391809
0.06183500000000001,-62.32197491293351
0.061840000000000006,-62.31694722326191
0.061845000000000004,-62.30944967351587
0.06185,-62.30195501202392
0.06185500000000001,-62.30327828166674
0.061860000000000005,-62.29586472402069
0.061865,-62.2999026469771
0.06187000000000001,-62.292488194090375
0.061875000000000006,-62.29629003655456
0.061880000000000004,-62.29698091506077
0.061885,-62.29214810552231
0.06189000000000001,-62.28731589499227
0.061895000000000006,-62.2798199309958
0.061900000000000004,-62.280917248866054
0.061905,-62.281736942004095
0.06191000000000001,-62.284638282436134
0.061915000000000005,-62.279628075764904
0.06192,-62.281728358951455
0.06192500000000001,-62.28106127904779
0.061930000000000006,-62.27577201289897
0.061935000000000004,-62.27048362283951
0.06194,-62.26298250976958
0.06194500000000001,-62.255484643538594
0.061950000000000005,-62.255715466985784
0.061955,-62.248299890554264
0.06196000000000001,-62.243334336994366
0.061965000000000006,-62.23584222661174
0.061970000000000004,-62.236860808069586
0.061975,-62.229450356391794
0.06198000000000001,-62.22475070378911
0.061985000000000005,-62.22607290541747
0.06199,-62.21866439445084
0.06199500000000001,-62.22270022424512
0.062000000000000006,-62.21529116031019
0.062005000000000005,-62.210634537164744
0.06201,-62.21208305561358
0.06201500000000001,-62.213254130880486
0.062020000000000006,-62.208587289244484
0.062025000000000004,-62.203921071388905
0.06203,-62.19643372872153
0.06203500000000001,-62.18894940224962
0.062040000000000005,-62.191003623009145
0.062045,-62.19278003067013
0.06205000000000001,-62.19695429134977
0.062055000000000006,-62.200254838366476
0.062060000000000004,-62.19535030078221
0.062065,-62.190446553222344
0.06207000000000001,-62.18295639534271
0.062075000000000005,-62.18383045240886
0.06208,-62.17642235673639
0.06208500000000001,-62.17167635417613
0.062090000000000006,-62.17285539554274
0.062095000000000004,-62.165449717702145
0.0621,-62.160806953672065
0.06210500000000001,-62.15332501706856
0.062110000000000005,-62.145846085915615
0.062115000000000004,-62.1482844961634
0.06212000000000001,-62.140886372089334
0.06212500000000001,-62.14640484821575
0.062130000000000005,-62.148387050568054
0.062135,-62.14399610011616
0.06214000000000001,-62.13960572705607
0.062145000000000006,-62.14151094489827
0.062150000000000004,-62.13411008677273
0.062155,-62.129712594747474
0.06216000000000001,-62.13191832404525
0.062165000000000005,-62.124519443146376
0.06217,-62.129728825183534
0.06217500000000001,-62.13147947083405
0.062180000000000006,-62.135618433829706
0.062185000000000004,-62.13092915128953
0.06219,-62.126240643822015
0.06219500000000001,-62.11875789004967
0.062200000000000005,-62.11127833616599
0.062205,-62.103801891115765
0.06221000000000001,-62.106259287259135
0.062215000000000006,-62.108439118164505
0.062220000000000004,-62.10411678142377
0.062225,-62.10889785343012
0.06223000000000001,-62.10149837646796
0.062235000000000006,-62.097008295702096
0.062240000000000004,-62.098935360552545
0.062245,-62.09153792284851
0.06225000000000001,-62.09637648464128
0.062255000000000005,-62.08897872471578
0.06226,-62.09358212310296
0.06226500000000001,-62.086183839749474
0.062270000000000006,-62.09055268036119
0.062275000000000004,-62.083153970415964
0.06228,-62.08728886091186
0.06228500000000001,-62.0798898158954
0.062290000000000005,-62.0752659414605
0.062295,-62.067790627235254
0.06230000000000001,-62.06979567053866
0.062305000000000006,-62.071523790281454
0.062310000000000004,-62.075631723917205
0.062315,-62.07093930055925
0.06232000000000001,-62.06624768777109
0.062325000000000005,-62.05877101718084
0.06233,-62.05129758846409
0.06233500000000001,-62.053257221587046
0.062340000000000007,-62.054940086201704
0.062345000000000005,-62.05045449635014
0.06235,-62.04596960603182
0.06235500000000001,-62.047578456388756
0.062360000000000006,-62.040185573233515
0.062365000000000004,-62.03569487072839
0.06237,-62.028226018142554
0.06237500000000001,-62.03061538312504
0.062380000000000005,-62.02322767035851
0.062385,-62.019000469035056
0.06239000000000001,-62.021689267721605
0.062395000000000006,-62.0143034551183
0.062400000000000004,-62.020152555514464
0.062405,-62.012766092874074
0.06241000000000001,-62.00858002502182
0.062415000000000005,-62.001117340186056
0.06242,-61.99365761643073
0.06242500000000001,-61.98620077200089
0.062430000000000006,-61.990433560088434
0.062435000000000004,-61.99438807828273
0.06244,-62.001459983575394
0.06244500000000001,-61.99752069889895
0.062450000000000006,-61.99358192300702
0.062455000000000004,-61.986120857455454
0.06246000000000001,-61.98981540449058
0.06246500000000001,-61.982434653316744
0.062470000000000005,-61.97864712815389
0.062475,-61.97119061280039
0.06248000000000001,-61.963736955502455
0.062485000000000006,-61.95628607852955
0.062490000000000004,-61.9488379071954
0.062495,-61.9413923697386
0.0625,-61.93394939720796
0.062505,-61.94075786057065
0.06251000000000001,-61.93339282876817
0.062515,-61.94471727621837
0.06252,-61.93734995768726
0.06252500000000001,-61.93454643150162
0.06253,-61.94144747325667
0.06253500000000001,-61.94806830489786
0.06254,-61.94524550567142
0.062545,-61.95593286855283
0.06255000000000001,-61.94855880067353
0.062555,-61.94556396108631
0.06256,-61.951906566107866
0.06256500000000001,-61.957969362373625
0.06257,-61.95495662610721
0.062575,-61.9519442053486
0.06258000000000001,-61.94449093585072
0.062585,-61.95093132532475
0.06259,-61.94355685654804
0.06259500000000001,-61.94068882785683
0.0626,-61.93323927300714
0.06260500000000001,-61.925792478774966
0.06261,-61.918348371232874
0.062615,-61.91090687934861
0.06262000000000001,-61.90346793487148
0.062625,-61.89603147222337
0.06263,-61.9055361060164
0.06263500000000001,-61.89817615772771
0.06264,-61.913086793861595
0.062645,-61.90572400598371
0.06265000000000001,-61.903820195428715
0.062655,-61.89638239905067
0.06266000000000001,-61.90642092817159
0.062665,-61.899059491022186
0.06267,-61.8973992841045
0.06267500000000001,-61.90770211726251
0.06268,-61.90033983994702
0.062685,-61.91631334621042
0.06269000000000001,-61.92613787844939
0.062695,-61.94103402423507
0.0627,-61.93905944768428
0.06270500000000001,-61.93708501937919
0.06271,-61.92963509818719
0.062715,-61.939162603396
0.06272000000000001,-61.93178990048247
0.062725,-61.94673501988952
0.06273000000000001,-61.93936018083321
0.062735,-61.93745620450004
0.06274,-61.947057075775426
0.06274500000000001,-61.93968225610309
0.06275,-61.95472563392259
0.062755,-61.94734875985781
0.06276000000000001,-61.962134317719354
0.062765,-61.9547552626185
0.06277,-61.969283515821374
0.06277500000000001,-61.96190241262615
0.06278,-61.97617387914697
0.06278500000000001,-61.96879085296492
0.06279,-61.982806053422095
0.062795,-61.97542122211774
0.06280000000000001,-61.973277496596495
0.062805,-61.965818453591886
0.06281,-61.975184134536335
0.06281500000000001,-61.9842672477455
0.06282,-61.99817999829781
0.062825,-62.011220404462186
0.06283000000000001,-62.00876700269474
0.062835,-62.006314140354725
0.06284000000000001,-61.9988451856614
0.06284500000000001,-62.006984151909
0.06285,-61.99959388666295
0.06285500000000001,-62.01269670058148
0.06286,-62.0203631734731
0.062865,-62.017873671795925
0.06287000000000001,-62.01538470946072
0.062875,-62.007914799376366
0.06288,-62.01594794952499
0.06288500000000001,-62.023699383900784
0.06289,-62.03583928750076
0.062895,-62.03315712298651
0.06290000000000001,-62.03047557994544
0.062905,-62.02300194080616
0.06291000000000001,-62.03046841951787
0.062915,-62.02307392366839
0.06292,-62.020535023028266
0.06292500000000001,-62.01306656038706
0.06293,-62.00560122709261
0.062935,-62.014270764970355
0.06294000000000001,-62.00688353284631
0.062945,-62.02069113176767
0.06295,-62.02888619418649
0.06295500000000001,-62.026574584311255
0.06296,-62.02426338781381
0.06296500000000001,-62.01679577864634
0.06297000000000001,-62.00933124757448
0.062975,-62.01835177713234
0.06298000000000001,-62.01096508579801
0.062985,-62.00894914168659
0.06299,-62.018237873264496
0.06299500000000001,-62.01085186944997
0.063,-62.00892575744591
0.063005,-62.01848140605134
0.06301000000000001,-62.01109596282683
0.063015,-62.02608190968678
0.06302,-62.018694586866424
0.06302500000000001,-62.01679143022251
0.06303,-62.00932991785241
0.06303500000000001,-62.0194170993111
0.06304,-62.02922078565397
0.063045,-62.027448702255604
0.06305000000000001,-62.04237881337423
0.063055,-62.03498768809995
0.06306,-62.04955015490194
0.06306500000000001,-62.04215716329845
0.06307,-62.05646162224325
0.063075,-62.0650270413442
0.06308000000000001,-62.07825290898883
0.063085,-62.07583917359629
0.06309000000000001,-62.07342599432072
0.063095,-62.065948307493166
0.0631,-62.07422206764396
0.06310500000000001,-62.082213495716104
0.06311,-62.07982757847206
0.063115,-62.077442183085985
0.06312000000000001,-62.08533371563306
0.063125,-62.092943164754104
0.06313,-62.09042822387023
0.06313500000000001,-62.087913856040814
0.06314,-62.0954248514878
0.063145,-62.08802114001543
0.06315000000000001,-62.10029188376106
0.063155,-62.09288739241651
0.06316000000000001,-62.10490493756696
0.063165,-62.097499409509815
0.06317,-62.09484091483886
0.06317500000000001,-62.08736117907096
0.06318,-62.09523298781049
0.063185,-62.08783207794981
0.06319000000000001,-62.100581920056925
0.063195,-62.107980567084816
0.0632,-62.119652538502066
0.06320500000000001,-62.13045080064646
0.06321,-62.14037532810845
0.06321500000000001,-62.13712498745522
0.06322,-62.13387552392082
0.063225,-62.13921527956475
0.06323000000000001,-62.131800325329095
0.063235,-62.12853907099902
0.06324,-62.13416347814952
0.06324500000000001,-62.12675146451633
0.06325,-62.1365143324873
0.063255,-62.12910217365224
0.06326000000000001,-62.13861738498994
0.063265,-62.131204777214954
0.06327,-62.12791562763893
0.06327500000000001,-62.1334530269554
0.06328,-62.12604280431445
0.06328500000000001,-62.12285039767719
0.06329,-62.128671473145296
0.063295,-62.12126369856965
0.06330000000000001,-62.11816740230014
0.063305,-62.11068530137994
0.06331,-62.10320640950159
0.06331500000000001,-62.11024470645829
0.06332,-62.10284482691132
0.063325,-62.10015930332748
0.06333000000000001,-62.107474234965224
0.063335,-62.114507426433896
0.06334000000000001,-62.11180195534875
0.063345,-62.109096928902666
0.06335,-62.101619567109715
0.06335500000000001,-62.094145270000574
0.06336,-62.10201289731949
0.063365,-62.094616953205346
0.06337000000000001,-62.1073593649948
0.063375,-62.09996188272668
0.06338,-62.09749025815889
0.06338500000000001,-62.10543985068435
0.06339,-62.11310717452798
0.063395,-62.110614328874945
0.06340000000000001,-62.1081218541753
0.063405,-62.11568994716163
0.06341000000000001,-62.10828989549119
0.063415,-62.10578083810225
0.06342,-62.1136229872886
0.06342500000000001,-62.12118290149815
0.06343,-62.13306899757412
0.063435,-62.13031713992801
0.06344000000000001,-62.14139043246065
0.063445,-62.13398200861134
0.06345,-62.131057926461686
0.06345500000000001,-62.13767742314254
0.06346,-62.144015559964494
0.06346500000000001,-62.154274867809065
0.06347,-62.15111077237087
0.063475,-62.14794739270464
0.06348000000000001,-62.15353770695723
0.063485,-62.14612558583259
0.06349,-62.15584284635224
0.06349500000000001,-62.160966659640955
0.0635,-62.169608098243536
0.063505,-62.166035264554324
0.06351000000000001,-62.173868526325144
0.063515,-62.1774971663396
0.06352000000000001,-62.17364228173246
0.06352500000000001,-62.18035962682206
0.06353,-62.17293692760872
0.06353500000000001,-62.168913769094345
0.06354,-62.17227892343386
0.063545,-62.164859570927305
0.06355000000000001,-62.16093712246352
0.063555,-62.16459592210345
0.06356,-62.157179935675735
0.06356500000000001,-62.1533575080885
0.06357,-62.1573085850407
0.063575,-62.16098044854709
0.06358000000000001,-62.15714463295763
0.063585,-62.16391776248065
0.06359000000000001,-62.16675331519171
0.063595,-62.16263618759789
0.0636,-62.15852001982151
0.06360500000000001,-62.15102543397269
0.06361,-62.15425636183145
0.063615,-62.14684334843953
0.06362000000000001,-62.14288019553835
0.063625,-62.14640549384781
0.06363,-62.13899540152381
0.06363500000000001,-62.135132237659064
0.06364,-62.127647160899315
0.06364500000000001,-62.13193864357068
0.06365000000000001,-62.12453412798989
0.063655,-62.132520788987954
0.06366000000000001,-62.12511578040003
0.063665,-62.132859151390434
0.06367,-62.136506288980804
0.06367500000000001,-62.132666533895836
0.06368,-62.13940427140437
0.063685,-62.14221522665599
0.06369000000000001,-62.138094048318585
0.063695,-62.133973732599266
0.0637,-62.1367047752673
0.06370500000000001,-62.12929452468795
0.06371,-62.13520685903326
0.06371500000000001,-62.13748122311886
0.06372,-62.14232221450541
0.063725,-62.137801156570454
0.06373000000000001,-62.13328111623008
0.063735,-62.12578918418837
0.06374,-62.118300779688354
0.06374500000000001,-62.12080035279159
0.06375,-62.1133936972697
0.063755,-62.11899699336484
0.06376000000000001,-62.11159044807439
0.063765,-62.10732803454628
0.06377000000000001,-62.099845814609566
0.063775,-62.092366861270406
0.06378,-62.09593769608713
0.06378500000000001,-62.08853950311897
0.06379,-62.08469922143241
0.063795,-62.07722560096531
0.06380000000000001,-62.08156267316146
0.063805,-62.08562074149938
0.06381,-62.08192624602281
0.06381500000000001,-62.08920799639985
0.06382,-62.08180995317663
0.063825,-62.08874191967923
0.06383000000000001,-62.08134312902805
0.063835,-62.07741849591224
0.06384000000000001,-62.081032348215075
0.063845,-62.08436781755926
0.06385,-62.0906201442177
0.06385500000000001,-62.08646162320811
0.06386,-62.08230388035648
0.063865,-62.07482437955827
0.06387000000000001,-62.06734815572885
0.063875,-62.07090077610805
0.06388,-62.06350534264785
0.06388500000000001,-62.059660869171694
0.06389,-62.06350705343551
0.06389500000000001,-62.056113624591994
0.0639,-62.05236830222891
0.063905,-62.05650671343819
0.06391000000000001,-62.049115107327886
0.063915,-62.0568945965581
0.06392,-62.060572859795
0.06392500000000001,-62.05675223828055
0.06393,-62.05293222837956
0.063935,-62.056527992565556
0.06394000000000001,-62.04913370730864
0.063945,-62.045304426242346
0.06395,-62.037834781194675
0.06395500000000001,-62.03036819817615
0.06396,-62.03520240063521
0.06396500000000001,-62.02781560616695
0.06397,-62.03651950252793
0.063975,-62.04089156645372
0.06398000000000001,-62.03730528026475
0.063985,-62.03371951423703
0.06399,-62.02625198855067
0.06399500000000001,-62.03101104393642
0.064,-62.03549108871702
0.064005,-62.03194130815059
0.06401000000000001,-62.028392044782436
0.064015,-62.02092512073168
0.06402000000000001,-62.02579184333456
0.064025,-62.01840480458282
0.06403,-62.01500389603783
0.06403500000000001,-62.020158380326045
0.06404,-62.01277275905076
0.064045,-62.021902619251094
0.06405000000000001,-62.014515905367396
0.064055,-62.023401286279494
0.06406,-62.01601331567911
0.06406500000000001,-62.02465478430895
0.06407,-62.017265671723926
0.06407500000000001,-62.025663797385526
0.06408000000000001,-62.02980628305005
0.064085,-62.02614207626237
0.06409000000000001,-62.02247850078393
0.064095,-62.026537085353326
0.0641,-62.03031728722647
0.06410500000000001,-62.03716158454108
0.06411,-62.033154929403636
0.064115,-62.02914907480276
0.06412000000000001,-62.02167469229622
0.064125,-62.014203634361564
0.06413,-62.00673580500344
0.06413500000000001,-61.99927111198695
0.06414,-61.99180946669013
0.06414500000000001,-61.98435078396225
0.06415,-61.99023028001127
0.064155,-61.98285071078266
0.06416000000000001,-61.99294354252709
0.064165,-61.985562551024216
0.06417,-61.995408990362584
0.06417500000000001,-62.00063862017523
0.06418,-61.99734192969364
0.064185,-61.99404570642464
0.06419000000000001,-61.999187311462464
0.064195,-61.99180196371752
0.06420000000000001,-61.988493920392834
0.06420500000000001,-61.98103350296569
0.06421,-61.97357605004492
0.06421500000000001,-61.979942364418996
0.06422,-61.986028651497435
0.064225,-61.99594398045109
0.06423000000000001,-62.00498756483808
0.064235,-62.01315940328121
0.06424,-62.00948811442084
0.06424500000000001,-62.0058175350472
0.06425,-61.9983476377768
0.064255,-62.00285922699008
0.06426000000000001,-62.00709221130874
0.064265,-62.003459085077054
0.06427000000000001,-61.99982663285155
0.064275,-61.99235844642147
0.06428,-61.98489347767555
0.06428500000000001,-61.98998669866175
0.06429,-61.982601688566525
0.064295,-61.99165025459568
0.06430000000000001,-61.98426440699017
0.064305,-61.980878597409344
0.06431,-61.98607626801384
0.06431500000000001,-61.97869188312246
0.06432,-61.97540321643247
0.06432500000000001,-61.980887569573575
0.06433000000000001,-61.97350477573191
0.064335,-61.97031269534144
0.06434000000000001,-61.97608240639871
0.064345,-61.96870103986205
0.06435,-61.96560500040093
0.06435500000000001,-61.971658749841005
0.06436,-61.97743279608629
0.064365,-61.97431963499839
0.06437000000000001,-61.971206917588106
0.064375,-61.96374761777635
0.06438,-61.956291319396996
0.06438500000000001,-61.9488379390961
0.06439,-61.94138739678443
0.06439500000000001,-61.94894108563403
0.0644,-61.941568637400366
0.064405,-61.95388719219356
0.06441000000000001,-61.9465128457511
0.064415,-61.94395271983774
0.06442,-61.93650327652776
0.06442500000000001,-61.944608714600776
0.06443,-61.93723706490602
0.064435,-61.93492587565311
0.06444000000000001,-61.927479468859694
0.064445,-61.936320841966385
0.06445000000000001,-61.928951731705304
0.064455,-61.926887497256224
0.06446,-61.919443725756786
0.06446500000000001,-61.91200255070172
0.06447,-61.9045639045964
0.064475,-61.91505510177521
0.06448000000000001,-61.92526319819947
0.064485,-61.940670172465104
0.06449,-61.95520538706469
0.06449500000000001,-61.953138640579205
0.0645,-61.95107207860442
0.064505,-61.959867974001824
0.06451000000000001,-61.952490429374336
0.064515,-61.950405661297054
0.06452000000000001,-61.95947140494723
0.064525,-61.95209434940072
0.06453,-61.966426309292494
0.06453500000000001,-61.959047355836475
0.06454,-61.97312304844835
0.064545,-61.96574206035595
0.06455000000000001,-61.97956200743739
0.064555,-61.97217911279056
0.06456,-61.96998798562051
0.06456500000000001,-61.962530723832025
0.06457,-61.971751544702926
0.06457500000000001,-61.96437190337889
0.06458,-61.96242740863405
0.064585,-61.97191595466827
0.06459000000000001,-61.96453679731238
0.064595,-61.96268184807581
0.0646,-61.95522866953982
0.06460500000000001,-61.947778289243956
0.06461,-61.958451526070945
0.064615,-61.96884119630577
0.06462000000000001,-61.98449380724396
0.064625,-61.98270212979893
0.06463,-61.98091066626036
0.06463500000000001,-61.99053901084317
0.06464,-61.983155628796744
0.06464500000000001,-61.99823797708998
0.06465,-61.990852807184
0.064655,-61.988975453061904
0.06466000000000001,-61.98151619906189
0.064665,-61.99167605834106
0.06467,-61.98429395728249
0.06467500000000001,-62.000083058748764
0.06468,-61.99269895955651
0.064685,-61.9909989928812
0.06469000000000001,-62.001226665256794
0.064695,-61.9938427757189
0.06470000000000001,-61.9922310907053
0.064705,-62.00272142089254
0.06471,-62.01292802676478
0.06471500000000001,-62.01129099207937
0.06472,-62.00965417878142
0.064725,-62.01975262379835
0.06473000000000001,-62.01236479858864
0.064735,-62.02807381198695
0.06474,-62.03769292485157
0.06474500000000001,-62.0523224560575
0.06475,-62.05026339490558
0.06475500000000001,-62.048204792522554
0.06476000000000001,-62.04073194839198
0.064765,-62.03326227556103
0.06477000000000001,-62.02579568406297
0.064775,-62.018332087455015
0.06478,-62.02903209087541
0.06478500000000001,-62.02164538438303
0.06479,-62.03815428926646
0.064795,-62.030765497856876
0.06480000000000001,-62.04701185834323
0.064805,-62.05703298981301
0.06481,-62.055328894392346
0.06481500000000001,-62.07055013838962
0.06482,-62.06315245282724
0.06482500000000001,-62.061273166332406
0.06483,-62.07099140368438
0.064835,-62.06359457924387
0.06484000000000001,-62.06180459330027
0.064845,-62.071787254714756
0.06485,-62.06439141592565
0.06485500000000001,-62.07994846427419
0.06486,-62.072550993918696
0.064865,-62.087847199366244
0.06487000000000001,-62.09715410011434
0.064875,-62.11136999867761
0.06488000000000001,-62.109200345550754
0.06488500000000001,-62.10703123413193
0.06489,-62.09954908727141
0.06489500000000001,-62.10855872112763
0.0649,-62.101154932292474
0.064905,-62.11541957887783
0.06491000000000001,-62.10801461997934
0.064915,-62.105918077978984
0.06492,-62.11500160831414
0.06492500000000001,-62.10759783578611
0.06493,-62.10559166645552
0.064935,-62.11494218680635
0.06494000000000001,-62.10753970965828
0.064945,-62.105623343323266
0.06495000000000001,-62.11523955817784
0.064955,-62.10783818055923
0.06496,-62.12290897933835
0.06496500000000001,-62.115506062256756
0.06497,-62.13031658642912
0.064975,-62.12291193236031
0.06498000000000001,-62.12095194225071
0.064985,-62.13044267547044
0.06499,-62.12303890515308
0.06499500000000001,-62.137943370246866
0.065,-62.146954898259196
0.06500500000000001,-62.14490467270201
0.06501000000000001,-62.1428548892981
0.065015,-62.135371179395776
0.06502000000000001,-62.1447389913588
0.065025,-62.13733326099904
0.06503,-62.13542044047801
0.06503500000000001,-62.12794111916721
0.06504,-62.12046481461523
0.065045,-62.112991442964564
0.06505000000000001,-62.10552092364212
0.065055,-62.116987373460766
0.06506,-62.109593109753156
0.06506500000000001,-62.127123246391555
0.06507,-62.119726517362245
0.06507500000000001,-62.118451892020865
0.06508,-62.11098134641352
0.065085,-62.103513550851325
0.06509000000000001,-62.11594572299071
0.065095,-62.10855353662874
0.0651,-62.12736792505664
0.06510500000000001,-62.1393111349146
0.06511,-62.157040703792525
0.065115,-62.155751969361646
0.06512000000000001,-62.154463405831365
0.065125,-62.16563424643797
0.06513000000000001,-62.17651963304637
0.065135,-62.175094439788346
0.06514,-62.17366950116197
0.06514500000000001,-62.1661857986941
0.06515,-62.15870510532228
0.065155,-62.170390919838084
0.06516000000000001,-62.162986664553735
0.065165,-62.1618472947329
0.06517,-62.15436977884481
0.06517500000000001,-62.14689508346931
0.06518,-62.159743051957356
0.065185,-62.152343896082506
0.06519000000000001,-62.171713380350766
0.065195,-62.16431149226455
0.06520000000000001,-62.16349261912247
0.065205,-62.15601731056921
0.06521,-62.16936245750534
0.06521500000000001,-62.161962415887515
0.06522,-62.16137880372711
0.065225,-62.153905672094574
0.06523000000000001,-62.14643518976646
0.065235,-62.1609269899385
0.06524,-62.17513052945591
0.06524500000000001,-62.17481788398444
0.06525,-62.19560825874431
0.06525500000000001,-62.20894654874797
0.06526,-62.22853921001373
0.065265,-62.227708785370794
0.06527000000000001,-62.22687851152219
0.065275,-62.239436825929914
0.06528,-62.232021096401105
0.06528500000000001,-62.2510099106164
0.06529,-62.243592069764595
0.065295,-62.242666205721086
0.06530000000000001,-62.25526990124022
0.065305,-62.24785221564684
0.06531,-62.24700993729212
0.06531500000000001,-62.2598623627778
0.06532,-62.25244497747226
0.06532500000000001,-62.251685767862185
0.06533,-62.264785674625074
0.065335,-62.25736844653581
0.06534000000000001,-62.256691798747234
0.065345,-62.27003794303432
0.06535,-62.262620740971485
0.06535500000000001,-62.26202615707617
0.06536,-62.25453626667877
0.065365,-62.24704921289926
0.06537000000000001,-62.2615410556311
0.065375,-62.27574392750936
0.06538000000000001,-62.29649163740139
0.065385,-62.31636189596596
0.06539,-62.3155912062481
0.06539500000000001,-62.31482072325622
0.0654,-62.3073192290892
0.065405,-62.299820780916356
0.06541000000000001,-62.31348619173423
0.065415,-62.326862971688634
0.06542,-62.32625700284788
0.06542500000000001,-62.32565116243276
0.06543,-62.31815026468707
0.06543500000000001,-62.331853236209405
0.06544000000000001,-62.32442789711696
0.065445,-62.3449418504631
0.06545000000000001,-62.33751407494899
0.065455,-62.35775146870011
0.06546,-62.35032109525253
0.06546500000000001,-62.34969769279771
0.06547,-62.363228588739375
0.065475,-62.35579816698838
0.06548000000000001,-62.376084511492515
0.065485,-62.36865179113485
0.06549,-62.36803883679936
0.06549500000000001,-62.38160544372743
0.0655,-62.37417268453511
0.06550500000000001,-62.39450711002566
0.06551,-62.407576475524344
0.065515,-62.42681883502118
0.06552000000000001,-62.42587830441136
0.065525,-62.42493810861894
0.06553,-62.41741993094563
0.06553500000000001,-62.40990493951178
0.06554,-62.42309749945488
0.065545,-62.41565854039733
0.06555000000000001,-62.43549686718667
0.065555,-62.428055780069585
0.06556000000000001,-62.44761789613127
0.06556500000000001,-62.440174488005624
0.06557,-62.459460887682454
0.06557500000000001,-62.45201526150831
0.06558,-62.47102644205033
0.065585,-62.48310067934849
0.06559000000000001,-62.48204358816624
0.065595,-62.48098686445602
0.0656,-62.49293861475699
0.06560500000000001,-62.5046019365878
0.06561,-62.50340544322292
0.065615,-62.502209368356134
0.06562000000000001,-62.513751926688045
0.065625,-62.50629668488328
0.06563000000000001,-62.505075661456374
0.065635,-62.51686931948589
0.06564,-62.528374517005595
0.06564500000000001,-62.54553657767078
0.06565,-62.54406208963935
0.065655,-62.54258811885617
0.06566000000000001,-62.535051942402866
0.065665,-62.52751910949658
0.06567,-62.519989523695806
0.06567500000000001,-62.5320844599936
0.06568,-62.52463152929614
0.06568500000000001,-62.54301276040255
0.06569000000000001,-62.535557971077004
0.065695,-62.5344521138126
0.06570000000000001,-62.54658955902348
0.065705,-62.53913522580882
0.06571,-62.53811284132615
0.06571500000000001,-62.53058579267487
0.06572,-62.543424604885445
0.065725,-62.55597387905856
0.06573000000000001,-62.55507303836327
0.065735,-62.55417238302221
0.06574,-62.54664330657206
0.06574500000000001,-62.539117239131336
0.06575,-62.552447071821234
0.06575500000000001,-62.544996631989314
0.06576,-62.54437409990098
0.065765,-62.557945912793436
0.06577000000000001,-62.57122745904856
0.065775,-62.57057103853587
0.06578,-62.569914707214814
0.06578500000000001,-62.56238591752712
0.06579,-62.55486005134754
0.065795,-62.54733702872266
0.06580000000000001,-62.56184223201546
0.065805,-62.57605634343515
0.06581000000000001,-62.596828275598234
0.065815,-62.59625963041556
0.06582,-62.616195328996355
0.06582500000000001,-62.62887482370732
0.06583,-62.62800997243622
0.065835,-62.627145367700045
0.06584000000000001,-62.639697734021524
0.065845,-62.63223112005003
0.06585,-62.63133881399397
0.06585500000000001,-62.62379969976089
0.06586,-62.61626362737081
0.065865,-62.62996502513896
0.06587000000000001,-62.64337553818487
0.065875,-62.64275551257163
0.06588000000000001,-62.64213560744103
0.065885,-62.655415998551106
0.06589,-62.66840568532667
0.06589500000000001,-62.687549906038846
0.0659,-62.7058114834633
0.065905,-62.70459860109849
0.06591000000000001,-62.70338614745905
0.065915,-62.69583253802116
0.06592,-62.68828220352466
0.06592500000000001,-62.68073505030906
0.06593,-62.6731909883826
0.06593500000000001,-62.686546411380654
0.06594,-62.67907810610056
0.065945,-62.678452129791985
0.06595000000000001,-62.69204799517895
0.065955,-62.68457973148382
0.06596,-62.70496120574554
0.06596500000000001,-62.71805420849001
0.06597,-62.717321257071696
0.065975,-62.71658848194052
0.06598000000000001,-62.70903958750871
0.065985,-62.70149371985671
0.06599000000000001,-62.69395079506358
0.06599500000000001,-62.7082671631531
0.066,-62.70079926329886
0.06600500000000001,-62.72213906226716
0.06601,-62.71466840512568
0.066015,-62.73572433163816
0.06602000000000001,-62.74932159301377
0.066025,-62.76927757443787
0.06603,-62.78834966438336
0.06603500000000001,-62.78733296591702
0.06604,-62.78631662770175
0.066045,-62.77875453201647
0.06605000000000001,-62.791350016117974
0.066055,-62.803654425243046
0.06606000000000001,-62.80264898473829
0.066065,-62.80164387667133
0.06607,-62.813820575489544
0.06607500000000001,-62.806331039751036
0.06608,-62.82482999070261
0.066085,-62.81733880916979
0.06609000000000001,-62.835559283939894
0.066095,-62.82806621893399
0.0661,-62.84600873767454
0.06610500000000001,-62.85726735352253
0.06611,-62.85590668867999
0.06611500000000001,-62.872798785290954
0.06612000000000001,-62.865297701354045
0.066125,-62.863756999908524
0.06613000000000001,-62.87468509596422
0.066135,-62.867185429817546
0.06614,-62.86572960109525
0.06614500000000001,-62.85815735251003
0.06615,-62.86979181167869
0.066155,-62.8811354684422
0.06616000000000001,-62.87980311065879
0.066165,-62.87847113890632
0.06617,-62.87089830286351
0.06617500000000001,-62.882573218692805
0.06618,-62.89395720833695
0.06618500000000001,-62.910968200472446
0.06619,-62.909423734850485
0.066195,-62.907879742220985
0.06620000000000001,-62.90030137489617
0.066205,-62.892726298204444
0.06621,-62.904236529904054
0.06621500000000001,-62.89673843373596
0.06622,-62.89547742475079
0.066225,-62.88790652345493
0.06623000000000001,-62.900118550188154
0.066235,-62.892624023646455
0.06624000000000001,-62.91117050115523
0.06624500000000001,-62.922880625916314
0.06625,-62.92166908832189
0.06625500000000001,-62.93916190677226
0.06626,-62.931658235662
0.066265,-62.93026537656427
0.06627000000000001,-62.92268859918347
0.066275,-62.934519116405454
0.06628,-62.9460582107866
0.06628500000000001,-62.963276916874236
0.06629,-62.96178099737123
0.066295,-62.96028548898427
0.06630000000000001,-62.95270262486875
0.066305,-62.963909023272386
0.06631000000000001,-62.95640332700948
0.066315,-62.95503592058518
0.06632,-62.96649001089956
0.06632500000000001,-62.95898523558817
0.06633,-62.95770094924033
0.066335,-62.969401499949115
0.06634000000000001,-62.961897459968874
0.066345,-62.96069576623134
0.06635,-62.95311883708866
0.06635500000000001,-62.96551906408767
0.06636,-62.97762716454621
0.06636500000000001,-62.97654573069948
0.06637000000000001,-62.97546448105072
0.066375,-62.98744298468397
0.06638000000000001,-62.999129567581114
0.066385,-63.0165462552068
0.06639,-63.01509560431938
0.06639500000000001,-63.01364533289102
0.0664,-63.00605690694567
0.066405,-63.01740846374238
0.06641000000000001,-63.02846842489057
0.066415,-63.04505122284931
0.06642,-63.04338781316654
0.06642500000000001,-63.041724874583515
0.06643,-63.05199501198252
0.06643500000000001,-63.044475590087906
0.06644,-63.042786980369456
0.066445,-63.035194679443435
0.06645000000000001,-63.02760558480903
0.066455,-63.03904130260663
0.06646,-63.03152905573992
0.06646500000000001,-63.030233520738626
0.06647,-63.02264830099134
0.066475,-63.01506606720149
0.06648000000000001,-63.007486737222195
0.066485,-63.02053010850811
0.06649000000000001,-63.01302630639072
0.066495,-63.012272037023976
0.0665,-63.02555356942748
0.06650500000000001,-63.01804936202676
0.06651,-63.03802052767921
0.066515,-63.030513605760746
0.06652000000000001,-63.05019975360431
0.066525,-63.06275914751846
0.06653,-63.061821884638036
0.06653500000000001,-63.08044782329724
0.06654,-63.092127629140386
0.066545,-63.09089198365769
0.06655000000000001,-63.08965663413827
0.066555,-63.08206096277441
0.06656000000000001,-63.094066420839816
0.066565,-63.10577918540495
0.06657,-63.1045537546577
0.06657500000000001,-63.1220552171702
0.06658,-63.114529390452546
0.066585,-63.113121688418765
0.06659000000000001,-63.105522784860064
0.066595,-63.11735164451974
0.0666,-63.10982943509349
0.06660500000000001,-63.127872767067906
0.06661,-63.12034867053737
0.06661500000000001,-63.11910533908415
0.06662,-63.13096599588059
0.066625,-63.123442326734924
0.06663000000000001,-63.14152828888138
0.066635,-63.13400271284143
0.06664,-63.13276889650324
0.06664500000000001,-63.125170211518196
0.06665,-63.13751666280254
0.066655,-63.12999423039086
0.06666000000000001,-63.14872604796267
0.066665,-63.160565942265265
0.06667000000000001,-63.17819165249595
0.06667500000000001,-63.176778440720184
0.06668,-63.17536560295401
0.06668500000000001,-63.18640868800152
0.06669,-63.19715925294522
0.066695,-63.19560324972929
0.06670000000000001,-63.19404767772705
0.066705,-63.20467126314999
0.06671,-63.21500255888755
0.06671500000000001,-63.213304556655935
0.06672,-63.22897101533672
0.066725,-63.23842601589751
0.06673000000000001,-63.236431714455804
0.066735,-63.23443802593412
0.06674000000000001,-63.22681762877436
0.066745,-63.23661051697063
0.06675,-63.22906830302724
0.06675500000000001,-63.244407985384804
0.06676,-63.236864711461244
0.066765,-63.25192762831597
0.06677000000000001,-63.2443830267832
0.066775,-63.24237943004993
0.06678,-63.25200950018868
0.06678500000000001,-63.26134779941661
0.06679,-63.27564320417698
0.06679500000000001,-63.28904850458909
0.06680000000000001,-63.28656354921821
0.066805,-63.28407935274567
0.06681000000000001,-63.27645012530627
0.066815,-63.28479813128843
0.06682,-63.277247989184936
0.06682500000000001,-63.274898018095435
0.06683,-63.28350389421217
0.066835,-63.27595589491235
0.06684000000000001,-63.28971753272421
0.066845,-63.282168699131326
0.06685,-63.2798366242968
0.06685500000000001,-63.28849416659717
0.06686,-63.28094694566818
0.06686500000000001,-63.278701937986476
0.06687,-63.28761575972402
0.066875,-63.29623817593466
0.06688000000000001,-63.29396441976361
0.066885,-63.2916911880539
0.06689,-63.284067747365704
0.06689500000000001,-63.276447572114144
0.0669,-63.28587361622749
0.066905,-63.29500783039529
0.06691000000000001,-63.292906783734765
0.066915,-63.30697973926227
0.06692000000000001,-63.315239021211426
0.06692500000000001,-63.32809631761816
0.06693,-63.32547344914646
0.06693500000000001,-63.322851250900165
0.06694,-63.315220692521024
0.066945,-63.307593534053524
0.06695000000000001,-63.299969677277616
0.066955,-63.29234902782075
0.06696,-63.28473149500703
0.06696500000000001,-63.29451782087991
0.06697,-63.286977727786535
0.066975,-63.30230707991324
0.06698000000000001,-63.31159257418511
0.066985,-63.309541842810155
0.06699000000000001,-63.32381551328461
0.066995,-63.31626719923449
0.067,-63.33015451487888
0.06700500000000001,-63.32260468815784
0.06701,-63.33621754828688
0.067015,-63.32866630294125
0.06702000000000001,-63.326295031782976
0.067025,-63.3186698681323
0.06703,-63.327677288438935
0.06703500000000001,-63.3201302031389
0.06704,-63.31800163722965
0.06704500000000001,-63.327263130972135
0.06705000000000001,-63.3362326460855
0.067055,-63.35003639498072
0.06706000000000001,-63.34765158543869
0.067065,-63.34526728080482
0.06707,-63.337638433367616
0.06707500000000001,-63.34628229222657
0.06708,-63.33873180191556
0.067085,-63.33647980717782
0.06709000000000001,-63.34537928680016
0.067095,-63.33783009341892
0.0671,-63.335664118564075
0.06710500000000001,-63.34481798897141
0.06711,-63.33726991003069
0.06711500000000001,-63.335189429959605
0.06712,-63.344596466874506
0.067125,-63.33704933605355
0.06713000000000001,-63.335053837563684
0.067135,-63.3274330249227
0.06714,-63.33755153385951
0.06714500000000001,-63.34737726010048
0.06715,-63.345505672897964
0.067155,-63.36049899686819
0.06716000000000001,-63.35294868912129
0.067165,-63.36755333297719
0.06717000000000001,-63.36000123309701
0.067175,-63.37432916554783
0.06718,-63.38286085037648
0.06718500000000001,-63.38055086455559
0.06719,-63.3782413573428
0.067195,-63.37060911771533
0.06720000000000001,-63.36298008392701
0.067205,-63.37231449507757
0.06721,-63.38135654874895
0.06721500000000001,-63.39525835622625
0.06722,-63.39289404506101
0.06722500000000001,-63.40595552624861
0.06723000000000001,-63.39839414722055
0.067235,-63.41107091269151
0.06724000000000001,-63.40350842764023
0.067245,-63.415912514120706
0.06725,-63.40834899703687
0.06725500000000001,-63.42048099412328
0.06726,-63.412916515780694
0.067265,-63.410165185880935
0.06727000000000001,-63.41760116631363
0.067275,-63.41003853060361
0.06728,-63.42224677951102
0.06728500000000001,-63.429187752589826
0.06729,-63.42634094237658
0.06729500000000001,-63.42349479589236
0.0673,-63.43032069101935
0.067305,-63.43685596570557
0.06731000000000001,-63.447419248126664
0.067315,-63.444210122028956
0.06732,-63.44100180823213
0.06732500000000001,-63.43335466568383
0.06733,-63.439578056317195
0.067335,-63.43201093318521
0.06734000000000001,-63.442607005062094
0.067345,-63.43503950703381
0.06735000000000001,-63.44536748086304
0.06735500000000001,-63.437799322038174
0.06736,-63.4345943385855
0.06736500000000001,-63.440682956352966
0.06737,-63.43311697153752
0.067375,-63.43000293976354
0.06738000000000001,-63.42236287333161
0.067385,-63.429185340556245
0.06739,-63.42162457264729
0.06739500000000001,-63.41875847615367
0.0674,-63.41112354416379
0.067405,-63.41867473102153
0.06741000000000001,-63.41111846485852
0.067415,-63.408498145084344
0.06742000000000001,-63.416309259513355
0.067425,-63.408754172741084
0.06743,-63.42145890088804
0.06743500000000001,-63.428773617873205
0.06744,-63.4403729603584
0.067445,-63.437428772037535
0.06745000000000001,-63.43448515582854
0.067455,-63.44101575255389
0.06746,-63.43345229936543
0.06746500000000001,-63.444455807772286
0.06747,-63.436891612856854
0.06747500000000001,-63.44762602137559
0.06748000000000001,-63.44006084250742
0.067485,-63.43695954315331
0.06749000000000001,-63.42931985761903
0.067495,-63.421683396717214
0.0675,-63.42900884113235
0.06750500000000001,-63.42145117270347
0.06751,-63.41875466170705
0.067515,-63.426340993317474
0.06752000000000001,-63.43363608744148
0.067525,-63.43091197945552
0.06753,-63.428188300895435
0.06753500000000001,-63.43536687598925
0.06754,-63.42780747590756
0.06754500000000001,-63.43967181432363
0.06755,-63.43211128249963
0.067555,-63.429295740235446
0.06756000000000001,-63.43653270671827
0.067565,-63.44347866225339
0.06757,-63.440636247491426
0.06757500000000001,-63.437794325814245
0.06758,-63.43015640522242
0.067585,-63.422521635678244
0.06759000000000001,-63.41488992878274
0.067595,-63.407261199599304
0.06760000000000001,-63.399635366518076
0.06760500000000001,-63.392012351125366
0.06761,-63.401622820136495
0.06761500000000001,-63.394076763908934
0.06762,-63.39214934258117
0.067625,-63.38452905598397
0.06763000000000001,-63.394848679769396
0.067635,-63.38730487724154
0.06764,-63.38561529627251
0.06764500000000001,-63.37799735955112
0.06765,-63.37038203031865
0.067655,-63.381862208124495
0.06766000000000001,-63.374322565492065
0.067665,-63.391904299906834
0.06767000000000001,-63.40287622016454
0.067675,-63.401386998055706
0.06768,-63.41790496800315
0.06768500000000001,-63.42799415183353
0.06769,-63.44329138154355
0.067695,-63.457696041058135
0.06770000000000001,-63.455453424056145
0.067705,-63.45321122182489
0.06771,-63.445571770785826
0.06771500000000001,-63.454658743196845
0.06772,-63.44709725803529
0.06772500000000001,-63.461501343629514
0.06773000000000001,-63.45393836604605
0.067735,-63.46806490024856
0.06774000000000001,-63.460500236567654
0.067745,-63.45824696247759
0.06775,-63.45060832916144
0.06775500000000001,-63.45999311314768
0.06776,-63.4524321963809
0.067765,-63.46723226570195
0.06777000000000001,-63.4761146529522
0.067775,-63.48980614759777
0.06778,-63.48738038064677
0.06778500000000001,-63.48495512603593
0.06779,-63.49304555319077
0.06779500000000001,-63.485475323279196
0.0678,-63.49855597419024
0.067805,-63.49098476633115
0.06781000000000001,-63.50379053204056
0.067815,-63.51117613310475
0.06782,-63.522874648558094
0.06782500000000001,-63.53368000259594
0.06783,-63.53052262024998
0.067835,-63.52736607765257
0.06784000000000001,-63.533297369199715
0.067845,-63.52571558896375
0.06785000000000001,-63.522538706865596
0.067855,-63.51488316875589
0.06786,-63.50723107769993
0.06786500000000001,-63.51436278873054
0.06787,-63.521203028952655
0.067875,-63.51831652996211
0.06788000000000001,-63.515430645152904
0.067885,-63.522155173214045
0.06789,-63.51458041631911
0.06789500000000001,-63.52584480925869
0.0679,-63.532074842440814
0.06790500000000001,-63.52898280865541
0.06791000000000001,-63.53919603751728
0.067915,-63.54455370543404
0.06792000000000001,-63.54116773722164
0.067925,-63.55022078139951
0.06793,-63.54263674535091
0.06793500000000001,-63.55131252538827
0.06794,-63.55560094371187
0.067945,-63.563172837664354
0.06795000000000001,-63.5698515986882
0.067955,-63.565654674808734
0.06796,-63.56145889706818
0.06796500000000001,-63.55379024168817
0.06797,-63.55711208979776
0.06797500000000001,-63.54952536269891
0.06798,-63.54547538430836
0.067985,-63.549076015819466
0.06799000000000001,-63.54149283620147
0.067995,-63.54860322394638
0.068,-63.54102037641482
0.06800500000000001,-63.53700012066576
0.06801,-63.54068287314111
0.068015,-63.5331029070368
0.06802000000000001,-63.529177528424974
0.068025,-63.52152293566267
0.06803000000000001,-63.525955314375324
0.06803500000000001,-63.51838135042295
0.06804,-63.51470967395149
0.06804500000000001,-63.51941569098512
0.06805,-63.51184404640467
0.068055,-63.520421569656314
0.06806000000000001,-63.51284941183292
0.068065,-63.52116262985513
0.06807,-63.52518266839034
0.06807500000000001,-63.53239306338249
0.06808,-63.53871080364592
0.068085,-63.53443145821158
0.06809000000000001,-63.53015307272487
0.068095,-63.52249440384437
0.06810000000000001,-63.525550338310445
0.068105,-63.528318214862
0.06811,-63.52407069530991
0.06811500000000001,-63.529674861128555
0.06812,-63.522094831388536
0.068125,-63.51767237312933
0.06813000000000001,-63.51001704494686
0.068135,-63.51296946077751
0.06814,-63.50539562419136
0.06814500000000001,-63.51164070528843
0.06815,-63.504066910380935
0.06815500000000001,-63.51005344086615
0.06816000000000001,-63.50247941396454
0.068165,-63.49818479245959
0.06817000000000001,-63.50103160201894
0.068175,-63.49346016227724
0.06818,-63.489261660445365
0.06818500000000001,-63.49238989441379
0.06819,-63.49523024494054
0.068195,-63.49101224951396
0.06820000000000001,-63.496710525548906
0.068205,-63.4986885667353
0.06821,-63.50317592551582
0.06821500000000001,-63.49844235089017
0.06822,-63.49370978719677
0.06822500000000001,-63.4860555158235
0.06823,-63.47840477977481
0.068235,-63.48057646234774
0.06824000000000001,-63.47300752832469
0.068245,-63.46858565983131
0.06825,-63.460941354839925
0.06825500000000001,-63.453300310245204
0.06826,-63.45670753487632
0.068265,-63.44914719997346
0.06827000000000001,-63.455993455935996
0.068275,-63.448432533376376
0.06828000000000001,-63.44436244563863
0.06828500000000001,-63.436725775928664
0.06829,-63.44069152997154
0.06829500000000001,-63.43313512437764
0.0683,-63.42931933698615
0.068305,-63.433561680074405
0.06831000000000001,-63.43751560349249
0.068315,-63.43367801886043
0.06832,-63.44085511051067
0.06832500000000001,-63.43329562332738
0.06833,-63.4401017773191
0.068335,-63.442996806553396
0.06834000000000001,-63.43880232802519
0.068345,-63.43460856168457
0.06835000000000001,-63.42696894575024
0.068355,-63.430240119748966
0.06836,-63.42268141014058
0.06836500000000001,-63.42934644600687
0.06837,-63.4217872989023
0.068375,-63.41767335203279
0.06838000000000001,-63.42103115123935
0.068385,-63.42410137391345
0.06839,-63.41996764125374
0.06839500000000001,-63.4259691234566
0.0684,-63.41840800260108
0.06840500000000001,-63.41409899732698
0.06841000000000001,-63.40646219091309
0.068415,-63.3988286052019
0.06842000000000001,-63.4025569810668
0.068425,-63.405997594047584
0.06843,-63.40199006623984
0.06843500000000001,-63.40848358862703
0.06844,-63.40092623978825
0.068445,-63.39674300915683
0.06845000000000001,-63.38910996126078
0.068455,-63.392731735350964
0.06846000000000001,-63.39606590652331
0.06846500000000001,-63.40235626255791
0.06847,-63.39808814172529
0.06847500000000001,-63.39382076049673
0.06848,-63.386185434966684
0.068485,-63.38922922819128
0.06849000000000001,-63.38167496370924
0.068495,-63.37755351934196
0.0685,-63.38087892794473
0.06850500000000001,-63.37332687291776
0.06851,-63.36930072976195
0.068515,-63.372906481474054
0.06852000000000001,-63.36535644613225
0.068525,-63.37246441330679
0.06853000000000001,-63.37558854219129
0.068535,-63.3714768465768
0.06854,-63.37754831686878
0.06854500000000001,-63.36999336201573
0.06855,-63.36570656366223
0.068555,-63.358075909707814
0.06856000000000001,-63.35044846129524
0.068565,-63.35423104230128
0.06857,-63.34668403306632
0.06857500000000001,-63.34281359422779
0.06858,-63.346874598535386
0.06858500000000001,-63.35064794689873
0.06859000000000001,-63.357521955780804
0.068595,-63.35340508158714
0.06860000000000001,-63.34928888064314
0.068605,-63.34166046626754
0.06861,-63.33403524620951
0.06861500000000001,-63.337989965592534
0.06862,-63.33044508386394
0.068625,-63.326633456376655
0.06863000000000001,-63.31901317833973
0.068635,-63.31139588010182
0.06864,-63.3037814799126
0.06864500000000001,-63.30942627808316
0.06865,-63.30189086971655
0.06865500000000001,-63.29864869073771
0.06866,-63.30456343051273
0.068665,-63.297028689507535
0.06867000000000001,-63.30720451345125
0.068675,-63.29966813975711
0.06868,-63.30957883030736
0.06868500000000001,-63.3020407167126
0.06869,-63.31168687747066
0.068695,-63.30414717030214
0.06870000000000001,-63.313529407461196
0.068705,-63.30598824424101
0.06871000000000001,-63.315107166546916
0.06871500000000001,-63.3197402500056
0.06872,-63.32775983092941
0.06872500000000001,-63.32393135514346
0.06873,-63.32010354629791
0.068735,-63.31247779145565
0.06874000000000001,-63.30485526263258
0.068745,-63.30966270768846
0.06875,-63.30212017510323
0.06875500000000001,-63.298594458970456
0.06876,-63.303675986044546
0.068765,-63.30846928517618
0.06877000000000001,-63.30492110004874
0.068775,-63.30137344203368
0.06878000000000001,-63.30606215320227
0.068785,-63.29851904386434
0.06879,-63.29495341631325
0.06879500000000001,-63.299916836282804
0.0688,-63.29237548852285
0.068805,-63.288902567776134
0.06881000000000001,-63.281286196950894
0.068815,-63.28699265179566
0.06882,-63.2794555987009
0.06882500000000001,-63.27623311589474
0.06883,-63.26862104449619
0.06883500000000001,-63.27506539179382
0.06884000000000001,-63.28122054724635
0.068845,-63.29126737608221
0.06885000000000001,-63.300424488784564
0.068855,-63.296884035971715
0.06886,-63.2933441705863
0.06886500000000001,-63.298058289822386
0.06887,-63.29051425822666
0.068875,-63.286956587574785
0.06888000000000001,-63.29194543063339
0.068885,-63.28440336746094
0.06889,-63.29334999712924
0.06889500000000001,-63.297854080581125
0.0689,-63.29420801929763
0.06890500000000001,-63.29056259565514
0.06891,-63.282940659266906
0.068915,-63.275321936877475
0.06892000000000001,-63.28066453182615
0.068925,-63.28571883600528
0.06893,-63.29429958973376
0.06893500000000001,-63.29061432782902
0.06894,-63.28692972145528
0.068945,-63.29121334948832
0.06895000000000001,-63.29520951689438
0.068955,-63.29139323223302
0.06896000000000001,-63.29862541980861
0.06896500000000001,-63.301760405196156
0.06897,-63.30778449932109
0.06897500000000001,-63.31291922047681
0.06898,-63.308363161813205
0.068985,-63.30380816317825
0.06899000000000001,-63.29617448295595
0.068995,-63.288544418105616
0.069,-63.291205876915114
0.06900500000000001,-63.28365754714312
0.06901,-63.279413003811754
0.069015,-63.282359104290215
0.06902000000000001,-63.27481371002993
0.069025,-63.27066592851726
0.06903000000000001,-63.263045393674005
0.069035,-63.26674903500218
0.06904,-63.25920925046043
0.06904500000000001,-63.26644536508925
0.06905,-63.258905121503794
0.069055,-63.26588376084484
0.06906000000000001,-63.25834283730162
0.069065,-63.25432127286619
0.06907,-63.25791968870178
0.06907500000000001,-63.25038079403987
0.06908,-63.246454651013245
0.06908500000000001,-63.2388405292337
0.06909000000000001,-63.23122952118142
0.069095,-63.23605268485716
0.06910000000000001,-63.24058831838362
0.069105,-63.248475175067234
0.06911,-63.244622185760775
0.06911500000000001,-63.2407698115932
0.06912,-63.23315531941207
0.069125,-63.22554398223833
0.06913000000000001,-63.23025699623934
0.069135,-63.222725575043256
0.06914000000000001,-63.23130230051299
0.06914500000000001,-63.22376991600128
0.06915,-63.220154052138874
0.06915500000000001,-63.21254617394896
0.06916,-63.21781020741991
0.069165,-63.21028184005019
0.06917000000000001,-63.21959083818519
0.069175,-63.212061282117496
0.06918,-63.20863052033795
0.06918500000000001,-63.20102552878097
0.06919,-63.20683556718047
0.069195,-63.19930971362152
0.06920000000000001,-63.1961292403795
0.069205,-63.20220962719132
0.06921000000000001,-63.20800164569028
0.069215,-63.20479710742227
0.06922,-63.201592940714015
0.06922500000000001,-63.20727760762125
0.06923,-63.212674207810224
0.069235,-63.2217083983748
0.06924000000000001,-63.21814468944736
0.069245,-63.214581560986886
0.06925,-63.219207725473545
0.06925500000000001,-63.2116734896864
0.06926,-63.20809310222396
0.06926500000000001,-63.21299525782229
0.06927000000000001,-63.217609974443235
0.069275,-63.21400813123954
0.06928000000000001,-63.22206089777204
0.069285,-63.21452418453809
0.06929,-63.22220733964034
0.06929500000000001,-63.21466998915659
0.0693,-63.21082732362534
0.069305,-63.21495288857917
0.06931000000000001,-63.207417645680955
0.069315,-63.20366978839815
0.06932,-63.20807379823357
0.06932500000000001,-63.200540766791256
0.06933,-63.19688714468782
0.06933500000000001,-63.20156832154801
0.06934,-63.20596232904444
0.069345,-63.20228772272329
0.06935000000000001,-63.19861372841253
0.069355,-63.20290631877564
0.06936,-63.20691206223244
0.06936500000000001,-63.203106889122665
0.06937,-63.199302390044146
0.069375,-63.19169082731064
0.06938000000000001,-63.19606945150745
0.069385,-63.18853828975709
0.06939000000000001,-63.184877444119074
0.06939500000000001,-63.1895334753892
0.0694,-63.18200427206831
0.06940500000000001,-63.190504980739476
0.06941,-63.182975040787106
0.069415,-63.17934217746071
0.06942000000000001,-63.17173690167069
0.069425,-63.17694550426704
0.06943,-63.169419940868515
0.06943500000000001,-63.16603936492114
0.06944,-63.15843876090273
0.069445,-63.150841114973225
0.06945000000000001,-63.15726034871419
0.069455,-63.149741452721194
0.06946000000000001,-63.16058505374847
0.069465,-63.15306458293565
0.06947,-63.16364350122764
0.06947500000000001,-63.15612132988588
0.06948,-63.16643615861196
0.069485,-63.17197108801326
0.06949000000000001,-63.181188413703
0.069495,-63.17767362280556
0.0695,-63.17415942953746
0.06950500000000001,-63.16655226604115
0.06951,-63.158948280969206
0.06951500000000001,-63.164653296694425
0.06952000000000001,-63.15712880745844
0.069525,-63.15391446371601
0.06953000000000001,-63.15989087890401
0.069535,-63.15236776789786
0.06954,-63.14924478134622
0.06954500000000001,-63.15549134316534
0.06955,-63.161449720344095
0.069555,-63.158302845745496
0.06956000000000001,-63.15515640612526
0.069565,-63.161007510890926
0.06957,-63.153482835950584
0.06957500000000001,-63.16357249552284
0.06958,-63.15604678000926
0.06958500000000001,-63.152814217333386
0.06959,-63.1452134438341
0.069595,-63.15160638694799
0.06960000000000001,-63.14408466472077
0.069605,-63.14110144616194
0.06961,-63.14776264526829
0.06961500000000001,-63.15413535886254
0.06962,-63.16446929767129
0.069625,-63.161236156335924
0.06963000000000001,-63.15800354056008
0.069635,-63.15039959107474
0.06964000000000001,-63.156467950422496
0.06964500000000001,-63.14894339987394
0.06965,-63.145850198799366
0.06965500000000001,-63.13825097027456
0.06966,-63.14505624905657
0.069665,-63.13753582258402
0.06967000000000001,-63.13469090485216
0.069675,-63.12709580264735
0.06968,-63.13463288399793
0.06968500000000001,-63.12711602545638
0.06969,-63.13944662260111
0.06969500000000001,-63.13192804382971
0.06970000000000001,-63.129260784795164
0.069705,-63.121667335114246
0.06971000000000001,-63.12973066308827
0.069715,-63.137504432634024
0.06972,-63.13496715010235
0.06972500000000001,-63.147221790990805
0.06973,-63.15412731002663
0.069735,-63.15129614830018
0.06974000000000001,-63.162396336363415
0.069745,-63.168435422430136
0.06975,-63.16531158837395
0.06975500000000001,-63.162188330923385
0.06976,-63.15458185729816
0.06976500000000001,-63.160981197679114
0.06977000000000001,-63.153454119457415
0.069775,-63.1642741093751
0.06978000000000001,-63.17018632317738
0.069785,-63.16701989793516
0.06979,-63.176799349946805
0.06979500000000001,-63.1692663650009
0.0698,-63.165923276693704
0.069805,-63.1583155528356
0.06981000000000001,-63.16439300417047
0.069815,-63.15686488916747
0.06982000000000001,-63.16725689757585
0.06982500000000001,-63.15972794759265
0.06983,-63.16985625094152
0.06983500000000001,-63.16232624629501
0.06984,-63.15910025188652
0.069845,-63.15149545415338
0.06985000000000001,-63.15791606405486
0.069855,-63.16404832038785
0.06986,-63.1609571813961
0.06986500000000001,-63.171029153113
0.06987,-63.176297190537106
0.069875,-63.185160905880835
0.06988000000000001,-63.18155307629236
0.069885,-63.177946024063694
0.06989000000000001,-63.18244506176249
0.069895,-63.17490940871008
0.0699,-63.17128602663854
0.06990500000000001,-63.176062206329206
0.06991,-63.16852917792424
0.069915,-63.17719131231173
0.06992000000000001,-63.16965796723584
0.069925,-63.17806042933371
0.06993,-63.17052650454825
0.06993500000000001,-63.17866990851095
0.06994,-63.17113547489835
0.06994500000000001,-63.17902043716166
0.06995000000000001,-63.17148556249159
0.069955,-63.17911270174969
0.06996000000000001,-63.17157745090983
0.069965,-63.16772255419012
0.06997,-63.17180740372457
0.06997500000000001,-63.16427459839856
0.06998,-63.17201684143137
0.069985,-63.16448386666689
0.06999000000000001,-63.160659401472316
0.069995,-63.16483078902669
0.07,-63.168715699013866
0.07000500000000001,-63.16487172900142
0.07001,-63.16102850918441
0.07001500000000001,-63.15341925634444
0.07002,-63.157678473390604
0.070025,-63.150149852465084
0.07003000000000001,-63.15812282252522
0.070035,-63.150593798932434
0.07004,-63.1468298974012
0.07004500000000001,-63.151174598038686
0.07005,-63.14364757031152
0.070055,-63.15173381115215
0.07006000000000001,-63.144206299478945
0.070065,-63.140471823492916
0.07007000000000001,-63.14490149858209
0.07007500000000001,-63.1373758861429
0.07008,-63.13373584526449
0.07008500000000001,-63.126135262314925
0.07009,-63.1313135267926
0.070095,-63.123792730983624
0.07010000000000001,-63.12040530662137
0.070105,-63.11280951240076
0.07011,-63.105216701032795
0.07011500000000001,-63.11160642508484
0.07012,-63.104092427458035
0.070125,-63.114895684469495
0.07013000000000001,-63.12079902793961
0.070135,-63.11763771509081
0.07014000000000001,-63.11447680608859
0.070145,-63.10688169785598
0.07015,-63.09928957308274
0.07015500000000001,-63.0917003497587
0.07016,-63.098898747008576
0.070165,-63.091387805023395
0.07017000000000001,-63.08868011675745
0.070175,-63.081094305302905
0.07018,-63.073511231614305
0.07018500000000001,-63.06593082330282
0.07019,-63.074784526709735
0.07019500000000001,-63.08334838466079
0.07020000000000001,-63.096599028216225
0.070205,-63.09410748801116
0.07021000000000001,-63.091616139156294
0.070215,-63.084028115377755
0.07022,-63.076442902419856
0.07022500000000001,-63.08515216343156
0.07023,-63.07764435026288
0.070235,-63.0915321332602
0.07024000000000001,-63.099747690175676
0.070245,-63.09736117578348
0.07025,-63.11020250688063
0.07025500000000001,-63.117549144221094
0.07026,-63.12918064508032
0.07026500000000001,-63.12627465987276
0.07027,-63.12336917924336
0.070275,-63.11576887025093
0.07028000000000001,-63.10817170711292
0.070285,-63.11567385298663
0.07029,-63.108155279452085
0.07029500000000001,-63.120440278654264
0.0703,-63.11292031485999
0.070305,-63.110240796467465
0.07031000000000001,-63.10264621575838
0.070315,-63.09505461656914
0.07032000000000001,-63.08746591696578
0.07032500000000001,-63.096420730662004
0.07033,-63.08890947839911
0.07033500000000001,-63.103125050443715
0.07034,-63.111585189427345
0.070345,-63.10927812311609
0.07035000000000001,-63.12244609601167
0.070355,-63.1149261236767
0.07036,-63.11243953499021
0.07036500000000001,-63.12058055375957
0.07037,-63.113061340964684
0.07037500000000001,-63.126196571315674
0.07038000000000001,-63.133845310567416
0.070385,-63.14588086619682
0.07039000000000001,-63.1430730558358
0.070395,-63.14026578963928
0.0704,-63.1326618357252
0.07040500000000001,-63.12506109163355
0.07041,-63.1328623794671
0.070415,-63.12534020067778
0.07042000000000001,-63.12282631277661
0.070425,-63.11522999869199
0.07043,-63.1076366750084
0.07043500000000001,-63.100046259451396
0.07044,-63.092458672968796
0.07044500000000001,-63.10236829122761
0.07045000000000001,-63.11198696182145
0.070455,-63.11006817676764
0.07046000000000001,-63.124778137219444
0.070465,-63.1335241259335
0.07047,-63.1313094596909
0.07047500000000001,-63.1290950915749
0.07048,-63.121498164583606
0.070485,-63.130587586268106
0.07049000000000001,-63.12306835647564
0.070495,-63.120985712824265
0.07050000000000001,-63.11339251869013
0.07050500000000001,-63.12319794656518
0.07051,-63.13271236748591
0.07051500000000001,-63.14723454876958
0.07052,-63.14505176059216
0.070525,-63.14286930314951
0.07053000000000001,-63.13526956856995
0.070535,-63.12767286456845
0.07054,-63.1373234869198
0.07054500000000001,-63.12980414063907
0.07055,-63.144947831341234
0.070555,-63.13742656165752
0.07056000000000001,-63.13546042709633
0.070565,-63.14515787867285
0.07057000000000001,-63.154564259753165
0.070575,-63.168943848235415
0.07058,-63.16672185578567
0.07058500000000001,-63.164500260466845
0.07059,-63.156895956662204
0.070595,-63.16597817682924
0.07060000000000001,-63.15845181027712
0.070605,-63.17284127511383
0.07061,-63.16531337770966
0.07061500000000001,-63.16315384934293
0.07062,-63.17228652242579
0.07062500000000001,-63.16475939971548
0.07063000000000001,-63.17921617378163
0.070635,-63.18785238921804
0.07064000000000001,-63.20120696523481
0.070645,-63.21367260255031
0.07065,-63.2109630557043
0.07065500000000001,-63.20825416073144
0.07066,-63.20063825848604
0.070665,-63.193025717089895
0.07067000000000001,-63.201142518124264
0.070675,-63.19360866710279
0.07068,-63.19119226996889
0.07068500000000001,-63.19956878777112
0.07069,-63.1920364175164
0.07069500000000001,-63.20548853305409
0.0707,-63.19795491857677
0.070705,-63.19555684565503
0.07071000000000001,-63.20398825555371
0.070715,-63.19645574372974
0.07072,-63.194145030223375
0.07072500000000001,-63.18653871311788
0.07073,-63.17893544514047
0.070735,-63.17133514175476
0.07074000000000001,-63.1637377217354
0.070745,-63.156143107038204
0.07075000000000001,-63.1671309812858
0.07075500000000001,-63.17782652875275
0.07076,-63.17626182335635
0.07076500000000001,-63.19240726748379
0.07077,-63.20222587064319
0.070775,-63.200363602739166
0.07078000000000001,-63.198501577801814
0.070785,-63.1908967980149
0.07079,-63.18329498587888
0.07079500000000001,-63.19390765722497
0.0708,-63.18638262620126
0.070805,-63.2028076049844
0.07081000000000001,-63.19528038854793
0.070815,-63.193629886029015
0.07082000000000001,-63.204281198686466
0.070825,-63.19675400799435
0.07083,-63.213231020098924
0.07083500000000001,-63.22338016909988
0.07084,-63.238752144478575
0.070845,-63.236771670564885
0.07085000000000001,-63.234791571179535
0.070855,-63.24414946628342
0.07086,-63.25321588229984
0.07086500000000001,-63.25109506885552
0.07087,-63.26507698620194
0.07087500000000001,-63.25753316106905
0.07088000000000001,-63.25523206227717
0.070885,-63.24761445186191
0.07089000000000001,-63.256816602491
0.070895,-63.26572731862399
0.0709,-63.27945119915544
0.07090500000000001,-63.27705152242975
0.07091,-63.27465240683899
0.070915,-63.26703030009753
0.07092000000000001,-63.25941148642371
0.070925,-63.2517958717607
0.07093,-63.261306154082014
0.07093500000000001,-63.25376826533913
0.07094,-63.26873001690441
0.07094500000000001,-63.26119052749729
0.07095,-63.27587610099963
0.070955,-63.268334823229374
0.07096000000000001,-63.28274478297222
0.070965,-63.27520182468172
0.07097,-63.28933673771034
0.07097500000000001,-63.28179220097999
0.07098,-63.295652637050786
0.070985,-63.288106618631325
0.07099000000000001,-63.285801199999746
0.070995,-63.278181289278315
0.07100000000000001,-63.270564532639476
0.07100500000000001,-63.262950841482976
0.07101,-63.2553401306789
0.07101500000000001,-63.26591236092243
0.07102,-63.27619192374397
0.071025,-63.29173909912284
0.07103000000000001,-63.30639576919838
0.071035,-63.30422935844651
0.07104,-63.30206338028753
0.07104500000000001,-63.29444123105282
0.07105,-63.28682224765698
0.07105500000000001,-63.27920634104803
0.07106000000000001,-63.271593425662005
0.071065,-63.26398341928625
0.07107000000000001,-63.27510047343305
0.071075,-63.26756689387272
0.07108,-63.2661502965561
0.07108500000000001,-63.277511831682546
0.07109,-63.26997813405945
0.071095,-63.287401407742855
0.07110000000000001,-63.29825706973191
0.071105,-63.296733729409254
0.07111,-63.2952105520593
0.07111500000000001,-63.287595481457075
0.07112,-63.29877878889721
0.07112500000000001,-63.291240282438395
0.07113000000000001,-63.2898425623571
0.071135,-63.28223064999461
0.07114000000000001,-63.294113414716804
0.071145,-63.28657754404084
0.07115,-63.30469489008921
0.07115500000000001,-63.3160697566052
0.07116,-63.31471809032509
0.071165,-63.313366566986375
0.07117000000000001,-63.30574933251021
0.071175,-63.298135016164544
0.07118000000000001,-63.310288867861956
0.07118500000000001,-63.32214838527544
0.07119,-63.32095860393895
0.07119500000000001,-63.3386585833297
0.0712,-63.33111264429301
0.071205,-63.34841770988965
0.07121000000000001,-63.340869484471014
0.071215,-63.35789158571768
0.07122,-63.35034119681613
0.07122500000000001,-63.367080881324405
0.07123,-63.35952844500259
0.071235,-63.35793761281527
0.07124000000000001,-63.36881542589831
0.071245,-63.3793995821902
0.07125000000000001,-63.37777570792259
0.071255,-63.37615216890565
0.07126,-63.38660728798207
0.07126500000000001,-63.37905163540901
0.07127,-63.3773999643105
0.071275,-63.3881017023849
0.07128000000000001,-63.398509798721626
0.071285,-63.41423430361227
0.07129,-63.41232314393948
0.07129500000000001,-63.41041245719312
0.0713,-63.40277509099044
0.07130500000000001,-63.39514098073323
0.07131000000000001,-63.405671150693266
0.071315,-63.39811437721441
0.07132000000000001,-63.41443779677271
0.071325,-63.406879366767974
0.07133,-63.405179933152
0.07133500000000001,-63.415745046196946
0.07134,-63.408187290293995
0.071345,-63.424557407628186
0.07135000000000001,-63.41699797058335
0.071355,-63.41530942726851
0.07136,-63.4076765135805
0.07136500000000001,-63.41873347909067
0.07137,-63.411177446985796
0.07137500000000001,-63.42820135889255
0.07138,-63.42064338852967
0.071385,-63.43738388933048
0.07139000000000001,-63.429823806332045
0.071395,-63.446281448870415
0.0714,-63.45640577626579
0.07140500000000001,-63.47175350542913
0.07141,-63.48620826256343
0.071415,-63.499769974319534
0.07142000000000001,-63.49730553762799
0.071425,-63.49484182734396
0.07143000000000001,-63.48718825788234
0.07143500000000001,-63.49564295485711
0.07144,-63.48806834276261
0.07144500000000001,-63.48573734457667
0.07145,-63.49444708706086
0.071455,-63.48687450976495
0.07146000000000001,-63.50078002796412
0.071465,-63.50898917952392
0.07147,-63.52178633138764
0.07147500000000001,-63.533690180573814
0.07148,-63.53080664895229
0.071485,-63.52792395431915
0.07149000000000001,-63.52026441048599
0.071495,-63.51260844567301
0.07150000000000001,-63.50495595475105
0.071505,-63.51310260403292
0.07151,-63.50552897233733
0.07151500000000001,-63.50309576686003
0.07152,-63.511498650513296
0.071525,-63.50392676660816
0.07153000000000001,-63.51742348766285
0.071535,-63.52532644033863
0.07154,-63.53771489804863
0.07154500000000001,-63.53495579759479
0.07155,-63.53219737515649
0.07155500000000001,-63.524541930049644
0.07156000000000001,-63.532121401719536
0.071565,-63.52454513013969
0.07157000000000001,-63.53694749275384
0.071575,-63.529370444633706
0.07158,-63.526677003808366
0.07158500000000001,-63.519025907454925
0.07159,-63.5271231515565
0.071595,-63.51955070342744
0.07160000000000001,-63.532640718195005
0.071605,-63.52506713914872
0.07161000000000001,-63.52254805656121
0.07161500000000001,-63.53069519018805
0.07162,-63.523122851294765
0.07162500000000001,-63.52069048155644
0.07163,-63.52909356870882
0.071635,-63.53720399461206
0.07164000000000001,-63.534742188389004
0.071645,-63.547457927480565
0.07165,-63.55469103865622
0.07165500000000001,-63.55193275441933
0.07166,-63.56348165144951
0.071665,-63.5698392082623
0.07167000000000001,-63.58016935250063
0.071675,-63.57688930988736
0.07168000000000001,-63.57361010572637
0.07168500000000001,-63.565946467511594
0.07169,-63.57198968266042
0.07169500000000001,-63.57774195221669
0.0717,-63.57448559679838
0.071705,-63.58406507751517
0.07171000000000001,-63.576477711971656
0.071715,-63.57304319599876
0.07172,-63.565381473777954
0.07172500000000001,-63.55772320553362
0.07173,-63.55006829106283
0.07173500000000001,-63.556912680960885
0.07174000000000001,-63.54933701509278
0.071745,-63.56076071178615
0.07175000000000001,-63.55318411065624
0.071755,-63.56433605457366
0.07176,-63.55675829570625
0.07176500000000001,-63.553751658584154
0.07177,-63.56045119326598
0.071775,-63.55287499087174
0.07178000000000001,-63.54995746000431
0.071785,-63.54230704352404
0.07179,-63.54973468416518
0.07179500000000001,-63.55687035613028
0.0718,-63.55408283762638
0.07180500000000001,-63.55129577047261
0.07181000000000001,-63.5436453540002
0.071815,-63.53599804787385
0.07182000000000001,-63.52835376535417
0.071825,-63.520712423099035
0.07183,-63.529586026978954
0.07183500000000001,-63.538166568626714
0.07184,-63.53586597976579
0.071845,-63.549205133762
0.07185000000000001,-63.541634762700404
0.071855,-63.53915220473281
0.07186000000000001,-63.54740245598324
0.07186500000000001,-63.539832745707265
0.07187,-63.53743625613966
0.07187500000000001,-63.54594167274822
0.07188,-63.538372786845855
0.071885,-63.552004367777265
0.07189000000000001,-63.544433805575515
0.071895,-63.54205209705773
0.0719,-63.534407159262194
0.07190500000000001,-63.54342085840064
0.07191,-63.53585352612857
0.071915,-63.55016090406618
0.07192000000000001,-63.55867188856857
0.071925,-63.57186950454165
0.07193000000000001,-63.56931492289592
0.07193500000000001,-63.566760782899294
0.07194,-63.559107974618826
0.07194500000000001,-63.55145829784316
0.07195,-63.54381166501286
0.071955,-63.55291861169687
0.07196000000000001,-63.545349582933476
0.071965,-63.5432390600688
0.07197,-63.535596038256195
0.07197500000000001,-63.52795587234874
0.07198,-63.53823303894161
0.07198500000000001,-63.53066957605271
0.07199000000000001,-63.528952693200026
0.071995,-63.53947540311327
0.07200000000000001,-63.53191179897236
0.072005,-63.548225775073305
0.07201,-63.54065976744786
0.07201500000000001,-63.5389517292746
0.07202,-63.5495061758265
0.072025,-63.54193993343741
0.07203000000000001,-63.540313688088716
0.072035,-63.55111227941564
0.07204,-63.54354600386248
0.07204500000000001,-63.56022784531685
0.07205,-63.570517598416565
0.07205500000000001,-63.58608695226849
0.07206,-63.58412556701622
0.072065,-63.58216448967474
0.07207000000000001,-63.574511941507865
0.072075,-63.56686244136178
0.07208,-63.55921590496151
0.07208500000000001,-63.570081566906126
0.07209,-63.56251165249171
0.072095,-63.56098674065785
0.07210000000000001,-63.553343260207924
0.072105,-63.564907539568935
0.07211000000000001,-63.55734017145195
0.07211500000000001,-63.55604975666601
0.07212,-63.54840887821046
0.07212500000000001,-63.54077070986595
0.07213,-63.53313518059536
0.072135,-63.52550222214316
0.07214000000000001,-63.517871768926504
0.072145,-63.51024375793033
0.07215,-63.52475889035793
0.07215500000000001,-63.517204811669814
0.07216,-63.51690657007538
0.072165,-63.53164714184233
0.07217000000000001,-63.52409124011957
0.072175,-63.5460148141667
0.07218000000000001,-63.56023358649675
0.072185,-63.55981585482924
0.07219,-63.559397913388096
0.07219500000000001,-63.55175899057593
0.0722,-63.56628004057246
0.072205,-63.58050293239419
0.07221000000000001,-63.58008361634775
0.072215,-63.57966415387015
0.07222,-63.5720207865845
0.07222500000000001,-63.56438011525218
0.07223,-63.55674206940755
0.07223500000000001,-63.549106581344255
0.07224000000000001,-63.54147358600699
0.072245,-63.53384302088757
0.07225000000000001,-63.52621482592508
0.072255,-63.518588943409895
0.07226,-63.53623102283532
0.07226500000000001,-63.52867735192638
0.07227,-63.52942166863531
0.072275,-63.52179547602443
0.07228000000000001,-63.54008875772655
0.072285,-63.53253446215535
0.07229000000000001,-63.533495448368974
0.07229500000000001,-63.52586883517207
0.0723,-63.54480872693435
0.07230500000000001,-63.56344682900849
0.07231,-63.59014462185347
0.072315,-63.59097476036083
0.07232000000000001,-63.59180448230999
0.072325,-63.58416373213748
0.07233,-63.60240646260801
0.07233500000000001,-63.62034759127107
0.07234,-63.646119970141775
0.072345,-63.64670917429755
0.07235000000000001,-63.647298166293176
0.072355,-63.63964511783596
0.07236000000000001,-63.657194341494204
0.07236500000000001,-63.64961450509824
0.07237,-63.65031086081304
0.07237500000000001,-63.64265938711622
0.07238,-63.63501059484632
0.072385,-63.65365068355918
0.07239000000000001,-63.67198846829043
0.072395,-63.67293376894176
0.0724,-63.69926740065304
0.07240500000000001,-63.69168083770154
0.07241,-63.69243338427352
0.07241500000000001,-63.710373637743906
0.07242000000000001,-63.702785702192266
0.072425,-63.72897552732934
0.07243000000000001,-63.746380402625924
0.072435,-63.771444083778334
0.07244,-63.79560925696501
0.07244500000000001,-63.795775031019836
0.07245,-63.795940956007826
0.072455,-63.78826003407286
0.07246000000000001,-63.78058227018274
0.072465,-63.7973687423202
0.07247,-63.789765140930335
0.07247500000000001,-63.790191568494755
0.07248,-63.80719018911541
0.07248500000000001,-63.79958623169025
0.07249000000000001,-63.80008309127945
0.072495,-63.79240782092438
0.07250000000000001,-63.784735466153414
0.072505,-63.777065948017025
0.07251,-63.769399190657566
0.07251500000000001,-63.76173512118804
0.07252,-63.78114584517945
0.072525,-63.80025270865731
0.07253000000000001,-63.82758594574641
0.072535,-63.828547399919536
0.07254000000000001,-63.82950864826747
0.07254500000000001,-63.847771804749456
0.07255,-63.84016556573275
0.07255500000000001,-63.866789555736105
0.07256,-63.88451387131315
0.072565,-63.91000836661899
0.07257000000000001,-63.91049717403722
0.072575,-63.91098604569164
0.07258,-63.903292902727046
0.07258500000000001,-63.920620384506286
0.07259,-63.91300119391384
0.072595,-63.913597477308315
0.07260000000000001,-63.9059072051107
0.072605,-63.92388443901517
0.07261000000000001,-63.94155803227185
0.07261500000000001,-63.94225505073965
0.07262,-63.942952021185846
0.07262500000000001,-63.93525786109834
0.07263,-63.92756668962789
0.072635,-63.94595641308606
0.07264000000000001,-63.93833831879139
0.072645,-63.965133507368726
0.07265,-63.95751206382205
0.07265500000000001,-63.98399264919919
0.07266,-63.97636771940417
0.07266500000000001,-63.977155924381805
0.07267000000000001,-63.96945967437512
0.072675,-63.9880202765106
0.07268000000000001,-63.98039702545117
0.072685,-64.00742080585975
0.07269,-64.02543910261332
0.07269500000000001,-64.05133002465377
0.0727,-64.05190491145675
0.072705,-64.05247985416656
0.07271000000000001,-64.04476967795446
0.072715,-64.06238572611264
0.07272,-64.05474936598415
0.07272500000000001,-64.05543024554618
0.07273,-64.04772291228748
0.07273500000000001,-64.04001855830212
0.07274,-64.03231710228691
0.072745,-64.0514578689476
0.07275000000000001,-64.04382895769167
0.072755,-64.04502278771037
0.07276,-64.0643616608784
0.07276500000000001,-64.0567313691637
0.07277,-64.05799029602284
0.072775,-64.07752619335508
0.07278000000000001,-64.06989446490203
0.072785,-64.0712180912115
0.07279000000000001,-64.09094993328057
0.07279500000000001,-64.08331671483592
0.0728,-64.11190097934181
0.07280500000000001,-64.1310847442854
0.07281,-64.13227156595022
0.072815,-64.15974503172798
0.07282000000000001,-64.1780090699456
0.072825,-64.20423314359026
0.07283,-64.20487586195108
0.07283500000000001,-64.2055186839651
0.07284,-64.22293345372574
0.07284500000000001,-64.21527408630827
0.07285000000000001,-64.21587253261414
0.072855,-64.23349195823114
0.07286000000000001,-64.225832655813
0.072865,-64.25161337927682
0.07287,-64.24395141019377
0.07287500000000001,-64.26941592399609
0.07288,-64.2862542300014
0.072885,-64.28664047657264
0.07289000000000001,-64.28702690879219
0.072895,-64.27928512667212
0.0729,-64.29639928676544
0.07290500000000001,-64.31320792440049
0.07291,-64.31358279392816
0.07291500000000001,-64.33790161404563
0.07292000000000001,-64.33022610085797
0.072925,-64.33040748452005
0.07293000000000001,-64.34681335446741
0.072935,-64.33913810211457
0.07294,-64.36330811356564
0.07294500000000001,-64.37917271229567
0.07295,-64.402205418058
0.072955,-64.40202755628748
0.07296000000000001,-64.40185007765334
0.072965,-64.39409026587043
0.07297000000000001,-64.38633387508561
0.07297500000000001,-64.40224800567543
0.07298,-64.39456662595589
0.07298500000000001,-64.418083710041
0.07299,-64.41040011785981
0.072995,-64.43360411019943
0.07300000000000001,-64.42591806515962
0.073005,-64.44880950197678
0.07301,-64.46371285033797
0.07301500000000001,-64.4634379873962
0.07302,-64.48522432262362
0.073025,-64.47752852886008
0.07303000000000001,-64.49889181495743
0.073035,-64.5126476330657
0.07304000000000001,-64.51198395352084
0.07304500000000001,-64.51132075883794
0.07305,-64.52491848831355
0.07305500000000001,-64.51721707654146
0.07306,-64.51651500278322
0.073065,-64.5087422144962
0.07307000000000001,-64.52300936373607
0.073075,-64.53697183734137
0.07308,-64.55747331454022
0.07308500000000001,-64.55664812438539
0.07309,-64.55582340640255
0.07309500000000001,-64.56894671145236
0.07310000000000001,-64.56124113109543
0.073105,-64.56037802113072
0.07311000000000001,-64.55260084221146
0.073115,-64.54482702521292
0.07312,-64.55907240169832
0.07312500000000001,-64.55137426203521
0.07313,-64.57267460835966
0.073135,-64.5649743885981
0.07314000000000001,-64.5859648245231
0.073145,-64.57826230138755
0.07315,-64.59894338661525
0.07315500000000001,-64.61218561762057
0.07316,-64.61134566136799
0.07316500000000001,-64.63092336610904
0.07317000000000001,-64.64325183120874
0.073175,-64.64210254428788
0.07318000000000001,-64.66046545969095
0.073185,-64.6527473786054
0.07319,-64.65140776187879
0.07319500000000001,-64.64361745255512
0.0732,-64.65601817908224
0.073205,-64.66811489507171
0.07321000000000001,-64.68613262389098
0.073215,-64.68467393625306
0.07322000000000001,-64.6832158271499
0.07322500000000001,-64.69447814207483
0.07323,-64.68675709266556
0.07323500000000001,-64.68526317500974
0.07324,-64.69675424671492
0.073245,-64.68903502092547
0.07325000000000001,-64.70667603041686
0.073255,-64.69895558882774
0.07326,-64.69746199150717
0.07326500000000001,-64.70895363337367
0.07327,-64.70123446737979
0.073275,-64.69981805818195
0.07328000000000001,-64.71153712162453
0.073285,-64.70381932847778
0.07329000000000001,-64.7217629751282
0.07329500000000001,-64.71404366517045
0.0733,-64.73168340774203
0.07330500000000001,-64.74264214799487
0.07331,-64.74102959812848
0.073315,-64.73941754237339
0.07332000000000001,-64.7502261433049
0.073325,-64.76073143690293
0.07333,-64.77662976434328
0.07333500000000001,-64.79161695602363
0.07334,-64.78938881016504
0.07334500000000001,-64.78716142055097
0.07335000000000001,-64.77935089954255
0.073355,-64.78880535684304
0.07336000000000001,-64.79795739431228
0.073365,-64.79573548893691
0.07337,-64.79351426737661
0.07337500000000001,-64.80252319431325
0.07338,-64.79478940014911
0.073385,-64.80913134947767
0.07339000000000001,-64.80139693685081
0.073395,-64.79906821979723
0.0734,-64.80809338707843
0.07340500000000001,-64.81681636844503
0.07341,-64.81445088591028
0.07341500000000001,-64.82801761760125
0.07342,-64.8358349871632
0.073425,-64.83316396574972
0.07343000000000001,-64.84552586094112
0.073435,-64.83778393913232
0.07344,-64.8497399964565
0.07344500000000001,-64.84199766262486
0.07345,-64.83906675035557
0.073455,-64.84630913033546
0.07346000000000001,-64.85325058203678
0.073465,-64.86440069326913
0.07347000000000001,-64.86120536642711
0.07347500000000001,-64.85801096158937
0.07348,-64.85019016116306
0.07348500000000001,-64.8567821097773
0.07349,-64.84904139311732
0.073495,-64.84597729361259
0.07350000000000001,-64.85281833334886
0.073505,-64.84508035583502
0.07351,-64.84210101151939
0.07351500000000001,-64.8491899492652
0.07352,-64.8559780736913
0.07352500000000001,-64.85296508353099
0.07353000000000001,-64.86395585015435
0.073535,-64.85621590057396
0.07354000000000001,-64.85301686074551
0.073545,-64.84520288110214
0.07355,-64.85210686318368
0.07355500000000001,-64.84437234705827
0.07356,-64.85591302198458
0.073565,-64.86229841692196
0.07357000000000001,-64.85915094926442
0.073575,-64.86960488314256
0.07358,-64.86186498949752
0.07358500000000001,-64.87191735863931
0.07359,-64.87718637536712
0.07359500000000001,-64.87366318904313
0.07360000000000001,-64.87014084369095
0.073605,-64.86232235577809
0.07361000000000001,-64.86793199590922
0.073615,-64.86019377117395
0.07362,-64.87001330318459
0.07362500000000001,-64.86227479203869
0.07363,-64.87180796060646
0.073635,-64.8640688770571
0.07364000000000001,-64.87331634809264
0.073645,-64.86557675755658
0.07365000000000001,-64.87453919948048
0.07365500000000001,-64.87899185033054
0.07366,-64.87519659920892
0.07366500000000001,-64.87140220872648
0.07367,-64.86358392900044
0.073675,-64.85576917505794
0.07368000000000001,-64.84795784460457
0.073685,-64.85369561163544
0.07369,-64.84596407143938
0.07369500000000001,-64.84262091257627
0.0737,-64.84861162167344
0.073705,-64.84088199206323
0.07371000000000001,-64.8376243684513
0.073715,-64.84386684503856
0.07372000000000001,-64.84980927694102
0.07372500000000001,-64.84651895591259
0.07373,-64.84322917765229
0.07373500000000001,-64.83542257330484
0.07374,-64.84170172189144
0.073745,-64.83397440678655
0.07375000000000001,-64.83081441396016
0.073755,-64.83734400269178
0.07376,-64.84357334749703
0.07376500000000001,-64.84038005767945
0.07377,-64.8506235241468
0.07377500000000001,-64.84289251435702
0.07378000000000001,-64.83951315342235
0.073785,-64.84539537833702
0.07379000000000001,-64.85097785560522
0.073795,-64.84756655462445
0.0738,-64.84415584984082
0.07380500000000001,-64.8363478711569
0.07381,-64.84226938160494
0.073815,-64.83454095764972
0.07382000000000001,-64.83126105529517
0.073825,-64.83743471847258
0.07383,-64.82970797337057
0.07383500000000001,-64.82651319830579
0.07384,-64.83293784579716
0.07384500000000001,-64.83906237031762
0.07385000000000001,-64.84911810554355
0.073855,-64.8456591722115
0.07386000000000001,-64.84220085431193
0.073865,-64.83439267037092
0.07387,-64.82658775146072
0.07387500000000001,-64.83283576796454
0.07388,-64.8251101058208
0.073885,-64.82194081792866
0.07389000000000001,-64.81414066275485
0.073895,-64.8211056556856
0.07390000000000001,-64.82777014744802
0.07390500000000001,-64.82472477863685
0.07391,-64.82167981440872
0.07391500000000001,-64.81387931008022
0.07392,-64.82087611040193
0.073925,-64.8275723836093
0.07393000000000001,-64.82453740970475
0.073935,-64.82150284897475
0.07394,-64.81370205461305
0.07394500000000001,-64.82073045346742
0.07395,-64.81300835039158
0.073955,-64.81010149051892
0.07396000000000001,-64.81737694419225
0.073965,-64.82435165674265
0.07397000000000001,-64.83553984745983
0.07397500000000001,-64.84581675634665
0.07398,-64.84241285619996
0.07398500000000001,-64.8390095870264
0.07399,-64.83120109185377
0.073995,-64.82339588881298
0.07400000000000001,-64.8155938847544
0.074005,-64.80779499017704
0.07401,-64.79999911908537
0.07401500000000001,-64.79220618885203
0.07402,-64.78441612008572
0.07402500000000001,-64.77662883650426
0.07403000000000001,-64.78582428749483
0.074035,-64.7781139805123
0.07404000000000001,-64.79269599775705
0.074045,-64.78498329573345
0.07405,-64.78273012063995
0.07405500000000001,-64.7749428499265
0.07406,-64.78461276582601
0.074065,-64.77690226113874
0.07407000000000001,-64.77488338289623
0.074075,-64.76709866078713
0.07408000000000001,-64.77746185153372
0.07408500000000001,-64.76975344486333
0.07409,-64.78588868503459
0.07409500000000001,-64.79572270829236
0.0741,-64.810720472065
0.074105,-64.82480675609426
0.07411000000000001,-64.82236154658762
0.074115,-64.81991667756293
0.07412,-64.81211625133652
0.07412500000000001,-64.8043188877133
0.07413,-64.79652450253658
0.074135,-64.80623085868189
0.07414000000000001,-64.79851356520548
0.074145,-64.81377757544399
0.07415000000000001,-64.82295656342532
0.07415500000000001,-64.82075094194364
0.07416,-64.81854557811734
0.07416500000000001,-64.8107470859565
0.07417,-64.80295158634053
0.074175,-64.7951589978599
0.07418000000000001,-64.78736924229344
0.074185,-64.77958224448312
0.07419,-64.79090897070607
0.07419500000000001,-64.78319789012342
0.0742,-64.80061595272589
0.07420500000000001,-64.81141008867075
0.07421000000000001,-64.80974673119488
0.074215,-64.80808344129356
0.07422000000000001,-64.81872665396337
0.074225,-64.82906623057644
0.07423,-64.844740973533
0.07423500000000001,-64.85950366882088
0.07424,-64.85722179918686
0.074245,-64.8549403518788
0.07425000000000001,-64.86376597420977
0.074255,-64.8560331084591
0.07426,-64.85371841612668
0.07426500000000001,-64.86278226283737
0.07427,-64.8715435123488
0.07427500000000001,-64.88511728706187
0.07428000000000001,-64.88253323865837
0.074285,-64.87994975164959
0.07429000000000001,-64.8721355862585
0.074295,-64.88053446297164
0.0743,-64.87279882021714
0.07430500000000001,-64.8703400368938
0.07431,-64.87897899391588
0.074315,-64.88731560364691
0.07432000000000001,-64.88481977015994
0.074325,-64.88232442017639
0.07433000000000001,-64.87451213056276
0.07433500000000001,-64.88316984239609
0.07434,-64.87543578854903
0.07434500000000001,-64.88930933390151
0.07435,-64.88157396055635
0.074355,-64.89515108544043
0.07436000000000001,-64.90306123648773
0.074365,-64.90042103941029
0.07437,-64.89778137865198
0.07437500000000001,-64.88996607458846
0.07438,-64.89819952237484
0.074385,-64.89046274293486
0.07439000000000001,-64.88794798661402
0.074395,-64.88013755594928
0.07440000000000001,-64.88907347253799
0.07440500000000001,-64.8813409531779
0.07441,-64.87906306373772
0.07441500000000001,-64.88823632068855
0.07442,-64.8805047361606
0.074425,-64.87830654868937
0.07443000000000001,-64.88771601083195
0.074435,-64.89682240735523
0.07444,-64.91085589392254
0.07444500000000001,-64.90838701114417
0.07445,-64.9059185732389
0.07445500000000001,-64.91419724902467
0.07446000000000001,-64.9064584807632
0.074465,-64.90395746087223
0.07447000000000001,-64.89614506131736
0.074475,-64.90512571352934
0.07448,-64.91380354409371
0.07448500000000001,-64.92726663628865
0.07449,-64.93981685160377
0.074495,-64.93697107682235
0.07450000000000001,-64.9341259273125
0.074505,-64.92630417222915
0.07451,-64.93393762151759
0.07451500000000001,-64.92619483334803
0.07452,-64.9387078797424
0.07452500000000001,-64.93096417014819
0.07453000000000001,-64.94318338118408
0.074535,-64.93543850813921
0.07454000000000001,-64.93257096191118
0.074545,-64.92475202937034
0.07455,-64.91693635971804
0.07455500000000001,-64.90912386100628
0.07456,-64.90131444488861
0.074565,-64.89350802647878
0.07457000000000001,-64.90325519685597
0.074575,-64.91269890564769
0.07458000000000001,-64.91057515430477
0.07458500000000001,-64.90845161730603
0.07459,-64.90064341438612
0.07459500000000001,-64.892838164333
0.0746,-64.88503578734351
0.074605,-64.89570954735252
0.07461000000000001,-64.90607910647662
0.074615,-64.92179525513079
0.07462,-64.93659828232853
0.07462500000000001,-64.93432117260227
0.07463,-64.93204441543512
0.074635,-64.94089704868576
0.07464000000000001,-64.9331570300604
0.074645,-64.9472912176729
0.07465000000000001,-64.93954976663427
0.07465500000000001,-64.95338608783374
0.07466,-64.94564300643532
0.07466500000000001,-64.95918209286285
0.07467,-64.9670612631831
0.074675,-64.96440556339229
0.07468000000000001,-64.96175040234573
0.074685,-64.95392739764786
0.07469,-64.9621291328854
0.07469500000000001,-64.95438466809631
0.0747,-64.95185414486699
0.07470500000000001,-64.96029597899194
0.07471000000000001,-64.95255294869024
0.074715,-64.96614132253137
0.07472000000000001,-64.95839698896985
0.074725,-64.95587187253545
0.07473,-64.9643302339568
0.07473500000000001,-64.95658697715369
0.07474,-64.97019736384962
0.074745,-64.97812987443936
0.07475000000000001,-64.97549191343029
0.074755,-64.97285445102251
0.07476000000000001,-64.96503132738455
0.07476500000000001,-64.97328585459698
0.07477,-64.98123770216704
0.07477500000000001,-64.9786064033604
0.07478,-64.97597558620632
0.074785,-64.98378625562789
0.07479000000000001,-64.97603873426917
0.074795,-64.98878854615815
0.0748,-64.98103997039796
0.07480500000000001,-64.99349467086944
0.07481,-65.00055990734485
0.074815,-64.99762925376233
0.07482000000000001,-65.0089912735711
0.074825,-65.00123626011185
0.07483000000000001,-64.99811830362484
0.07483500000000001,-65.00482700473378
0.07484,-64.99707399845404
0.07484500000000001,-65.0083591934128
0.07485,-65.00060557046199
0.074855,-64.99749794808002
0.07486000000000001,-65.00423488634836
0.074865,-65.01067022577533
0.07487,-65.02114783276808
0.07487500000000001,-65.03071168637385
0.07488,-65.02710705382083
0.07488500000000001,-65.0235032932691
0.07489000000000001,-65.02843640121594
0.074895,-65.03306928194911
0.07490000000000001,-65.02932090167118
0.074905,-65.02557341805006
0.07491,-65.03007820171504
0.07491500000000001,-65.02231747036453
0.07492,-65.0306725469814
0.074925,-65.02291197497811
0.07493000000000001,-65.01906694791015
0.074935,-65.02361548470479
0.07494,-65.02786415944286
0.07494500000000001,-65.02398926442706
0.07495,-65.02011522827935
0.07495500000000001,-65.02423737084068
0.07496000000000001,-65.01647907488558
0.074965,-65.01257961690656
0.07497000000000001,-65.01696064734841
0.074975,-65.0092052825066
0.07498,-65.01739397544385
0.07498500000000001,-65.02126193129985
0.07499,-65.01726120033005
0.074995,-65.02436748850138
0.07500000000000001,-65.02733806441762
0.075005,-65.02303564331007
0.07501000000000001,-65.01873418994857
0.07501500000000001,-65.01089664978309
0.07502,-65.00306270314664
0.07502500000000001,-65.00685984243579
0.07503,-64.9991069062422
0.075035,-64.9951025379797
0.07504000000000001,-64.9872748978876
0.075045,-64.97945057202787
0.07505,-64.98445086600567
0.07505500000000001,-64.97670646534453
0.07506,-64.98571571163218
0.075065,-64.97797050062503
0.07507000000000001,-64.97430017928664
0.075075,-64.97934119097941
0.07508000000000001,-64.98408223663574
0.07508500000000001,-64.99229786284916
0.07509,-64.98836492790754
0.07509500000000001,-64.99571884682129
0.0751,-64.987967077807
0.075105,-64.99492498425258
0.07511000000000001,-64.98717284795661
0.075115,-64.99384954841325
0.07512,-64.9860971176926
0.07512500000000001,-64.99249330593659
0.07513,-64.99501944125916
0.07513500000000001,-64.99057306644725
0.07514000000000001,-64.9861276031752
0.075145,-64.97829628912025
0.07515000000000001,-64.97046847683646
0.075155,-64.96264406503232
0.07516,-64.95482295638416
0.07516500000000001,-64.94700505738054
0.07517,-64.93919027817282
0.075175,-64.94443441670238
0.07518000000000001,-64.93669909010912
0.075185,-64.94603014490188
0.07519,-64.93829361754602
0.07519500000000001,-64.93471015379005
0.0752,-64.93999393835824
0.07520500000000001,-64.93225850904922
0.07521000000000001,-64.92876100325383
0.075215,-64.93429877236753
0.07522000000000001,-64.92656461466872
0.075225,-64.93628610157526
0.07523,-64.92855069430748
0.07523500000000001,-64.92506566956126
0.07524,-64.93064119102532
0.075245,-64.92290683146214
0.07525000000000001,-64.93267867624053
0.075255,-64.93773843478753
0.07526000000000001,-64.94637646545372
0.07526500000000001,-64.94255488476304
0.07527,-64.93873393558485
0.07527500000000001,-64.93091496481883
0.07528,-64.93563439515889
0.075285,-64.94005444178428
0.07529000000000001,-64.93624898054783
0.075295,-64.93244413481983
0.0753,-64.9246263704056
0.07530500000000001,-64.9293914597913
0.07531,-64.9216537348731
0.07531500000000001,-64.91798197613286
0.07532000000000001,-64.91016936738728
0.075325,-64.91566074413961
0.07533000000000001,-64.92085221842409
0.07533500000000001,-64.91730771007859
0.07534,-64.91376368758579
0.07534500000000001,-64.90595134916109
0.07535,-64.91148312099027
0.075355,-64.90375021716594
0.07536000000000001,-64.91346361011695
0.075365,-64.90572957816148
0.07537,-64.90224365449042
0.07537500000000001,-64.89443447996082
0.07538,-64.9004729885608
0.07538500000000001,-64.90621123336688
0.07539000000000001,-64.90285108177248
0.075395,-64.8994913550429
0.07540000000000001,-64.89168200416991
0.075405,-64.88387569550018
0.07541,-64.87607234571755
0.07541500000000001,-64.86827187476885
0.07542,-64.86047420573608
0.075425,-64.85267926471336
0.07543000000000001,-64.84488698068897
0.075435,-64.83709728543172
0.07544000000000001,-64.84642069448094
0.07544500000000001,-64.83870754575715
0.07545,-64.83657108947672
0.07545500000000001,-64.82878325711397
0.07546,-64.82099791326162
0.075465,-64.83147436774092
0.07547000000000001,-64.82376484035683
0.075475,-64.84005039985524
0.07548,-64.83233774018568
0.07548500000000001,-64.84832178749409
0.07549,-64.8406059958173
0.075495,-64.83870067544285
0.07550000000000001,-64.84895517655656
0.075505,-64.8589061676339
0.07551000000000001,-64.87406138348057
0.07551500000000001,-64.88830421934068
0.07552,-64.88589383938968
0.07552500000000001,-64.88348373571938
0.07553,-64.87567759651425
0.075535,-64.88457687390662
0.07554000000000001,-64.87684837831678
0.075545,-64.87456079097447
0.07555,-64.88369754230894
0.07555500000000001,-64.87596959624506
0.07556,-64.89047836255237
0.07556500000000001,-64.88274851041737
0.07557000000000001,-64.89695931892342
0.075575,-64.88922742158796
0.07558000000000001,-64.88686715487573
0.075585,-64.89579391801212
0.07559,-64.9044179728874
0.07559500000000001,-64.90201962290196
0.0756,-64.89962160868043
0.075605,-64.89181159418307
0.07561000000000001,-64.90075447968083
0.075615,-64.90939460801333
0.07562,-64.9070010389385
0.07562500000000001,-64.90460781305168
0.07563,-64.91310485599385
0.07563500000000001,-64.9212994354763
0.07564000000000001,-64.93411848295226
0.075645,-64.94602465021038
0.07565000000000001,-64.94301694135376
0.075655,-64.94000989129432
0.07566,-64.94669719925585
0.07566500000000001,-64.93895041531334
0.07567,-64.9502057763918
0.075675,-64.95637356778106
0.07568000000000001,-64.95314540141563
0.075685,-64.96331227684975
0.07569000000000001,-64.95556039462677
0.07569500000000001,-64.95214628038416
0.0757,-64.94432019328639
0.07570500000000001,-64.93649755965468
0.07571,-64.94325061950774
0.075715,-64.93550734385349
0.07572000000000001,-64.94684899468646
0.075725,-64.93910490430453
0.07573,-64.95015543773309
0.07573500000000001,-64.94241029463782
0.07574,-64.9392504256094
0.075745,-64.94581510252817
0.07575000000000001,-64.95207873974913
0.075755,-64.94888532577373
0.07576000000000001,-64.94569253086219
0.07576500000000001,-64.95182234252934
0.07577,-64.9576514441048
0.07577500000000001,-64.95431186709266
0.07578,-64.95097296378344
0.075785,-64.94314943333926
0.07579000000000001,-64.9353292613845
0.075795,-64.92751235223065
0.0758,-64.91969861393724
0.07580500000000001,-64.92726177362499
0.07581,-64.91952648728493
0.07581500000000001,-64.93194343391177
0.07582000000000001,-64.93898430085163
0.075825,-64.9360540456762
0.07583000000000001,-64.94738003690728
0.075835,-64.95351656938193
0.07584,-64.95028098547795
0.07584500000000001,-64.94704600600848
0.07585,-64.95304885711806
0.075855,-64.9453040119265
0.07586000000000001,-64.95564786189193
0.075865,-64.96113330372232
0.07587,-64.95767865909842
0.07587500000000001,-64.96693621835767
0.07588,-64.9591861314968
0.07588500000000001,-64.96804349859715
0.07589000000000001,-64.9724139963948
0.075895,-64.98013771703279
0.07590000000000001,-64.98694864442527
0.075905,-64.98265711042629
0.07591,-64.97836663771282
0.07591500000000001,-64.97053092540256
0.07592,-64.96269892393767
0.075925,-64.95487052382532
0.07593000000000001,-64.9591697932385
0.075935,-64.95142218466789
0.07594000000000001,-64.947588829878
0.07594500000000001,-64.93976669158813
0.07595,-64.94479538068242
0.07595500000000001,-64.93705335062275
0.07596,-64.94610011271345
0.075965,-64.93835746090004
0.07597000000000001,-64.93469858910439
0.075975,-64.92688098996383
0.07598,-64.91906659270248
0.07598500000000001,-64.9250747673032
0.07599,-64.91733961520264
0.07599500000000001,-64.91408386559165
0.07600000000000001,-64.9062740353104
0.076005,-64.8984671972985
0.07601000000000001,-64.9056586882312
0.07601500000000001,-64.89793014853116
0.07602,-64.90985047092201
0.07602500000000001,-64.91652119653116
0.07603,-64.92730591148693
0.076035,-64.92402481507726
0.07604000000000001,-64.92074420330009
0.076045,-64.91293011111983
0.07605,-64.91925039004829
0.07605500000000001,-64.91151542792821
0.07606,-64.90836387856787
0.07606500000000001,-64.9149335153172
0.07607000000000001,-64.92120232993234
0.076075,-64.93145250533183
0.07608000000000001,-64.92803561707863
0.076085,-64.9374219234822
0.07609,-64.92967902205297
0.07609500000000001,-64.92607638692833
0.0761,-64.91825868093024
0.076105,-64.91044422132995
0.07611000000000001,-64.91661997243666
0.076115,-64.90888476204229
0.07612000000000001,-64.91945577083635
0.07612500000000001,-64.9251140640184
0.07613,-64.93455067005472
0.07613500000000001,-64.93092834083676
0.07614,-64.93950235513674
0.076145,-64.9317571636424
0.07615000000000001,-64.93993308745314
0.076155,-64.9437946100722
0.07616,-64.93979827661214
0.07616500000000001,-64.93580277183754
0.07617,-64.9279785070363
0.076175,-64.92015770187707
0.07618000000000001,-64.91234025669392
0.076185,-64.91749222359554
0.07619000000000001,-64.90975472246218
0.07619500000000001,-64.91896430159903
0.0762,-64.91122605493123
0.07620500000000001,-64.90761118169837
0.07621,-64.91280426169324
0.076215,-64.905067665211
0.07622000000000001,-64.90153939336194
0.076225,-64.89372810412587
0.07623,-64.88591992381957
0.07623500000000001,-64.89230411583715
0.07624,-64.88457483322877
0.07624500000000001,-64.89542143435153
0.07625000000000001,-64.90128783731016
0.076255,-64.89796983910273
0.07626000000000001,-64.90773046267815
0.076265,-64.8999942163341
0.07627,-64.90935437984344
0.07627500000000001,-64.9141054461009
0.07628,-64.92233269248216
0.076285,-64.92964787527316
0.07629000000000001,-64.92549180951002
0.076295,-64.92133662518206
0.0763,-64.91351299604635
0.07630500000000001,-64.91724603368687
0.07631,-64.90950348026333
0.07631500000000001,-64.90548478498013
0.07632000000000001,-64.89766753026028
0.076325,-64.88985360144972
0.07633000000000001,-64.89479142213679
0.076335,-64.89942995884388
0.07634,-64.90750643973182
0.07634500000000001,-64.90354617423567
0.07635,-64.89958663064844
0.076355,-64.89176998337636
0.07636000000000001,-64.89607232986091
0.076365,-64.88833615691077
0.07637000000000001,-64.89641508256227
0.07637500000000001,-64.90020664868732
0.07638,-64.89619286589368
0.07638500000000001,-64.90319285046724
0.07639,-64.9060896705855
0.076395,-64.90177479466124
0.07640000000000001,-64.90758475294824
0.076405,-64.90958917971663
0.07641,-64.91415617273121
0.07641500000000001,-64.91781173610858
0.07642,-64.9127365478099
0.076425,-64.90766256158791
0.07643000000000001,-64.90818807782412
0.076435,-64.9084179871333
0.07644000000000001,-64.90320861174249
0.07644500000000001,-64.90547077789023
0.07645,-64.89772000291354
0.07645500000000001,-64.89959994620766
0.07646,-64.89185023253701
0.076465,-64.88639544304029
0.07647000000000001,-64.87857010844426
0.076475,-64.870748509539
0.07648,-64.86293053580167
0.07648500000000001,-64.86409391347497
0.07649,-64.8649614540235
0.07649500000000001,-64.85997354071775
0.07650000000000001,-64.85498656353161
0.076505,-64.85574353740607
0.07651000000000001,-64.84800818169923
0.076515,-64.84300227411111
0.07652,-64.84403582646458
0.07652500000000001,-64.83630373183492
0.07653,-64.83139211931048
0.076535,-64.83270102177387
0.07654000000000001,-64.8337141851429
0.076545,-64.82877909064443
0.07655,-64.82384484732091
0.07655500000000001,-64.81603670906168
0.07656,-64.81741813358919
0.07656500000000001,-64.80969190074501
0.07657000000000001,-64.80490006021576
0.076575,-64.7970980912862
0.07658000000000001,-64.7992307801403
0.076585,-64.79151006501466
0.07659,-64.78697219796643
0.07659500000000001,-64.77917570771893
0.0766,-64.78205450024859
0.076605,-64.77433865779102
0.07661000000000001,-64.77005263850398
0.076615,-64.77319850101418
0.07662000000000001,-64.76548431243612
0.07662500000000001,-64.77201840046604
0.07663,-64.76430333902687
0.07663500000000001,-64.76003720965781
0.07664,-64.76324148063922
0.076645,-64.76614888146267
0.07665000000000001,-64.76185558789396
0.076655,-64.76767269581313
0.07666,-64.76969062072071
0.07666500000000001,-64.77426798018939
0.07667,-64.7779358475678
0.07667500000000001,-64.7728828189045
0.07668000000000001,-64.76783074344907
0.076685,-64.76002650779351
0.07669000000000001,-64.76104982542621
0.07669500000000001,-64.75332788046494
0.0767,-64.75704067922086
0.07670500000000001,-64.7493189894424
0.07671,-64.75276178757268
0.076715,-64.75308544641689
0.07672000000000001,-64.74792512658564
0.076725,-64.74276576170786
0.07673,-64.73496486836937
0.07673500000000001,-64.72716742245298
0.07674,-64.71937332465896
0.07674500000000001,-64.71158247957749
0.07675000000000001,-64.70379479553587
0.076755,-64.70640364063463
0.07676000000000001,-64.70871652521407
0.076765,-64.70422946903894
0.07677,-64.69974300360661
0.07677500000000001,-64.69195643409202
0.07678,-64.68417294916088
0.076785,-64.6873223969151
0.07679000000000001,-64.69017555599684
0.076795,-64.6958626742023
0.07680000000000001,-64.69132818046778
0.07680500000000001,-64.68679433304307
0.07681,-64.67900772034757
0.07681500000000001,-64.6815412535465
0.07682,-64.67383561765826
0.076825,-64.66944151366074
0.07683000000000001,-64.66166013675948
0.076835,-64.66493825062871
0.07684,-64.65723725843159
0.07684500000000001,-64.6530943490805
0.07685,-64.65663889993918
0.076855,-64.65988703889941
0.07686000000000001,-64.65571680767427
0.076865,-64.65154708235939
0.07687000000000001,-64.65467750018789
0.07687500000000001,-64.64697578287331
0.07688,-64.64278326269795
0.07688500000000001,-64.63500592368244
0.07689,-64.63887702427927
0.076895,-64.63117972573247
0.07690000000000001,-64.62723695629012
0.076905,-64.631371957707
0.07691,-64.63521021896611
0.07691500000000001,-64.63123915240975
0.07692,-64.63829173925686
0.07692500000000001,-64.64124073886583
0.07693000000000001,-64.63696966878001
0.076935,-64.63269922922093
0.07694000000000001,-64.62491865872987
0.076945,-64.61714125077864
0.07695,-64.62092216529891
0.07695500000000001,-64.6132250090425
0.07696,-64.62060024255503
0.076965,-64.62387684184559
0.07697000000000001,-64.61971695383488
0.076975,-64.61555765838234
0.07698,-64.61871674635968
0.07698500000000001,-64.61101664766808
0.07699,-64.60683493751779
0.07699500000000001,-64.61026164818497
0.07700000000000001,-64.60256357951872
0.077005,-64.60946799460515
0.07701000000000001,-64.6017692809158
0.077015,-64.60839807711169
0.07702,-64.6006985278644
0.07702500000000001,-64.59646814584137
0.07703,-64.5997490375402
0.077035,-64.59205134069607
0.07704000000000001,-64.58791185111194
0.077045,-64.5914599927376
0.07705000000000001,-64.594712174027
0.07705500000000001,-64.60092990799949
0.07706,-64.59653405979633
0.07706500000000001,-64.5921389484959
0.07707,-64.58436031184411
0.077075,-64.58729284126447
0.07708000000000001,-64.57959525142259
0.077085,-64.5858422801818
0.07709,-64.5781443186337
0.07709500000000001,-64.57381979523906
0.0771,-64.57681650376176
0.077105,-64.56912056874144
0.07711000000000001,-64.56488759421892
0.077115,-64.55711626756741
0.07712000000000001,-64.54934805751826
0.07712500000000001,-64.55356000994236
0.07713,-64.55747570159055
0.07713500000000001,-64.55353574914483
0.07714,-64.54959630048944
0.077145,-64.54182854276519
0.07715000000000001,-64.54609781607475
0.077155,-64.55007083154176
0.07716,-64.54615033097154
0.07716500000000001,-64.54223034354087
0.07717,-64.53446310188298
0.07717500000000001,-64.53878946204848
0.07718000000000001,-64.54281956648597
0.077185,-64.53891847402443
0.07719000000000001,-64.5350179019409
0.077195,-64.5272512252943
0.0772,-64.51948762200331
0.07720500000000001,-64.51172700732424
0.07721,-64.50396929983239
0.077215,-64.49621442129201
0.07722000000000001,-64.50247585840266
0.077225,-64.49479944965611
0.07723000000000001,-64.50546956974492
0.07723500000000001,-64.49779129968123
0.07724,-64.49458674978362
0.07724500000000001,-64.48683302846294
0.07725000000000001,-64.47908205908837
0.077255,-64.47133376949913
0.07726000000000001,-64.46358809036016
0.077265,-64.47175182504445
0.07727,-64.46408331326003
0.07727500000000001,-64.46159047073796
0.07728,-64.45384692932254
0.077285,-64.46271781476432
0.07729000000000001,-64.47128909234902
0.077295,-64.46891580715977
0.07730000000000001,-64.48226310833205
0.07730500000000001,-64.48993566380058
0.07731,-64.50204160113118
0.07731500000000001,-64.49913311838006
0.07732,-64.49622494622308
0.077325,-64.4884660104011
0.07733000000000001,-64.48071002359225
0.077335,-64.4729569059107
0.07734,-64.48121076291818
0.07734500000000001,-64.48916540583976
0.07735,-64.48658093754312
0.07735500000000001,-64.49910995937832
0.07736000000000001,-64.50616735883722
0.077365,-64.50327912182472
0.07737000000000001,-64.50039125751641
0.07737500000000001,-64.50731741732882
0.07738,-64.51394531206793
0.07738500000000001,-64.52466213047963
0.07739,-64.52139861543093
0.077395,-64.53125861706009
0.07740000000000001,-64.52356362011334
0.077405,-64.52011621064933
0.07741,-64.5123465467894
0.07741500000000001,-64.50458014260974
0.07742,-64.49681690605505
0.07742500000000001,-64.48905674867581
0.07743000000000001,-64.49653361235104
0.077435,-64.50371181677325
0.07744000000000001,-64.51516121887164
0.077445,-64.51208363092398
0.07745,-64.50900652263186
0.07745500000000001,-64.50124128121723
0.07746,-64.49347917718212
0.077465,-64.4857201232614
0.07747000000000001,-64.4779640356079
0.077475,-64.47021083365829
0.07748000000000001,-64.4789019711041
0.07748500000000001,-64.47122619703724
0.07749,-64.48512935869431
0.07749500000000001,-64.47745146579456
0.0775,-64.47505534437697
0.077505,-64.46730286352069
0.07751000000000001,-64.47648001326998
0.077515,-64.46880470164315
0.07752,-64.48335441489311
0.07752500000000001,-64.49201173161818
0.07753,-64.48966011674729
0.077535,-64.48730871996487
0.07754000000000001,-64.49582841172337
0.077545,-64.4881463451682
0.07755000000000001,-64.48576362467652
0.07755500000000001,-64.49452683018238
0.07756,-64.50299028795003
0.07756500000000001,-64.51615351177155
0.07757,-64.51350462530021
0.077575,-64.5108561532004
0.07758000000000001,-64.50309121519663
0.077585,-64.49532939321065
0.07759,-64.48757060081778
0.07759500000000001,-64.47981475497824
0.0776,-64.48931163906641
0.07760500000000001,-64.48163295198904
0.07761000000000001,-64.49660911389864
0.077615,-64.48892829858872
0.07762000000000001,-64.48679819939485
0.077625,-64.49631382153457
0.07763,-64.48863309810642
0.07763500000000001,-64.50363481555273
0.07764,-64.49595205759576
0.077645,-64.49382691921154
0.07765000000000001,-64.48607000905206
0.077655,-64.47831597789478
0.07766,-64.48876799304475
0.07766500000000001,-64.49891885587418
0.07767,-64.49706567456889
0.07767500000000001,-64.4952126112325
0.07768000000000001,-64.48745610698009
0.077685,-64.4979218019733
0.07769000000000001,-64.50808626758493
0.077695,-64.52351723406909
0.0777,-64.52143630588401
0.07770500000000001,-64.51935565620678
0.07771,-64.51159196632105
0.077715,-64.50383130252153
0.07772000000000001,-64.5140917228491
0.077725,-64.50640800208254
0.07773000000000001,-64.50460441437538
0.07773500000000001,-64.51509989899775
0.07774,-64.50741642252625
0.07774500000000001,-64.52372263728701
0.07775,-64.51603699115863
0.077755,-64.51423570201293
0.07776000000000001,-64.5247422520563
0.077765,-64.51705668018731
0.07777,-64.53337822395805
0.07777500000000001,-64.52569055660129
0.07778,-64.5238915996529
0.077785,-64.51613017115311
0.07779000000000001,-64.50837165784402
0.077795,-64.50061598118661
0.07780000000000001,-64.51250191811793
0.07780500000000001,-64.50482206438956
0.07781,-64.50356275156965
0.07781500000000001,-64.51567598492406
0.07782,-64.52748645317085
0.077825,-64.54511239177599
0.07783000000000001,-64.54357964763975
0.077835,-64.54204705939495
0.07784,-64.53428256365449
0.07784500000000001,-64.54571878817549
0.07785,-64.53803069058148
0.07785500000000001,-64.53661613947592
0.07786000000000001,-64.52885480837794
0.077865,-64.52109632831372
0.07787000000000001,-64.53366991425268
0.077875,-64.52598695673694
0.07788,-64.54505780783202
0.07788500000000001,-64.53737208530282
0.07789,-64.53626156740718
0.077895,-64.54883074669766
0.07790000000000001,-64.54114443924541
0.077905,-64.54010864903732
0.07791000000000001,-64.55290154916376
0.07791500000000001,-64.54521486919023
0.07792,-64.54425339904941
0.07792500000000001,-64.55726891409067
0.07793000000000001,-64.54958180604625
0.077935,-64.54869425092102
0.07794000000000001,-64.56193127746458
0.077945,-64.57486424924024
0.07795,-64.59398911242144
0.07795500000000001,-64.5928256780714
0.07796,-64.59166239167213
0.077965,-64.58389085405423
0.07797000000000001,-64.57612231059218
0.077975,-64.5683566796908
0.07798000000000001,-64.58181115611923
0.07798500000000001,-64.57412074112881
0.07799,-64.59436564604843
0.07799500000000001,-64.58667244460538
0.078,-64.58584972316159
0.078005,-64.59929248627813
0.07801000000000001,-64.59159870344105
0.078015,-64.61182896713363
0.07802,-64.60413250303102
0.07802500000000001,-64.62405491190466
0.07803,-64.61635564246544
0.07803500000000001,-64.6359707646577
0.07804000000000001,-64.6282688330399
0.078045,-64.62728223702798
0.07805000000000001,-64.64025238474778
0.07805500000000001,-64.63255036540738
0.07806,-64.63163789586392
0.07806500000000001,-64.62386330072533
0.07807,-64.63750553943554
0.078075,-64.65084284298801
0.07808000000000001,-64.67051015747583
0.078085,-64.66947360643313
0.07809,-64.66843725517782
0.07809500000000001,-64.68093475354408
0.0781,-64.69312798875461
0.07810500000000001,-64.69193485215243
0.07811000000000001,-64.7101164590897
0.078115,-64.70239980908497
0.07812000000000001,-64.72016358996777
0.078125,-64.71244506332991
0.07813,-64.71098342535583
0.07813500000000001,-64.70319208080036
0.07814,-64.69540395036589
0.078145,-64.70789609954436
0.07815000000000001,-64.70018418877605
0.078155,-64.69910579187328
0.07816000000000001,-64.71182045833692
0.07816500000000001,-64.70410892750701
0.07817,-64.70310491507074
0.07817500000000001,-64.69532081070672
0.07818,-64.68753967184814
0.078185,-64.67976141808676
0.07819000000000001,-64.67198597216324
0.078195,-64.68672265559309
0.0782,-64.70115312328514
0.07820500000000001,-64.72227825195289
0.07821,-64.74249225482201
0.078215,-64.7415863709198
0.07822000000000001,-64.7406806471694
0.078225,-64.75358312363261
0.07823000000000001,-64.74586528482578
0.07823500000000001,-64.74491969123818
0.07824,-64.75804225671428
0.07824500000000001,-64.77085948273982
0.07825,-64.76986918517207
0.078255,-64.7688790941205
0.07826000000000001,-64.76108378882505
0.078265,-64.75329158139908
0.07827,-64.76685444939594
0.07827500000000001,-64.75913773450922
0.07828,-64.77953353123952
0.07828500000000001,-64.77181434308194
0.07829000000000001,-64.77100967116316
0.078295,-64.78455623552027
0.07830000000000001,-64.79779691174286
0.078305,-64.79694651183891
0.07831,-64.79609626221851
0.07831500000000001,-64.78829897327526
0.07832,-64.8018308600607
0.078325,-64.79410914429195
0.07833000000000001,-64.8144649887433
0.078335,-64.82745695529339
0.07834,-64.82652019316986
0.07834500000000001,-64.82558363410463
0.07835,-64.81778143744916
0.07835500000000001,-64.83106551961134
0.07836000000000001,-64.84404361075653
0.078365,-64.84310099065985
0.07837000000000001,-64.86233099853355
0.078375,-64.85459724315078
0.07838,-64.8734044665822
0.07838500000000001,-64.86566860695872
0.07839,-64.88416770332759
0.078395,-64.87642983980754
0.07840000000000001,-64.89462140015573
0.078405,-64.88688162818983
0.07841000000000001,-64.90476624664835
0.07841500000000001,-64.8970246571603
0.07842,-64.89557563986418
0.07842500000000001,-64.90724127677711
0.07843,-64.89950065149634
0.078435,-64.91737848731442
0.07844000000000001,-64.92850869492784
0.078445,-64.9452443589514
0.07845,-64.94344271872916
0.07845500000000001,-64.95930368727987
0.07846,-64.96883440052063
0.07846500000000001,-64.98344036798227
0.07847000000000001,-64.98109858671444
0.078475,-64.97875760383855
0.07848000000000001,-64.97092315097069
0.07848500000000001,-64.98008419765284
0.07849,-64.98894173167274
0.07849500000000001,-64.9866057115192
0.0785,-64.98427041223978
0.078505,-64.99298333569956
0.07851000000000001,-64.98522603334347
0.078515,-64.99917971952289
0.07852,-64.991421905126
0.07852500000000001,-65.00507740294542
0.07853,-64.9973187555813
0.07853500000000001,-64.99479998857774
0.07854000000000001,-65.00330442885651
0.078545,-64.99554788981317
0.07855000000000001,-65.00922374920816
0.078555,-65.00146657308794
0.07856,-64.99895391458172
0.07856500000000001,-65.00747385247179
0.07857,-65.01569063781103
0.078575,-65.01314095298774
0.07858000000000001,-65.02603832560375
0.078585,-65.0333466278408
0.07859000000000001,-65.04499069492557
0.07859500000000001,-65.04190292772373
0.0786,-65.03881604387061
0.07860500000000001,-65.03097437874749
0.07861000000000001,-65.02313637309105
0.078615,-65.03055321425518
0.07862000000000001,-65.0376676859081
0.078625,-65.03474814440848
0.07863,-65.03182932114237
0.07863500000000001,-65.0239931434454
0.07864,-65.03143453862795
0.078645,-65.02367762134924
0.07865000000000001,-65.03593873322102
0.078655,-65.0281811262616
0.07866000000000001,-65.04014763390705
0.07866500000000001,-65.03238906753906
0.07867,-65.02944800638734
0.07867500000000001,-65.02161548020041
0.07868,-65.02932379578716
0.078685,-65.02157014793598
0.07869000000000001,-65.03418528705511
0.078695,-65.0264306569528
0.0787,-65.03875036798591
0.07870500000000001,-65.03099452027618
0.07871,-65.02814367680163
0.07871500000000001,-65.03565161035812
0.07872000000000001,-65.04285706445981
0.078725,-65.03997049100505
0.07873000000000001,-65.0370844943281
0.07873500000000001,-65.02925207109811
0.07874,-65.02142295164006
0.07874500000000001,-65.0294184084915
0.07875,-65.02166777431673
0.078755,-65.0190642038779
0.07876000000000001,-65.0272999535264
0.078765,-65.0195505805545
0.07877,-65.01702790682793
0.07877500000000001,-65.02550280970175
0.07878,-65.01775453876655
0.07878500000000001,-65.01531228133435
0.07879000000000001,-65.02402520282531
0.078795,-65.0162778885617
0.07880000000000001,-65.03022756417175
0.078805,-65.03841266363946
0.07881,-65.0512220321617
0.07881500000000001,-65.04843314329857
0.07882,-65.04564478112003
0.078825,-65.05300236507838
0.07883000000000001,-65.04524586050739
0.078835,-65.04242586057175
0.07884000000000001,-65.05002657595251
0.07884500000000001,-65.05732463235354
0.07885,-65.0689532344704
0.07885500000000001,-65.06586521143609
0.07886,-65.06277784264826
0.078865,-65.0549405978462
0.07887000000000001,-65.06188126994135
0.078875,-65.05412332126774
0.07888,-65.05116338700701
0.07888500000000001,-65.05834907609176
0.07889,-65.0505929752403
0.078895,-65.0625131655911
0.07890000000000001,-65.05475609264808
0.078905,-65.06638213733203
0.07891000000000001,-65.05862386659807
0.07891500000000001,-65.06995642009844
0.07892,-65.06219704674918
0.07892500000000001,-65.05909677760803
0.07893,-65.05126310568056
0.078935,-65.05849883104467
0.07894000000000001,-65.05074407766828
0.078945,-65.06273036368152
0.07895,-65.05497451845592
0.07895500000000001,-65.05204019073285
0.07896,-65.05929901070942
0.07896500000000001,-65.05154446379352
0.07897000000000001,-65.06356139400822
0.078975,-65.07029667743588
0.07898000000000001,-65.06725194299496
0.078985,-65.06420776229498
0.07899,-65.05637338967705
0.07899500000000001,-65.04854227063663
0.079,-65.04071431366317
0.079005,-65.04870674665533
0.07901000000000001,-65.05639619808738
0.079015,-65.05367378339464
0.07902,-65.06586629038641
0.07902500000000001,-65.07264746862784
0.07903,-65.06961806979739
0.07903500000000001,-65.06658921288438
0.07904000000000001,-65.07323235411715
0.079045,-65.06547404415096
0.07905000000000001,-65.06241462309733
0.079055,-65.06930403989604
0.07906,-65.07589127249749
0.07906500000000001,-65.07279690119597
0.07907,-65.08352382206571
0.079075,-65.07576232127586
0.07908000000000001,-65.07248051575908
0.079085,-65.06464459418284
0.07909000000000001,-65.07134362572702
0.07909500000000001,-65.07774062199941
0.0791,-65.08816806156014
0.07910500000000001,-65.09768082605416
0.07911,-65.09405929841564
0.079115,-65.09043856496191
0.07912000000000001,-65.08259547632656
0.079125,-65.08795786749715
0.07913,-65.08019501443799
0.07913500000000001,-65.08969112347626
0.07914,-65.0819278847663
0.07914500000000001,-65.0783657606062
0.07915000000000001,-65.08376428681844
0.079155,-65.07600314875607
0.07916000000000001,-65.08554678909593
0.07916500000000001,-65.07778516057715
0.07917,-65.08704006982992
0.07917500000000001,-65.079277697096
0.07918,-65.07565592287578
0.079185,-65.0678188617908
0.07919000000000001,-65.05998510717106
0.079195,-65.06614120991503
0.0792,-65.0583868124113
0.07920500000000001,-65.0551674995862
0.07921,-65.06157218170054
0.07921500000000001,-65.05381932433129
0.07922000000000001,-65.05068386007648
0.079225,-65.05733596988138
0.07923000000000001,-65.0636861858957
0.079235,-65.07404955696043
0.07924,-65.07064740766425
0.07924500000000001,-65.06724584622835
0.07925,-65.0594113175641
0.079255,-65.05158003500665
0.07926000000000001,-65.05804609030434
0.079265,-65.06421040581235
0.07927000000000001,-65.06097772276163
0.07927500000000001,-65.07114016173401
0.07928,-65.06338279175125
0.07928500000000001,-65.05996293001238
0.07929000000000001,-65.0521308220489
0.079295,-65.04430189896152
0.07930000000000001,-65.05104860709085
0.079305,-65.05749338503183
0.07931,-65.05435559806669
0.07931500000000001,-65.0648908514235
0.07932,-65.05713534971156
0.079325,-65.05381003469381
0.07933000000000001,-65.04597979609595
0.079335,-65.03815269753144
0.07934000000000001,-65.03032865193519
0.07934500000000001,-65.02250757565216
0.07935,-65.03046074705114
0.07935500000000001,-65.03811110223275
0.07936,-65.05020563342943
0.079365,-65.04724214746837
0.07937000000000001,-65.04427905087483
0.079375,-65.03645201096757
0.07938,-65.04374268457082
0.07938500000000001,-65.0359941689695
0.07939,-65.04805156257889
0.07939500000000001,-65.04030158280328
0.07940000000000001,-65.03738929138716
0.079405,-65.04470279629776
0.07941000000000001,-65.03695366166295
0.07941500000000001,-65.03412357645948
0.07942,-65.02630012785016
0.07942500000000001,-65.03432073190504
0.07943,-65.02657528155336
0.079435,-65.03960295606805
0.07944000000000001,-65.0318557537195
0.079445,-65.04458694729657
0.07945,-65.03683785627601
0.07945500000000001,-65.04927321187985
0.07946,-65.04152237016646
0.07946500000000001,-65.03870392164261
0.07947000000000001,-65.04629922965374
0.079475,-65.03854925668887
0.07948000000000001,-65.05101247402663
0.079485,-65.05808328791555
0.07949,-65.0694073458682
0.07949500000000001,-65.06624526533416
0.0795,-65.06308376441409
0.079505,-65.0552491280317
0.07951000000000001,-65.04741776107642
0.079515,-65.03958957141512
0.07952000000000001,-65.04723448706586
0.07952500000000001,-65.03948471234624
0.07953,-65.05201385269329
0.07953500000000001,-65.04426261847624
0.07954,-65.04146731283168
0.079545,-65.04913246956515
0.07955000000000001,-65.04138209774702
0.079555,-65.03866844282352
0.07956,-65.0308439152862
0.07956500000000001,-65.0392136854065
0.07957,-65.03146703094421
0.079575,-65.04495965817632
0.07958000000000001,-65.03721123920103
0.079585,-65.05040618462296
0.07959000000000001,-65.0426558587747
0.07959500000000001,-65.04002761314034
0.0796,-65.03220291427343
0.07960500000000001,-65.04082758701202
0.07961,-65.0491487930552
0.079615,-65.06213913422881
0.07962000000000001,-65.07421479656801
0.079625,-65.07124048628839
0.07963,-65.06826672060706
0.07963500000000001,-65.07507538761686
0.07964,-65.06731652361613
0.07964500000000001,-65.0787357939033
0.07965000000000001,-65.07097608676197
0.079655,-65.06789719710258
0.07966000000000001,-65.07473176422707
0.079665,-65.06697364564589
0.07967,-65.07842711788416
0.07967500000000001,-65.08473932666038
0.07968,-65.0815513024745
0.079685,-65.09191243059713
0.07969000000000001,-65.0841483912547
0.079695,-65.08077330267565
0.07970000000000001,-65.08673175792119
0.07970500000000001,-65.078969770473
0.07971,-65.08925870345149
0.07971500000000001,-65.08149616521561
0.07972000000000001,-65.07813269139157
0.079725,-65.0702956864359
0.07973000000000001,-65.0767534234429
0.079735,-65.0689957851279
0.07974,-65.07994765223538
0.07974500000000001,-65.0858842340539
0.07975,-65.08257121762492
0.079755,-65.07925881893082
0.07976000000000001,-65.07142157368152
0.079765,-65.0635876249061
0.07977000000000001,-65.05575687941948
0.07977500000000001,-65.062959081284
0.07978,-65.055207007008
0.07978500000000001,-65.05233787467391
0.07979,-65.05978369126181
0.079795,-65.05203273928157
0.07980000000000001,-65.0492455327261
0.079805,-65.05693382704321
0.07981,-65.04918386744043
0.07981500000000001,-65.04647812513328
0.07982,-65.05440776433234
0.07982500000000001,-65.06203443682404
0.07983000000000001,-65.05929144589345
0.079835,-65.0714000294669
0.07984000000000001,-65.06364494174979
0.07984500000000001,-65.06071309097358
0.07985,-65.0528835283802
0.07985500000000001,-65.06061288097273
0.07986,-65.06803939385068
0.079865,-65.07983790839097
0.07987000000000001,-65.0907216683303
0.079875,-65.10069065290712
0.07988,-65.09718364950659
0.07988500000000001,-65.09367739700181
0.07989,-65.08583488310406
0.07989500000000001,-65.07799580563761
0.07990000000000001,-65.0701600659369
0.079905,-65.07679755649066
0.07991000000000001,-65.08313302685931
0.079915,-65.0799546120363
0.07992,-65.07677674173529
0.07992500000000001,-65.0829761327957
0.07993,-65.07521724909483
0.079935,-65.08582571754356
0.07994000000000001,-65.0915047148262
0.079945,-65.08810502721668
0.07995000000000001,-65.08470598255276
0.07995500000000001,-65.09025120569365
0.07996,-65.09549524755347
0.07996500000000001,-65.09194948830933
0.07997000000000001,-65.1008894067628
0.079975,-65.09312343594766
0.07998000000000001,-65.10166181360854
0.079985,-65.09389538513297
0.07999,-65.09009155170226
0.07999500000000001,-65.094774496301
0.08,-65.09915696564741
0.080005,-65.0953224285061
0.08001000000000001,-65.09148867804922
0.080015,-65.08364647414001
0.08002000000000001,-65.07580770531094
0.08002500000000001,-65.08100372251234
0.08003,-65.07324500220915
0.08003500000000001,-65.06970286522277
0.08004,-65.0618696168694
0.080045,-65.06778730925669
0.08005000000000001,-65.06003347542328
0.080055,-65.05673502343807
0.08006,-65.04890661692136
0.08006500000000001,-65.04108126462963
0.08007,-65.03325888286395
0.08007500000000001,-65.04082401548342
0.08008000000000001,-65.03307970339198
0.080085,-65.04550083424805
0.08009000000000001,-65.03775469613598
0.08009500000000001,-65.04988073341
0.0801,-65.0421326523685
0.08010500000000001,-65.05396424387128
0.08011,-65.04621436735891
0.080115,-65.05775216380488
0.08012000000000001,-65.05000063065886
0.080125,-65.061245285626
0.08013,-65.06740277637918
0.08013500000000001,-65.06416696036197
0.08014,-65.06093166060873
0.08014500000000001,-65.05309956726181
0.08015000000000001,-65.04527065355076
0.080155,-65.03744483086163
0.08016000000000001,-65.04486566085411
0.080165,-65.03711819926424
0.08017,-65.04934838549444
0.08017500000000001,-65.05624527593585
0.08018,-65.05325864939053
0.080185,-65.064395284547
0.08019000000000001,-65.05664029449527
0.080195,-65.06737064078929
0.08020000000000001,-65.0596143965712
0.08020500000000001,-65.0563658599812
0.08021,-65.06268735773615
0.08021500000000001,-65.05493257299828
0.08022,-65.05176818087831
0.080225,-65.05833753348755
0.08023000000000001,-65.06460505493068
0.080235,-65.06140617450575
0.08024,-65.05820780961152
0.08024500000000001,-65.06433975146588
0.08025,-65.07017019353303
0.080255,-65.07984182851494
0.08026000000000001,-65.08859901137077
0.080265,-65.0847894413836
0.08027000000000001,-65.08098068762322
0.08027500000000001,-65.07313871392215
0.08028,-65.0779386333805
0.08028500000000001,-65.08243809599736
0.08029,-65.0786442536798
0.080295,-65.07485117797579
0.08030000000000001,-65.0670114631303
0.080305,-65.0591751633926
0.08031,-65.06448739031688
0.08031500000000001,-65.06949881856339
0.08032,-65.0658789907524
0.08032500000000001,-65.0622598066693
0.08033000000000001,-65.06714077939588
0.080335,-65.07172130339391
0.08034000000000001,-65.06795670041818
0.080345,-65.06419279984001
0.08035,-65.05635630362751
0.08035500000000001,-65.04852314585241
0.08036,-65.05391579003212
0.080365,-65.0461624108308
0.08037000000000001,-65.04268930914255
0.080375,-65.0483342898875
0.08038000000000001,-65.05367830240928
0.08038500000000001,-65.06270003173758
0.08039,-65.05896247051483
0.08039500000000001,-65.0552255789759
0.08040000000000001,-65.04739110310445
0.080405,-65.03955992820185
0.08041000000000001,-65.0317319608915
0.080415,-65.03766958446302
0.08042,-65.02992089663582
0.08042500000000001,-65.0266324781864
0.08043,-65.03281996685747
0.080435,-65.02507260188484
0.08044000000000001,-65.02186832843631
0.080445,-65.0140462912311
0.08045000000000001,-65.0062272210334
0.08045500000000001,-65.01359511165127
0.08046,-65.00585420022539
0.08046500000000001,-65.01801206968666
0.08047,-65.01026935673143
0.080475,-65.00738753634222
0.08048000000000001,-64.9995699489947
0.080485,-65.00742479286215
0.08049,-65.01497706720484
0.08049500000000001,-65.01221535339096
0.0805,-65.0094538871494
0.08050500000000001,-65.01686580365227
0.08051000000000001,-65.02397546167145
0.080515,-65.03534930376506
0.08052000000000001,-65.03220543243407
0.08052500000000001,-65.02906203453477
0.08053,-65.02123479803315
0.08053500000000001,-65.02798877064903
0.08054,-65.03444096803673
0.080545,-65.03130689522536
0.08055000000000001,-65.02817329420346
0.080555,-65.03448954730845
0.08056,-65.04050435317461
0.08056500000000001,-65.03722266818619
0.08057,-65.03394153042134
0.08057500000000001,-65.02611185756302
0.08058000000000001,-65.01828539574552
0.080585,-65.0104620551082
0.08059000000000001,-65.01774250549337
0.080595,-65.02472080310886
0.0806,-65.02176440204843
0.08060500000000001,-65.0188083853564
0.08061,-65.02564865907011
0.080615,-65.01790056623827
0.08062000000000001,-65.02935877731211
0.080625,-65.02160944286997
0.08063000000000001,-65.01854797701559
0.08063500000000001,-65.02541478577614
0.08064,-65.03197974047302
0.08064500000000001,-65.04262869707574
0.08065000000000001,-65.03930047100171
0.080655,-65.0359728379297
0.08066000000000001,-65.02814163200073
0.080665,-65.0203136879643
0.08067,-65.02699342143518
0.08067500000000001,-65.01924450751808
0.08068,-65.01620341165233
0.080685,-65.00838014362137
0.08069000000000001,-65.0005599172673
0.080695,-65.00841565428415
0.08070000000000001,-65.00067349491357
0.08070500000000001,-65.01348100545749
0.08071,-65.02081197810976
0.08071500000000001,-65.01797355196041
0.08072,-65.0296869775459
0.080725,-65.02193689389121
0.08073000000000001,-65.01891012643907
0.080735,-65.02588194000829
0.08074,-65.0325518057063
0.08074500000000001,-65.02948996431473
0.08075,-65.04032496135231
0.08075500000000001,-65.04608983641953
0.08076000000000001,-65.05567347937337
0.080765,-65.0643430176505
0.08077000000000001,-65.07209846109042
0.08077500000000001,-65.06803676730647
0.08078,-65.06397604666742
0.08078500000000001,-65.0561320308292
0.08079,-65.04829165069418
0.080795,-65.05281694522098
0.08080000000000001,-65.04505730542026
0.080805,-65.05343895368893
0.08081,-65.04567915964195
0.08081500000000001,-65.04184118100218
0.08082,-65.03400660832472
0.08082500000000001,-65.02617540313821
0.08083000000000001,-65.03168395838146
0.080835,-65.02393253274327
0.08084000000000001,-65.03361987705367
0.080845,-65.02586766016884
0.08085,-65.03526666698322
0.08085500000000001,-65.0275134439457
0.08086,-65.02393452098387
0.080865,-65.01610642532371
0.08087000000000001,-65.02190459682326
0.080875,-65.01415599928767
0.08088000000000001,-65.01082126040669
0.08088500000000001,-65.00299807223048
0.08089,-65.00951426709116
0.08089500000000001,-65.01572902178903
0.0809,-65.02590976271054
0.080905,-65.0224673323124
0.08091000000000001,-65.01902545691765
0.080915,-65.0111979095332
0.08092,-65.00337355980392
0.08092500000000001,-65.00970646332091
0.08093,-65.00196119007641
0.080935,-64.99880684583925
0.08094000000000001,-64.9909869939749
0.080945,-64.99803425608046
0.08095000000000001,-65.00477970468576
0.08095500000000001,-65.00174793474014
0.08096,-64.99871652825485
0.08096500000000001,-65.00532514356958
0.08097,-64.99758047681931
0.080975,-64.99451844815232
0.08098000000000001,-65.00137410267013
0.080985,-64.99363061434468
0.08099,-65.00510800525105
0.08099500000000001,-64.99736313525966
0.081,-64.99430979259505
0.08100500000000001,-65.00119232341926
0.08101000000000001,-64.99344838416967
0.081015,-64.99047814522966
0.08102000000000001,-64.99760645831692
0.081025,-65.00443289018251
0.08103,-65.0154289507884
0.08103500000000001,-65.01219144192119
0.08104,-65.00895445810212
0.081045,-65.01496021001027
0.08105000000000001,-65.00721036642538
0.081055,-65.01755895380899
0.08106000000000001,-65.02304613907862
0.08106500000000001,-65.03225849526979
0.08107,-65.02856933247472
0.08107500000000001,-65.03691759587147
0.08108000000000001,-65.04081844263177
0.081085,-65.0368263209492
0.08109000000000001,-65.03283507591107
0.081095,-65.03661026069622
0.0811,-65.02885046544212
0.08110500000000001,-65.03623431993738
0.08111,-65.02847467526445
0.081115,-65.02438753560286
0.08112000000000001,-65.028211513624
0.081125,-65.02045457165642
0.08113000000000001,-65.01645652664143
0.08113500000000001,-65.02054071338323
0.08114,-65.02432546038592
0.08114500000000001,-65.03126907214536
0.08115,-65.03729929305159
0.081155,-65.04241616942477
0.08116000000000001,-65.03769593851688
0.081165,-65.03297682451246
0.08117,-65.02513433851205
0.08117500000000001,-65.01729557452407
0.08118,-65.00946042264658
0.08118500000000001,-65.01250064522051
0.08119000000000001,-65.00474689577946
0.081195,-65.01115101902431
0.08120000000000001,-65.01368268692566
0.08120500000000001,-65.00923738345166
0.08121,-65.01456383206133
0.08121500000000001,-65.00680670205703
0.08122,-65.01174176349504
0.081225,-65.01317210005311
0.08123000000000001,-65.00835741788856
0.081235,-65.01221853773292
0.08124,-65.01275821938638
0.08124500000000001,-65.0076448004792
0.08125,-65.0103209078475
0.08125500000000001,-65.00255917517788
0.08126000000000001,-64.99726560641675
0.081265,-64.98942831953784
0.08127000000000001,-64.99013479263809
0.081275,-64.99054493189998
0.08128,-64.99298884289931
0.08128500000000001,-64.99452053373918
0.08129,-64.98890718057359
0.081295,-64.98329510084486
0.08130000000000001,-64.98223101466003
0.081305,-64.97447295803357
0.08131000000000001,-64.97541792165006
0.08131500000000001,-64.96766127128421
0.08132,-64.96833982013163
0.08132500000000001,-64.96058419972312
0.08133000000000001,-64.96099707808318
0.081335,-64.95324250934837
0.08134000000000001,-64.94741721298882
0.081345,-64.94604178730414
0.08135,-64.9382913335484
0.08135500000000001,-64.93256461946622
0.08136,-64.9247383106041
0.081365,-64.91691555981498
0.08137000000000001,-64.91679202367075
0.081375,-64.90905207967974
0.08138000000000001,-64.90374938570152
0.08138500000000001,-64.90390585904956
0.08139,-64.90376708164256
0.08139500000000001,-64.89844253620727
0.0814,-64.90020936035249
0.081405,-64.89918653728529
0.08141000000000001,-64.89971495349508
0.081415,-64.8993327149198
0.08142,-64.89325182835185
0.08142500000000001,-64.88717218474955
0.08143,-64.8846842184481
0.08143500000000001,-64.87694094436782
0.08144000000000001,-64.87084822291834
0.081445,-64.86302877620236
0.08145000000000001,-64.85521290763177
0.08145500000000001,-64.84740051284949
0.08146,-64.83959149158656
0.08146500000000001,-64.83178574750177
0.08147,-64.83200902080164
0.081475,-64.82428540568517
0.08148000000000001,-64.82693323801945
0.081485,-64.81920946624436
0.08149,-64.82158890189018
0.08149500000000001,-64.81386478379619
0.0815,-64.80855353040096
0.08150500000000001,-64.8086547958447
0.08151000000000001,-64.80093302971602
0.081515,-64.80341820208731
0.08152000000000001,-64.79569637848805
0.081525,-64.79041329951626
0.08153,-64.79059426451887
0.08153500000000001,-64.79048075678372
0.08154,-64.7922163307473
0.081545,-64.78668180284794
0.08155000000000001,-64.7811481727703
0.081555,-64.77334584710317
0.08156000000000001,-64.7729298185755
0.08156500000000001,-64.76521019946341
0.08157,-64.75982356348092
0.08157500000000001,-64.75969041877332
0.08158,-64.7519736291387
0.081585,-64.74668313445771
0.08159000000000001,-64.7468316477501
0.081595,-64.7391174936934
0.0816,-64.7416637239472
0.08160500000000001,-64.74131783544162
0.08161,-64.74274191931255
0.08161500000000001,-64.7371333852673
0.08162000000000001,-64.73771164210066
0.081625,-64.73580494749194
0.08163000000000001,-64.72990175020443
0.08163500000000001,-64.729311130277
0.08164,-64.7215890027491
0.08164500000000001,-64.71550907880933
0.08165,-64.70771022927444
0.081655,-64.70599844685799
0.08166000000000001,-64.70399440378607
0.081665,-64.7032083485069
0.08167,-64.7015145490299
0.08167500000000001,-64.69512459875769
0.08168,-64.6887359026612
0.08168500000000001,-64.68527823511103
0.08169000000000001,-64.67755998767201
0.081695,-64.67116086656577
0.08170000000000001,-64.6633660605133
0.081705,-64.66069523201753
0.08171,-64.65773328256114
0.08171500000000001,-64.6514848565304
0.08172,-64.6452375323153
0.081725,-64.63744761362608
0.08173000000000001,-64.63488173267491
0.081735,-64.63202482343267
0.08174000000000001,-64.62581450337234
0.08174500000000001,-64.62395567757825
0.08175,-64.61624823849951
0.08175500000000001,-64.61402169958225
0.08176000000000001,-64.61010349754977
0.081765,-64.60353857154918
0.08177000000000001,-64.60026683983047
0.081775,-64.59255915191764
0.08178,-64.58582030042147
0.08178500000000001,-64.58162717197553
0.08179,-64.57714478109905
0.081795,-64.57305105519121
0.08180000000000001,-64.56607234522586
0.081805,-64.55909498337154
0.08181000000000001,-64.55131020915846
0.08181500000000001,-64.54352911261537
0.08182,-64.5392705431394
0.08182500000000001,-64.53157446338167
0.08183,-64.52492307165373
0.081835,-64.52096822986502
0.08184000000000001,-64.51327621137348
0.081845,-64.50672870556473
0.08185,-64.49895946501059
0.08185500000000001,-64.4911935357359
0.08186,-64.48851899313917
0.08186500000000001,-64.48083665612931
0.08187000000000001,-64.47472215210189
0.081875,-64.47234420024174
0.08188000000000001,-64.46466476005806
0.08188500000000001,-64.46384095216384
0.08189,-64.45616173847056
0.08189500000000001,-64.45008412085633
0.0819,-64.44232734004534
0.081905,-64.43457364519485
0.08191000000000001,-64.43327193543497
0.081915,-64.42560077029124
0.08192,-64.42620661775179
0.08192500000000001,-64.42442075703197
0.08193,-64.41859003012091
0.08193500000000001,-64.41276004681906
0.08194000000000001,-64.40500793123917
0.081945,-64.3972588928657
0.08195000000000001,-64.38951284672734
0.081955,-64.38176971118088
0.08196,-64.3740294077806
0.08196500000000001,-64.37456546273755
0.08197,-64.36690635401918
0.081975,-64.36187726687184
0.08198000000000001,-64.35414105545206
0.081985,-64.35543876621234
0.08199000000000001,-64.35644411337458
0.08199500000000001,-64.35155493109588
0.082,-64.34666614179324
0.08200500000000001,-64.34756693850946
0.08201000000000001,-64.34817576433827
0.082015,-64.34315278974165
0.08202000000000001,-64.33813032533374
0.082025,-64.33863645616351
0.08203,-64.33097646656437
0.08203500000000001,-64.33398520048706
0.08204,-64.32632464383654
0.082045,-64.32907107547267
0.08205000000000001,-64.32889206900614
0.082055,-64.33052478007089
0.08206000000000001,-64.3250086163994
0.08206500000000001,-64.31949328147458
0.08207,-64.31853982542225
0.08207500000000001,-64.31087472637867
0.08208,-64.30534579753063
0.082085,-64.30468272212728
0.08209000000000001,-64.29702054298065
0.082095,-64.29159031472592
0.0821,-64.29121636499738
0.08210500000000001,-64.28355690856887
0.08211,-64.28539512092435
0.08211500000000001,-64.2777356735423
0.08212000000000001,-64.2793150863857
0.082125,-64.27165544874121
0.08213000000000001,-64.26619356552473
0.08213500000000001,-64.25845706569146
0.08214,-64.25846658546453
0.08214500000000001,-64.25081229718582
0.08215,-64.25315938566321
0.082155,-64.24550493716845
0.08216000000000001,-64.24023877525175
0.082165,-64.23250748418276
0.08217,-64.22477925883699
0.08217500000000001,-64.22584179276679
0.08218,-64.22661306956819
0.08218500000000001,-64.22165200866387
0.08219000000000001,-64.21669154315914
0.082195,-64.20896453421547
0.08220000000000001,-64.201240532626
0.082205,-64.19351945605241
0.08221,-64.1956250218713
0.08221500000000001,-64.19743865095388
0.08222,-64.1928294026761
0.082225,-64.18822062190942
0.08223000000000001,-64.18992882853779
0.082235,-64.18228613977182
0.08224000000000001,-64.17765923511824
0.08224500000000001,-64.16994021694532
0.08225,-64.16222407404427
0.08225500000000001,-64.16516358104852
0.08226000000000001,-64.15752759397351
0.082265,-64.15331546315308
0.08227000000000001,-64.1456032175265
0.082275,-64.14928997018771
0.08228,-64.1416573820027
0.08228500000000001,-64.1376965605238
0.08229,-64.12998781628762
0.08229500000000001,-64.12228172942254
0.08230000000000001,-64.12718173493806
0.082305,-64.13178789306644
0.08231000000000001,-64.13979239139536
0.08231500000000001,-64.13589444118816
0.08232,-64.1319968175911
0.08232500000000001,-64.12428468366792
0.08233,-64.12857319033354
0.082335,-64.12094061478972
0.08234000000000001,-64.11718054549652
0.082345,-64.12173645232521
0.08235,-64.1259988408401
0.08235500000000001,-64.12221219422497
0.08236,-64.11842590148802
0.08236500000000001,-64.11071412503321
0.08237000000000001,-64.11533396086429
0.082375,-64.11966026751557
0.08238000000000001,-64.11589465816584
0.082385,-64.11212943563623
0.08239,-64.10441728976703
0.08239500000000001,-64.10910078592285
0.0824,-64.10146819355134
0.082405,-64.11002885924854
0.08241000000000001,-64.10239496254145
0.082415,-64.0986972815053
0.08242000000000001,-64.09098766275052
0.08242500000000001,-64.09620315641834
0.08243,-64.10112474436112
0.08243500000000001,-64.10955134729126
0.08244000000000001,-64.11707712342766
0.082445,-64.11305461028965
0.08245000000000001,-64.10903271364673
0.082455,-64.1013145562615
0.08246,-64.1052453140805
0.08246500000000001,-64.09760755190734
0.08247,-64.09372518681347
0.082475,-64.09792549543643
0.08248000000000001,-64.0902895209357
0.082485,-64.09820863111469
0.08249000000000001,-64.09057182209021
0.08249500000000001,-64.08671180280011
0.0825,-64.09097756984418
0.08250500000000001,-64.08334225105394
0.08251,-64.0913483270286
0.082515,-64.0837121764136
0.08252000000000001,-64.09144728324948
0.082525,-64.0838101184191
0.08253,-64.0799039016953
0.08253500000000001,-64.08403237087606
0.08254,-64.07639684804535
0.08254500000000001,-64.07258192328591
0.08255000000000001,-64.06487120220284
0.082555,-64.06973980881587
0.08256000000000001,-64.07431498991254
0.08256500000000001,-64.08228017439811
0.08257,-64.07837045342409
0.08257500000000001,-64.07446134529943
0.08258,-64.06674704561206
0.082585,-64.05903591829268
0.08259000000000001,-64.06376722715164
0.082595,-64.05613596796339
0.0826,-64.06476043825447
0.08260500000000001,-64.06899413238136
0.08261,-64.06519769653791
0.08261500000000001,-64.07276364597237
0.08262000000000001,-64.06512655780033
0.082625,-64.07231060930579
0.08263000000000001,-64.06467282211784
0.082635,-64.07158814994831
0.08264,-64.06394975711552
0.08264500000000001,-64.07059701920642
0.08265,-64.06295810935596
0.082655,-64.05877890165063
0.08266000000000001,-64.05106454920731
0.082665,-64.0433534449962
0.08267000000000001,-64.04761650300851
0.08267500000000001,-64.03998563051378
0.08268,-64.04798715058124
0.08268500000000001,-64.05175447288744
0.08269000000000001,-64.058642526157
0.082695,-64.06463067696625
0.08270000000000001,-64.06022355737684
0.082705,-64.0558172986907
0.08271,-64.04809914021165
0.08271500000000001,-64.04038439412844
0.08272,-64.04364555111741
0.082725,-64.03601181549438
0.08273000000000001,-64.04268129766793
0.082735,-64.03504724258669
0.08274000000000001,-64.03087721890635
0.08274500000000001,-64.02316761529555
0.08275,-64.01546120393067
0.08275500000000001,-64.01974230749188
0.08276,-64.0121160178418
0.082765,-64.020140323556
0.08277000000000001,-64.02392609640937
0.082775,-64.01998368054123
0.08278,-64.02695216929509
0.08278500000000001,-64.01932034292142
0.08279,-64.01519863546457
0.08279500000000001,-64.00749127606362
0.08280000000000001,-64.0114393898953
0.082805,-64.00381245491435
0.08281000000000001,-64.01139403998702
0.08281500000000001,-64.01484811504314
0.08282,-64.0213174421511
0.08282500000000001,-64.02688744368446
0.08283,-64.02237895113986
0.082835,-64.01787134364619
0.08284000000000001,-64.0101573389971
0.082845,-64.01263368078828
0.08285000000000001,-64.0148190422893
0.08285500000000001,-64.01033992736669
0.08286,-64.01517970302703
0.08286500000000001,-64.01649360812878
0.08287000000000001,-64.01172154187404
0.082875,-64.01540166160198
0.08288000000000001,-64.00776332628145
0.082885,-64.00281522432789
0.08289,-63.995101199225914
0.08289500000000001,-63.987390673170836
0.0829,-63.97968354442644
0.082905,-63.98213699526309
0.08291000000000001,-63.97451123629557
0.082915,-63.98010405254118
0.08292000000000001,-63.97247807043633
0.08292500000000001,-63.97780731216913
0.08293,-63.970180879722015
0.08293500000000001,-63.97524721456125
0.08294000000000001,-63.967620422269476
0.082945,-63.97242452008811
0.08295000000000001,-63.9737984228268
0.082955,-63.96905188489464
0.08296,-63.96430621807969
0.08296500000000001,-63.95659995041071
0.08297,-63.95835203263134
0.08297500000000001,-63.95072761287561
0.08298000000000001,-63.9553870678623
0.082985,-63.94776267355722
0.08299000000000001,-63.94309771417389
0.08299500000000001,-63.935397379632974
0.083,-63.93771292841267
0.08300500000000001,-63.939738164600996
0.08301,-63.94430020854254
0.083015,-63.939549250724625
0.08302000000000001,-63.93479913076333
0.083025,-63.93605057593859
0.08303,-63.93701262909244
0.08303500000000001,-63.93213186059235
0.08304,-63.92725197853931
0.08304500000000001,-63.92811627170865
0.08305000000000001,-63.92049343976428
0.083055,-63.923971490614406
0.08306000000000001,-63.916349008747325
0.083065,-63.9195693803812
0.08307,-63.919758533150976
0.08307500000000001,-63.92187316901718
0.08308,-63.92309047704825
0.083085,-63.91749890147712
0.08309000000000001,-63.911908517341544
0.083095,-63.910661388331576
0.08310000000000001,-63.90303453436817
0.08310500000000001,-63.897434193755664
0.08311,-63.896483554349636
0.08311500000000001,-63.8888608691863
0.08312000000000001,-63.883362038974575
0.083125,-63.87566339713427
0.08313000000000001,-63.87549082488674
0.083135,-63.86787510419757
0.08314,-63.86264009536523
0.08314500000000001,-63.8549483006703
0.08315,-63.855548442450775
0.083155,-63.84793887189448
0.08316000000000001,-63.84296538975823
0.083165,-63.84385360923359
0.08317000000000001,-63.836246653169205
0.08317500000000001,-63.83975211549687
0.08318,-63.83214503734242
0.08318500000000001,-63.8272047145303
0.08319,-63.828187759217364
0.083195,-63.82058292760293
0.08320000000000001,-63.82421403486016
0.083205,-63.82471615003399
0.08321,-63.82724311309141
0.08321500000000001,-63.821993883202495
0.08322,-63.816745561379186
0.08322500000000001,-63.81648290776257
0.08323000000000001,-63.8088745042476
0.083235,-63.810849545450125
0.08324000000000001,-63.80324161001188
0.08324500000000001,-63.79791836640274
0.08325,-63.797759607124156
0.08325500000000001,-63.79731363721143
0.08326,-63.79197516758047
0.083265,-63.786637615638334
0.08327000000000001,-63.78610155912123
0.083275,-63.78527869646239
0.08328,-63.77981481805143
0.08328500000000001,-63.78064306422814
0.08329,-63.77303627222419
0.08329500000000001,-63.76739944898139
0.08330000000000001,-63.759716076155804
0.083305,-63.75203610163109
0.08331000000000001,-63.751905504801556
0.083315,-63.74430814382099
0.08332,-63.73909933377336
0.08332500000000001,-63.73926140799558
0.08333,-63.73913641024691
0.083335,-63.74082471549676
0.08334000000000001,-63.73537398531982
0.083345,-63.72992417854802
0.08335000000000001,-63.72224693559893
0.08335500000000001,-63.71457302541073
0.08336,-63.71465407751938
0.08336500000000001,-63.70706256238388
0.08337000000000001,-63.70192817852123
0.083375,-63.7023012712623
0.08338000000000001,-63.69471233632461
0.083385,-63.68967698609067
0.08339,-63.69034084429312
0.08339500000000001,-63.682754310017145
0.0834,-63.67781745471383
0.083405,-63.670154537585425
0.08341000000000001,-63.66249463296644
0.083415,-63.66440529324557
0.08342000000000001,-63.66602791383326
0.08342500000000001,-63.66139634508717
0.08343,-63.665473805959735
0.08343500000000001,-63.6578905563946
0.08344,-63.661601070426855
0.083445,-63.65401720656766
0.08345000000000001,-63.65747320027861
0.083455,-63.65785076770306
0.08346,-63.660206289909894
0.08346500000000001,-63.66166807678986
0.08347,-63.65616596525502
0.08347500000000001,-63.65066486296243
0.08348000000000001,-63.64961415185345
0.083485,-63.64827803295443
0.08349000000000001,-63.642652699157004
0.08349500000000001,-63.637028410802316
0.0835,-63.62935906645314
0.08350500000000001,-63.621693179987865
0.08351,-63.6212410988091
0.083515,-63.613658099662864
0.08352000000000001,-63.608351908332686
0.083525,-63.60069256122846
0.08353000000000001,-63.593036412504524
0.08353500000000001,-63.59384243232413
0.08354,-63.586268096829684
0.08354500000000001,-63.58965621405346
0.08355000000000001,-63.582081558177954
0.083555,-63.58521695105908
0.08356000000000001,-63.577641796052255
0.083565,-63.572633309956544
0.08357,-63.56498150336493
0.08357500000000001,-63.557332765509024
0.08358,-63.55900928212678
0.083585,-63.56039869915731
0.08359000000000001,-63.56409906982896
0.083595,-63.5591715150568
0.08360000000000001,-63.55424466506226
0.08360500000000001,-63.54659357922932
0.08361,-63.538945620035264
0.08361500000000001,-63.531300700094405
0.08362000000000001,-63.53336481173463
0.083625,-63.5258008199691
0.08363000000000001,-63.530860134482104
0.083635,-63.5232953462873
0.08364,-63.5280987340273
0.08364500000000001,-63.5294914619828
0.08365,-63.52479199093007
0.08365500000000001,-63.52856070473759
0.08366000000000001,-63.52099088354707
0.083665,-63.516116966676584
0.08367000000000001,-63.51722644417914
0.08367500000000001,-63.509658847794924
0.08368,-63.51344945825069
0.08368500000000001,-63.50588168611675
0.08369,-63.50104266660593
0.083695,-63.502252394718695
0.08370000000000001,-63.49468680259366
0.083705,-63.48994617122253
0.08371,-63.49144490387311
0.08371500000000001,-63.49265716089931
0.08372,-63.49612055196588
0.08372500000000001,-63.49113736684666
0.08373000000000001,-63.486154996814435
0.083735,-63.47850877391621
0.08374000000000001,-63.470865805675864
0.083745,-63.472278437438575
0.08375,-63.46471711031832
0.08375500000000001,-63.46004696254381
0.08376,-63.46174794850187
0.083765,-63.45418881705372
0.08377000000000001,-63.45876427464997
0.083775,-63.45998837649881
0.08378000000000001,-63.455236905452345
0.08378500000000001,-63.4504861446777
0.08379,-63.442846702133735
0.08379500000000001,-63.44445716701426
0.08380000000000001,-63.436899260100965
0.083805,-63.43229736887713
0.08381000000000001,-63.43419555308325
0.083815,-63.4358073219461
0.08382,-63.43118795026575
0.08382500000000001,-63.43524669240953
0.08383,-63.42768717671068
0.083835,-63.422893710380755
0.08384000000000001,-63.42422346967945
0.083845,-63.42526736879928
0.08385000000000001,-63.42850489437543
0.08385500000000001,-63.42347004123471
0.08386,-63.41843606501197
0.08386500000000001,-63.410796190038184
0.08387,-63.411564007164564
0.083875,-63.404006393088025
0.08388000000000001,-63.39912401245117
0.083885,-63.400183987823624
0.08389,-63.40095850272303
0.08389500000000001,-63.396060625475435
0.0839,-63.399004815418515
0.08390500000000001,-63.391446829235704
0.08391000000000001,-63.39403103213484
0.083915,-63.386473093566
0.08392000000000001,-63.38134031452045
0.08392500000000001,-63.37370600387341
0.08393,-63.36607497079183
0.08393500000000001,-63.3584471218753
0.08394,-63.35082236738194
0.083945,-63.343200621084975
0.08395000000000001,-63.34590703559304
0.083955,-63.3383658721207
0.08396,-63.334140354333925
0.08396500000000001,-63.32652306721749
0.08397,-63.32998760304566
0.08397500000000001,-63.33316511771114
0.08398000000000001,-63.329080088395784
0.083985,-63.32499547422305
0.08399000000000001,-63.31737808064496
0.083995,-63.30976356178772
0.084,-63.31379027094348
0.08400500000000001,-63.30625546558983
0.08401,-63.31391899179559
0.084015,-63.306382807566024
0.08402000000000001,-63.30253547834793
0.084025,-63.30664546710749
0.08403000000000001,-63.299110083260736
0.08403500000000001,-63.29535630069084
0.08404,-63.287745119510966
0.08404500000000001,-63.292603815687976
0.08405000000000001,-63.28507190124292
0.084055,-63.293841736776
0.08406000000000001,-63.286308266007374
0.084065,-63.282739493192395
0.08407,-63.27513011108309
0.08407500000000001,-63.26752348558863
0.08408,-63.27339927294132
0.08408500000000001,-63.26587127074321
0.08409000000000001,-63.262710919881485
0.084095,-63.268855870041996
0.08410000000000001,-63.2747119325328
0.08410500000000001,-63.28435800569861
0.08411,-63.28094682594621
0.08411500000000001,-63.2775359987594
0.08412,-63.26992385361926
0.084125,-63.26231459806359
0.08413000000000001,-63.268335146477426
0.084135,-63.274066915271725
0.08414,-63.27083843090818
0.08414500000000001,-63.26761025469933
0.08415,-63.27323388918354
0.08415500000000001,-63.27856904757197
0.08416000000000001,-63.27520611533908
0.084165,-63.28421770435291
0.08417000000000001,-63.27667847022403
0.08417500000000001,-63.27313829653278
0.08418,-63.27817088177635
0.08418500000000001,-63.27063298513652
0.08419,-63.26718540500433
0.084195,-63.25957243869371
0.08420000000000001,-63.25196244264742
0.084205,-63.24435533545729
0.08421000000000001,-63.25106630578483
0.08421500000000001,-63.243537674083576
0.08422,-63.24065550532981
0.08422500000000001,-63.24763201443352
0.08423000000000001,-63.25431906974255
0.084235,-63.26507369469686
0.08424000000000001,-63.261939575016164
0.084245,-63.25880584718927
0.08425,-63.25119369540027
0.08425500000000001,-63.24358452076233
0.08426,-63.25042943446566
0.084265,-63.242898835804446
0.08427000000000001,-63.240060107970464
0.084275,-63.24716998569336
0.08428000000000001,-63.23964007965936
0.08428500000000001,-63.23689012983423
0.08429,-63.24426374568883
0.08429500000000001,-63.23673444779155
0.08430000000000001,-63.24885037170519
0.084305,-63.25573197296272
0.08431000000000001,-63.25288650100955
0.084315,-63.26395637423821
0.08432,-63.25641922877972
0.08432500000000001,-63.2671114997147
0.08433,-63.259572964481606
0.08433500000000001,-63.26999940164705
0.08434000000000001,-63.27561295017861
0.084345,-63.272338948002286
0.08435000000000001,-63.26906552409954
0.08435500000000001,-63.27457142145529
0.08436,-63.27978892773829
0.08436500000000001,-63.276381661349866
0.08437,-63.27297503325086
0.084375,-63.26535432224864
0.08438000000000001,-63.2709360152642
0.084385,-63.26339515623438
0.08439,-63.26012884655129
0.08439500000000001,-63.25251337505415
0.0844,-63.258834199474954
0.08440500000000001,-63.25129794897366
0.08441000000000001,-63.248280963976136
0.084415,-63.24067007275345
0.08442000000000001,-63.247724890805806
0.084425,-63.254490183975435
0.08443,-63.25160544273219
0.08443500000000001,-63.248721078967044
0.08444,-63.25537446644261
0.084445,-63.247839021466774
0.08445000000000001,-63.25899864645732
0.084455,-63.25146197234748
0.08446000000000001,-63.248488422049995
0.08446500000000001,-63.24087689754305
0.08447,-63.24806246066586
0.08447500000000001,-63.254958383966056
0.08448000000000001,-63.26599322233525
0.084485,-63.276138554228815
0.08449000000000001,-63.28539436552779
0.084495,-63.28187608886134
0.0845,-63.278358549878526
0.08450500000000001,-63.270734429538315
0.08451,-63.263113666063944
0.084515,-63.26884121591197
0.08452000000000001,-63.26130025969798
0.084525,-63.25808252705427
0.08453000000000001,-63.25046702802002
0.08453500000000001,-63.25693272389432
0.08454,-63.263109332823134
0.08454500000000001,-63.260025669888535
0.08455,-63.25694249563109
0.084555,-63.24932730122909
0.08456000000000001,-63.24171521227954
0.084565,-63.2487166741187
0.08457,-63.24118332524589
0.08457500000000001,-63.25280544370854
0.08458,-63.25931612943305
0.08458500000000001,-63.25634461568291
0.08459000000000001,-63.25337355244194
0.084595,-63.24575959558075
0.08460000000000001,-63.2381487120338
0.08460500000000001,-63.245481104891255
0.08461,-63.25252375038558
0.08461500000000001,-63.2637540839953
0.08462,-63.274094914353135
0.084625,-63.270851287034155
0.08463000000000001,-63.26760827113137
0.084635,-63.25998846720949
0.08464,-63.266056047056466
0.08464500000000001,-63.25851584484985
0.08465,-63.25541194848503
0.08465500000000001,-63.24779727059399
0.08466000000000001,-63.254600635619894
0.084665,-63.24706493273292
0.08467000000000001,-63.24420917358817
0.084675,-63.23659896828188
0.08468,-63.244132997946025
0.08468500000000001,-63.236601183899644
0.08469,-63.24893144977263
0.084695,-63.24139806357006
0.08470000000000001,-63.253458800734386
0.084705,-63.245923692636275
0.08471000000000001,-63.243176505137754
0.08471500000000001,-63.2505686898646
0.08472,-63.243034423368506
0.08472500000000001,-63.24037586620062
0.08473000000000001,-63.23276719614062
0.084735,-63.24088594110487
0.08474000000000001,-63.248714297849375
0.084745,-63.260991847849866
0.08475,-63.258236816889806
0.08475500000000001,-63.25548221136461
0.08476,-63.24786801535696
0.08476500000000001,-63.24025689180072
0.08477000000000001,-63.23264875527698
0.084775,-63.24108862216201
0.08478000000000001,-63.24923782442485
0.08478500000000001,-63.246815928669676
0.08479,-63.24439431096668
0.08479500000000001,-63.252426013349556
0.0848,-63.26016731934768
0.084805,-63.27232989135399
0.08481000000000001,-63.26954361864685
0.084815,-63.266757832597
0.08482,-63.25914044644655
0.08482500000000001,-63.2515262054077
0.08483,-63.25941626259266
0.08483500000000001,-63.26701599501209
0.08484000000000001,-63.264407281601365
0.084845,-63.276435176175774
0.08485000000000001,-63.283164550958745
0.08485500000000001,-63.29397970356848
0.08486,-63.29085111948493
0.08486500000000001,-63.30083293813449
0.08487,-63.30602705857758
0.084875,-63.314797754321944
0.08488000000000001,-63.31115172474029
0.084885,-63.30750659719385
0.08489000000000001,-63.311929013093355
0.08489500000000001,-63.30437414930868
0.0849,-63.30071245188343
0.08490500000000001,-63.305411054324004
0.08491000000000001,-63.29785924677131
0.084915,-63.306422959367815
0.08492000000000001,-63.29887111360026
0.084925,-63.30717356045229
0.08493,-63.299621376893406
0.08493500000000001,-63.30766317826321
0.08494,-63.300110710641306
0.084945,-63.307892489032305
0.08495000000000001,-63.3115212649895
0.084955,-63.307577011899774
0.08496000000000001,-63.31432223744833
0.08496500000000001,-63.30676618876152
0.08497,-63.31314350008892
0.08497500000000001,-63.30558761916352
0.08498000000000001,-63.30140482788772
0.084985,-63.29377396229508
0.08499000000000001,-63.297393832941566
0.084995,-63.30072676515439
0.085,-63.30701555900821
0.08500500000000001,-63.302749995046014
0.08501,-63.29848539931125
0.08501500000000001,-63.29085422888291
0.08502000000000001,-63.28322659955948
0.085025,-63.286746613787706
0.08503000000000001,-63.27920017607831
0.08503500000000001,-63.28619403641449
0.08504,-63.27864751773208
0.08504500000000001,-63.27462564913656
0.08505,-63.27823378855657
0.085055,-63.281555136714275
0.08506000000000001,-63.277514157044784
0.085065,-63.27347395116153
0.08507,-63.265851161739484
0.08507500000000001,-63.269548741091015
0.08508,-63.26200685038053
0.08508500000000001,-63.258111832420695
0.08509000000000001,-63.262089289022846
0.085095,-63.25454970364809
0.08510000000000001,-63.26215014989119
0.085105,-63.2546100855945
0.08511,-63.25074456344224
0.08511500000000001,-63.25480722137511
0.08512,-63.247269053341235
0.085125,-63.254982468733864
0.08513000000000001,-63.25856411995649
0.085135,-63.25461316900518
0.08514000000000001,-63.25066291399183
0.08514500000000001,-63.243045015987555
0.08515,-63.24700116653211
0.08515500000000001,-63.250670449411686
0.08516000000000001,-63.2467499612003
0.085165,-63.2428301427402
0.08517000000000001,-63.235213908624985
0.085175,-63.22760088848396
0.08518,-63.23211684840043
0.08518500000000001,-63.22458394666375
0.08519,-63.22096755455352
0.085195,-63.21335946883294
0.08520000000000001,-63.2186223387208
0.085205,-63.211093772697424
0.08521000000000001,-63.22040128147768
0.08521500000000001,-63.22517967072469
0.08522,-63.221633663321214
0.08522500000000001,-63.22990304383763
0.08523,-63.222368157720915
0.085235,-63.21864595039965
0.08524000000000001,-63.21103567119496
0.085245,-63.215987629364406
0.08525,-63.22065208663668
0.08525500000000001,-63.22871068613057
0.08526,-63.235880719309485
0.08526500000000001,-63.23184639678469
0.08527000000000001,-63.22781284087943
0.085275,-63.22019573725477
0.08528000000000001,-63.22390241333676
0.08528500000000001,-63.21636618957671
0.08529,-63.22360569864937
0.08529500000000001,-63.21606914347895
0.0853,-63.22305176987242
0.085305,-63.21551464488321
0.08531000000000001,-63.21149705200238
0.085315,-63.215099936751145
0.08532000000000001,-63.218416479562016
0.08532500000000001,-63.21437998382055
0.08533,-63.220705094116866
0.08533500000000001,-63.21316644664577
0.08534000000000001,-63.20895570615789
0.085345,-63.211984777877284
0.08535000000000001,-63.20444860554469
0.085355,-63.20033467244454
0.08536,-63.19272331802607
0.08536500000000001,-63.185115185019725
0.08537,-63.189374905225506
0.085375,-63.193347904371294
0.08538000000000001,-63.200483829914454
0.085385,-63.20673171162545
0.08539000000000001,-63.20246897279236
0.08539500000000001,-63.19820705014286
0.0854,-63.19059275007876
0.08540500000000001,-63.18298179770196
0.08541000000000001,-63.1864773788215
0.085415,-63.178947279416256
0.08542000000000001,-63.17499278931411
0.085425,-63.167387409585075
0.08543,-63.17163763332253
0.08543500000000001,-63.16411246809752
0.08544,-63.16041269378733
0.08544500000000001,-63.16494112039012
0.08545000000000001,-63.16918276837879
0.085455,-63.165462211751645
0.08546000000000001,-63.16174218756367
0.08546500000000001,-63.16588345233231
0.08547,-63.15835781053042
0.08547500000000001,-63.16617265490343
0.08548,-63.1586463099844
0.085485,-63.154844741377985
0.08549000000000001,-63.159071998050216
0.085495,-63.15154727856232
0.0855,-63.147840211748274
0.08550500000000001,-63.15234594402133
0.08551,-63.15656500485574
0.08551500000000001,-63.16402775346129
0.08552000000000001,-63.16007521433076
0.085525,-63.1561233527068
0.08553000000000001,-63.1485173970551
0.08553500000000001,-63.14091465764516
0.08554,-63.145316090765704
0.08554500000000001,-63.13779353557074
0.08555,-63.13414596471987
0.085555,-63.13882518616028
0.08556000000000001,-63.1432176827887
0.085565,-63.1395492407318
0.08557000000000001,-63.135881337377
0.08557500000000001,-63.12828120266172
0.08558,-63.13304487884472
0.08558500000000001,-63.12552467423817
0.08559000000000001,-63.12199939709642
0.085595,-63.12703925896299
0.08560000000000001,-63.13179217028237
0.085605,-63.12824536513086
0.08561,-63.13647879220409
0.08561500000000001,-63.12895523773721
0.08562,-63.125232740416415
0.085625,-63.12969065432655
0.08563000000000001,-63.133862095611676
0.085635,-63.14126122812849
0.08564000000000001,-63.14777310014958
0.08564500000000001,-63.15339774759832
0.08565,-63.14898128453769
0.08565500000000001,-63.144565767192944
0.08566000000000001,-63.14664712649453
0.085665,-63.13911428928231
0.08567000000000001,-63.134686949678674
0.085675,-63.12707899552047
0.08568,-63.11947443732666
0.08568500000000001,-63.11187317691957
0.08569,-63.115668894147724
0.08569500000000001,-63.108148258253294
0.08570000000000001,-63.11550227135795
0.085705,-63.11882031069096
0.08571000000000001,-63.114793152201614
0.08571500000000001,-63.11076667972876
0.08572,-63.10316616862598
0.08572500000000001,-63.106862374211836
0.08573,-63.099342557477215
0.085735,-63.095461856230706
0.08574000000000001,-63.08786675519677
0.085745,-63.092317063795036
0.08575,-63.08480202856574
0.08575500000000001,-63.093025377765336
0.08576,-63.085509439564625
0.08576500000000001,-63.09347538349248
0.08577000000000001,-63.09725307539159
0.085775,-63.09338196019709
0.08578000000000001,-63.089511465600175
0.085785,-63.081915024075066
0.08579,-63.074321736724045
0.08579500000000001,-63.06673151482644
0.0858,-63.07182786203285
0.085805,-63.064317222251994
0.08581000000000001,-63.060909179716994
0.085815,-63.06628074932387
0.08582000000000001,-63.058771296039005
0.08582500000000001,-63.055455772242944
0.08583,-63.047871098101055
0.08583500000000001,-63.05398532596879
0.08584000000000001,-63.046479502374346
0.085845,-63.043413875978835
0.08585000000000001,-63.04979863624631
0.085855,-63.05589583916602
0.08586,-63.05280628906955
0.08586500000000001,-63.06282619657222
0.08587,-63.06806131004353
0.085875,-63.06468026534943
0.08588000000000001,-63.06129970347979
0.085885,-63.06643154457925
0.08589000000000001,-63.0712767802136
0.08589500000000001,-63.07957228303358
0.0859,-63.08698125282774
0.08590500000000001,-63.08301955990936
0.08591,-63.07905865532714
0.085915,-63.07145845508232
0.08592000000000001,-63.06386160598746
0.085925,-63.0562680115924
0.08593,-63.048677579225156
0.08593500000000001,-63.041090219843696
0.08594,-63.033505847893764
0.08594500000000001,-63.03975029105742
0.08595000000000001,-63.04570736649817
0.085955,-63.04257093183148
0.08596000000000001,-63.03943486133871
0.08596500000000001,-63.04528623183773
0.08597,-63.03777758818169
0.08597500000000001,-63.034622656765976
0.08598,-63.04074599675821
0.085985,-63.03323852886706
0.08599000000000001,-63.030175018095775
0.085995,-63.03656907411117
0.08600000000000001,-63.02906265904411
0.08600500000000001,-63.03987007366364
0.08601,-63.03236225048588
0.08601500000000001,-63.04290676860549
0.08602000000000001,-63.04861841924219
0.086025,-63.05806776705663
0.08603000000000001,-63.066630715748154
0.086035,-63.062960342144436
0.08604,-63.05929068383432
0.08604500000000001,-63.06357135944045
0.08605,-63.05605218032693
0.086055,-63.052367014416
0.08606000000000001,-63.04477307191831
0.086065,-63.0498043942547
0.08607000000000001,-63.0422905478112
0.08607500000000001,-63.051287181511626
0.08608,-63.04377264534102
0.08608500000000001,-63.05251058445558
0.08609000000000001,-63.04499514123579
0.086095,-63.0534749918258
0.08610000000000001,-63.057638120434916
0.086105,-63.0538962723639
0.08611,-63.06134447039059
0.08611500000000001,-63.06465065863117
0.08612,-63.06062033101399
0.08612500000000001,-63.0669288184102
0.08613000000000001,-63.06938029042072
0.086135,-63.07448690118476
0.08614000000000001,-63.06994530906274
0.08614500000000001,-63.06540479078265
0.08615,-63.06710216353791
0.08615500000000001,-63.06851585987613
0.08616,-63.06385077846381
0.086165,-63.05918677987909
0.08617000000000001,-63.05158213587833
0.086175,-63.04398111218049
0.08618,-63.03638360176817
0.08618500000000001,-63.02878950181636
0.08619,-63.03202425047861
0.08619500000000001,-63.02451125654142
0.08620000000000001,-63.03111735076811
0.086205,-63.023604093032716
0.08621000000000001,-63.029957552403395
0.08621500000000001,-63.02244379333774
0.08622,-63.018286803480215
0.08622500000000001,-63.0106974458595
0.08623,-63.00311129799614
0.086235,-63.00720078665245
0.08624000000000001,-63.01100498010253
0.086245,-63.00715046969586
0.08625000000000001,-63.01411813070704
0.08625500000000001,-63.006607967935636
0.08626,-63.002579482352445
0.08626500000000001,-62.994993708596894
0.08627000000000001,-62.98741107705542
0.086275,-62.991875650238796
0.08628000000000001,-62.996054715451656
0.086285,-63.00345879550698
0.08629,-62.99950705959702
0.08629500000000001,-62.995555972324375
0.0863,-62.98797020951155
0.086305,-62.99186322225277
0.08631000000000001,-62.984357993280284
0.086315,-62.980552715617804
0.08632000000000001,-62.97297218980664
0.08632500000000001,-62.96539470267725
0.08633,-62.97051269938021
0.08633500000000001,-62.96301474314511
0.08634000000000001,-62.97212220247814
0.086345,-62.96462302354899
0.08635000000000001,-62.973472652594005
0.086355,-62.96597210477524
0.08636,-62.97456450456642
0.08636500000000001,-62.96706271428123
0.08637,-62.975398488293926
0.08637500000000001,-62.96789557460891
0.08638000000000001,-62.97597532872476
0.086385,-62.97984256065441
0.08639000000000001,-62.97601014941502
0.08639500000000001,-62.983061313903455
0.0864,-62.9755529638095
0.08640500000000001,-62.98224073836403
0.08641,-62.985063905647614
0.086415,-62.99066183882814
0.08642000000000001,-62.98625423866508
0.086425,-62.9818475594123
0.08643,-62.9742564234718
0.08643500000000001,-62.97680273478138
0.08644,-62.96929330454683
0.08644500000000001,-62.965036607701464
0.08645000000000001,-62.95745194904048
0.086455,-62.96076202602185
0.08646000000000001,-62.953258372648236
0.086465,-62.94925996156361
0.08647,-62.94168100457117
0.08647500000000001,-62.94574955832036
0.08648,-62.93825095814725
0.086485,-62.94596263379604
0.08649000000000001,-62.94955556688055
0.086495,-62.945634694073405
0.08650000000000001,-62.94171445053001
0.08650500000000001,-62.94521255165264
0.08651,-62.9377113733789
0.08651500000000001,-62.944664938644614
0.08652000000000001,-62.94768938675416
0.086525,-62.9435774997713
0.08653000000000001,-62.93946633735262
0.086535,-62.94239836457559
0.08654,-62.945046540119996
0.08654500000000001,-62.94080867357182
0.08655,-62.936571584393334
0.086555,-62.928989840029615
0.08656000000000001,-62.921411389388894
0.086565,-62.92491962336375
0.08657000000000001,-62.91742194201131
0.08657500000000001,-62.92438804056947
0.08658,-62.916889846580894
0.08658500000000001,-62.92360395204871
0.08659,-62.91610503621447
0.086595,-62.91204941699335
0.08660000000000001,-62.90447482448852
0.086605,-62.90836447762762
0.08661,-62.9008703353644
0.08661500000000001,-62.89707137097236
0.08662,-62.90124381779008
0.08662500000000001,-62.905131643213664
0.08663000000000001,-62.90131400866337
0.086635,-62.897496935717065
0.08664000000000001,-62.9012896020314
0.08664500000000001,-62.90479797064847
0.08665,-62.90085258916384
0.08665500000000001,-62.89690784089879
0.08666,-62.900322666127465
0.086665,-62.903453523044874
0.08667000000000001,-62.90945844081536
0.086675,-62.905162500109114
0.08668000000000001,-62.90086736981631
0.08668500000000001,-62.89328906993959
0.08669,-62.896143239940464
0.08669500000000001,-62.88864626502095
0.08670000000000001,-62.88450045300826
0.086705,-62.88764255912688
0.08671000000000001,-62.88014802768716
0.086715,-62.876099769493315
0.08672,-62.86852985225451
0.08672500000000001,-62.87243241355379
0.08673,-62.864942913901515
0.086735,-62.87243155049998
0.08674000000000001,-62.86494131462431
0.086745,-62.86108577230211
0.08675000000000001,-62.8535198437907
0.08675500000000001,-62.845956939975316
0.08676,-62.85089744263713
0.08676500000000001,-62.84341413797019
0.08677000000000001,-62.85228195257771
0.086775,-62.84479743263106
0.08678000000000001,-62.85340968803601
0.086785,-62.84592380944075
0.08679,-62.854281104288575
0.08679500000000001,-62.85836154434164
0.0868,-62.854611427391006
0.08680500000000001,-62.85086188100886
0.08681000000000001,-62.843295244497696
0.086815,-62.84775270227128
0.08682000000000001,-62.84026620168832
0.08682500000000001,-62.848492467314315
0.08683,-62.84100512795531
0.08683500000000001,-62.83733615310298
0.08684,-62.841884128869786
0.086845,-62.83439825158074
0.08685000000000001,-62.830824314320914
0.086855,-62.83565268619974
0.08686,-62.82816841203792
0.08686500000000001,-62.8368875942428
0.08687,-62.841239735768994
0.08687500000000001,-62.837581507479214
0.08688000000000001,-62.84527411645701
0.086885,-62.837784063413196
0.08689000000000001,-62.845113909353685
0.08689500000000001,-62.83762315516741
0.0869,-62.8337277328345
0.08690500000000001,-62.83760602511574
0.08691,-62.83011727201763
0.086915,-62.83757385811034
0.08692000000000001,-62.84097914334963
0.086925,-62.84734810558169
0.08693000000000001,-62.84314806974512
0.08693500000000001,-62.838948864563235
0.08694,-62.83137700594071
0.08694500000000001,-62.834505106982085
0.08695000000000001,-62.82701452005744
0.086955,-62.83347361054742
0.08696000000000001,-62.825982883637344
0.086965,-62.8321924806181
0.08697,-62.83466318806629
0.08697500000000001,-62.83037379025293
0.08698,-62.82608522755431
0.086985,-62.81851509503959
0.08699000000000001,-62.82137360066997
0.086995,-62.82394916753814
0.08700000000000001,-62.8196966002129
0.08700500000000001,-62.81544482345176
0.08701,-62.8179319375355
0.08701500000000001,-62.82013645460676
0.08702000000000001,-62.81575979587549
0.087025,-62.811383973101414
0.08703000000000001,-62.81350163569823
0.087035,-62.80601202190495
0.08704,-62.80162581749386
0.08704500000000001,-62.80403586725355
0.08705,-62.80616348441221
0.08705500000000001,-62.81082846932069
0.08706000000000001,-62.80620469856853
0.087065,-62.80158185296923
0.08707000000000001,-62.794013006496684
0.08707500000000001,-62.79587303946959
0.08708,-62.78838617873416
0.08708500000000001,-62.783915915820344
0.08709,-62.78606973092112
0.087095,-62.78794145974568
0.08710000000000001,-62.79226445241981
0.087105,-62.78755722593358
0.08711,-62.78285092138814
0.08711500000000001,-62.77528472832507
0.08712,-62.776890968983565
0.08712500000000001,-62.769406851675036
0.08713000000000001,-62.77383951272773
0.087135,-62.766355564127515
0.08714000000000001,-62.7617413471849
0.087145,-62.76346040747469
0.08715,-62.75597905697845
0.08715500000000001,-62.75146543033663
0.08716,-62.74390839925246
0.087165,-62.73635455795898
0.08717000000000001,-62.73932145466052
0.087175,-62.74200590085921
0.08718000000000001,-62.747409323522795
0.08718500000000001,-62.742980149111375
0.08719,-62.738551712010604
0.08719500000000001,-62.73099570927035
0.08720000000000001,-62.72344291645553
0.087205,-62.726333595920856
0.08721000000000001,-62.72894198110685
0.087215,-62.724711393989274
0.08722,-62.72048144250124
0.08722500000000001,-62.712930127618385
0.08723,-62.71592701597738
0.08723500000000001,-62.70845655752157
0.08724000000000001,-62.70437596255852
0.087245,-62.69682979330393
0.08725000000000001,-62.70058995309511
0.08725500000000001,-62.704067256421865
0.08726,-62.70013033044013
0.08726500000000001,-62.706653828780176
0.08727,-62.699183321663035
0.087275,-62.70534910456245
0.08728000000000001,-62.697877829507746
0.087285,-62.693706219279804
0.08729,-62.69672250820768
0.08729500000000001,-62.68925310299852
0.0873,-62.69555788405117
0.08730500000000001,-62.69810647164533
0.08731000000000001,-62.70332783451693
0.087315,-62.69885548627058
0.08732000000000001,-62.69438394783728
0.08732500000000001,-62.68683109503852
0.08733,-62.67928153539692
0.08733500000000001,-62.682038484698076
0.08734,-62.67457006944442
0.087345,-62.67041098949259
0.08735000000000001,-62.662866946858095
0.087355,-62.666389289590214
0.08736000000000001,-62.65892575949615
0.08736500000000001,-62.655024954622434
0.08737,-62.658834426876986
0.08737500000000001,-62.65137254539978
0.08738000000000001,-62.658730598114616
0.087385,-62.65126783549355
0.08739000000000001,-62.65837670571884
0.087395,-62.65091289695898
0.0874,-62.65777318918109
0.08740500000000001,-62.65030845052847
0.08741,-62.65692077151659
0.087415,-62.649455212554294
0.08742000000000001,-62.65582017132784
0.087425,-62.648353895477314
0.08743000000000001,-62.65447210327478
0.08743500000000001,-62.65688201170283
0.08744,-62.66191784602837
0.08744500000000001,-62.657401576791564
0.08745000000000001,-62.65288617555537
0.087455,-62.645336610741985
0.08746000000000001,-62.637790404374634
0.087465,-62.64041102778679
0.08747,-62.6329461549631
0.08747500000000001,-62.63872367587634
0.08748,-62.631258557053094
0.08748500000000001,-62.62699471275403
0.08749000000000001,-62.62972367046638
0.087495,-62.62226067282609
0.08750000000000001,-62.61809597509432
0.08750500000000001,-62.62111631470981
0.08751,-62.62385498682075
0.08751500000000001,-62.61967539344492
0.08752,-62.62521492074583
0.087525,-62.62710977719242
0.08753000000000001,-62.62264603965121
0.087535,-62.618183116001504
0.08754,-62.610639250147024
0.08754500000000001,-62.603098681190865
0.08755,-62.59556131455019
0.08755500000000001,-62.598802469808476
0.08756000000000001,-62.60176192621501
0.087565,-62.607527926006284
0.08757000000000001,-62.603201956395175
0.08757500000000001,-62.59887672266334
0.08758,-62.59133715970628
0.08758500000000001,-62.59402839167038
0.08759,-62.58657004882606
0.087595,-62.592439871361265
0.08760000000000001,-62.584981191545594
0.087605,-62.580745290688945
0.08761000000000001,-62.573210688845485
0.08761500000000001,-62.56567919446499
0.08762,-62.56942878119334
0.08762500000000001,-62.57289644113729
0.08763000000000001,-62.5793385580617
0.087635,-62.57518561465411
0.08764000000000001,-62.58081524078869
0.087645,-62.58277943512904
0.08765,-62.57834256140383
0.08765500000000001,-62.57390649071354
0.08766,-62.575787814436616
0.087665,-62.56832805346162
0.08767000000000001,-62.57312099434785
0.087675,-62.57454064078921
0.08768000000000001,-62.56992176995656
0.08768500000000001,-62.57370507758076
0.08769,-62.57428528910705
0.08769500000000001,-62.57688061422181
0.08770000000000001,-62.57175786054112
0.087705,-62.566636212614924
0.08771000000000001,-62.559091628546014
0.087715,-62.55155061240986
0.08772,-62.544013058965035
0.08772500000000001,-62.54530234747321
0.08773,-62.546311981967136
0.08773500000000001,-62.54155949170283
0.08774000000000001,-62.536807859413
0.087745,-62.537739362376435
0.08775000000000001,-62.53028392428658
0.08775500000000001,-62.53381206264332
0.08776,-62.526356915257686
0.08776500000000001,-62.52964687207206
0.08777,-62.52219175111771
0.087775,-62.517314000029735
0.08778000000000001,-62.518190657983595
0.087785,-62.51073834096176
0.08779,-62.505963547469825
0.08779500000000001,-62.498435313410695
0.0878,-62.50009245827892
0.08780500000000001,-62.49264592342795
0.08781000000000001,-62.48813500759801
0.087815,-62.490089995996456
0.08782000000000001,-62.491765151266925
0.087825,-62.49581536852618
0.08783,-62.491070020408706
0.08783500000000001,-62.48632548617879
0.08784,-62.47879847071201
0.087845,-62.48021656159231
0.08785000000000001,-62.4727714455966
0.087855,-62.47694419396335
0.08786000000000001,-62.47790376846108
0.08786500000000001,-62.47314101473683
0.08787,-62.46837907421952
0.08787500000000001,-62.46085429799967
0.08788000000000001,-62.453332770665774
0.087885,-62.4458143994325
0.08789000000000001,-62.43829909514903
0.087895,-62.441093700667274
0.0879,-62.43365912398741
0.08790500000000001,-62.43966026065296
0.08791,-62.43222488888274
0.08791500000000001,-62.43798321704549
0.08792000000000001,-62.4305468950584
0.087925,-62.4263000143856
0.08793000000000001,-62.42902433454741
0.08793500000000001,-62.43146859281795
0.08794,-62.42720812666311
0.08794500000000001,-62.43234968040783
0.08795,-62.43395485881204
0.087955,-62.42941169591146
0.08796000000000001,-62.424869284879016
0.087965,-62.41735088970697
0.08797,-62.40983569603354
0.08797500000000001,-62.402323612908
0.08798,-62.40528098970614
0.08798500000000001,-62.39784964113796
0.08799000000000001,-62.39378220978394
0.087995,-62.39703221430746
0.08800000000000001,-62.389602519158124
0.08800500000000001,-62.38563371603085
0.08801,-62.37812816528319
0.08801500000000001,-62.38214314375058
0.08802,-62.37471755114529
0.088025,-62.382340158714186
0.08803000000000001,-62.374913397185374
0.088035,-62.38229009041295
0.08804000000000001,-62.3748620301716
0.08804500000000001,-62.37102585635162
0.08805,-62.374960529453006
0.08805500000000001,-62.37861448402102
0.08806000000000001,-62.37476270449955
0.088065,-62.38151315392551
0.08807000000000001,-62.38432587098339
0.088075,-62.38988953316787
0.08808,-62.39457660984747
0.08808500000000001,-62.3899974138894
0.08809,-62.3854191046108
0.088095,-62.377901282842025
0.08810000000000001,-62.37038682500488
0.088105,-62.372760951788706
0.08811000000000001,-62.365327977186006
0.08811500000000001,-62.361065340912354
0.08812,-62.35355673084848
0.08812500000000001,-62.356702430403
0.08813000000000001,-62.3492746474798
0.088135,-62.34527253833852
0.08814000000000001,-62.33776909251846
0.088145,-62.3302686322368
0.08815,-62.32277107496867
0.08815500000000001,-62.31527634142137
0.08816,-62.320603534261394
0.08816500000000001,-62.31318788958191
0.08817000000000001,-62.30992074345485
0.088175,-62.31553013256673
0.08818000000000001,-62.30811506374229
0.08818500000000001,-62.3049423807831
0.08819,-62.310832687040815
0.08819500000000001,-62.30341814389154
0.0882,-62.313533140556125
0.088205,-62.31895280343644
0.08821000000000001,-62.32798835516815
0.088215,-62.324509880021964
0.08822,-62.32103186273379
0.08822500000000001,-62.32570255308806
0.08823,-62.318279075638365
0.08823500000000001,-62.32677423306539
0.08824000000000001,-62.3193498469656
0.088245,-62.32759775418166
0.08825000000000001,-62.32017228019275
0.08825500000000001,-62.32817352065384
0.08826,-62.320747067177365
0.08826500000000001,-62.31706847456709
0.08827,-62.30956651532894
0.088275,-62.314440083786096
0.08828000000000001,-62.30701802928686
0.088285,-62.315782790856204
0.08829000000000001,-62.308359785522526
0.08829500000000001,-62.3168768005026
0.0883,-62.32109731236881
0.08830500000000001,-62.317436267003046
0.08831000000000001,-62.31377582425415
0.088315,-62.30627232237737
0.08832000000000001,-62.31087681697206
0.088325,-62.315200465677876
0.08833,-62.322777237898
0.08833500000000001,-62.32947806834575
0.08834,-62.32540857387969
0.088345,-62.32133989297211
0.08835000000000001,-62.313830245514566
0.088355,-62.317230359768416
0.08836000000000001,-62.3098018605335
0.08836500000000001,-62.30588439788651
0.08837,-62.30957620156073
0.08837500000000001,-62.31298794852872
0.08838000000000001,-62.30905629237544
0.088385,-62.315485091788815
0.08839000000000001,-62.308055300667604
0.088395,-62.30395406158281
0.0884,-62.296448743576896
0.08840500000000001,-62.28894667858962
0.08841,-62.29304104502764
0.08841500000000001,-62.2968551278348
0.08842000000000001,-62.29306053381116
0.088425,-62.289266562296575
0.08843000000000001,-62.29299454341184
0.08843500000000001,-62.28557138587007
0.08844,-62.29281255054152
0.08844500000000001,-62.285388945761476
0.08845,-62.28152264021832
0.088455,-62.28535845550386
0.08846000000000001,-62.28891426193498
0.088465,-62.29546681516021
0.08847000000000001,-62.29136439820806
0.08847500000000001,-62.28726275840583
0.08848,-62.27975848074856
0.08848500000000001,-62.28305007504909
0.08849000000000001,-62.27562690069787
0.088495,-62.27167679065284
0.08850000000000001,-62.27526092930992
0.088505,-62.267840072176796
0.08851,-62.27488928150303
0.08851500000000001,-62.26746798889195
0.08852,-62.27427416706904
0.088525,-62.266852218056066
0.08853000000000001,-62.27341595930768
0.088535,-62.26599344198375
0.08854000000000001,-62.26195872622209
0.08854500000000001,-62.26528958037635
0.08855,-62.268340998644824
0.08855500000000001,-62.27422070156266
0.08856000000000001,-62.26995118232371
0.088565,-62.275025190856105
0.08857000000000001,-62.26759805915485
0.088575,-62.26316039154224
0.08858,-62.265296875436185
0.08858500000000001,-62.26715494408582
0.08859,-62.2714446595974
0.08859500000000001,-62.266775013206626
0.08860000000000001,-62.26210635966564
0.088605,-62.25460028845182
0.08861000000000001,-62.25620603825153
0.08861500000000001,-62.24878223583552
0.08862,-62.25320035562875
0.08862500000000001,-62.245776896806156
0.08863,-62.24120538849651
0.088635,-62.23370606056188
0.08864000000000001,-62.23591381846314
0.088645,-62.22849615278805
0.08865,-62.2337134067284
0.08865500000000001,-62.226295676355385
0.08866,-62.231274904578434
0.08866500000000001,-62.2238568670349
0.08867000000000001,-62.21942959090849
0.088675,-62.211935604900276
0.08868000000000001,-62.204444823037754
0.08868500000000001,-62.20754774270701
0.08869,-62.200137817123235
0.08869500000000001,-62.19613352298585
0.0887,-62.199530596124355
0.088705,-62.19212255015216
0.08871000000000001,-62.19891939505546
0.088715,-62.2018562459214
0.08872000000000001,-62.207579531469015
0.08872500000000001,-62.20327928539857
0.08873,-62.19897978449127
0.08873500000000001,-62.19148784092766
0.08874000000000001,-62.183999117010764
0.088745,-62.176513520952994
0.08875000000000001,-62.18014229799192
0.088755,-62.172737170328176
0.08876,-62.179841560569436
0.08876500000000001,-62.17243563910518
0.08877,-62.168548446243236
0.088775,-62.17228801272115
0.08878000000000001,-62.17574845013818
0.088785,-62.18216903782737
0.08879000000000001,-62.178046504964485
0.08879500000000001,-62.18366226634619
0.0888,-62.185631775942205
0.08880500000000001,-62.18122818290576
0.08881000000000001,-62.185733483522306
0.088815,-62.17831798049086
0.08882000000000001,-62.182478706614106
0.088825,-62.183439204493354
0.08883,-62.17869700926619
0.08883500000000001,-62.173955781718526
0.08884,-62.1748433173943
0.08884500000000001,-62.175454142444835
0.08885000000000001,-62.17807846450666
0.088855,-62.172999577023845
0.08886000000000001,-62.16792178975623
0.08886500000000001,-62.16042508943272
0.08887,-62.160794117940014
0.08887500000000001,-62.153380421891654
0.08888,-62.14846276941114
0.088885,-62.14913963622294
0.08889000000000001,-62.14172939503666
0.088895,-62.13691657754872
0.0889,-62.1378999007005
0.08890500000000001,-62.13860669364271
0.08891,-62.133785655988504
0.08891500000000001,-62.128965504320895
0.08892000000000001,-62.12147936870558
0.088925,-62.11399655343714
0.08893000000000001,-62.10651696273829
0.08893500000000001,-62.108590612247944
0.08894,-62.10119241101718
0.08894500000000001,-62.09685293902127
0.08895,-62.08937875473381
0.088955,-62.09222892253547
0.08896000000000001,-62.08483550560104
0.088965,-62.08075795996938
0.08897000000000001,-62.0839046663175
0.08897500000000001,-62.08677337436077
0.08898,-62.08268321016201
0.08898500000000001,-62.07859358143437
0.08899000000000001,-62.07112200700687
0.088995,-62.074386758201186
0.08900000000000001,-62.066995723185975
0.089005,-62.063057977823284
0.08901,-62.06661749424252
0.08901500000000001,-62.05922797662223
0.08902,-62.06623630603067
0.089025,-62.058845845567994
0.08903000000000001,-62.054946364816914
0.089035,-62.04747983085697
0.08904000000000001,-62.05162644707604
0.08904500000000001,-62.04423986766388
0.08905,-62.040599008787005
0.08905500000000001,-62.033136679966944
0.08906000000000001,-62.02567714717364
0.089065,-62.03105687976159
0.08907000000000001,-62.02367638441554
0.089075,-62.02045049386184
0.08908,-62.01299432967364
0.08908500000000001,-62.00554081278538
0.08909,-61.99808987375582
0.08909500000000001,-62.005158147762536
0.08910000000000001,-62.01194562243796
0.089105,-62.0227937807782
0.08911000000000001,-62.01980106980603
0.08911500000000001,-62.016808576589625
0.08912,-62.00935056048334
0.08912500000000001,-62.01585881544396
0.08913,-62.008479335640885
0.089135,-62.0194083797676
0.08914000000000001,-62.025449152663796
0.089145,-62.03530402680787
0.08915000000000001,-62.03205714258347
0.08915500000000001,-62.041104386828096
0.08916,-62.03371318315546
0.08916500000000001,-62.03029567078652
0.08917000000000001,-62.035409043580124
0.089175,-62.028019257387335
0.08918000000000001,-62.024698807178936
0.089185,-62.01723395306635
0.08919,-62.02310341201273
0.08919500000000001,-62.015717844255306
0.0892,-62.01265213129035
0.089205,-62.00519150441288
0.08921000000000001,-61.99773373660961
0.089215,-62.004820794195254
0.08922000000000001,-61.99744137550428
0.08922500000000001,-62.00914070505872
0.08923,-62.0157585761047
0.08923500000000001,-62.02638312327177
0.08924000000000001,-62.02332879009013
0.089245,-62.02027489469355
0.08925000000000001,-62.01280967865963
0.089255,-62.01914948075591
0.08926,-62.01176339593255
0.08926500000000001,-62.00885418340454
0.08927,-62.0154748453936
0.08927500000000001,-62.00808987964459
0.08928000000000001,-62.01917044954913
0.089285,-62.01178412079777
0.08929000000000001,-62.00890564915978
0.08929500000000001,-62.0156190889925
0.0893,-62.00823363142919
0.08930500000000001,-62.01943782317813
0.08931,-62.025683234865134
0.089315,-62.035812929017304
0.08932000000000001,-62.03263097744836
0.089325,-62.02944959900439
0.08933,-62.02197943394607
0.08933500000000001,-62.01451242473071
0.08934,-62.0209504375112
0.08934500000000001,-62.01356263351645
0.08935000000000001,-62.024401103694274
0.089355,-62.03037194911282
0.08936000000000001,-62.04013619747206
0.08936500000000001,-62.03686136817527
0.08937,-62.03358716741094
0.08937500000000001,-62.0261150776932
0.08938,-62.018646200279285
0.089385,-62.02481202558
0.08939000000000001,-62.01742258653029
0.089395,-62.014453266919375
0.08940000000000001,-62.0069891397359
0.08940500000000001,-61.99952800066946
0.08941,-62.00690880860494
0.08941500000000001,-61.999526118906324
0.08942000000000001,-61.99696611460043
0.089425,-61.98950873595531
0.08943000000000001,-61.99762996909423
0.089435,-62.00546954730035
0.08944,-62.003045538620064
0.08944500000000001,-62.01535898047209
0.08945,-62.02235394470442
0.089455,-62.01964393598847
0.08946000000000001,-62.03083440427623
0.089465,-62.02344282948979
0.08947000000000001,-62.03427492861691
0.08947500000000001,-62.02688212595457
0.08948,-62.037465445013886
0.08948500000000001,-62.04324374565178
0.08949000000000001,-62.05275282037493
0.089495,-62.049410677269634
0.08950000000000001,-62.04606926401379
0.089505,-62.05110427808149
0.08951,-62.05585989623119
0.08951500000000001,-62.05239459146447
0.08952,-62.06060780961313
0.08952500000000001,-62.064526414178715
0.08953000000000001,-62.06077926541045
0.089535,-62.057033004838715
0.08954000000000001,-62.060868389379316
0.08954500000000001,-62.05346476940328
0.08955,-62.060845269179545
0.08955500000000001,-62.053441857115544
0.08956,-62.04962621799279
0.089565,-62.053574000730194
0.08957000000000001,-62.057243301409486
0.089575,-62.06394247801825
0.08958,-62.05989335305589
0.08958500000000001,-62.055845180919036
0.08959,-62.04836289757874
0.08959500000000001,-62.040884124464974
0.08960000000000001,-62.03340875831785
0.089605,-62.037766421307836
0.08961000000000001,-62.04184536523439
0.08961500000000001,-62.049088875766046
0.08962,-62.05546028510807
0.08962500000000001,-62.051330821684154
0.08963,-62.04720228830702
0.089635,-62.049893415784624
0.08964000000000001,-62.05230716302594
0.089645,-62.04805926440703
0.08965000000000001,-62.043812317516725
0.08965500000000001,-62.036332234019056
0.08966,-62.03914600450806
0.08966500000000001,-62.04168236689392
0.08967000000000001,-62.037477583574635
0.089675,-62.033273684851785
0.08968000000000001,-62.03573303984888
0.089685,-62.02833463080516
0.08969,-62.024124121015696
0.08969500000000001,-62.016650529157516
0.0897,-62.019884809490996
0.08970500000000001,-62.01249242235183
0.08971000000000001,-62.008544068404646
0.089715,-62.00107640579431
0.08972000000000001,-62.00508023359877
0.08972500000000001,-61.99769310291296
0.08973,-61.994004632111896
0.08973500000000001,-61.99830059607209
0.08974000000000001,-62.002318174907046
0.089745,-62.00947696757458
0.08975000000000001,-62.005553792897906
0.089755,-62.00163131733657
0.08976,-61.99416316573868
0.08976500000000001,-61.997920532305784
0.08977,-61.990533129797974
0.08977500000000001,-61.99780496339269
0.08978000000000001,-61.99041707969665
0.089785,-61.98658572644824
0.08979000000000001,-61.99045704758419
0.08979500000000001,-61.983071018621025
0.0898,-61.99049409824241
0.08980500000000001,-61.9831075288727
0.08981,-61.97931495768279
0.089815,-61.9832995538199
0.08982000000000001,-61.98700613605855
0.089825,-61.983200416551504
0.08983000000000001,-61.97939533268676
0.08983500000000001,-61.97193144628136
0.08984,-61.97603042972059
0.08984500000000001,-61.97985135266688
0.08985000000000001,-61.98674750696417
0.089855,-61.982760154611356
0.08986000000000001,-61.97877353300464
0.089865,-61.98186125859755
0.08987,-61.98467174631821
0.08987500000000001,-61.9902220774598
0.08988,-61.98589498177085
0.089885,-61.981568775097216
0.08989000000000001,-61.974098448225256
0.089895,-61.9766573034568
0.08990000000000001,-61.969268642507046
0.08990500000000001,-61.97494651197022
0.08991,-61.967557893748534
0.08991500000000001,-61.97300027081643
0.08992000000000001,-61.97492934546996
0.089925,-61.97052799303267
0.08993000000000001,-61.96612751922716
0.089935,-61.95865964588131
0.08994,-61.9511951372298
0.08994500000000001,-61.95400453871944
0.08995,-61.946621344709904
0.08995500000000001,-61.942537494738666
0.08996000000000001,-61.94564529678468
0.089965,-61.938264446937005
0.08997000000000001,-61.93428157685419
0.08997500000000001,-61.9268252048768
0.08998,-61.91937189362276
0.08998500000000001,-61.923723905876784
0.08999,-61.916350618367325
0.089995,-61.92440973465834
0.09000000000000001,-61.9283031809165
0.090005,-61.924566367209366
0.09001,-61.920830092414334
0.09001500000000001,-61.913376067642076
0.09002,-61.90592507409341
0.09002500000000001,-61.89847702721548
0.09003000000000001,-61.89103184576718
0.090035,-61.883589451689325
0.09004000000000001,-61.87614976997981
0.09004500000000001,-61.8827845998513
0.09005,-61.875423219465304
0.09005500000000001,-61.8865161772119
0.09006,-61.87915280929349
0.090065,-61.876294608752026
0.09007000000000001,-61.86885565869563
0.090075,-61.87605221280823
0.09008000000000001,-61.88296876193433
0.09008500000000001,-61.893986234073815
0.09009,-61.89104546061078
0.09009500000000001,-61.88810498599179
0.09010000000000001,-61.880659650383016
0.090105,-61.87321715626589
0.09011000000000001,-61.86577742651184
0.090115,-61.87334969128722
0.09012,-61.88064164702953
0.09012500000000001,-61.89216007608154
0.09013,-61.902807970981385
0.090135,-61.89977086148094
0.09014000000000001,-61.896734186015394
0.090145,-61.88928385825233
0.09015000000000001,-61.8956469759446
0.09015500000000001,-61.88827576661727
0.09016,-61.899010499855805
0.09016500000000001,-61.89163802398872
0.09017000000000001,-61.88868373683783
0.090175,-61.8951440892581
0.09018000000000001,-61.90132492697018
0.090185,-61.89835324692602
0.09019,-61.89538200688435
0.09019500000000001,-61.88793141429459
0.0902,-61.894490118221896
0.09020500000000001,-61.90076922763331
0.09021000000000001,-61.89783030717819
0.090215,-61.90806488700541
0.09022000000000001,-61.900688098730775
0.09022500000000001,-61.89757849004484
0.09023,-61.89012669147693
0.09023500000000001,-61.89659970679528
0.09024,-61.88922707851248
0.090245,-61.900108531219935
0.09025000000000001,-61.90611645409697
0.090255,-61.91592623666139
0.09026,-61.924865398593504
0.09026500000000001,-61.92139289099267
0.09027,-61.91792111433289
0.09027500000000001,-61.91046036555607
0.09028000000000001,-61.91554747366782
0.090285,-61.920356095694075
0.09029000000000001,-61.91692108016147
0.09029500000000001,-61.913486751931536
0.0903,-61.91821074709048
0.09030500000000001,-61.910829012916196
0.09031,-61.91938617163219
0.090315,-61.91200409903147
0.09032000000000001,-61.92031958973053
0.090325,-61.91293692061269
0.09033000000000001,-61.909370611045354
0.09033500000000001,-61.9140229915665
0.09034,-61.918397269145565
0.09034500000000001,-61.92603103887718
0.09035000000000001,-61.92223068689146
0.090355,-61.91843116039391
0.09036000000000001,-61.91096852750529
0.090365,-61.90350927572795
0.09037,-61.908095937785845
0.09037500000000001,-61.91240459573666
0.09038,-61.91995029831425
0.09038500000000001,-61.92662564654436
0.09039000000000001,-61.92258430129129
0.090395,-61.918543863331834
0.09040000000000001,-61.91107948506241
0.09040500000000001,-61.90361855644334
0.09041,-61.89616097651314
0.09041500000000001,-61.900507908605185
0.09042000000000001,-61.89313089098436
0.090425,-61.90118491377935
0.09043000000000001,-61.89380741495428
0.090435,-61.90162124880931
0.09044,-61.89424303821719
0.09044500000000001,-61.89055464001348
0.09045,-61.894834027114115
0.09045500000000001,-61.88745779305679
0.09046000000000001,-61.895421745155744
0.090465,-61.8880450336568
0.09047000000000001,-61.89576909609347
0.09047500000000001,-61.88839167750956
0.09048,-61.88468144344987
0.09048500000000001,-61.87722863481558
0.09049,-61.881913632698804
0.090495,-61.874541036792586
0.09050000000000001,-61.883043581735954
0.090505,-61.88726973923322
0.09051000000000001,-61.89470349198325
0.09051500000000001,-61.901267256274004
0.09052,-61.89720170194888
0.09052500000000001,-61.89313700426253
0.09053000000000001,-61.885677377026106
0.090535,-61.88899550309262
0.09054000000000001,-61.892036845141924
0.090545,-61.88801383757744
0.09055,-61.883991632774666
0.09055500000000001,-61.88695597726151
0.09056,-61.87957713189374
0.090565,-61.88579235168707
0.09057000000000001,-61.87841355315163
0.090575,-61.87432529859076
0.09058000000000001,-61.866870962071495
0.09058500000000001,-61.85941988745448
0.09059,-61.85197198111516
0.09059500000000001,-61.85648001297442
0.09060000000000001,-61.84911226185748
0.090605,-61.84560488251788
0.09061000000000001,-61.850404245351356
0.090615,-61.843038091202835
0.09062,-61.8516909741654
0.09062500000000001,-61.84432386401472
0.09063,-61.840853380690355
0.09063500000000001,-61.84576222319151
0.09064000000000001,-61.85039322769597
0.090645,-61.858364937989705
0.09065000000000001,-61.85465975637421
0.09065500000000001,-61.85095521229831
0.09066,-61.843506320570704
0.09066500000000001,-61.83606058567653
0.09067,-61.84090304606512
0.090675,-61.83353728831976
0.09068000000000001,-61.830142733274386
0.090685,-61.82270175900133
0.09069,-61.828304345781646
0.09069500000000001,-61.82094274881391
0.0907,-61.81780424431645
0.09070500000000001,-61.82369321942146
0.09071000000000001,-61.81633269804519
0.090715,-61.826433787124905
0.09072000000000001,-61.83186082851248
0.09072500000000001,-61.82864384570315
0.09073,-61.83774132383162
0.09073500000000001,-61.842333658218266
0.09074,-61.83883484706715
0.090745,-61.84682258208825
0.09075000000000001,-61.850582322849654
0.090755,-61.84680286081518
0.09076000000000001,-61.843024137584216
0.09076500000000001,-61.84670418886971
0.09077,-61.85010744305997
0.09077500000000001,-61.84620861508683
0.09078000000000001,-61.84231056940004
0.090785,-61.834858807596845
0.09079000000000001,-61.82741035636229
0.090795,-61.83168340950531
0.0908,-61.82431549070635
0.09080500000000001,-61.82072985086904
0.09081,-61.825295697289135
0.090815,-61.8179297733085
0.09082000000000001,-61.814443014561874
0.090825,-61.80700194940181
0.09083000000000001,-61.79956390384991
0.09083500000000001,-61.79212879375075
0.09084,-61.79839540471325
0.09084500000000001,-61.79103919114681
0.09085000000000001,-61.80164159192621
0.090855,-61.80744543042136
0.09086000000000001,-61.804356846051206
0.090865,-61.813955006863694
0.09087,-61.806591630962956
0.09087500000000001,-61.80333314520163
0.09088,-61.79589445839272
0.09088500000000001,-61.78845874933087
0.09089000000000001,-61.794930837494064
0.090895,-61.80112410701271
0.09090000000000001,-61.81117656654885
0.09090500000000001,-61.807998156554184
0.09091,-61.804820231397514
0.09091500000000001,-61.797379832229815
0.09092,-61.80330346099369
0.090925,-61.7959424745837
0.09093000000000001,-61.792911544501294
0.090935,-61.79912037597036
0.09094000000000001,-61.79176067226124
0.09094500000000001,-61.80228742442635
0.09095,-61.79492648793069
0.09095500000000001,-61.79192904433697
0.09096000000000001,-61.78449295037772
0.090965,-61.7912697536858
0.09097000000000001,-61.78391245877913
0.09097500000000001,-61.79519420287078
0.09098,-61.787835454351054
0.09098500000000001,-61.79887071914062
0.09099,-61.79151036808808
0.090995,-61.78864045456747
0.09100000000000001,-61.78120504562279
0.091005,-61.7883606182475
0.09101000000000001,-61.781003806769235
0.09101500000000001,-61.792789406109904
0.09102,-61.799479463129714
0.09102500000000001,-61.81019468780033
0.09103000000000001,-61.82004062848079
0.091035,-61.81680626160396
0.09104000000000001,-61.81357252490622
0.091045,-61.81887087778317
0.09105,-61.81150192229225
0.09105500000000001,-61.80825752271198
0.09106,-61.81384402272233
0.09106500000000001,-61.80647715614948
0.09107000000000001,-61.81617817861669
0.091075,-61.808810628656374
0.09108000000000001,-61.80560202016831
0.09108500000000001,-61.81129333146123
0.09109,-61.803927443936075
0.09109500000000001,-61.800815987078664
0.09110000000000001,-61.79337541500992
0.091105,-61.78593790636812
0.09111000000000001,-61.792851103914764
0.091115,-61.78549242384741
0.09112,-61.79695612223012
0.09112500000000001,-61.78959606109779
0.09113,-61.78683344385538
0.09113500000000001,-61.779398415132825
0.09114000000000001,-61.77196629675837
0.091145,-61.76453700884824
0.09115000000000001,-61.77294034367191
0.09115500000000001,-61.78106336091408
0.09116,-61.77875255712069
0.09116500000000001,-61.776441952478685
0.09117,-61.76901091405829
0.091175,-61.7615826771605
0.09118000000000001,-61.75415716616413
0.091185,-61.76357133844877
0.09119000000000001,-61.77270439405065
0.09119500000000001,-61.77073245797258
0.0912,-61.76876061689536
0.09120500000000001,-61.777793079837586
0.09121000000000001,-61.77043973131647
0.091215,-61.768450045973324
0.09122000000000001,-61.76102233193314
0.091225,-61.753597325378095
0.09123,-61.74617495437149
0.09123500000000001,-61.75685703812943
0.09124,-61.74951092245276
0.091245,-61.76598549765916
0.09125000000000001,-61.75863665631826
0.091255,-61.757134577205136
0.09126000000000001,-61.749711331589644
0.09126500000000001,-61.7422906699062
0.09127,-61.73487252505818
0.09127500000000001,-61.74699245700058
0.09128000000000001,-61.758829072271986
0.091285,-61.77640271086738
0.09129000000000001,-61.77511451169229
0.091295,-61.77382630297378
0.0913,-61.766398518849755
0.09130500000000001,-61.777929232996115
0.09131,-61.77057752796019
0.09131500000000001,-61.788182961393694
0.09132000000000001,-61.78082862696612
0.091325,-61.79817240459065
0.09133000000000001,-61.79081535203664
0.09133500000000001,-61.80789796142104
0.09134,-61.80053834154775
0.09134500000000001,-61.81736027311176
0.09135,-61.80999822757354
0.091355,-61.808573245358495
0.09136000000000001,-61.801137385507346
0.091365,-61.79370436441597
0.09137,-61.78627410502533
0.09137500000000001,-61.7986476967655
0.09138,-61.79129312308278
0.09138500000000001,-61.810020796726285
0.09139000000000001,-61.80266347364598
0.091395,-61.80171819598974
0.09140000000000001,-61.79428720161143
0.09140500000000001,-61.80717024263735
0.09141,-61.819768885609875
0.09141500000000001,-61.83836253442596
0.09142,-61.83732003357915
0.091425,-61.83627763599799
0.09143000000000001,-61.828837871549815
0.091435,-61.841124402179034
0.09144000000000001,-61.83376069746921
0.09144500000000001,-61.85237516082966
0.09145,-61.845009049709084
0.09145500000000001,-61.863358502092005
0.09146000000000001,-61.85598984927515
0.091465,-61.85494164602701
0.09147000000000001,-61.867085392802544
0.091475,-61.87894494956928
0.09148,-61.87786926374914
0.09148500000000001,-61.87679375950545
0.09149,-61.86934675738628
0.091495,-61.881548581188596
0.09150000000000001,-61.874177858353384
0.091505,-61.87323324132789
0.09151000000000001,-61.865789473321314
0.09151500000000001,-61.878699501995925
0.09152,-61.87133146439273
0.09152500000000001,-61.89077654045396
0.09153000000000001,-61.883405970470236
0.091535,-61.902583486406776
0.09154000000000001,-61.91480603318662
0.091545,-61.91384812421975
0.09155,-61.91289039495244
0.09155500000000001,-61.90543869232908
0.09156,-61.897989961899526
0.09156500000000001,-61.89054412143277
0.09157000000000001,-61.88310109191848
0.091575,-61.87566079744073
0.09158000000000001,-61.868223165056634
0.09158500000000001,-61.860788124679814
0.09159,-61.87605416151244
0.09159500000000001,-61.86869311735755
0.0916,-61.86877598936168
0.091605,-61.88428200901536
0.09161000000000001,-61.87691949412952
0.091615,-61.877081399905215
0.09162000000000001,-61.89282618946919
0.09162500000000001,-61.88546221278259
0.09163,-61.88570275128401
0.09163500000000001,-61.87826614383326
0.09164000000000001,-61.89469396831571
0.091645,-61.88733076542813
0.09165000000000001,-61.88779946249007
0.09165500000000001,-61.90446156733462
0.09166,-61.92083535303503
0.09166500000000001,-61.94446544972107
0.09167,-61.96722256406522
0.091675,-61.967208989571496
0.09168000000000001,-61.967195397913194
0.091685,-61.959740023056064
0.09169000000000001,-61.952287508587055
0.09169500000000001,-61.944837776693326
0.0917,-61.93739075260943
0.09170500000000001,-61.9541104350209
0.09171000000000001,-61.946736927736495
0.091715,-61.97125192279521
0.09172000000000001,-61.987471240889306
0.091725,-61.987843672132435
0.09173,-61.98821596513145
0.09173500000000001,-62.00430269284797
0.09174,-61.996918618000166
0.09174500000000001,-62.020594443693156
0.09175000000000001,-62.03618212867385
0.091755,-62.03633731619886
0.09176000000000001,-62.03649251319498
0.09176500000000001,-62.029027359276476
0.09177,-62.021565125202784
0.09177500000000001,-62.03791461285211
0.09178000000000001,-62.03052645681784
0.091785,-62.030952624608005
0.09179000000000001,-62.04753539988017
0.091795,-62.06382891336842
0.0918,-62.06421846310435
0.09180500000000001,-62.0646079424331
0.09181,-62.05714110772028
0.09181500000000001,-62.049677126748755
0.09182000000000001,-62.04221592202246
0.091825,-62.03475741908029
0.09183000000000001,-62.0526915423364
0.09183500000000001,-62.07033521240297
0.09184,-62.07117715060243
0.09184500000000001,-62.07201884152188
0.09185,-62.06455511042336
0.091855,-62.05709407547122
0.09186000000000001,-62.07548138514844
0.091865,-62.06809304620527
0.09187000000000001,-62.069198157180054
0.09187500000000001,-62.06173816752979
0.09188,-62.05428073944732
0.09188500000000001,-62.04682580689848
0.09189000000000001,-62.066751633511636
0.091895,-62.059368297893265
0.09190000000000001,-62.088151200293694
0.091905,-62.080763485432335
0.09191,-62.082307908791186
0.09191500000000001,-62.074848550290675
0.09192,-62.09520642926083
0.091925,-62.1152714809249
0.09193000000000001,-62.11691935159255
0.091935,-62.11856678027848
0.09194000000000001,-62.1111007408901
0.09194500000000001,-62.131452340168295
0.09195,-62.1240579517862
0.09195500000000001,-62.12581374174399
0.09196000000000001,-62.11834823242951
0.091965,-62.13934804497507
0.09197000000000001,-62.13195377280974
0.091975,-62.133925664854495
0.09198,-62.12646038042026
0.09198500000000001,-62.118997560840164
0.09199,-62.111537143911924
0.09199500000000001,-62.104079069868604
0.09200000000000001,-62.09662328128311
0.092005,-62.08916972297645
0.09201000000000001,-62.11296589563086
0.09201500000000001,-62.13646617344613
0.09202,-62.139261941452524
0.09202500000000001,-62.142056941747356
0.09203,-62.16539279413321
0.092035,-62.15799764355785
0.09204000000000001,-62.191320646338646
0.092045,-62.21413028670296
0.09205,-62.24635171257528
0.09205500000000001,-62.277694749627535
0.09206,-62.279799721854495
0.09206500000000001,-62.281904397583936
0.09207000000000001,-62.27441245961445
0.092075,-62.29617648505995
0.09208000000000001,-62.317645059172925
0.09208500000000001,-62.31973963891563
0.09209,-62.32183394688462
0.09209500000000001,-62.34314427763009
0.0921,-62.33571574632769
0.092105,-62.337768564044126
0.09211000000000001,-62.33026988714238
0.092115,-62.35221965198257
0.09212000000000001,-62.34479234360693
0.09212500000000001,-62.37627976534986
0.09213,-62.3688485039222
0.09213500000000001,-62.371036057111155
0.09214000000000001,-62.363534419555805
0.092145,-62.38589136452925
0.09215000000000001,-62.40795172023076
0.092155,-62.41023689324946
0.09216,-62.44149732507336
0.09216500000000001,-62.434056093063624
0.09217,-62.43615190027073
0.092175,-62.45782213729291
0.09218000000000001,-62.47919586552208
0.092185,-62.481244024700885
0.09219000000000001,-62.483291997512225
0.09219500000000001,-62.475772581296795
0.0922,-62.46825612120475
0.09220500000000001,-62.46074253596686
0.09221000000000001,-62.45323174749679
0.092215,-62.44572368076628
0.09222000000000001,-62.43821826368533
0.092225,-62.46201817493359
0.09223,-62.454582774434726
0.09223500000000001,-62.45746043095183
0.09224,-62.48145365995658
0.09224500000000001,-62.474015634530204
0.09225000000000001,-62.4769559771693
0.092255,-62.50114140478065
0.09226000000000001,-62.493700751091666
0.09226500000000001,-62.52816549521565
0.09227,-62.52072012088199
0.09227500000000001,-62.55487201146256
0.09228,-62.54742184535832
0.092285,-62.55026074091066
0.09229000000000001,-62.542740617487254
0.092295,-62.567074202588536
0.09230000000000001,-62.591108232869665
0.09230500000000001,-62.624975980018164
0.09231,-62.65795985636324
0.09231500000000001,-62.660437291270526
0.09232000000000001,-62.66291449641217
0.092325,-62.65537334262395
0.09233000000000001,-62.647835157104375
0.09233500000000001,-62.64029985821024
0.09234,-62.66412522703081
0.09234500000000001,-62.65666035495366
0.09235,-62.659526878201746
0.092355,-62.65199245669997
0.09236000000000001,-62.6764360206399
0.092365,-62.66897155935053
0.09237000000000001,-62.70378569822904
0.09237500000000001,-62.696316695315524
0.09238,-62.730814651312286
0.09238500000000001,-62.723341005572735
0.09239000000000001,-62.72624857181127
0.092395,-62.71870522866459
0.09240000000000001,-62.74328838580677
0.092405,-62.73581500448299
0.09241,-62.73892832989176
0.09241500000000001,-62.76369814009338
0.09242,-62.75622246844833
0.09242500000000001,-62.79147342577188
0.09243000000000001,-62.81570187067736
0.092435,-62.84983661510496
0.09244000000000001,-62.88308433415425
0.09244500000000001,-62.88560492067902
0.09245,-62.88812535667194
0.09245500000000001,-62.91084785873871
0.09246000000000001,-62.90334544456648
0.092465,-62.93587966036648
0.09247000000000001,-62.928373810583174
0.092475,-62.9605940558737
0.09248,-62.98254327926174
0.09248500000000001,-62.984738610667705
0.09249,-63.015868914174405
0.09249500000000001,-63.00834962837061
0.09250000000000001,-63.01035348886198
0.092505,-63.00276458321091
0.09251000000000001,-62.995178895811925
0.09251500000000001,-63.01758900558783
0.09252,-63.039698036688534
0.09252500000000001,-63.0419438284974
0.09253,-63.044189516471405
0.092535,-63.06612764430338
0.09254000000000001,-63.05860638484205
0.092545,-63.06080613862994
0.09255000000000001,-63.08294014842979
0.09255500000000001,-63.07541813989632
0.09256,-63.107173785395204
0.09256500000000001,-63.12876974455059
0.09257000000000001,-63.13083647635544
0.092575,-63.132903157168116
0.09258000000000001,-63.125301375587135
0.09258500000000001,-63.117702744272734
0.09259,-63.11010717470682
0.09259500000000001,-63.1025145818384
0.0926,-63.12566581973873
0.092605,-63.14851458865067
0.09261000000000001,-63.15100165217125
0.092615,-63.1833315347785
0.09262000000000001,-63.17579911347832
0.09262500000000001,-63.17809229453317
0.09263,-63.170490026297124
0.09263500000000001,-63.162890715047034
0.09264000000000001,-63.18618605276038
0.092645,-63.1786575048219
0.09265000000000001,-63.211959220646904
0.092655,-63.204426574574136
0.09266,-63.2069901349353
0.09266500000000001,-63.199387651109404
0.09267,-63.223059382398056
0.09267500000000001,-63.215527390795124
0.09268000000000001,-63.21829732060908
0.092685,-63.242154813628474
0.09269000000000001,-63.26570841529525
0.09269500000000001,-63.29895727167784
0.0927,-63.30144249894773
0.09270500000000001,-63.303927480005036
0.09271,-63.29630986711161
0.092715,-63.31944414353443
0.09272000000000001,-63.311897540804594
0.092725,-63.3449894373662
0.09273,-63.33743893309439
0.09273500000000001,-63.33993650428132
0.09274,-63.33231626208298
0.09274500000000001,-63.35582565879253
0.09275000000000001,-63.34827611950899
0.092755,-63.35098016474971
0.09276000000000001,-63.343361168216234
0.09276500000000001,-63.33574497541455
0.09277,-63.36029376425884
0.09277500000000001,-63.35274744270953
0.09278,-63.387720773942135
0.092785,-63.3801698768471
0.09279000000000001,-63.38313711982539
0.092795,-63.375516561199056
0.09280000000000001,-63.36789871653712
0.09280500000000001,-63.36028351457271
0.09281,-63.38604159480693
0.09281500000000001,-63.411493147721
0.09282000000000001,-63.447275633724765
0.092825,-63.482162579666706
0.09283000000000001,-63.485041898617375
0.092835,-63.48792086882051
0.09284,-63.4802830044114
0.09284500000000001,-63.504629341528684
0.09285,-63.497061769114474
0.09285500000000001,-63.531771184029
0.09286000000000001,-63.52419939156894
0.092865,-63.558581183699474
0.09287000000000001,-63.551005027489325
0.09287500000000001,-63.55380537408449
0.09288,-63.546159781442974
0.09288500000000001,-63.53851708757821
0.09289000000000001,-63.530877214071694
0.092895,-63.556188494220216
0.09290000000000001,-63.58119243177626
0.092905,-63.584365525302594
0.09291,-63.61957495216296
0.09291500000000001,-63.611992792684276
0.09292,-63.64676025507814
0.09292500000000001,-63.63917366758125
0.09293000000000001,-63.67361174164976
0.092935,-63.6660208591281
0.09294000000000001,-63.668824064983994
0.09294500000000001,-63.69289471312762
0.09295,-63.71665811709251
0.09295500000000001,-63.71940280530672
0.09296,-63.72214724670549
0.092965,-63.71447850478253
0.09297000000000001,-63.70681278323504
0.092975,-63.699149998970185
0.09298000000000001,-63.72400658142666
0.09298500000000001,-63.71641373941373
0.09299,-63.75180788006534
0.09299500000000001,-63.7442106413389
0.09300000000000001,-63.747247775711244
0.093005,-63.7720292404167
0.09301000000000001,-63.76442980172501
0.09301500000000001,-63.79972564073652
0.09302,-63.79212188655833
0.09302500000000001,-63.79512951309714
0.09303,-63.78745644423352
0.093035,-63.81258755044638
0.09304000000000001,-63.80498426764066
0.093045,-63.84074611234198
0.09305000000000001,-63.833138368467345
0.09305500000000001,-63.836259363847354
0.09306,-63.86131146322781
0.09306500000000001,-63.88605429625727
0.09307000000000001,-63.920908719810356
0.093075,-63.95486117076167
0.09308000000000001,-63.987911306805685
0.093085,-63.99027830567477
0.09309,-63.992645281679664
0.09309500000000001,-63.984938302751765
0.0931,-64.00788993052923
0.09310500000000001,-64.00025454137321
0.09311000000000001,-64.00271505310909
0.093115,-63.9950106843954
0.09312000000000001,-63.98730942231338
0.09312500000000001,-63.97961118054432
0.09313,-63.971915876150334
0.09313500000000001,-63.96422342944172
0.09314000000000001,-63.95653376384966
0.093145,-63.94884680580383
0.09315000000000001,-63.97496010696137
0.093155,-63.96734204910641
0.09316,-64.00441368308772
0.09316500000000001,-63.99679060631155
0.09317,-64.00022700583982
0.09317500000000001,-64.02625054262218
0.09318000000000001,-64.01862455315784
0.093185,-64.05557882455521
0.09319000000000001,-64.0810344872259
0.09319500000000001,-64.08431741212756
0.0932,-64.12014095464656
0.09320500000000001,-64.14466124770146
0.09321,-64.17922727452196
0.093215,-64.18195853884623
0.09322000000000001,-64.18468962349408
0.093225,-64.17696326313714
0.09323000000000001,-64.16924002100482
0.09323500000000001,-64.19373932930398
0.09324,-64.21792750746044
0.09324500000000001,-64.22077346085263
0.09325000000000001,-64.25491499875065
0.093255,-64.247251315098
0.09326000000000001,-64.2809434082414
0.09326500000000001,-64.27327584466154
0.09327,-64.27583419807063
0.09327500000000001,-64.29932145654453
0.09328,-64.32249770808843
0.093285,-64.3249956214629
0.09329000000000001,-64.35779358555556
0.093295,-64.38003600435557
0.09330000000000001,-64.38221549768117
0.09330500000000001,-64.38439501236924
0.09331,-64.40644668035931
0.09331500000000001,-64.39876079636477
0.09332000000000001,-64.4008873174124
0.093325,-64.39313242849447
0.09333000000000001,-64.41579566707013
0.093335,-64.43814778644953
0.09334,-64.44036112112457
0.09334500000000001,-64.44257439034035
0.09335,-64.43481531006225
0.09335500000000001,-64.42705942688607
0.09336000000000001,-64.45008053363507
0.093365,-64.44239588062662
0.09337000000000001,-64.47536987303828
0.09337500000000001,-64.46768153367344
0.09338,-64.47004439622455
0.09338500000000001,-64.46228652860412
0.09339,-64.45453168116558
0.093395,-64.47833260430457
0.09340000000000001,-64.47064828758926
0.093405,-64.47335839510887
0.09341,-64.46560480392324
0.09341500000000001,-64.49000392890075
0.09342,-64.48232038821126
0.09342500000000001,-64.51712697425101
0.09343000000000001,-64.50943902132215
0.093435,-64.51225990919552
0.09344000000000001,-64.53657068413693
0.09344500000000001,-64.52888051666
0.09345,-64.53175656392307
0.09345500000000001,-64.55623577122935
0.09346,-64.58040132245088
0.093465,-64.61450689529418
0.09347000000000001,-64.61708537934926
0.093475,-64.61966361181409
0.09348000000000001,-64.64294494274942
0.09348500000000001,-64.63523718969677
0.09349,-64.66856284712507
0.09349500000000001,-64.66085135791897
0.09350000000000001,-64.66328441472089
0.093505,-64.68648239532942
0.09351000000000001,-64.67876948468316
0.093515,-64.71198543933583
0.09352,-64.70426880213573
0.09352500000000001,-64.70667050271081
0.09353,-64.72978479382432
0.09353500000000001,-64.72206674529741
0.09354000000000001,-64.75517254228805
0.093545,-64.74745077755637
0.09355000000000001,-64.74982102427232
0.09355500000000001,-64.77285129457151
0.09356,-64.76512812952461
0.09356500000000001,-64.76755527514713
0.09357000000000001,-64.79075757927771
0.093575,-64.78303317829058
0.09358000000000001,-64.81625745751103
0.093585,-64.83888792245767
0.09359,-64.8709558245969
0.09359500000000001,-64.87299757623914
0.0936,-64.8750392901275
0.09360500000000001,-64.86722803123732
0.09361000000000001,-64.88940610298123
0.093615,-64.91127014484617
0.09362000000000001,-64.91328292917542
0.09362500000000001,-64.91529565686176
0.09363,-64.93696311597267
0.09363500000000001,-64.92921662028633
0.09364,-64.96040439310455
0.093645,-64.95265473190409
0.09365000000000001,-64.98350321704767
0.093655,-64.97575015811273
0.09366000000000001,-64.9775325248913
0.09366500000000001,-64.99886776446185
0.09367,-64.99111405224461
0.09367500000000001,-64.99295569656941
0.09368000000000001,-65.01446861369666
0.093685,-65.0067143802103
0.09369000000000001,-65.03769814745432
0.09369500000000001,-65.02994064950353
0.0937,-65.03175332396727
0.09370500000000001,-65.02392601742937
0.09371,-65.04579276001705
0.093715,-65.06734464313249
0.09372000000000001,-65.09798152454601
0.093725,-65.09964482309063
0.09373000000000001,-65.10130812410485
0.09373500000000001,-65.09346979180287
0.09374,-65.11457093701344
0.09374500000000001,-65.13535739409733
0.09375000000000001,-65.16497645451096
0.093755,-65.16637750438106
0.09376000000000001,-65.16777865331947
0.093765,-65.1599302151919
0.09377,-65.18026936062266
0.09377500000000001,-65.17249375536917
0.09378,-65.17398855070847
0.09378500000000001,-65.19450811250749
0.09379000000000001,-65.18673219482169
0.093795,-65.18828683989432
0.09380000000000001,-65.20898577356371
0.09380500000000001,-65.20120935233116
0.09381,-65.2028233792678
0.09381500000000001,-65.22370064678796
0.09382000000000001,-65.2442626530899
0.093825,-65.24581574628215
0.09383000000000001,-65.2751552885322
0.093835,-65.29477095374138
0.09384,-65.322833825938
0.09384500000000001,-65.3499762613414
0.09385,-65.3761980146641
0.09385500000000001,-65.37672494087532
0.09386000000000001,-65.377252285352
0.093865,-65.39460700671098
0.09387000000000001,-65.38679770163635
0.09387500000000001,-65.38727530411288
0.09388,-65.37939606986548
0.09388500000000001,-65.39738435649016
0.09389,-65.41505863262793
0.093895,-65.41563022629795
0.09390000000000001,-65.41620209606091
0.093905,-65.43368980053424
0.09391000000000001,-65.45086366815536
0.09391500000000001,-65.45126509901539
0.09392,-65.476101228261
0.09392500000000001,-65.46828387198494
0.09393000000000001,-65.49267383022048
0.093935,-65.4848543837331
0.09394000000000001,-65.4849721158554
0.09394500000000001,-65.47708196523381
0.09395,-65.46919528366092
0.09395500000000001,-65.46131197142695
0.09396,-65.45343193272788
0.093965,-65.47169292662106
0.09397000000000001,-65.48963916017928
0.093975,-65.51548084936404
0.09398000000000001,-65.51590645213929
0.09398500000000001,-65.51633222995216
0.09399,-65.50844306303568
0.09399500000000001,-65.52595162723524
0.09400000000000001,-65.51813654343155
0.094005,-65.54380638933117
0.09401000000000001,-65.53598871702633
0.094015,-65.56132438466858
0.09402,-65.55350390036911
0.09402500000000001,-65.55385681509017
0.09403,-65.54596531932393
0.09403500000000001,-65.53807702219825
0.09404000000000001,-65.55615725792647
0.094045,-65.57392229637539
0.09405000000000001,-65.57451704279121
0.09405500000000001,-65.60013997988473
0.09406,-65.61695912811543
0.09406500000000001,-65.64130207001695
0.09407,-65.64133980537048
0.094075,-65.66478226267346
0.09408000000000001,-65.67996388201853
0.094085,-65.67968195521544
0.09409000000000001,-65.67940044723181
0.09409500000000001,-65.69440151620083
0.0941,-65.70908904799366
0.09410500000000001,-65.73059500108894
0.09411000000000001,-65.72991056613036
0.094115,-65.72922669145922
0.09412000000000001,-65.72130372017436
0.09412500000000001,-65.73556986266243
0.09413,-65.72772313373554
0.09413500000000001,-65.72714563153585
0.09414,-65.74161498675392
0.094145,-65.73376962267584
0.09415000000000001,-65.73326066280795
0.094155,-65.72534411828903
0.09416000000000001,-65.74046316879034
0.09416500000000001,-65.73262193731914
0.09417,-65.73233211707876
0.09417500000000001,-65.74765013614537
0.09418000000000001,-65.7398094223616
0.094185,-65.73958619854244
0.09419000000000001,-65.75510213118041
0.094195,-65.77030366577789
0.0942,-65.77002630510881
0.09420500000000001,-65.7697491332827
0.09421,-65.76183165111199
0.09421500000000001,-65.77729807009511
0.09422000000000001,-65.79244997792439
0.094225,-65.81457454982814
0.09423000000000001,-65.83577271453831
0.09423500000000001,-65.85604430999932
0.09424,-65.85504171471273
0.09424500000000001,-65.85403964156406
0.09425000000000001,-65.84610405419845
0.094255,-65.85944520649196
0.09426000000000001,-65.8724730870348
0.094265,-65.89177007677328
0.09427,-65.89051991242751
0.09427500000000001,-65.90891986164219
0.09428,-65.90104987764298
0.09428500000000001,-65.91901245496062
0.09429000000000001,-65.93016498125593
0.094295,-65.9285166810731
0.09430000000000001,-65.92686908712605
0.09430500000000001,-65.91892123364129
0.09431,-65.930362060013
0.09431500000000001,-65.94149074336592
0.09432,-65.95825819129315
0.094325,-65.95636741411822
0.09433000000000001,-65.95447737569042
0.094335,-65.94652605114429
0.09434000000000001,-65.93857840442291
0.09434500000000001,-65.93063432788412
0.09435,-65.94227108483858
0.09435500000000001,-65.95359545096096
0.09436000000000001,-65.9706225448458
0.094365,-65.96879878348645
0.09437000000000001,-65.96697562499757
0.09437500000000001,-65.9590268843176
0.09438,-65.96994553903095
0.09438500000000001,-65.96207441258997
0.09439,-65.97898930444536
0.094395,-65.98935630683619
0.09440000000000001,-65.9874449346278
0.094405,-66.00322989210245
0.09441000000000001,-65.99535173592298
0.09441500000000001,-65.99324482805692
0.09442,-65.98529388804792
0.09442500000000001,-65.99571657833467
0.09443000000000001,-65.98784341474229
0.094435,-65.98596652022829
0.09444000000000001,-65.97802079999418
0.094445,-65.9700783893527
0.09445,-65.98163174044512
0.09445500000000001,-65.9737660614976
0.09446,-65.972270800165
0.09446500000000001,-65.98403724803396
0.09447000000000001,-65.97617226695827
0.094475,-65.97474845670128
0.09448000000000001,-65.98672694166095
0.09448500000000001,-65.99839243683472
0.09449,-66.01587304727369
0.09449500000000001,-66.01416386808174
0.09450000000000001,-66.01245506659903
0.094505,-66.02325485170456
0.09451000000000001,-66.01538139687398
0.094515,-66.01362983549457
0.09452,-66.02464590016262
0.09452500000000001,-66.03534953100493
0.09453,-66.0515498044481
0.09453500000000001,-66.04951483205315
0.09454000000000001,-66.04748037285202
0.094545,-66.05732164056914
0.09455000000000001,-66.06685124875445
0.09455500000000001,-66.08148834687218
0.09456,-66.07905689030214
0.09456500000000001,-66.09280090574342
0.09457,-66.08491115893844
0.094575,-66.09822622213858
0.09458000000000001,-66.1058909839992
0.094585,-66.1030662889807
0.09459000000000001,-66.11525748772445
0.09459500000000001,-66.10736251738899
0.0946,-66.10434471875617
0.09460500000000001,-66.11162190622112
0.09461000000000001,-66.11858924623229
0.094615,-66.12981310481749
0.09462000000000001,-66.14010773784071
0.09462500000000001,-66.13657913011603
0.09463,-66.13305157540078
0.09463500000000001,-66.13847592942615
0.09464,-66.13057619211952
0.094645,-66.12701565844023
0.09465000000000001,-66.11904263917113
0.094655,-66.11107334490835
0.09466000000000001,-66.10310766624983
0.09466500000000001,-66.11017348502193
0.09467,-66.11692965240333
0.09467500000000001,-66.12786979781517
0.09468000000000001,-66.12450950621653
0.094685,-66.13456171440815
0.09469000000000001,-66.1266672835927
0.094695,-66.1362988597544
0.0947,-66.12840416454719
0.09470500000000001,-66.13773195136231
0.09471,-66.1298370366327
0.09471500000000001,-66.12613250929515
0.09472000000000001,-66.13135943338042
0.094725,-66.12346731270014
0.09473000000000001,-66.11984571725077
0.09473500000000001,-66.12531425672604
0.09474,-66.13047440672784
0.09474500000000001,-66.13928709208123
0.09475,-66.13539277874257
0.094755,-66.13149937717778
0.09476000000000001,-66.12352855130622
0.094765,-66.11556134395997
0.09477000000000001,-66.12082162274812
0.09477500000000001,-66.11293468475313
0.09478,-66.1223240547365
0.09478500000000001,-66.12704880762449
0.09479000000000001,-66.12324533497303
0.094795,-66.11944264871255
0.09480000000000001,-66.12402282467995
0.09480500000000001,-66.11613424720848
0.09481,-66.12461921924154
0.09481500000000001,-66.12866610534853
0.09482,-66.12463564027959
0.094825,-66.1320084211619
0.09483000000000001,-66.12411590524198
0.094835,-66.1198954950014
0.09484000000000001,-66.12357766319805
0.09484500000000001,-66.11568805012081
0.09485,-66.12297852115894
0.09485500000000001,-66.11508902736882
0.09486000000000001,-66.11087926510034
0.094865,-66.11458749264425
0.09487000000000001,-66.11798891599446
0.094875,-66.12445553697096
0.09488,-66.11997651593283
0.09488500000000001,-66.11549845995566
0.09489,-66.10752997697514
0.09489500000000001,-66.09956509642025
0.09490000000000001,-66.09160371368424
0.094905,-66.0955937748732
0.09491000000000001,-66.08771304053079
0.09491500000000001,-66.09541043627834
0.09492,-66.08752931804398
0.09492500000000001,-66.09492819867269
0.09493000000000001,-66.0870464573373
0.094935,-66.09414754942895
0.09494000000000001,-66.08626527672527
0.094945,-66.09306930946
0.09495,-66.09585883248778
0.09495500000000001,-66.09141289659543
0.09496,-66.09710986986708
0.09496500000000001,-66.08922352863635
0.09497000000000001,-66.08458892137361
0.094975,-66.0870226604417
0.09498000000000001,-66.07913924425824
0.09498500000000001,-66.07459220967775
0.09499,-66.06663384360075
0.09499500000000001,-66.06979749403926
0.095,-66.07265512506493
0.095005,-66.06823571796248
0.09501000000000001,-66.06381707499413
0.095015,-66.05586097917661
0.09502000000000001,-66.0479082407827
0.09502500000000001,-66.03995876478332
0.09503,-66.03201245987158
0.09503500000000001,-66.0240692383169
0.09504000000000001,-66.01612901582479
0.095045,-66.00819171140203
0.09505000000000001,-66.014212699745
0.09505500000000001,-66.0063540146641
0.09506,-66.0167470684852
0.09506500000000001,-66.00888663866343
0.09507,-66.00547364646344
0.095075,-65.9975378657534
0.09508000000000001,-66.00403669131772
0.095085,-65.99617928500888
0.09509000000000001,-66.00720783510356
0.09509500000000001,-65.99934859370796
0.0951,-65.9960953363805
0.09510500000000001,-65.98816088087989
0.09511000000000001,-65.98022924692543
0.095115,-65.97230036046682
0.09512000000000001,-65.98020136066395
0.095125,-65.98779292205806
0.09513,-65.99983629306941
0.09513500000000001,-65.99677673932874
0.09514,-65.99371743274273
0.09514500000000001,-65.98578128832123
0.09515000000000001,-65.97784804287396
0.095155,-65.96991761931369
0.09516000000000001,-65.97805359625423
0.09516500000000001,-65.97020061636327
0.09517,-65.96757401775791
0.09517500000000001,-65.9596464098585
0.09518000000000001,-65.96847306381997
0.095185,-65.960622452134
0.09519000000000001,-65.97474647614573
0.095195,-65.98302802014011
0.0952,-65.98043305753893
0.09520500000000001,-65.97783824501603
0.09521,-65.96990541478183
0.09521500000000001,-65.96197542679438
0.09522000000000001,-65.97102294530667
0.095225,-65.96317000821472
0.09523000000000001,-65.96084735363908
0.09523500000000001,-65.95292011766273
0.09524,-65.94499558288393
0.09524500000000001,-65.95518608174298
0.09525,-65.96506535506246
0.095255,-65.98015863079968
0.09526000000000001,-65.99432420514412
0.095265,-65.99179369860892
0.09527000000000001,-65.98926345432378
0.09527500000000001,-65.9813254466397
0.09528,-65.97339043114641
0.09528500000000001,-65.98264025878582
0.09529000000000001,-65.97478247564902
0.095295,-65.98947191514672
0.09530000000000001,-65.99817509441715
0.09530500000000001,-65.99571644442486
0.09531,-66.00928140194905
0.09531500000000001,-66.0014147122745
0.09532,-66.01455251100765
0.09532500000000001,-66.00668411889912
0.09533000000000001,-66.0039514700448
0.095335,-65.99600892964733
0.09534000000000001,-65.9880694910026
0.09534500000000001,-65.99707124416271
0.09535,-66.00576248965174
0.09535500000000001,-66.0032988381911
0.09536000000000001,-66.01684877054313
0.095365,-66.00898045163069
0.09537000000000001,-66.00632185725098
0.095375,-65.99837943048142
0.09538,-66.00714030635075
0.09538500000000001,-66.01559080906468
0.09539,-66.01304510241866
0.09539500000000001,-66.01049974477195
0.09540000000000001,-66.00255648008412
0.095405,-65.99461631481226
0.09541000000000001,-65.98667916402167
0.09541500000000001,-65.97874494610399
0.09542,-65.98887864765805
0.09542500000000001,-65.98102113347151
0.09543,-65.9790576130777
0.095435,-65.97112630889619
0.09544000000000001,-65.9819367005007
0.095445,-65.97408162754554
0.09545000000000001,-65.99084657630948
0.09545500000000001,-65.98298892127133
0.09546,-65.99943494183823
0.09546500000000001,-65.99157462186633
0.09547000000000001,-65.98967462911875
0.095475,-66.00022334477565
0.09548000000000001,-66.01046020596146
0.09548500000000001,-66.00851292944253
0.09549,-66.02412035364239
0.09549500000000001,-66.01625270043303
0.0955,-66.01410874809336
0.095505,-66.02394302320658
0.09551000000000001,-66.03346588652835
0.095515,-66.04808977264055
0.09552000000000001,-66.04566418639617
0.09552500000000001,-66.0432390358868
0.09553,-66.03528864327694
0.09553500000000001,-66.0273414767266
0.09554000000000001,-66.0193974463542
0.095545,-66.02944289910799
0.09555000000000001,-66.02157598786113
0.095555,-66.01957696158695
0.09556,-66.02984201001998
0.09556500000000001,-66.0219755781144
0.09557,-66.03801824718734
0.09557500000000001,-66.03014978625238
0.09558000000000001,-66.02814294890692
0.095585,-66.03838819253907
0.09559000000000001,-66.03052000801674
0.09559500000000001,-66.02858673413704
0.0956,-66.03905053566605
0.09560500000000001,-66.04920228067485
0.09561000000000001,-66.0472218935215
0.095615,-66.06271788946135
0.09562000000000001,-66.0548433267634
0.095625,-66.05266634901855
0.09563,-66.04471816566515
0.09563500000000001,-66.05492564968912
0.09564,-66.06482118423865
0.09564500000000001,-66.07994304134715
0.09565000000000001,-66.07763900822722
0.095655,-66.07533539670838
0.09566000000000001,-66.06738116049009
0.09566500000000001,-66.05943015082407
0.09567,-66.06938525174957
0.09567500000000001,-66.07902851725312
0.09568,-66.07687465337558
0.095685,-66.09169518824805
0.09569000000000001,-66.08381510851771
0.095695,-66.08146519538212
0.09570000000000001,-66.09070830025588
0.09570500000000001,-66.08282924673145
0.09571,-66.08055482443771
0.09571500000000001,-66.07260244910883
0.09572000000000001,-66.0825276425316
0.095725,-66.07465259079937
0.09573000000000001,-66.07260807537207
0.09573500000000001,-66.0827528999092
0.09574,-66.09258563323809
0.09574500000000001,-66.09049446756552
0.09575,-66.08840360268613
0.095755,-66.08045087346667
0.09576000000000001,-66.07250124990072
0.095765,-66.0830856723313
0.09577000000000001,-66.0933576256455
0.09577500000000001,-66.0914138993423
0.09578,-66.08947040885297
0.09578500000000001,-66.0815190865982
0.09579000000000001,-66.0735708094036
0.095795,-66.08459059107851
0.09580000000000001,-66.07671879842243
0.095805,-66.07504116850315
0.09581,-66.08627529013022
0.09581500000000001,-66.09719636451305
0.09582,-66.09546982267422
0.09582500000000001,-66.09374344315567
0.09583000000000001,-66.10449510814412
0.095835,-66.09661857142514
0.09584000000000001,-66.1133112354212
0.09584500000000001,-66.10543267562254
0.09585,-66.10358062812642
0.09585500000000001,-66.09562859141776
0.09586000000000001,-66.10681173981611
0.095865,-66.09893619406635
0.09587000000000001,-66.11620259711786
0.095875,-66.10832484799272
0.09588,-66.10661675229483
0.09588500000000001,-66.11777182663072
0.09589,-66.12861369846321
0.09589500000000001,-66.1449991295584
0.09590000000000001,-66.16045439055071
0.095905,-66.15822482179702
0.09591000000000001,-66.15599572458639
0.09591500000000001,-66.14802994464765
0.09592,-66.14006746701939
0.09592500000000001,-66.15026607563023
0.09593,-66.16015207048768
0.095935,-66.15807157501482
0.09594000000000001,-66.15599145308693
0.095945,-66.16571155430023
0.09595000000000001,-66.17511934201448
0.09595500000000001,-66.17287700487547
0.09596,-66.17063511400974
0.09596500000000001,-66.1626684276086
0.09597000000000001,-66.17237186599621
0.095975,-66.16448287196168
0.09598000000000001,-66.1623551921145
0.09598500000000001,-66.17227841200157
0.09599,-66.16439052148195
0.09599500000000001,-66.17998392307882
0.096,-66.17209441935553
0.09600500000000001,-66.1873690319252
0.09601000000000001,-66.17947771826442
0.096015,-66.17726171646791
0.09602000000000001,-66.18692629466776
0.09602500000000001,-66.19627845866881
0.09603,-66.21068101638622
0.09603500000000001,-66.20818268734068
0.09604000000000001,-66.20568490082157
0.096045,-66.19771186903418
0.09605000000000001,-66.18974219231228
0.096055,-66.19915560836826
0.09606,-66.19126374121105
0.09606500000000001,-66.18903741804743
0.09607,-66.18107227243077
0.09607500000000001,-66.19116537058888
0.09608000000000001,-66.20094565983072
0.096085,-66.19882791986996
0.09609000000000001,-66.19671049972162
0.09609500000000001,-66.18874425869959
0.0961,-66.19881730068862
0.09610500000000001,-66.1909283046989
0.09611,-66.2067210644098
0.096115,-66.19883025971421
0.09612000000000001,-66.21430337612833
0.096125,-66.20641058954595
0.09613000000000001,-66.20424297985777
0.09613500000000001,-66.19627660603656
0.09614,-66.2065470056501
0.09614500000000001,-66.19865772453184
0.09615000000000001,-66.21471307436235
0.096155,-66.22442957337056
0.09616000000000001,-66.22228810246733
0.09616500000000001,-66.22014697518117
0.09617,-66.21217724848303
0.09617500000000001,-66.22218628863763
0.09618,-66.23188237340307
0.096185,-66.22973358268155
0.09619000000000001,-66.22758513712047
0.096195,-66.21961449483304
0.09620000000000001,-66.21164701036474
0.09620500000000001,-66.22209396930745
0.09621,-66.21420343770124
0.09621500000000001,-66.2123223155432
0.09622000000000001,-66.22298488289357
0.096225,-66.23333393098324
0.09623000000000001,-66.24906533105859
0.096235,-66.24689904093158
0.09624,-66.24473312086972
0.09624500000000001,-66.25421617602487
0.09625,-66.26338649952788
0.09625500000000001,-66.26105812499574
0.09626000000000001,-66.25873019539472
0.096265,-66.25075328757416
0.09627000000000001,-66.260219464282
0.09627500000000001,-66.26937288202858
0.09628,-66.28351264320276
0.09628500000000001,-66.29672063393288
0.09629000000000001,-66.29391356139188
0.096295,-66.29110715569693
0.09630000000000001,-66.28312102858672
0.096305,-66.27513837167766
0.09631,-66.28365905516769
0.09631500000000001,-66.27575483640737
0.09632,-66.28948623391449
0.09632500000000001,-66.29745760690447
0.09633000000000001,-66.29472480731683
0.096335,-66.3073262826817
0.09634000000000001,-66.29941543040746
0.09634500000000001,-66.29648756505713
0.09635,-66.30406422459004
0.09635500000000001,-66.31132943320077
0.09636,-66.32295417752246
0.096365,-66.31974761535302
0.09637000000000001,-66.31654181854753
0.096375,-66.30855094826882
0.09638000000000001,-66.3005636162103
0.09638500000000001,-66.3079058087117
0.09639,-66.31493672528252
0.09639500000000001,-66.31188867390709
0.09640000000000001,-66.3232389284046
0.096405,-66.32933708578432
0.09641000000000001,-66.33940638376993
0.09641500000000001,-66.3485437156449
0.09642,-66.34470927430563
0.09642500000000001,-66.3408758194735
0.09643,-66.33287726067678
0.096435,-66.33789882439436
0.09644000000000001,-66.32998104284464
0.096445,-66.33906060052212
0.09645000000000001,-66.3311428974021
0.09645500000000001,-66.33991714207893
0.09646,-66.34417146767359
0.09646500000000001,-66.34019072843326
0.09647000000000001,-66.33621092735841
0.096475,-66.34031962776774
0.09648000000000001,-66.34411959127814
0.096485,-66.35112623530107
0.09649,-66.34675843126753
0.09649500000000001,-66.34239169631194
0.0965,-66.34535155588954
0.09650500000000001,-66.33743027599807
0.09651000000000001,-66.34376769681766
0.096515,-66.33584707619546
0.09652000000000001,-66.3313755737748
0.09652500000000001,-66.33436213178419
0.09653,-66.32644484131227
0.09653500000000001,-66.33281652650055
0.09654000000000001,-66.33527146203357
0.096545,-66.33069127278318
0.09655000000000001,-66.32611210178803
0.096555,-66.31811700689006
0.09656,-66.31012557392718
0.09656500000000001,-66.31339224240325
0.09657,-66.31635108901166
0.09657500000000001,-66.31194359702383
0.09658000000000001,-66.30753696633352
0.096585,-66.31035605358997
0.09659000000000001,-66.30244552992967
0.09659500000000001,-66.30859232161225
0.0966,-66.30068195037953
0.09660500000000001,-66.29617031704565
0.09661,-66.29901759697199
0.096615,-66.30155751614015
0.09662000000000001,-66.2970119254655
0.096625,-66.29246719483965
0.09663000000000001,-66.2844810519658
0.09663500000000001,-66.28735838721924
0.09664,-66.27945353797357
0.09664500000000001,-66.2856761484654
0.09665000000000001,-66.28802290490141
0.096655,-66.2834143222378
0.09666000000000001,-66.28852631298442
0.09666500000000001,-66.2899530104746
0.09667,-66.29379156691824
0.09667500000000001,-66.28863878594362
0.09668,-66.28348709898815
0.09668500000000001,-66.2840846549224
0.09669000000000001,-66.2761735410384
0.096695,-66.27099591436739
0.09670000000000001,-66.27185534258496
0.09670500000000001,-66.26394805047784
0.09671,-66.2588601663258
0.09671500000000001,-66.2508776083011
0.09672000000000001,-66.25247595391082
0.096725,-66.24457533089348
0.09673000000000001,-66.24909513979152
0.096735,-66.25016778117636
0.09674,-66.24513721202705
0.09674500000000001,-66.24010755021634
0.09675,-66.24104864215677
0.09675500000000001,-66.23314786827528
0.09676000000000001,-66.23679336509817
0.096765,-66.23721117713457
0.09677000000000001,-66.23196232266632
0.09677500000000001,-66.23450506842158
0.09678,-66.23400906689066
0.09678500000000001,-66.2284537070506
0.09679,-66.22978068427288
0.096795,-66.22837345434
0.09680000000000001,-66.22251287340073
0.096805,-66.21665351899681
0.09681000000000001,-66.20866957190582
0.09681500000000001,-66.20068936368773
0.09682,-66.20012864400371
0.09682500000000001,-66.19223167481744
0.09683000000000001,-66.18667725420424
0.096835,-66.18638469898421
0.09684000000000001,-66.17849131174138
0.09684500000000001,-66.1730285937769
0.09685,-66.16505931293125
0.09685500000000001,-66.16551456545899
0.09686,-66.16566544931014
0.096865,-66.16033662071415
0.09687000000000001,-66.15500863781239
0.096875,-66.14704229260906
0.09688000000000001,-66.14754749104304
0.09688500000000001,-66.13966331705144
0.09689,-66.13447249719718
0.09689500000000001,-66.13524122438763
0.09690000000000001,-66.12735969789004
0.096905,-66.12225844827408
0.09691000000000001,-66.12328956159531
0.096915,-66.11541050028427
0.09692,-66.11916976375434
0.09692500000000001,-66.11967921018889
0.09693,-66.1144747313171
0.09693500000000001,-66.10927102955219
0.09694000000000001,-66.10131190883584
0.096945,-66.09335605283236
0.09695000000000001,-66.08540337016986
0.09695500000000001,-66.08722158777715
0.09696,-66.07934997956588
0.09696500000000001,-66.08415442464853
0.09697000000000001,-66.07628216285063
0.096975,-66.08079526327982
0.09698000000000001,-66.07292219157405
0.096985,-66.07714469583398
0.09699,-66.07800291986526
0.09699500000000001,-66.08107360606891
0.097,-66.0757546754886
0.09700500000000001,-66.07043661103468
0.09701000000000001,-66.06247973228145
0.097015,-66.05452621230745
0.09702000000000001,-66.055522861565
0.09702500000000001,-66.04765115133117
0.09703,-66.05136292748217
0.09703500000000001,-66.0434910277699
0.09704,-66.03839981505227
0.097045,-66.03944291500856
0.09705000000000001,-66.04018202981102
0.097055,-66.04309318767407
0.09706000000000001,-66.03773774522462
0.09706500000000001,-66.03238317792425
0.09707,-66.02443071252509
0.09707500000000001,-66.02483070199571
0.09708000000000001,-66.0169605241933
0.097085,-66.01174413807522
0.09709000000000001,-66.00379796098069
0.09709500000000001,-65.99585499653288
0.0971,-65.98791515534731
0.09710500000000001,-65.99001499030885
0.09711,-65.98215600580538
0.097115,-65.98733208867417
0.09712000000000001,-65.97947232210585
0.097125,-65.97475611867934
0.09713000000000001,-65.96682005250696
0.09713500000000001,-65.95888697384193
0.09714,-65.96197718199475
0.09714500000000001,-65.95412424216039
0.09715000000000001,-65.94981574293708
0.097155,-65.95315904282353
0.09716000000000001,-65.94530724382726
0.097165,-65.9521358419193
0.09717,-65.9442828137374
0.09717500000000001,-65.95081704641187
0.09718,-65.95341298081027
0.09718500000000001,-65.94892095492554
0.09719000000000001,-65.94442947083485
0.097195,-65.93649505155295
0.09720000000000001,-65.92856369697198
0.09720500000000001,-65.92063532347318
0.09721,-65.92451966099735
0.09721500000000001,-65.91667104200981
0.09722000000000001,-65.92421882202245
0.097225,-65.9163688976452
0.09723000000000001,-65.91225285167303
0.097235,-65.91616536547762
0.09724000000000001,-65.91977230517872
0.09724500000000001,-65.91562132187215
0.09725,-65.92239809984585
0.09725500000000001,-65.91454406983001
0.09726000000000001,-65.91020350123657
0.097265,-65.90227364453216
0.09727000000000001,-65.90599691267096
0.09727500000000001,-65.89814716723255
0.09728,-65.90548130146921
0.09728500000000001,-65.89763055121938
0.09729,-65.89346064175244
0.097295,-65.8972137827817
0.09730000000000001,-65.90066161725252
0.097305,-65.90717943933385
0.09731000000000001,-65.91277179144886
0.09731500000000001,-65.9080989418118
0.09732,-65.90342687152008
0.09732500000000001,-65.89549046484369
0.09733000000000001,-65.89789429132092
0.097335,-65.89999395861929
0.09734000000000001,-65.89533656708676
0.09734500000000001,-65.89067993084397
0.09735,-65.8926490890981
0.09735500000000001,-65.8943144964568
0.09736,-65.88951178573282
0.09736500000000001,-65.88470989183779
0.09737000000000001,-65.88624668884074
0.097375,-65.87839029648586
0.09738000000000001,-65.88281779784158
0.09738500000000001,-65.87496152415501
0.09739,-65.8700613812725
0.09739500000000001,-65.87164458854167
0.09740000000000001,-65.87292452311983
0.097405,-65.86799478133625
0.09741000000000001,-65.87167550901383
0.097415,-65.86381876777564
0.09742,-65.85870283791229
0.09742500000000001,-65.85964260652372
0.09743,-65.86027973704685
0.09743500000000001,-65.86305137819119
0.09744000000000001,-65.86489869379466
0.097445,-65.85928765004365
0.09745000000000001,-65.85367774903871
0.09745500000000001,-65.84573914183984
0.09746,-65.84535320227948
0.09746500000000001,-65.84466585880885
0.09747,-65.83907906546939
0.097475,-65.83349334480772
0.09748000000000001,-65.82555930430661
0.097485,-65.8176288355534
0.09749000000000001,-65.80970183498187
0.09749500000000001,-65.8017782030827
0.0975,-65.8028969006748
0.09750500000000001,-65.79505506078026
0.09751000000000001,-65.79009731992679
0.097515,-65.78217954171609
0.09752000000000001,-65.78404027037415
0.09752500000000001,-65.77620366693009
0.09753,-65.77149665264781
0.09753500000000001,-65.7736183582972
0.09754,-65.76578368946232
0.097545,-65.76116494135405
0.09755000000000001,-65.76354648530742
0.097555,-65.75571362410004
0.09756000000000001,-65.7612585435871
0.09756500000000001,-65.7631202126262
0.09757,-65.75839731057577
0.09757500000000001,-65.75367504034226
0.09758000000000001,-65.7457614912284
0.097585,-65.73785108061101
0.09759000000000001,-65.7405373681657
0.097595,-65.73270758647791
0.0976,-65.7282802956786
0.09760500000000001,-65.73122408735043
0.09761,-65.72339590157502
0.09761500000000001,-65.71905550232061
0.09762000000000001,-65.71115151719876
0.097625,-65.71482520890812
0.09763000000000001,-65.7070011405839
0.09763500000000001,-65.70290671574958
0.09764,-65.70683345277789
0.09764500000000001,-65.69901049580479
0.09765000000000001,-65.69500116766407
0.097655,-65.68710251983342
0.09766000000000001,-65.67920669803894
0.097665,-65.67131362788265
0.09767,-65.67690292343626
0.09767500000000001,-65.66908839697011
0.09768,-65.67889623916338
0.09768500000000001,-65.68395633281871
0.09769000000000001,-65.69261479059085
0.097695,-65.70035044777778
0.09770000000000001,-65.69623745620885
0.09770500000000001,-65.69212499741465
0.09771,-65.68421978132268
0.09771500000000001,-65.6763176634454
0.09772,-65.6808015481514
0.097725,-65.67297913936629
0.09773000000000001,-65.68131888721409
0.097735,-65.67349531141588
0.09774000000000001,-65.66959749054197
0.09774500000000001,-65.6616983325978
0.09775,-65.666682011658
0.09775500000000001,-65.67136095039925
0.09776000000000001,-65.66758716301624
0.097765,-65.66381379302132
0.09777000000000001,-65.65591442110832
0.09777500000000001,-65.66092586640546
0.09778,-65.65310593134667
0.09778500000000001,-65.66214705254049
0.09779,-65.66663166470542
0.097795,-65.66279192999978
0.09780000000000001,-65.65895268527852
0.097805,-65.66329993738105
0.09781000000000001,-65.66734301479146
0.09781500000000001,-65.67464832222169
0.09782,-65.68103127041138
0.09782500000000001,-65.68649190206138
0.09783000000000001,-65.68180313312082
0.097835,-65.6771152938322
0.09784000000000001,-65.66920132721486
0.097845,-65.6715166602984
0.09785,-65.66368439573436
0.09785500000000001,-65.65913239813118
0.09786,-65.65122501519804
0.09786500000000001,-65.64332097091962
0.09787000000000001,-65.63542017077638
0.097875,-65.62752252395106
0.09788000000000001,-65.6196279431835
0.09788500000000001,-65.62456785446163
0.09789,-65.61675271225975
0.09789500000000001,-65.61308653648176
0.09790000000000001,-65.60519615352493
0.097905,-65.61085318477578
0.09791000000000001,-65.6162052919835
0.097915,-65.61266152322517
0.09792000000000001,-65.60911809413786
0.09792500000000001,-65.61433018856997
0.09793,-65.61923771359369
0.09793500000000001,-65.61554357788619
0.09794000000000001,-65.61184988473644
0.097945,-65.61661926531606
0.09795000000000001,-65.6210844379201
0.09795500000000001,-65.6172410492736
0.09796,-65.6133981935412
0.09796500000000001,-65.60550144726398
0.09797,-65.610301369429
0.097975,-65.61479710169523
0.09798000000000001,-65.61096431901126
0.097985,-65.61891846132939
0.09799000000000001,-65.61109670816403
0.09799500000000001,-65.60707541603405
0.098,-65.61121610313408
0.09800500000000001,-65.60339616319922
0.09801000000000001,-65.61127939192257
0.098015,-65.60345882355364
0.09802000000000001,-65.61104992616416
0.09802500000000001,-65.61444864071063
0.09803,-65.6208940536337
0.09803500000000001,-65.61645908034266
0.09804,-65.61202494368685
0.09804500000000001,-65.6146025054129
0.09805000000000001,-65.61687774518943
0.098055,-65.61229870574542
0.09806000000000001,-65.6172993383703
0.09806500000000001,-65.60947027619045
0.09807,-65.61407076782889
0.09807500000000001,-65.61522723226372
0.09808000000000001,-65.61868510889312
0.098085,-65.61349814593672
0.09809000000000001,-65.6083123201506
0.098095,-65.60865747112365
0.0981,-65.60082636662165
0.09810500000000001,-65.59561875547963
0.09811,-65.59623436301823
0.09811500000000001,-65.58840722676123
0.09812000000000001,-65.59160281571634
0.098125,-65.5837764125961
0.09813000000000001,-65.57859148244712
0.09813500000000001,-65.5706893370059
0.09814,-65.57184386650722
0.09814500000000001,-65.56402397618987
0.09815,-65.5590933595331
0.098155,-65.56051474394239
0.09816000000000001,-65.55269790170664
0.098165,-65.5569625012925
0.09817000000000001,-65.54914576024392
0.09817500000000001,-65.55312773968745
0.09818,-65.54531084902149
0.09818500000000001,-65.54032947041152
0.09819000000000001,-65.54159420967311
0.098195,-65.54255826771357
0.09820000000000001,-65.54575556995941
0.09820500000000001,-65.54803288377533
0.09821,-65.54939030843245
0.09821500000000001,-65.54368469895147
0.09822,-65.53798028539731
0.098225,-65.53007822727885
0.09823000000000001,-65.52934206964478
0.098235,-65.52152352767209
0.09824000000000001,-65.51596377048355
0.09824500000000001,-65.51550397295131
0.09825,-65.50768926026197
0.09825500000000001,-65.50222409116353
0.09826000000000001,-65.50203944165564
0.098265,-65.49422826112983
0.09827000000000001,-65.49635473135169
0.098275,-65.49566358779786
0.09828,-65.49010503786981
0.09828500000000001,-65.48454749003794
0.09829,-65.48374275125916
0.09829500000000001,-65.47593248933381
0.09830000000000001,-65.47035530358818
0.098305,-65.4624690327872
0.09831000000000001,-65.4545861570605
0.09831500000000001,-65.4550217174625
0.09832,-65.45515791813187
0.09832500000000001,-65.4498820973154
0.09833000000000001,-65.45202825113833
0.098335,-65.451267997868
0.09834000000000001,-65.4456909987254
0.098345,-65.44011495824498
0.09835,-65.43223173892787
0.09835500000000001,-65.43184170172724
0.09836,-65.42404129814615
0.09836500000000001,-65.41860880801062
0.09837000000000001,-65.4184943919937
0.098375,-65.41069702438651
0.09838000000000001,-65.41291324572634
0.09838500000000001,-65.40511605695357
0.09839,-65.39970827081167
0.09839500000000001,-65.39183454820626
0.0984,-65.39226941287849
0.098405,-65.38447776291899
0.09841000000000001,-65.38742319568752
0.098415,-65.37963141747896
0.09842000000000001,-65.3822998229026
0.09842500000000001,-65.37450771803186
0.09843,-65.3692167564777
0.09843500000000001,-65.36950963556774
0.09844000000000001,-65.36950387853435
0.098445,-65.36418804144905
0.09845000000000001,-65.35887300193984
0.09845500000000001,-65.358752795771
0.09846,-65.35833438181209
0.09846500000000001,-65.35968170319147
0.09847,-65.35399636577316
0.09847500000000001,-65.34831200957903
0.09848000000000001,-65.34043948545036
0.098485,-65.33257038824321
0.09849000000000001,-65.33232009999638
0.09849500000000001,-65.32453359066062
0.0985,-65.32656641198838
0.09850500000000001,-65.31878006368929
0.09851000000000001,-65.32053891747589
0.098515,-65.312752506777
0.09852000000000001,-65.31423813825585
0.098525,-65.3064517615819
0.09853,-65.30086969941107
0.09853500000000001,-65.29300669500918
0.09854,-65.29290161305423
0.09854500000000001,-65.28512102657203
0.09855000000000001,-65.28734552289677
0.098555,-65.27956497457674
0.09856000000000001,-65.28151559634902
0.09856500000000001,-65.27373487651576
0.09857,-65.2754123657372
0.09857500000000001,-65.27439435887833
0.09858000000000001,-65.26874668880082
0.098585,-65.26935167522862
0.09859000000000001,-65.26744382714134
0.098595,-65.26149769806517
0.09860000000000001,-65.25555263031806
0.09860500000000001,-65.24768963615762
0.09861,-65.23983012939851
0.09861500000000001,-65.23878697202481
0.09862000000000001,-65.23101054835159
0.098625,-65.22537650183799
0.09863000000000001,-65.22461413995889
0.09863500000000001,-65.21684077971372
0.09864,-65.21818913096763
0.09864500000000001,-65.21041600512007
0.09865,-65.20480966926137
0.098655,-65.20412434698453
0.09866000000000001,-65.2031423884588
0.098665,-65.20373306764454
0.09867000000000001,-65.19787348230808
0.09867500000000001,-65.19761084523385
0.09868,-65.18983512908437
0.09868500000000001,-65.1837958725454
0.09869000000000001,-65.17594335002086
0.098695,-65.16809423939874
0.09870000000000001,-65.16024844301548
0.09870500000000001,-65.15972852914284
0.09871,-65.15891215060749
0.09871500000000001,-65.15972161017771
0.09872,-65.15961677151037
0.09872500000000001,-65.15358639790372
0.09873000000000001,-65.1475570616718
0.098735,-65.13970810070661
0.09874000000000001,-65.13790275877903
0.09874500000000001,-65.13013735647701
0.09875,-65.12425674630487
0.09875500000000001,-65.11641475315193
0.09876000000000001,-65.1085760366175
0.098765,-65.10074050430975
0.09877000000000001,-65.10067076937695
0.098775,-65.09291730918805
0.09878,-65.08762290993359
0.09878500000000001,-65.08783070738826
0.09879,-65.08007940220048
0.09879500000000001,-65.08271277411768
0.09880000000000001,-65.07496107145651
0.098805,-65.06969199900179
0.09881000000000001,-65.06186340785396
0.09881500000000001,-65.05403782094935
0.09882,-65.05527797314033
0.09882500000000001,-65.04753350882156
0.09883,-65.05153855580944
0.098835,-65.0437932708094
0.09884000000000001,-65.04752348506864
0.098845,-65.0480539047998
0.09885000000000001,-65.05065435397027
0.09885500000000001,-65.04531504603007
0.09886,-65.03997650470924
0.09886500000000001,-65.0321465771204
0.09887000000000001,-65.02431984594733
0.098875,-65.02501717565168
0.09888000000000001,-65.01727218288036
0.09888500000000001,-65.0122392501907
0.09889,-65.01321132308189
0.09889500000000001,-65.01388668385758
0.0989,-65.01667993145604
0.098905,-65.01139161797096
0.09891000000000001,-65.01333152851169
0.098915,-65.0055818231649
0.09892000000000001,-65.0001127920645
0.09892500000000001,-64.9997921986819
0.09893,-64.99204520770154
0.09893500000000001,-64.98667188793596
0.09894000000000001,-64.97884858862736
0.098945,-64.9792890939041
0.09895000000000001,-64.97943357907619
0.098955,-64.97420027039122
0.09896,-64.96896770504836
0.09896500000000001,-64.96114665933926
0.09897,-64.96166256170201
0.09897500000000001,-64.9618825032288
0.09898000000000001,-64.95667583989793
0.098985,-64.95146991354338
0.09899000000000001,-64.94365107463702
0.09899500000000001,-64.93583541069522
0.099,-64.92802283321755
0.09900500000000001,-64.92021325717
0.09901000000000001,-64.91240660084897
0.099015,-64.91490989673476
0.09902000000000001,-64.91711586237166
0.099025,-64.91257982520276
0.09903,-64.90804422810969
0.09903500000000001,-64.91013289007954
0.09904,-64.9024041512147
0.09904500000000001,-64.90753472888412
0.09905000000000001,-64.90911953193215
0.099055,-64.90437404669375
0.09906000000000001,-64.89962915636535
0.09906500000000001,-64.89181939402137
0.09907,-64.8937671089108
0.09907500000000001,-64.89541811434223
0.09908,-64.89069561869202
0.099085,-64.89484288566173
0.09909000000000001,-64.8871101191282
0.099095,-64.89087079062249
0.09910000000000001,-64.89142855246979
0.09910500000000001,-64.89406266231616
0.09911,-64.88874218438457
0.09911500000000001,-64.88342262698743
0.09912000000000001,-64.8756065240871
0.099125,-64.87585465286033
0.09913000000000001,-64.86812105321941
0.09913500000000001,-64.8629464614997
0.09914,-64.86347325094548
0.09914500000000001,-64.86370475724462
0.09915,-64.85850775134914
0.09915500000000001,-64.85331157659888
0.09916000000000001,-64.84550148783501
0.099165,-64.83769469001157
0.09917000000000001,-64.82989109002605
0.09917500000000001,-64.8220905984227
0.09918,-64.82413061947892
0.09918500000000001,-64.81641108511403
0.09919000000000001,-64.8118428803103
0.099195,-64.81415344688163
0.09920000000000001,-64.80643557456291
0.099205,-64.81185894477457
0.09921,-64.80414024952725
0.09921500000000001,-64.80928873556722
0.09922,-64.81089026238082
0.09922500000000001,-64.8149124374904
0.09923000000000001,-64.81802463625269
0.099235,-64.82022694493796
0.09924000000000001,-64.81480359302051
0.09924500000000001,-64.80938124123574
0.09925,-64.80157186502878
0.09925500000000001,-64.79376595806029
0.09926000000000001,-64.7941766808077
0.099265,-64.78645317365806
0.09927000000000001,-64.78935093614008
0.099275,-64.78162759825324
0.09928000000000001,-64.78425687985067
0.09928500000000001,-64.77653347303874
0.09929,-64.7788949928217
0.09929500000000001,-64.77117160473642
0.09930000000000001,-64.76585666601846
0.099305,-64.76594530617518
0.09931000000000001,-64.75822474513112
0.09931500000000001,-64.75300581124512
0.09932,-64.74520916936036
0.09932500000000001,-64.73741575960582
0.09933,-64.72962549112917
0.099335,-64.72183827663665
0.09934000000000001,-64.71405403225347
0.099345,-64.70627267738992
0.09935000000000001,-64.69849413461237
0.09935500000000001,-64.70220222270962
0.09936,-64.7056134435248
0.09936500000000001,-64.7014976782145
0.09937000000000001,-64.69738224207141
0.099375,-64.68960294063429
0.09938000000000001,-64.68182644835784
0.09938500000000001,-64.68606447806647
0.09939,-64.67836736018242
0.09939500000000001,-64.67454668803072
0.0994,-64.6790462189843
0.09940500000000001,-64.68324836655758
0.09941000000000001,-64.67939802565779
0.099415,-64.68693450501246
0.09942000000000001,-64.69024524253764
0.09942500000000001,-64.68609374649347
0.09943,-64.69244489727555
0.09943500000000001,-64.68473759063049
0.09944000000000001,-64.68040337810157
0.099445,-64.683389343093
0.09945000000000001,-64.68607918473721
0.099455,-64.68171877444692
0.09946,-64.68724473473257
0.09946500000000001,-64.68904741681638
0.09947,-64.68438819664759
0.09947500000000001,-64.67972974661554
0.09948000000000001,-64.68142009353514
0.099485,-64.6828154372264
0.09949000000000001,-64.68656131301667
0.09949500000000001,-64.68153635792507
0.0995,-64.67651234542102
0.09950500000000001,-64.67711840007502
0.09951,-64.67743040828148
0.099515,-64.67227182683398
0.09952000000000001,-64.66711422685565
0.099525,-64.6673206284673
0.09953000000000001,-64.66723339458315
0.09953500000000001,-64.66194207869326
0.09954,-64.65665177976173
0.09954500000000001,-64.65646072903216
0.09955000000000001,-64.64874822483758
0.099555,-64.65084336508173
0.09956000000000001,-64.64313158585495
0.09956500000000001,-64.6449621267704
0.09957,-64.63725077114343
0.09957500000000001,-64.63181253834331
0.09958,-64.62402496867358
0.099585,-64.62420398955884
0.09959000000000001,-64.61649908826703
0.099595,-64.61132095027142
0.09960000000000001,-64.61178174051642
0.09960500000000001,-64.60407990342668
0.09961,-64.60703922710478
0.09961500000000001,-64.60700704786746
0.09962000000000001,-64.60884657519853
0.099625,-64.60335180864224
0.09963000000000001,-64.59785805579814
0.099635,-64.5900738996358
0.09964,-64.58974312422728
0.09964500000000001,-64.58204192924084
0.09965,-64.57669637851302
0.09965500000000001,-64.5689191028461
0.09966000000000001,-64.56935417917904
0.099665,-64.56949611749033
0.09967000000000001,-64.56429318264613
0.09967500000000001,-64.55909106989894
0.09968,-64.55912942066698
0.09968500000000001,-64.55143418654954
0.09969000000000001,-64.54621558229321
0.099695,-64.54653703010331
0.09970000000000001,-64.53884467601051
0.099705,-64.53372231078583
0.09971000000000001,-64.52595378101309
0.09971500000000001,-64.52703688097411
0.09972,-64.52782658717872
0.09972500000000001,-64.52284502576435
0.09973000000000001,-64.51786416866064
0.099735,-64.51009760934262
0.09974000000000001,-64.51126119142816
0.09974500000000001,-64.51213142161748
0.09975,-64.50717801041391
0.09975500000000001,-64.50222529856445
0.09976,-64.4944606725505
0.099765,-64.48669919482418
0.09977000000000001,-64.48842134757469
0.099775,-64.48984983159187
0.09978000000000001,-64.48508563649456
0.09978500000000001,-64.4803220604961
0.09979,-64.47256193412206
0.09979500000000001,-64.46480488141317
0.09980000000000001,-64.46708072823115
0.099805,-64.46906258277384
0.09981000000000001,-64.46448558368458
0.09981500000000001,-64.45990913591626
0.09982,-64.46178112303258
0.09982500000000001,-64.45410304551257
0.09983,-64.44950697379889
0.09983500000000001,-64.44175285122421
0.09984000000000001,-64.43400171014962
0.099845,-64.43710049573063
0.09985000000000001,-64.42942960890481
0.09985500000000001,-64.42524711160533
0.09986,-64.41750021062427
0.09986500000000001,-64.42134217098256
0.09987000000000001,-64.42488912075258
0.099875,-64.43149182356119
0.09988000000000001,-64.42721332734365
0.099885,-64.42293533473897
0.09989,-64.41518401538477
0.09989500000000001,-64.41841319094678
0.0999,-64.41074224947516
0.09990500000000001,-64.40660331637741
0.09991000000000001,-64.41010183615234
0.099915,-64.40243232939356
0.09992000000000001,-64.39838412822671
0.09992500000000001,-64.40215079721317
0.09993,-64.39448262441002
0.09993500000000001,-64.40183177138509
0.09994000000000001,-64.40509797749891
0.099945,-64.40095381016414
0.09995000000000001,-64.39681016393628
0.099955,-64.39996194707786
0.09996000000000001,-64.40281945575417
0.09996500000000001,-64.39853776883048
0.09997,-64.40427980473677
0.09997500000000001,-64.3966039074356
0.09998000000000001,-64.40196323364975
0.099985,-64.39428680774283
0.09999000000000001,-64.3993771711379
0.09999500000000001,-64.40094934766975
0.1,-64.40492198376388
0.10000500000000001,-64.39997944015981
0.10001,-64.39503783443504
0.100015,-64.38727844093329
0.10002000000000001,-64.37952249235357
0.100025,-64.37176988930075
0.10003000000000001,-64.37399373014351
0.10003500000000001,-64.37592427224041
0.10004,-64.3713338395363
0.10004500000000001,-64.36674413260744
0.10005000000000001,-64.36856656482051
0.100055,-64.37009607925472
0.10006000000000001,-64.36537136217436
0.10006500000000002,-64.36934583728505
0.10007,-64.36167042106145
0.10007500000000001,-64.36526702974429
0.10008,-64.35759160344345
0.10008500000000001,-64.35262209907467
0.10009000000000001,-64.3448706590702
0.100095,-64.33712254987081
0.10010000000000001,-64.33910669800622
0.10010500000000001,-64.34079799826613
0.10011,-64.3361308235498
0.10011500000000001,-64.33146437486842
0.10012000000000001,-64.32371836198938
0.100125,-64.32578064477045
0.10013000000000001,-64.32755010665336
0.100135,-64.32291033699401
0.10014,-64.3182712776871
0.10014500000000001,-64.31052724877577
0.10015,-64.3027864198453
0.10015500000000001,-64.30540289957845
0.10016000000000001,-64.2977429695797
0.100165,-64.29340738512425
0.10017000000000001,-64.28567166383046
0.10017500000000001,-64.27793893161417
0.10018,-64.28177712804873
0.10018500000000001,-64.27412432771358
0.10019,-64.27020057852367
0.100195,-64.26247201131174
0.10020000000000001,-64.25474625987954
0.100205,-64.2597949699571
0.10021000000000001,-64.25214825827155
0.10021500000000001,-64.24863195542436
0.10022,-64.25394299697946
0.10022500000000001,-64.2589589452874
0.10023000000000001,-64.25541386033652
0.100235,-64.25186905449227
0.10024000000000001,-64.24414276375833
0.10024500000000001,-64.24950940080082
0.10025,-64.25458092680806
0.10025500000000001,-64.26321166202845
0.10026,-64.2709394117484
0.100265,-64.26695429122607
0.10027000000000001,-64.26296974226992
0.100275,-64.26657088276707
0.10028000000000001,-64.25891295644276
0.10028500000000001,-64.25490712542326
0.10029,-64.25877763815474
0.10029500000000001,-64.26235425112779
0.10030000000000001,-64.25832302657223
0.100305,-64.2650194333984
0.10031000000000001,-64.25735914513069
0.100315,-64.25314757329417
0.10032,-64.2564088420193
0.10032500000000001,-64.24875061180688
0.10033,-64.2446313663586
0.10033500000000001,-64.2368978537708
0.10034000000000001,-64.22916747164938
0.100345,-64.22144013284853
0.10035000000000001,-64.22638891818268
0.10035500000000001,-64.21874109133874
0.10036,-64.22765846211458
0.10036500000000001,-64.22000937773339
0.10037000000000001,-64.2163892956631
0.100375,-64.20866465380801
0.10038000000000001,-64.21414043568222
0.100385,-64.219321259452
0.10039000000000001,-64.2158318849733
0.10039500000000001,-64.21234289388981
0.1004,-64.20461782524242
0.10040500000000001,-64.2101490401289
0.10041000000000001,-64.20250318858685
0.100415,-64.2121950650378
0.10042000000000001,-64.20454784937941
0.10042500000000001,-64.20112276626485
0.10043,-64.1934001624815
0.10043500000000001,-64.18568046286786
0.10044,-64.17796358912958
0.100445,-64.18495046747411
0.10045000000000001,-64.17731174190125
0.100455,-64.18893833327276
0.10046000000000001,-64.18129764978002
0.10046500000000001,-64.17836090102134
0.10047,-64.1706449850065
0.10047500000000001,-64.1629318159811
0.10048000000000001,-64.15522132180298
0.100485,-64.16364386281715
0.10049000000000001,-64.1560105594307
0.10049500000000001,-64.16954580282632
0.1005,-64.17745645219217
0.10050500000000001,-64.18986986697391
0.10051,-64.2013807745863
0.10051500000000001,-64.21198914382657
0.10052000000000001,-64.20872883247401
0.100525,-64.20546903466473
0.10053000000000001,-64.19773981639621
0.10053500000000001,-64.20396266681992
0.10054,-64.1963127155578
0.10054500000000001,-64.1931862128375
0.10055000000000001,-64.18546169098903
0.100555,-64.19240869521522
0.10056000000000001,-64.18476285258868
0.100565,-64.18188036917687
0.10057,-64.18908164126951
0.10057500000000001,-64.18143674649262
0.10058,-64.17863963351412
0.10058500000000001,-64.17092020108485
0.10059000000000001,-64.17883884284706
0.100595,-64.18646068022645
0.10060000000000001,-64.18378818355409
0.10060500000000001,-64.19586718099025
0.10061,-64.1882194408083
0.10061500000000001,-64.18536250698091
0.10062000000000001,-64.19264418848853
0.100625,-64.18499728279527
0.10063000000000001,-64.18222570813775
0.100635,-64.18976009771936
0.10064000000000001,-64.19699793306687
0.10064500000000001,-64.20851773029257
0.10065,-64.2054852622639
0.10065500000000001,-64.20245329325496
0.10066000000000001,-64.19472407386024
0.100665,-64.18699801207349
0.10067000000000001,-64.17927501966521
0.10067500000000001,-64.1715550118617
0.10068,-64.17985043852761
0.10068500000000001,-64.18784873023543
0.10069,-64.20038141982182
0.100695,-64.19760478741598
0.10070000000000001,-64.20928390705797
0.100705,-64.2016311495294
0.10071000000000001,-64.19867061702602
0.10071500000000001,-64.2056525008721
0.10072,-64.19800100243614
0.10072500000000001,-64.20962519384645
0.10073000000000001,-64.20197257322512
0.100735,-64.21331537544955
0.10074000000000001,-64.20566143237886
0.10074500000000002,-64.20264417255146
0.10075,-64.20945894294236
0.10075500000000001,-64.21597763411918
0.10076,-64.21293013609576
0.10076500000000001,-64.22354368201088
0.10077000000000001,-64.22917501926584
0.100775,-64.22582804061317
0.10078000000000001,-64.22248174014308
0.10078500000000001,-64.2147455504052
0.10079,-64.2207244321354
0.10079500000000001,-64.21306799900579
0.10080000000000001,-64.22335914753441
0.100805,-64.21570202567044
0.10081000000000001,-64.21241960282015
0.100815,-64.21844873635142
0.10082,-64.21079334333392
0.10082500000000001,-64.20759880202786
0.10083,-64.19986906940035
0.10083500000000001,-64.20662367119178
0.10084000000000001,-64.21308226650456
0.100845,-64.22356442088525
0.10085000000000001,-64.22026913108664
0.10085500000000001,-64.21697445222424
0.10086,-64.22263355481518
0.10086500000000001,-64.2149765673575
0.10087,-64.22484239192096
0.100875,-64.2171847994388
0.10088000000000001,-64.22677326205243
0.100885,-64.21911482153513
0.10089000000000001,-64.22842656376558
0.10089500000000001,-64.23316679222795
0.1009,-64.24135986830713
0.10090500000000001,-64.23748611362977
0.10091000000000001,-64.23361321993119
0.100915,-64.22587178147663
0.10092000000000001,-64.23029165184356
0.10092500000000001,-64.22263100614254
0.10093,-64.23084911702459
0.10093500000000001,-64.23476967570694
0.10094,-64.23085004005118
0.10094500000000001,-64.23800629231951
0.10095000000000001,-64.2303417094485
0.100955,-64.22624219524482
0.10096000000000001,-64.2298459323493
0.10096500000000001,-64.22218415433359
0.10097,-64.21817706949632
0.10097500000000001,-64.2104406289168
0.10098000000000001,-64.20270755775634
0.100985,-64.19497775948572
0.10099000000000001,-64.18725114135691
0.100995,-64.17952761425474
0.101,-64.18575294410765
0.10100500000000001,-64.17810841715435
0.10101,-64.18872375673644
0.10101500000000001,-64.1810778712637
0.10102000000000001,-64.19141456588797
0.101025,-64.19692596996894
0.10103000000000001,-64.20614372658521
0.10103500000000001,-64.2025345476245
0.10104,-64.19892599356986
0.10104500000000001,-64.19119527859363
0.10105000000000001,-64.19638184635465
0.101055,-64.18873106323727
0.10106000000000001,-64.18525864900693
0.101065,-64.17753312517235
0.10107000000000001,-64.16981069478985
0.10107500000000001,-64.1620912721344
0.10108,-64.16894389715763
0.10108500000000001,-64.16130302487146
0.10109000000000001,-64.15839231359413
0.101095,-64.15067667530911
0.10110000000000001,-64.15824928039409
0.10110500000000001,-64.15061166802741
0.10111,-64.16301761155191
0.10111500000000001,-64.15537810587988
0.10112,-64.15263714304335
0.101125,-64.14492271541926
0.10113000000000001,-64.13721109648193
0.101135,-64.12950221165664
0.10114000000000001,-64.13850302485478
0.10114500000000001,-64.13087116939755
0.10115,-64.1451757041306
0.10115500000000001,-64.1536631789114
0.10116000000000001,-64.15128382007053
0.101165,-64.1489046103189
0.10117000000000001,-64.14119059667188
0.10117500000000001,-64.15000811540558
0.10118,-64.1423715006423
0.10118500000000001,-64.15643367316073
0.10119,-64.14879494123397
0.10119500000000001,-64.14646850997227
0.10120000000000001,-64.1387552232573
0.101205,-64.1310447285411
0.10121000000000001,-64.14081427436821
0.10121500000000001,-64.13318055260434
0.10122,-64.13124682808449
0.10122500000000001,-64.14125769762178
0.10123000000000001,-64.15097023567225
0.101235,-64.14899994014199
0.10124000000000001,-64.14702973210791
0.101245,-64.13931642262742
0.10125,-64.1316059029789
0.10125500000000001,-64.1420994210041
0.10126,-64.15229418788144
0.10126500000000001,-64.15048466057985
0.10127000000000001,-64.14867519781914
0.101275,-64.15873110727341
0.10128000000000001,-64.16848852127708
0.10128500000000001,-64.18336628782703
0.10129,-64.18117806123666
0.10129500000000001,-64.17899013505644
0.10130000000000002,-64.18793480854374
0.101305,-64.1802864802884
0.10131000000000001,-64.17806842927006
0.101315,-64.17034635170967
0.10132000000000001,-64.17999633104728
0.10132500000000001,-64.17235160343817
0.10133,-64.18752388740396
0.10133500000000001,-64.1966578081394
0.10134000000000001,-64.19448613273451
0.101345,-64.20857993317819
0.10135000000000001,-64.20092673528372
0.10135500000000001,-64.19856938322435
0.10136,-64.19084221037697
0.10136500000000001,-64.20008706918307
0.10137,-64.19243763797928
0.101375,-64.19031888904385
0.10138000000000001,-64.18259577017382
0.101385,-64.19254368827136
0.10139000000000001,-64.18489774520269
0.10139500000000001,-64.1830155722342
0.1014,-64.1932035593709
0.10140500000000001,-64.20309269396641
0.10141000000000001,-64.21814792391739
0.101415,-64.23229987874751
0.10142000000000001,-64.22992199187009
0.10142500000000002,-64.22754457491112
0.10143,-64.23594374836141
0.10143500000000001,-64.22828531538151
0.10144,-64.2417973593591
0.10144500000000001,-64.24968380578419
0.10145000000000001,-64.24708768764405
0.101455,-64.25952405425863
0.10146000000000001,-64.25185908762765
0.10146500000000001,-64.26389873537946
0.10147,-64.25623283820626
0.10147500000000001,-64.26798930936451
0.10148000000000001,-64.2603225504364
0.101485,-64.27179647077443
0.10149000000000001,-64.27815384435621
0.101495,-64.27504255090031
0.1015,-64.2719320177025
0.10150500000000001,-64.27816463672353
0.10151,-64.28410118625712
0.10151500000000001,-64.28084888956282
0.10152000000000001,-64.29069198215554
0.101525,-64.28301904834272
0.10153000000000001,-64.27958474442093
0.10153500000000001,-64.28519052688476
0.10154,-64.29050072754562
0.10154500000000001,-64.28703872246874
0.10155,-64.28357754981914
0.101555,-64.27582953016649
0.10156000000000001,-64.2680850279753
0.101565,-64.2742128971517
0.10157000000000001,-64.26654822466168
0.10157500000000001,-64.2770397678731
0.10158,-64.26937452778385
0.10158500000000001,-64.26613607339398
0.10159000000000001,-64.25839636807329
0.101595,-64.25065993439766
0.10160000000000001,-64.25776930753926
0.10160500000000001,-64.25011178475219
0.10161,-64.24727575617102
0.10161500000000001,-64.23954401381458
0.10162,-64.23181531763738
0.10162500000000001,-64.24010551715939
0.10163000000000001,-64.23245475663673
0.101635,-64.24581900943679
0.10164000000000001,-64.23816649696931
0.10164500000000001,-64.25124465544732
0.10165,-64.24359024919148
0.10165500000000001,-64.24100613266809
0.10166000000000001,-64.24911518486516
0.101665,-64.25692677268317
0.10167000000000001,-64.26921376342227
0.101675,-64.26636716420366
0.10168,-64.26352105556157
0.10168500000000001,-64.25578410019025
0.10169,-64.24805032007949
0.10169500000000001,-64.25598506479069
0.10170000000000001,-64.24832962654263
0.101705,-64.24577004032705
0.10171000000000001,-64.23804047996322
0.10171500000000001,-64.2303138865356
0.10172,-64.23942176837002
0.10172500000000001,-64.24823140041634
0.10173000000000001,-64.24594992213855
0.101735,-64.24366867139311
0.10174000000000001,-64.25234383138041
0.101745,-64.24469042003182
0.10175000000000001,-64.24237893296234
0.10175500000000001,-64.2512995398482
0.10176,-64.24364679125644
0.10176500000000001,-64.25785039969215
0.10177000000000001,-64.2662561051823
0.101775,-64.26383618785134
0.10178000000000001,-64.27696194761589
0.10178500000000001,-64.26930100649446
0.10179,-64.2820281105113
0.10179500000000001,-64.28932552392851
0.1018,-64.28653090378141
0.101805,-64.28373682027001
0.10181000000000001,-64.27599578278306
0.101815,-64.26825798624176
0.10182000000000001,-64.26052333919553
0.10182500000000001,-64.2527917537758
0.10183,-64.24506314555559
0.10183500000000001,-64.25454581529007
0.10184000000000001,-64.24689444951315
0.101845,-64.2618453910783
0.10185000000000001,-64.2541919681576
0.10185500000000001,-64.25207654532174
0.10186,-64.24434891925178
0.10186500000000001,-64.25431511268354
0.10187,-64.24666443172032
0.10187500000000001,-64.26225850249159
0.10188000000000001,-64.25460562439913
0.101885,-64.25265132279743
0.10189000000000001,-64.24492434084154
0.10189500000000001,-64.23720019109288
0.1019,-64.22947879811379
0.10190500000000001,-64.24083776494538
0.10191000000000001,-64.2331923192327
0.101915,-64.25063792669597
0.10192000000000001,-64.26147392311809
0.101925,-64.27779183087793
0.10193,-64.2759564700617
0.10193500000000001,-64.27412130774678
0.10194,-64.26638871662567
0.10194500000000001,-64.27686318561976
0.10195000000000001,-64.26920747415397
0.101955,-64.2854793114882
0.10196000000000001,-64.27782150045955
0.10196500000000001,-64.27603293610863
0.10197,-64.28652377977535
0.10197500000000001,-64.27886612194183
0.10198000000000002,-64.29516029937862
0.101985,-64.30513040534787
0.10199000000000001,-64.30322886773791
0.101995,-64.30132761671248
0.10200000000000001,-64.29358919413119
0.10200500000000001,-64.28585382562179
0.10201,-64.29660050527343
0.10201500000000001,-64.28894192034801
0.10202000000000001,-64.3055766927207
0.102025,-64.2979160004544
0.10203000000000001,-64.29621596671143
0.10203500000000001,-64.30697665801054
0.10204,-64.29931611874395
0.10204500000000001,-64.31597007942796
0.10205,-64.32620878249189
0.102055,-64.3417344805681
0.10206000000000001,-64.33969060683519
0.102065,-64.33764713791481
0.10207000000000001,-64.32990110581618
0.10207500000000001,-64.32215825705556
0.10208,-64.33249680672341
0.10208500000000001,-64.32483117129769
0.10209000000000001,-64.32306607370677
0.102095,-64.31532710695662
0.10210000000000001,-64.32635960110994
0.10210500000000002,-64.3186972862997
0.10211,-64.31716561286477
0.10211500000000001,-64.32843159329678
0.10212,-64.320769496761
0.10212500000000001,-64.31931577760889
0.10213000000000001,-64.31158038559418
0.102135,-64.32353376963789
0.10214000000000001,-64.31587435569357
0.10214500000000001,-64.33411465431566
0.10215,-64.32645272182275
0.10215500000000001,-64.34439389754478
0.10216000000000001,-64.33672933190121
0.102165,-64.35437195906903
0.10217000000000001,-64.34670490694495
0.102175,-64.36404956304972
0.10218,-64.37480351811858
0.10218500000000001,-64.37315698369292
0.10219,-64.37151073874915
0.10219500000000001,-64.36376287418412
0.10220000000000001,-64.3748296513929
0.102205,-64.38559554388594
0.10221000000000001,-64.38395222246353
0.10221500000000001,-64.38230919003087
0.10222,-64.3745600331237
0.10222500000000001,-64.36681397238426
0.10223,-64.37834877998803
0.102235,-64.37067920114687
0.10224000000000001,-64.3883653683254
0.102245,-64.38069363712181
0.10225000000000001,-64.37924799820226
0.10225500000000001,-64.37150290394655
0.10226,-64.38349930329461
0.10226500000000001,-64.37583035582344
0.10227000000000001,-64.39413041051269
0.102275,-64.38645912657731
0.10228000000000001,-64.38516719692208
0.10228500000000001,-64.39716674037808
0.10229,-64.38949537230951
0.10229500000000001,-64.4078002731679
0.1023,-64.4192721094917
0.10230500000000001,-64.43644507298835
0.10231000000000001,-64.45271143444816
0.102315,-64.45084051501142
0.10232000000000001,-64.44897005921145
0.10232500000000001,-64.44120816250947
0.10233,-64.43344955092773
0.10233500000000001,-64.42569413137993
0.10234000000000001,-64.41794181442586
0.102345,-64.42973686484945
0.10235000000000001,-64.42206091422166
0.102355,-64.4400948766052
0.10236,-64.43241674372385
0.10236500000000001,-64.4310531459009
0.10237,-64.442851855643
0.10237500000000001,-64.43517382154955
0.10238000000000001,-64.43388704505223
0.102385,-64.42613605208729
0.10239000000000001,-64.41838798489736
0.10239500000000001,-64.43132196460277
0.1024,-64.44395306632023
0.10240500000000001,-64.44293053361939
0.10241000000000001,-64.46168626480049
0.102415,-64.45400578837815
0.10242000000000001,-64.45279244306693
0.102425,-64.44503881629905
0.10243000000000001,-64.45774397610457
0.10243500000000001,-64.47014626676447
0.10244,-64.48856121398444
0.10244500000000001,-64.48722800219808
0.10245000000000001,-64.4858950369197
0.102455,-64.4781336734282
0.10246000000000001,-64.47037540005212
0.10246500000000001,-64.48285507723664
0.10247,-64.4950319010278
0.10247500000000001,-64.49385153153403
0.10248,-64.49267133613573
0.102485,-64.50469661072341
0.10249000000000001,-64.4970095044898
0.102495,-64.51535267940638
0.10250000000000001,-64.52684832402807
0.10250500000000001,-64.52543599182172
0.10251,-64.52402395908376
0.10251500000000001,-64.51625661829327
0.10252000000000001,-64.5084924241008
0.102525,-64.50073128889527
0.10253000000000001,-64.51344058079717
0.10253500000000002,-64.52584660812752
0.10254,-64.52474061847103
0.10254500000000001,-64.54319976334432
0.10255,-64.5546960982302
0.10255500000000001,-64.55328157162049
0.10256000000000001,-64.57053127967077
0.102565,-64.58111956792217
0.10257000000000001,-64.57939765128054
0.10257500000000001,-64.5776761909083
0.10258,-64.56989853747348
0.10258500000000001,-64.58079791255713
0.10259000000000001,-64.5730975853907
0.102595,-64.57149627437947
0.10260000000000001,-64.58262718242428
0.102605,-64.57492794787387
0.10261,-64.59208427420155
0.10261500000000001,-64.58438337733266
0.10262,-64.58278327418033
0.10262500000000001,-64.59391953859183
0.10263000000000001,-64.58621935764752
0.102635,-64.6033829835168
0.10264000000000001,-64.59568110615655
0.10264500000000001,-64.61254439209824
0.10265,-64.62292691188203
0.10265500000000001,-64.62113362851333
0.10266000000000002,-64.63690294765185
0.102665,-64.64637902568134
0.10267000000000001,-64.64427932824918
0.102675,-64.65884349620768
0.10268000000000001,-64.65112776390552
0.10268500000000001,-64.66528370389335
0.10269,-64.67363437650455
0.10269500000000001,-64.6866573403218
0.10270000000000001,-64.68394743497055
0.102705,-64.681238357623
0.10271000000000001,-64.67344001345735
0.10271500000000001,-64.68143602366041
0.10272,-64.67371700743377
0.10272500000000001,-64.68670768713028
0.10273,-64.67898821367159
0.102735,-64.69168744428801
0.10274000000000001,-64.69894579634166
0.102745,-64.69609975890343
0.10275000000000001,-64.69325450559205
0.10275500000000001,-64.70037850490031
0.10276,-64.69265674812183
0.10276500000000001,-64.70448784246123
0.10277000000000001,-64.69676582271661
0.102775,-64.70830801877466
0.10278000000000001,-64.70058541491268
0.10278500000000002,-64.71183935673677
0.10279,-64.70411621687589
0.10279500000000001,-64.70102435600002
0.1028,-64.70774933671866
0.10280500000000001,-64.7000286022942
0.10281000000000001,-64.69702223690115
0.102815,-64.70399725052165
0.10282000000000001,-64.71067256833918
0.10282500000000001,-64.7214618397655
0.10283,-64.7181923488756
0.10283500000000001,-64.7149236736874
0.10284000000000001,-64.72078666670899
0.102845,-64.71306341348219
0.10285000000000001,-64.72321686656463
0.102855,-64.71549349914952
0.10286000000000001,-64.71212635984647
0.10286500000000001,-64.70432881489802
0.10287,-64.69653472593231
0.10287500000000001,-64.7033727944509
0.10288000000000001,-64.695658048471
0.102885,-64.69269310977788
0.10289000000000001,-64.69978058455763
0.10289500000000001,-64.70656830065765
0.1029,-64.7035701130661
0.10290500000000001,-64.71455486270996
0.10291000000000002,-64.7068369984321
0.102915,-64.70365317932676
0.10292000000000001,-64.69586097254508
0.102925,-64.68807205120495
0.10293000000000001,-64.68028632234476
0.10293500000000001,-64.68812319469531
0.10294,-64.68041584891533
0.10294500000000001,-64.69319052995769
0.10295000000000001,-64.70050844003926
0.102955,-64.69768939007994
0.10296000000000001,-64.69487079483166
0.10296500000000001,-64.68708309757312
0.10297,-64.67929854913143
0.10297500000000001,-64.68741003730887
0.10298,-64.69522097996834
0.10298500000000001,-64.692568194076
0.10299000000000001,-64.68991578255083
0.102995,-64.69759005819303
0.10300000000000001,-64.7049640898676
0.10300500000000001,-64.70216343477495
0.10301,-64.69936323495153
0.10301500000000001,-64.69157491392929
0.10302000000000001,-64.69927867431795
0.103025,-64.6915688931601
0.10303000000000001,-64.68889563245294
0.103035,-64.69684463349391
0.10304,-64.68913602072568
0.10304500000000001,-64.70206022260047
0.10305,-64.69435016691517
0.10305500000000001,-64.70698289261556
0.10306000000000001,-64.71419360247697
0.103065,-64.71133691731889
0.10307000000000001,-64.72288402844676
0.10307500000000001,-64.72919473435132
0.10308,-64.73949689465505
0.10308500000000001,-64.73610586193425
0.10309000000000001,-64.73271558505614
0.103095,-64.72491582739026
0.10310000000000001,-64.71711951645858
0.103105,-64.70932655299032
0.10311000000000001,-64.70153684160321
0.10311500000000001,-64.70890411252023
0.10312,-64.70119311510629
0.10312500000000001,-64.69840686479861
0.10313000000000001,-64.69062170900952
0.103135,-64.68283958525522
0.10314000000000001,-64.6913801322821
0.10314500000000001,-64.69961974010114
0.10315,-64.69711114377243
0.10315500000000001,-64.71002624386882
0.10316,-64.70231553628714
0.103165,-64.71482563915102
0.10317000000000001,-64.70711330466345
0.103175,-64.70434305838548
0.10318000000000001,-64.71200796474255
0.10318500000000001,-64.70429665362408
0.10319,-64.7016094064043
0.10319500000000001,-64.70951959854972
0.10320000000000001,-64.71712926152337
0.103205,-64.72916157266951
0.10321000000000001,-64.74028395621693
0.10321500000000002,-64.73709991439958
0.10322,-64.73391652416139
0.10322500000000001,-64.7261191926003
0.10323,-64.73269855709513
0.10323500000000001,-64.7389783663967
0.10324000000000001,-64.73580748268276
0.103245,-64.73263721726644
0.10325000000000001,-64.72484105149577
0.10325500000000001,-64.71704819117859
0.10326,-64.72413043087536
0.10326500000000001,-64.7309127468685
0.10327000000000001,-64.72791198015031
0.103275,-64.72491172512098
0.10328000000000001,-64.73156115909067
0.103285,-64.72384470983714
0.10329,-64.73504201069682
0.10329500000000001,-64.72732464934809
0.1033,-64.73823417400985
0.10330500000000001,-64.73051567823984
0.10331000000000001,-64.72734087072126
0.103315,-64.73380963630422
0.10332000000000001,-64.72609275309071
0.10332500000000001,-64.72300317101309
0.10333,-64.72972271985883
0.10333500000000001,-64.73614261617104
0.10334000000000002,-64.73302017073551
0.103345,-64.72989827018307
0.10335000000000001,-64.72210459566787
0.103355,-64.728859874338
0.10336000000000001,-64.72114531697872
0.10336500000000001,-64.73248281909154
0.10337,-64.72476720345678
0.10337500000000001,-64.72170144449282
0.10338000000000001,-64.71391127224136
0.103385,-64.72116585857584
0.10339000000000001,-64.72812039596546
0.10339500000000001,-64.72517859211864
0.1034,-64.72223723370412
0.10340500000000001,-64.71444699140669
0.10341,-64.72173353114574
0.103415,-64.71402196345676
0.10342000000000001,-64.72606539333526
0.103425,-64.71835249894336
0.10343000000000001,-64.73010624286385
0.10343500000000001,-64.72239184267521
0.10344,-64.73385654117921
0.10344500000000001,-64.74019101681236
0.10345000000000001,-64.75052422725989
0.103455,-64.7599474557122
0.10346000000000001,-64.76846070097494
0.10346500000000002,-64.77606397446876
0.10347,-64.77199055771096
0.10347500000000001,-64.76791814933446
0.10348,-64.76010859606
0.10348500000000001,-64.7640625167007
0.10349000000000001,-64.76771890709749
0.103495,-64.774485172611
0.10350000000000001,-64.77020258918705
0.10350500000000001,-64.77611373175446
0.10351,-64.76837950364875
0.10351500000000001,-64.76391560786169
0.10352000000000001,-64.75610656881122
0.103525,-64.75923161079542
0.10353000000000001,-64.75150426625821
0.103535,-64.74729339497914
0.10354000000000001,-64.75068495355436
0.10354500000000001,-64.7429608182228
0.10355,-64.73884083352287
0.10355500000000001,-64.73104200455043
0.10356000000000001,-64.7232465581695
0.103565,-64.71545439762505
0.10357000000000001,-64.72052652884034
0.10357500000000001,-64.71281422944999
0.10358,-64.70926199424632
0.10358500000000001,-64.71459158581837
0.10359000000000002,-64.71962282483273
0.103595,-64.71604008832874
0.10360000000000001,-64.71245788840571
0.103605,-64.70466824009581
0.10361000000000001,-64.71004377725276
0.10361500000000001,-64.70233375403386
0.10362,-64.69888414027392
0.10362500000000001,-64.70451579048138
0.10363000000000001,-64.70984890070194
0.103635,-64.70636821460558
0.10364000000000001,-64.70288802547947
0.10364500000000001,-64.69510041767438
0.10365,-64.70077601888855
0.10365500000000001,-64.69306782637892
0.10366,-64.68971943643227
0.10366500000000001,-64.68193644645635
0.10367000000000001,-64.67415644505826
0.103675,-64.66637935090763
0.10368000000000001,-64.67370937254158
0.10368500000000001,-64.66601037333379
0.10369,-64.67810788467669
0.10369500000000001,-64.684920740095
0.10370000000000001,-64.68193823855883
0.103705,-64.67895604515009
0.10371000000000001,-64.68563601961156
0.103715,-64.69201668926824
0.10372,-64.7024084774181
0.10372500000000001,-64.6990489593768
0.10373,-64.69568996845771
0.10373500000000001,-64.68790182545995
0.10374000000000001,-64.68011684592634
0.103745,-64.68662227907187
0.10375000000000001,-64.67891625867038
0.10375500000000001,-64.68991889597524
0.10376,-64.68221158057258
0.10376500000000001,-64.67906830344297
0.10377000000000002,-64.68560991591343
0.103775,-64.69185234113739
0.10378000000000001,-64.70206031612906
0.103785,-64.69865381276006
0.10379000000000001,-64.70800239278815
0.10379500000000001,-64.71266683222957
0.1038,-64.70895847702046
0.10380500000000001,-64.71711644789382
0.10381000000000001,-64.70939662286271
0.103815,-64.71716103444032
0.10382000000000001,-64.72072261022177
0.10382500000000001,-64.71664342422208
0.10383,-64.7233343852856
0.10383500000000001,-64.71561064373994
0.10384,-64.72191150723181
0.103845,-64.72437579724365
0.10385000000000001,-64.72955085879451
0.103855,-64.72487378672093
0.10386000000000001,-64.72019783063749
0.10386500000000001,-64.7123927669399
0.10387,-64.71453960824252
0.10387500000000001,-64.7068168005255
0.10388000000000001,-64.71202552823948
0.103885,-64.70430329708215
0.10389000000000001,-64.70923902844693
0.10389500000000002,-64.70151704323752
0.1039,-64.6968469174436
0.10390500000000001,-64.69885766013802
0.10391,-64.69113888512956
0.10391500000000001,-64.68656227140495
0.10392000000000001,-64.68884542767408
0.103925,-64.6811299233185
0.10393000000000001,-64.67664621023063
0.10393500000000001,-64.67920054749867
0.10394,-64.67148802873686
0.10394500000000001,-64.66709662681198
0.10395000000000001,-64.66992092047276
0.103955,-64.66221112961355
0.10396000000000001,-64.66831728149884
0.103965,-64.66060732395354
0.10397,-64.6664389451986
0.10397500000000001,-64.66855564896606
0.10398,-64.6640009455459
0.10398500000000001,-64.65944708255637
0.10399000000000001,-64.6516576441612
0.103995,-64.64387159217709
0.10400000000000001,-64.6468272212843
0.10400500000000001,-64.6391222244006
0.10401,-64.64540175903743
0.10401500000000001,-64.64785546824804
0.10402000000000002,-64.64341641631042
0.104025,-64.64862819542684
0.10403000000000001,-64.64091897193506
0.104035,-64.63629893843877
0.10404000000000001,-64.62851403792607
0.10404500000000001,-64.6311263195119
0.10405,-64.63344316179855
0.10405500000000001,-64.62895992473041
0.10406000000000001,-64.62447743889199
0.104065,-64.62668097996931
0.10407000000000001,-64.62858946226655
0.10407500000000001,-64.62396954201235
0.10408,-64.6284556530167
0.10408500000000001,-64.62074796379918
0.10409,-64.62485085623267
0.10409500000000001,-64.62567358864418
0.10410000000000001,-64.62865507190736
0.104105,-64.63072930815812
0.10411000000000001,-64.62528672810065
0.10411500000000001,-64.61984533217196
0.10412,-64.61205292015117
0.10412500000000001,-64.61189455264845
0.10413000000000001,-64.60418544602499
0.104135,-64.59889232777259
0.10414000000000001,-64.59901760509486
0.10414500000000002,-64.59884979611967
0.10415,-64.59353697723445
0.10415500000000001,-64.59525922315888
0.10416,-64.58755185354275
0.10416500000000001,-64.58206138174351
0.10417000000000001,-64.5742778888741
0.104175,-64.56649791279465
0.10418000000000001,-64.56699475552826
0.10418500000000001,-64.55929724620196
0.10419,-64.5623036524591
0.10419500000000001,-64.55460639905893
0.10420000000000001,-64.54947260507394
0.104205,-64.55005169390442
0.10421000000000001,-64.54235715400819
0.104215,-64.54547218539398
0.10422000000000001,-64.53777781068138
0.10422500000000001,-64.5406272767866
0.10423,-64.54051517621879
0.10423500000000001,-64.54224634522507
0.10424000000000001,-64.53673006541433
0.104245,-64.5312148231334
0.10425000000000001,-64.52343798705934
0.10425500000000001,-64.5230294997657
0.10426,-64.51533571480199
0.10426500000000001,-64.50996930328226
0.10427000000000002,-64.50984649438287
0.104275,-64.50215599801528
0.10428000000000001,-64.50433624053792
0.104285,-64.50372422638347
0.10429000000000001,-64.49827291803257
0.10429500000000001,-64.49939958215847
0.1043,-64.49170681575407
0.10430500000000001,-64.48607853182206
0.10431000000000001,-64.48517247604697
0.104315,-64.48397501961882
0.10432000000000001,-64.47832932131706
0.10432500000000001,-64.47268463588301
0.10433,-64.47139042019879
0.10433500000000001,-64.4637018947147
0.10434,-64.46432333880482
0.10434500000000001,-64.45663559200932
0.10435000000000001,-64.45091311407141
0.104355,-64.44971619641628
0.10436000000000001,-64.44822837711128
0.10436500000000001,-64.4424891387677
0.10437,-64.4367509066534
0.10437500000000001,-64.42898721591777
0.10438000000000001,-64.42788913728101
0.104385,-64.4202086896301
0.10439000000000001,-64.4210888687326
0.104395,-64.41340893266042
0.1044,-64.40775695046615
0.10440500000000001,-64.40675557516569
0.10441,-64.39907860964531
0.10441500000000001,-64.3935257587377
0.10442000000000001,-64.39281406175174
0.104425,-64.3918114499204
0.10443000000000001,-64.38624093935579
0.10443500000000001,-64.38067130689969
0.10444,-64.3729178173169
0.10444500000000001,-64.36516760892795
0.10445000000000002,-64.35742058874658
0.104455,-64.35776941369508
0.10446000000000001,-64.3501043386814
0.104465,-64.34500927187082
0.10447000000000001,-64.3456417671526
0.10447500000000001,-64.33797883254019
0.10448,-64.341156651574
0.10448500000000001,-64.34130015368356
0.10449000000000001,-64.34336353675965
0.104495,-64.33795348996966
0.10450000000000001,-64.33254427374668
0.10450500000000001,-64.32479749439736
0.10451,-64.31705395765636
0.10451500000000001,-64.3093135720241
0.10452,-64.31012564691801
0.104525,-64.30246692260748
0.10453000000000001,-64.3058827061151
0.104535,-64.2982235347922
0.10454000000000001,-64.29322077492598
0.10454500000000001,-64.29411802142849
0.10455,-64.28646070915038
0.10455500000000001,-64.28998955124443
0.10456000000000001,-64.28233181794512
0.104565,-64.28559771518228
0.10457000000000001,-64.27793939346421
0.10457500000000002,-64.27289990665726
0.10458,-64.27368578608503
0.10458500000000001,-64.26602951494965
0.10459,-64.26108617086655
0.10459500000000001,-64.26215460205643
0.10460000000000001,-64.2545005304937
0.104605,-64.25825646032457
0.10461000000000001,-64.2588359473071
0.10461500000000001,-64.26147855088229
0.10462,-64.26321904483783
0.10462500000000001,-64.25773274181077
0.10463000000000001,-64.25224739262731
0.104635,-64.24450660349927
0.10464000000000001,-64.24411904024103
0.104645,-64.24344132733611
0.10465,-64.23798999581066
0.10465500000000001,-64.23253957845432
0.10466,-64.23176633313099
0.10466500000000001,-64.22410874964373
0.10467000000000001,-64.22541586421707
0.104675,-64.21775878809767
0.10468000000000001,-64.2122310160701
0.10468500000000001,-64.20449729663359
0.10469,-64.19676687016836
0.10469500000000001,-64.1890396431329
0.10470000000000002,-64.1898101026611
0.104705,-64.18216465657171
0.10471000000000001,-64.18552209267223
0.104715,-64.17787630087744
0.10472000000000001,-64.17286924204919
0.10472500000000001,-64.16514678748244
0.10473,-64.16648464172954
0.10473500000000001,-64.15884355500928
0.10474000000000001,-64.1629547461232
0.104745,-64.16380441600212
0.10475000000000001,-64.1588728215775
0.10475500000000001,-64.15394189287191
0.10476,-64.14622007092969
0.10476500000000001,-64.1385013464345
0.10477,-64.13078563348057
0.10477500000000001,-64.12307284952682
0.10478000000000001,-64.11536291526483
0.104785,-64.11849823324205
0.10479000000000001,-64.11086831873736
0.10479500000000001,-64.11736791071729
0.1048,-64.12000978659373
0.10480500000000001,-64.11568271744463
0.10481000000000001,-64.11135608843837
0.104815,-64.10364437197956
0.10482000000000001,-64.09593555409688
0.10482500000000002,-64.0882295566609
0.10483,-64.09218664528575
0.10483500000000001,-64.08456022692842
0.10484,-64.0806937351807
0.10484500000000001,-64.07299128836124
0.10485000000000001,-64.07768929255492
0.104855,-64.07006594311794
0.10486000000000001,-64.07864308001461
0.10486500000000001,-64.08284312231571
0.10487,-64.09030560303593
0.10487500000000001,-64.09686766094282
0.10488000000000001,-64.09260783837023
0.104885,-64.08834859147346
0.10489000000000001,-64.08063507718632
0.104895,-64.07292463990484
0.10490000000000001,-64.07661289940958
0.10490500000000001,-64.06898264560675
0.10491,-64.07621870447596
0.10491500000000001,-64.06858745123155
0.10492000000000001,-64.0755546235306
0.104925,-64.06792222362189
0.10493000000000001,-64.06382756770158
0.10493500000000001,-64.06738438865236
0.10494,-64.07064892493709
0.10494500000000001,-64.06653029676572
0.10495000000000002,-64.07280556626215
0.104955,-64.06517017308803
0.10496000000000001,-64.06087236346863
0.104965,-64.05316114688785
0.10497000000000001,-64.04545304561262
0.10497500000000001,-64.03774797298813
0.10498,-64.04212431416208
0.10498500000000001,-64.03449901282187
0.10499000000000001,-64.04264936247249
0.104995,-64.04652957899388
0.10500000000000001,-64.05356644294368
0.10500500000000001,-64.04942780081207
0.10501,-64.04528977866768
0.10501500000000001,-64.03757958335856
0.10502,-64.04114921992037
0.10502500000000001,-64.03351956891007
0.10503000000000001,-64.02952228119432
0.105035,-64.03336386535788
0.10504000000000001,-64.02573602177699
0.10504500000000001,-64.03317586413026
0.10505,-64.02554721907451
0.10505500000000001,-64.0327182831524
0.10506000000000001,-64.02508865910127
0.105065,-64.03199159835748
0.10507000000000001,-64.02436110999713
0.105075,-64.03099658031465
0.10508,-64.02336533595897
0.10508500000000001,-64.02973399561729
0.10509,-64.02210209768654
0.10509500000000001,-64.01785850648571
0.10510000000000001,-64.01015094889706
0.105105,-64.01373614266491
0.10511000000000001,-64.00610917234579
0.10511500000000001,-64.00211891890314
0.10512,-64.00597630103357
0.10512500000000001,-64.00954157102252
0.10513000000000002,-64.0161586595891
0.105135,-64.01191659838496
0.10514000000000001,-64.00767524500833
0.105145,-63.99996714278561
0.10515000000000001,-64.00322523451354
0.10515500000000001,-63.995598009074236
0.10516,-64.00226168376042
0.10516500000000001,-63.99463400466223
0.10517000000000001,-64.0010312063146
0.105175,-64.00359794958224
0.10518000000000001,-63.999248311227575
0.10518500000000001,-64.00459434886601
0.10519,-63.996962149207654
0.10519500000000001,-63.99243483818927
0.1052,-63.994699134849256
0.105205,-63.987069517754065
0.10521000000000001,-63.982637434931114
0.105215,-63.98518050330749
0.10522000000000001,-63.97755356451994
0.10522500000000001,-63.973216132661214
0.10523,-63.97603671830054
0.10523500000000001,-63.96841223156841
0.10524000000000001,-63.97449318801021
0.105245,-63.966868368492214
0.10525000000000001,-63.97268465100012
0.10525500000000002,-63.97481721896692
0.10526,-63.97952391539403
0.10526500000000001,-63.974804219041765
0.10527,-63.97008542253435
0.10527500000000001,-63.97144266071016
0.10528000000000001,-63.963813478837885
0.105285,-63.959079454916825
0.10529000000000001,-63.95137480682432
0.10529500000000001,-63.9534930537102
0.1053,-63.94587000466889
0.10530500000000001,-63.951016255861504
0.10531000000000001,-63.94339310272239
0.105315,-63.93885071820022
0.10532000000000001,-63.93115168034487
0.105325,-63.92345585124379
0.10533000000000001,-63.91576314050875
0.10533500000000001,-63.91939084549752
0.10534,-63.911778437072876
0.10534500000000001,-63.90781201025182
0.10535000000000001,-63.900123983226344
0.105355,-63.904497053327844
0.10536000000000001,-63.896888762443275
0.10536500000000001,-63.89317345487566
0.10537,-63.88548958268408
0.10537500000000001,-63.89060289464804
0.10538000000000002,-63.8954238336573
0.105385,-63.903709514029394
0.10539000000000001,-63.89989962853641
0.105395,-63.89609021293243
0.10540000000000001,-63.88840151793959
0.10540500000000001,-63.88071582428453
0.10541,-63.885694934357
0.10541500000000001,-63.87808868962143
0.10542000000000001,-63.87457680502293
0.105425,-63.86689517169626
0.10543000000000001,-63.85921636211004
0.10543500000000001,-63.851540300940535
0.10544,-63.84386691581374
0.10544500000000001,-63.85098388968118
0.10545,-63.8433883418558
0.10545500000000001,-63.840595976433434
0.10546000000000001,-63.847969898429604
0.105465,-63.840374207105825
0.10547000000000001,-63.852505381206036
0.10547500000000001,-63.844907451225815
0.10548,-63.85676108063859
0.10548500000000001,-63.84916085641067
0.10549000000000001,-63.8463117451679
0.105495,-63.85352551458323
0.10550000000000001,-63.86044537102657
0.10550500000000002,-63.87152885042772
0.10551,-63.881714423970664
0.10551500000000001,-63.891002078168796
0.10552,-63.887439585446565
0.10552500000000001,-63.88387770089633
0.10553000000000001,-63.87618517170393
0.105535,-63.86849585144321
0.10554000000000001,-63.874219056809515
0.10554500000000001,-63.86660921959194
0.10555,-63.863343246596834
0.10555500000000001,-63.85565862308315
0.10556000000000001,-63.86211313427404
0.105565,-63.85450740771094
0.10557000000000001,-63.85148784332982
0.105575,-63.85820254131643
0.10558000000000001,-63.86462371801366
0.10558500000000001,-63.86157549547047
0.10559,-63.85852764967148
0.10559500000000001,-63.85084367021301
0.10560000000000001,-63.8431626813669
0.105605,-63.85039756057784
0.10561000000000001,-63.842794936839894
0.10561500000000001,-63.85474353522521
0.10562,-63.84713923660262
0.10562500000000001,-63.844310976740815
0.10563000000000002,-63.836631763197296
0.105635,-63.84438018870952
0.10564000000000001,-63.851834305446275
0.105645,-63.863630716079875
0.10565000000000001,-63.86070131866095
0.10565500000000001,-63.857772318816046
0.10566,-63.85008733606966
0.10566500000000001,-63.85721254127114
0.10567000000000001,-63.849606215596424
0.105675,-63.86141010196807
0.10568000000000001,-63.8538023550936
0.10568500000000002,-63.865329339750836
0.10569,-63.85772000952155
0.10569500000000001,-63.86897070358571
0.1057,-63.8613599118248
0.10570500000000001,-63.85835251770949
0.10571000000000001,-63.85066700406277
0.105715,-63.842984541913715
0.10572000000000001,-63.850676553210384
0.10572500000000001,-63.84307235287181
0.10573,-63.8556297618145
0.10573500000000001,-63.8480239298611
0.10574000000000001,-63.8453467333558
0.105745,-63.853084299189426
0.10575000000000001,-63.84547909106782
0.105755,-63.85809743792273
0.10576,-63.85049064835228
0.10576500000000001,-63.86283017309194
0.10577,-63.869854462028016
0.10577500000000001,-63.86700475551389
0.10578000000000001,-63.864155494940114
0.105785,-63.85646791680219
0.10579000000000001,-63.863835931319855
0.10579500000000001,-63.856227033857145
0.1058,-63.86835481788629
0.10580500000000001,-63.875220005759076
0.10581000000000002,-63.87231614552692
0.105815,-63.869412767888655
0.10582000000000001,-63.87615661629112
0.105825,-63.86854342631857
0.10583000000000001,-63.87984205262653
0.10583500000000001,-63.872227882352036
0.10584,-63.88325055727422
0.10584500000000001,-63.875635192292314
0.10585000000000001,-63.88638253269982
0.105855,-63.87876606973768
0.10586000000000001,-63.88923869507584
0.10586500000000001,-63.881621225930914
0.10587,-63.87841449249619
0.10587500000000001,-63.88459313954518
0.10588,-63.890478533130285
0.105885,-63.887244655243194
0.10589000000000001,-63.89700745184907
0.105895,-63.902014097808085
0.10590000000000001,-63.91055253556656
0.10590500000000001,-63.90679495209803
0.10591,-63.90303823675442
0.10591500000000001,-63.89533583578222
0.10592000000000001,-63.90002864958462
0.105925,-63.89240696816351
0.10593000000000001,-63.90097919275373
0.10593500000000002,-63.893357355254075
0.10594,-63.901659906843115
0.10594500000000001,-63.90565621935913
0.10595,-63.90178776416425
0.10595500000000001,-63.89792015672535
0.10596000000000001,-63.8902194206534
0.105965,-63.89457844276618
0.10597000000000001,-63.88695850488126
0.10597500000000001,-63.88323139317281
0.10598,-63.87553686280255
0.10598500000000001,-63.880636755228494
0.10599000000000001,-63.87302233471531
0.105995,-63.869545701459806
0.10600000000000001,-63.87491215336649
0.106005,-63.879986117753866
0.10601000000000001,-63.876483677820424
0.10601500000000001,-63.88516502451733
0.10602,-63.88936255716804
0.10602500000000001,-63.896820992310005
0.10603000000000001,-63.90338168653996
0.106035,-63.899129396889094
0.10604000000000001,-63.89487807197671
0.10604500000000001,-63.88717536665418
0.10605,-63.8794762201176
0.10605500000000001,-63.871780528230616
0.10606000000000002,-63.87594705300726
0.106065,-63.86833203610233
0.10607000000000001,-63.87620196629747
0.106075,-63.868586581324
0.10608000000000001,-63.87618889456076
0.10608500000000001,-63.879662511732036
0.10609,-63.88615534028128
0.10609500000000001,-63.881889504723866
0.10610000000000001,-63.877624563021776
0.106105,-63.8699262354632
0.10611000000000001,-63.86223137542513
0.10611500000000001,-63.85453988233992
0.10612,-63.85865744511728
0.10612500000000001,-63.85104648897673
0.10613,-63.85885007723301
0.10613500000000001,-63.851238600624
0.10614000000000001,-63.8587749818194
0.106145,-63.85116276305768
0.10615000000000001,-63.858432582175766
0.10615500000000001,-63.86165808554496
0.10616,-63.8575386425098
0.10616500000000001,-63.85341996573652
0.10617000000000001,-63.8457280768315
0.106175,-63.838039515432456
0.10618000000000001,-63.84210629590926
0.10618500000000002,-63.83449822371818
0.10619,-63.83068138706555
0.10619500000000001,-63.82299820119077
0.1062,-63.8278082987203
0.10620500000000001,-63.8323267193617
0.10621000000000001,-63.82864492709893
0.106215,-63.82496366521904
0.10622000000000001,-63.81728111837823
0.10622500000000001,-63.822159915549435
0.10623,-63.81455720587284
0.10623500000000001,-63.823371277453205
0.10624000000000001,-63.81576759704956
0.106245,-63.81215656916995
0.10625000000000001,-63.804477505989254
0.106255,-63.79680145823886
0.10626000000000001,-63.789128343043714
0.10626500000000001,-63.78145808077463
0.10627,-63.78827732143025
0.10627500000000001,-63.79480344595385
0.10628000000000001,-63.80535974047603
0.106285,-63.81501912124374
0.10629000000000001,-63.811559004831
0.10629500000000001,-63.80809938680071
0.1063,-63.81316468079248
0.10630500000000001,-63.80556110536012
0.10631000000000002,-63.814623766149424
0.106315,-63.81919481386534
0.10632000000000001,-63.81552968205807
0.106325,-63.81186516167797
0.10633000000000001,-63.816325015090435
0.10633500000000001,-63.8087185258889
0.10634,-63.81697658747545
0.10634500000000001,-63.80936956610135
0.10635000000000001,-63.80561724073837
0.106355,-63.810146919272825
0.10636000000000001,-63.80254175862658
0.10636500000000002,-63.79888125467217
0.10637,-63.791201185182764
0.10637500000000001,-63.796471329673665
0.10638,-63.788870961965166
0.10638500000000001,-63.785460352519095
0.10639000000000001,-63.77778504832137
0.106395,-63.7837905293477
0.10640000000000001,-63.789503619485515
0.10640500000000001,-63.79897725851172
0.10641,-63.80755422618242
0.10641500000000001,-63.815234531134145
0.10642000000000001,-63.81127414884109
0.106425,-63.80731454159471
0.10643000000000001,-63.799627331530665
0.106435,-63.80368632496277
0.10644,-63.807454449956836
0.10644500000000001,-63.80352061517214
0.10645,-63.79958751552884
0.10645500000000001,-63.80324829929335
0.10646000000000001,-63.79564081011274
0.106465,-63.79168926557384
0.10647000000000001,-63.795624321999234
0.10647500000000001,-63.78801933504327
0.10648,-63.784160819619174
0.10648500000000001,-63.78836889357809
0.10649000000000002,-63.78076617773313
0.106495,-63.7770001277306
0.10650000000000001,-63.781479970780296
0.106505,-63.77387931621705
0.10651000000000001,-63.78216240611896
0.10651500000000001,-63.786150531835574
0.10652,-63.78229308873361
0.10652500000000001,-63.78952593172751
0.10653000000000001,-63.79264218780708
0.106535,-63.79865584455797
0.10654000000000001,-63.803773326501585
0.10654500000000001,-63.79916900141757
0.10655,-63.79456569862071
0.10655500000000001,-63.786874479007444
0.10656,-63.78902336010302
0.10656500000000001,-63.781414208497566
0.10657000000000001,-63.77695773553785
0.106575,-63.76927347936181
0.10658000000000001,-63.7615926093307
0.10658500000000001,-63.764973857167206
0.10659,-63.76806509101691
0.10659500000000001,-63.76390976524385
0.10660000000000001,-63.76994847730765
0.106605,-63.76234478666666
0.10661000000000001,-63.76801010480848
0.10661500000000002,-63.76040614169303
0.10662,-63.75600830313017
0.10662500000000001,-63.758604709667196
0.10663,-63.76091181792816
0.10663500000000001,-63.75649407431996
0.10664000000000001,-63.7520771465482
0.106645,-63.744396926272714
0.10665000000000001,-63.73672005017673
0.10665500000000001,-63.729046422457785
0.10666,-63.732678733068695
0.10666500000000001,-63.73602104376194
0.10667000000000001,-63.74233266138387
0.106675,-63.73803879054085
0.10668000000000001,-63.73374565668352
0.106685,-63.72606969932582
0.10669000000000001,-63.71839700420819
0.10669500000000001,-63.72191490638211
0.1067,-63.71432284931002
0.10670500000000001,-63.71033377517154
0.10671000000000001,-63.70266631020294
0.106715,-63.69500188249904
0.10672000000000001,-63.687340408270174
0.10672500000000001,-63.692548998751676
0.10673,-63.68496679266168
0.10673500000000001,-63.69421427098723
0.10674000000000002,-63.68663063314056
0.106745,-63.68314300372615
0.10675000000000001,-63.67548374122515
0.106755,-63.667827319977036
0.10676000000000001,-63.66017366386448
0.10676500000000001,-63.65252269975103
0.10677,-63.64487435736422
0.10677500000000001,-63.63722856918329
0.10678000000000001,-63.629585270331305
0.106785,-63.621944398471456
0.10679000000000001,-63.63094451971683
0.10679500000000001,-63.6396507675963
0.1068,-63.637391110831935
0.10680500000000001,-63.63513135305833
0.10681,-63.62748654962218
0.10681500000000001,-63.63652880766749
0.10682000000000001,-63.62896073557062
0.106825,-63.62682865008971
0.10683000000000001,-63.61918572199463
0.10683500000000001,-63.62893828883128
0.10684,-63.6213716886975
0.10684500000000001,-63.61947735136933
0.10685000000000001,-63.6118360597853
0.106855,-63.62229403377884
0.10686000000000001,-63.61472867854434
0.10686500000000002,-63.63095593504094
0.10687,-63.62338752380481
0.10687500000000001,-63.639330469164534
0.10688,-63.64906542495469
0.10688500000000001,-63.647144213793574
0.10689000000000001,-63.66202110117677
0.106895,-63.65444181365954
0.10690000000000001,-63.668925547282335
0.10690500000000001,-63.66134393511488
0.10691,-63.67554701378361
0.10691500000000001,-63.66796322859515
0.10692000000000002,-63.68188623368943
0.106925,-63.69010396825397
0.10693000000000001,-63.68766752354772
0.106935,-63.68523143793506
0.10694000000000001,-63.677566608023106
0.10694500000000001,-63.68612308575578
0.10695,-63.67853628042059
0.10695500000000001,-63.692240140075185
0.10696000000000001,-63.684651738634095
0.106965,-63.68227451269801
0.10697000000000001,-63.67461183442532
0.10697500000000001,-63.66695213384061
0.10698,-63.67647419397376
0.10698500000000001,-63.685701603326294
0.10699000000000002,-63.6998580847227
0.106995,-63.69753312270739
0.10700000000000001,-63.69520850930514
0.107005,-63.68754241138955
0.10701000000000001,-63.69643351731775
0.10701500000000001,-63.68884529041449
0.10702,-63.70299475741263
0.10702500000000001,-63.695404889400564
0.10703000000000001,-63.6931379219375
0.107035,-63.685473889159724
0.10704000000000001,-63.694866422679524
0.10704500000000002,-63.70396428571276
0.10705,-63.71794925328473
0.10705500000000001,-63.7310380306308
0.10706,-63.728439688476946
0.10706500000000001,-63.72584186973132
0.10707000000000001,-63.733470833569314
0.107075,-63.72587215282001
0.10708000000000001,-63.72324935585602
0.10708500000000001,-63.71557688087317
0.10709,-63.70790757722157
0.10709500000000001,-63.71671869354693
0.10710000000000001,-63.70912735615352
0.107105,-63.70690328899861
0.10711000000000001,-63.71596510432899
0.107115,-63.72473238332801
0.10712,-63.73827765101055
0.10712500000000001,-63.73579403108366
0.10713,-63.73331087079505
0.10713500000000001,-63.74128076109575
0.10714000000000001,-63.73368257535316
0.107145,-63.74660917830205
0.10715000000000001,-63.754076491460424
0.10715500000000001,-63.75138098216345
0.10716,-63.748686028837525
0.10716500000000001,-63.75603139589406
0.10717000000000002,-63.74842944696463
0.107175,-63.76052619316646
0.10718000000000001,-63.76737084630564
0.107185,-63.764465399452625
0.10719000000000001,-63.761560589821386
0.10719500000000001,-63.75387943877164
0.1072,-63.746201621373594
0.10720500000000001,-63.75385793556959
0.10721000000000001,-63.76122064885152
0.107215,-63.75849068798062
0.10722000000000001,-63.770216905344455
0.10722500000000001,-63.762612727072586
0.10723,-63.75970150748613
0.10723500000000001,-63.752023060120344
0.10724,-63.75952373957331
0.10724500000000001,-63.751924171032556
0.10725000000000001,-63.76422667536759
0.107255,-63.75662602102171
0.10726000000000001,-63.768651778161406
0.10726500000000001,-63.77544341796483
0.10727,-63.7725207538599
0.10727500000000001,-63.78348704103584
0.10728000000000001,-63.77587995932684
0.107285,-63.772776659132646
0.10729000000000001,-63.76509523601411
0.10729500000000002,-63.77202927135706
0.1073,-63.77867019649739
0.10730500000000001,-63.78938338787307
0.10731,-63.799199864338846
0.10731500000000001,-63.795772567393314
0.10732000000000001,-63.79234607665982
0.107325,-63.784657739212854
0.10733000000000001,-63.77697287465641
0.10733500000000001,-63.783091914894435
0.10734,-63.775486843605094
0.10734500000000001,-63.77235640904896
0.10735000000000001,-63.764677137883005
0.107355,-63.77152593285427
0.10736000000000001,-63.76392579657652
0.107365,-63.76104175873468
0.10737000000000001,-63.753367361364866
0.10737500000000001,-63.76094082012906
0.10738,-63.76822070245919
0.10738500000000001,-63.76546500295983
0.10739000000000001,-63.76270971611733
0.107395,-63.76986834204574
0.10740000000000001,-63.77673368281708
0.10740500000000001,-63.7738377621916
0.10741,-63.78490140686682
0.10741500000000001,-63.77729722903459
0.10742000000000002,-63.774220316060635
0.107425,-63.78076096865383
0.10743000000000001,-63.787008787426174
0.107435,-63.797197805967215
0.10744000000000001,-63.806490075885705
0.10744500000000001,-63.80293139014824
0.10745,-63.799373513459145
0.10745500000000001,-63.791684718175624
0.10746000000000001,-63.79694439379023
0.107465,-63.78933596330906
0.10747000000000001,-63.798659230153696
0.10747500000000001,-63.80342444933867
0.10748,-63.7998214757226
0.10748500000000001,-63.79621927951813
0.10749,-63.78853203091531
0.10749500000000001,-63.78084819453814
0.10750000000000001,-63.77316767194427
0.107505,-63.77923062129968
0.10751000000000001,-63.7716296236913
0.10751500000000001,-63.78201932684816
0.10752,-63.77441742524796
0.10752500000000001,-63.771201722526435
0.10753000000000001,-63.77732371211562
0.107535,-63.7831532523175
0.10754000000000001,-63.77991087539201
0.10754500000000002,-63.77666905399792
0.10755,-63.78238311520039
0.10755500000000001,-63.77478049779156
0.10756,-63.784706506151956
0.10756500000000001,-63.78992476504734
0.10757000000000001,-63.7864763437026
0.107575,-63.783028573183316
0.10758000000000001,-63.77534637935109
0.10758500000000001,-63.76766746051263
0.10759,-63.773710912275895
0.10759500000000001,-63.766111456163515
0.10760000000000002,-63.762959356679616
0.107605,-63.75528533019267
0.10761000000000001,-63.747614350853226
0.107615,-63.73994633451708
0.10762000000000001,-63.74765087579766
0.10762500000000001,-63.75506182515439
0.10763,-63.75235360547154
0.10763500000000001,-63.764140914062956
0.10764000000000001,-63.75654483302771
0.107645,-63.75365468076387
0.10765000000000001,-63.74598381032799
0.10765500000000001,-63.75353197866696
0.10766,-63.74593944446352
0.10766500000000001,-63.74329336747475
0.10767000000000002,-63.73562635476904
0.107675,-63.72796220466646
0.10768000000000001,-63.72030084024975
0.107685,-63.72949281643755
0.10769000000000001,-63.73839005596907
0.10769500000000001,-63.75210628758197
0.1077,-63.74966945241406
0.10770500000000001,-63.74723286167573
0.10771000000000001,-63.739564241427054
0.107715,-63.731898528362514
0.10772000000000001,-63.7242356438195
0.10772500000000002,-63.71657551221603
0.10773,-63.726519522622134
0.10773500000000001,-63.73616817296729
0.10774,-63.73421043070611
0.10774500000000001,-63.73225275580141
0.10775000000000001,-63.74177068059041
0.107755,-63.73418207234325
0.10776000000000001,-63.74916505084353
0.10776500000000001,-63.74157427874186
0.10777,-63.75627426448534
0.10777500000000001,-63.748681217378916
0.10778000000000001,-63.74654923888501
0.107785,-63.7558899982386
0.10779000000000001,-63.74829717518894
0.107795,-63.74624847468033
0.1078,-63.755836917928555
0.10780500000000001,-63.74824450288174
0.10781,-63.763322462573505
0.10781500000000001,-63.77240251513308
0.10782000000000001,-63.786365443125035
0.107825,-63.799431235795964
0.10783000000000001,-63.79682089824402
0.10783500000000001,-63.79421108439167
0.10784,-63.78652855939373
0.10784500000000001,-63.77884926851132
0.10785000000000002,-63.78738496712567
0.107855,-63.77978388318025
0.10786000000000001,-63.79346370271801
0.107865,-63.8014940670805
0.10787000000000001,-63.79898408461378
0.10787500000000001,-63.811599560047014
0.10788,-63.80399123262749
0.10788500000000001,-63.81621665644998
0.10789000000000001,-63.808607152374584
0.107895,-63.82055527494951
0.10790000000000001,-63.81294467877297
0.10790500000000001,-63.810112041108475
0.10791,-63.802427280480664
0.10791500000000001,-63.79474576755048
0.10792,-63.80295661821477
0.10792500000000001,-63.79535348972978
0.10793000000000001,-63.79292143285863
0.107935,-63.78524438549891
0.10794000000000001,-63.77757036236745
0.10794500000000001,-63.78695703702744
0.10795,-63.79604840008002
0.10795500000000001,-63.79389628247052
0.10796000000000001,-63.79174442357446
0.107965,-63.78406897295413
0.10797000000000001,-63.77639648898658
0.10797500000000002,-63.76872689070354
0.10798,-63.77906891737479
0.10798500000000001,-63.771476026043416
0.10799,-63.76976089883759
0.10799500000000001,-63.78034554983097
0.10800000000000001,-63.77275257106785
0.108005,-63.77111826122372
0.10801000000000001,-63.781944372913415
0.10801500000000001,-63.774351253141916
0.10802,-63.791075907179035
0.10802500000000001,-63.783480364057176
0.10803000000000001,-63.781852410889506
0.108035,-63.792702877745164
0.10804000000000001,-63.78510709149016
0.108045,-63.80186494473098
0.10805000000000001,-63.794266842384175
0.10805500000000001,-63.79264529790227
0.10806,-63.78497335184061
0.10806500000000001,-63.79630443658458
0.10807000000000001,-63.807338478912285
0.108075,-63.82390745799352
0.10808000000000001,-63.83957841070217
0.10808500000000001,-63.83761799963087
0.10809,-63.835657941867574
0.10809500000000001,-63.845210607976924
0.10810000000000002,-63.83760081343537
0.108105,-63.85263605394904
0.10811000000000001,-63.8450248013992
0.108115,-63.84296305124847
0.10812000000000001,-63.835278088269966
0.10812500000000001,-63.827596225594235
0.10813,-63.819917377042245
0.10813500000000001,-63.81224145981037
0.10814000000000001,-63.82365864833997
0.108145,-63.83477852793484
0.10815000000000001,-63.83330089684215
0.10815500000000002,-63.85002893876259
0.10816,-63.84242192825135
0.10816500000000001,-63.840758229862146
0.10817,-63.833077573976276
0.10817500000000001,-63.82539985863799
0.10818000000000001,-63.817725003932566
0.108185,-63.82985810082772
0.10819000000000001,-63.82225905510802
0.10819500000000001,-63.821136834823335
0.1082,-63.83350352901129
0.10820500000000001,-63.84557203225525
0.10821000000000001,-63.8635214061325
0.108215,-63.86213143081151
0.10822000000000001,-63.86074162018965
0.10822500000000002,-63.87199542566666
0.10823,-63.88295171916613
0.10823500000000001,-63.8814129242709
0.10824,-63.87987438261264
0.10824500000000001,-63.89069285469701
0.10825000000000001,-63.883078745724205
0.108255,-63.8997991228383
0.10826000000000001,-63.892183236289725
0.10826500000000001,-63.89053905342639
0.10827,-63.90137992582214
0.10827500000000001,-63.89376458705124
0.10828000000000002,-63.910515051842744
0.108285,-63.92084091214016
0.10829000000000001,-63.91908678905307
0.108295,-63.934761986788196
0.10830000000000001,-63.92713831281281
0.10830500000000001,-63.92519905497515
0.10831,-63.935173790941896
0.10831500000000001,-63.92755121732677
0.10832000000000001,-63.94315129690318
0.108325,-63.935527350746284
0.10833000000000001,-63.950840183169184
0.10833500000000001,-63.960086612291
0.10834,-63.95796697290956
0.10834500000000001,-63.95584785396338
0.10835000000000002,-63.948144249904985
0.108355,-63.95771927329044
0.10836000000000001,-63.95009368239227
0.108365,-63.94810142234792
0.10837000000000001,-63.940402626980045
0.10837500000000001,-63.950681273334794
0.10838,-63.9430598631063
0.10838500000000001,-63.94130479095512
0.10839000000000001,-63.95182469264628
0.108395,-63.94420410389123
0.10840000000000001,-63.960528623948015
0.10840500000000002,-63.95290624179944
0.10841,-63.95115811554334
0.10841500000000001,-63.9617012164828
0.10842,-63.97194678347209
0.10842500000000001,-63.98747164212904
0.10843000000000001,-63.985459054161794
0.108435,-64.00012956466121
0.10844000000000001,-63.992496887500735
0.10844500000000001,-63.990299685021924
0.10845,-63.982593471624355
0.10845500000000001,-63.99227578411898
0.10846000000000001,-64.00166108348093
0.108465,-64.01604069258069
0.10847000000000001,-64.01373707887372
0.108475,-64.01143402442074
0.10848000000000001,-64.0037231776346
0.10848500000000001,-63.99601566001414
0.10849,-63.9883113764996
0.10849500000000001,-63.998272439120186
0.10850000000000001,-63.99064567028836
0.108505,-64.00622813073761
0.10851000000000001,-63.99859971797034
0.10851500000000001,-63.99666154917594
0.10852,-64.00664885990092
0.10852500000000001,-64.01633879697748
0.10853000000000002,-64.01436569534268
0.108535,-64.02919654762205
0.10854000000000001,-64.02156265264556
0.108545,-64.01940445906193
0.10855000000000001,-64.02874530090635
0.10855500000000001,-64.02111250905195
0.10856,-64.01903723688102
0.10856500000000001,-64.02862297178594
0.10857000000000001,-64.02099140887832
0.108575,-64.01899853297112
0.10858000000000001,-64.02882797255286
0.10858500000000001,-64.03836001790593
0.10859,-64.05293565200157
0.10859500000000001,-64.05067920512546
0.1086,-64.04842325074972
0.10860500000000001,-64.0407099182707
0.10861000000000001,-64.04989520412748
0.108615,-64.04225996247864
0.10862000000000001,-64.05681245000763
0.10862500000000001,-64.04917588841727
0.10863,-64.04697418188958
0.10863500000000001,-64.05619028427533
0.10864000000000001,-64.04855478034177
0.108645,-64.0464360577069
0.10865000000000001,-64.05589732936748
0.10865500000000002,-64.04826301347563
0.10866,-64.04622675512867
0.10866500000000001,-64.0559320097981
0.10867,-64.04829870548254
0.10867500000000001,-64.06354227836813
0.10868000000000001,-64.05590734495502
0.108685,-64.05387947513856
0.10869000000000001,-64.06361156328907
0.10869500000000001,-64.07304609667625
0.1087,-64.07098341994522
0.10870500000000001,-64.06892111081902
0.10871000000000001,-64.06120859277982
0.108715,-64.07096900161805
0.10872000000000001,-64.08043177986704
0.108725,-64.07837803627149
0.10873000000000001,-64.07632465421878
0.10873500000000001,-64.0686114080495
0.10874,-64.07839976860048
0.10874500000000001,-64.07076406579124
0.10875000000000001,-64.06883582977262
0.108755,-64.06112665668432
0.10876000000000001,-64.07161566017658
0.10876500000000001,-64.0818064062433
0.10877,-64.07999716135052
0.10877500000000001,-64.09549532559537
0.10878000000000002,-64.08785639167135
0.108785,-64.10295300405564
0.10879000000000001,-64.09531224643253
0.108795,-64.09324325348496
0.10880000000000001,-64.08552877753544
0.10880500000000001,-64.07781738938674
0.10881,-64.08835567588348
0.10881500000000001,-64.08072125028983
0.10882000000000001,-64.07904372522118
0.108825,-64.07133585903692
0.10883000000000001,-64.0825693517217
0.10883500000000002,-64.07493791023998
0.10884,-64.09221388336668
0.10884500000000001,-64.10292773027805
0.10885,-64.11907946463151
0.10885500000000001,-64.11721397575569
0.10886000000000001,-64.11534881345713
0.108865,-64.10763131367354
0.10887000000000001,-64.1179885816509
0.10887500000000001,-64.11034832186736
0.10888,-64.10860664231306
0.10888500000000001,-64.11920293836637
0.10889000000000001,-64.1115633516167
0.108895,-64.12799384626491
0.10890000000000001,-64.13807205420954
0.10890500000000002,-64.1362188916096
0.10891,-64.13436606101828
0.10891500000000001,-64.14430612021353
0.10892,-64.13666054416197
0.10892500000000001,-64.13477631774465
0.10893000000000001,-64.12705747339504
0.108935,-64.11934169363157
0.10894000000000001,-64.11162889383951
0.10894500000000001,-64.10391899271822
0.10895,-64.09621191215108
0.10895500000000001,-64.10867292988641
0.10896000000000002,-64.1208337435408
0.108965,-64.11968177668692
0.10897000000000001,-64.13780227614727
0.108975,-64.14906240483933
0.10898000000000001,-64.14760461794486
0.10898500000000001,-64.14614701832753
0.10899,-64.13842877986689
0.10899500000000001,-64.15000170091334
0.10900000000000001,-64.16127488455976
0.109005,-64.15982024523852
0.10901000000000001,-64.17676177725264
0.10901500000000001,-64.16911289376425
0.10902,-64.1674705457666
0.10902500000000001,-64.17838051947807
0.10903000000000002,-64.17073215113416
0.109035,-64.16916928778261
0.10904000000000001,-64.16144783837598
0.109045,-64.17304951791996
0.10905000000000001,-64.16540452654472
0.10905500000000001,-64.16407437019487
0.10906,-64.17590854152301
0.10906500000000001,-64.1682637765891
0.10907000000000001,-64.16701124249995
0.109075,-64.17907675983955
0.10908000000000001,-64.17143211304416
0.10908500000000002,-64.17025675021969
0.10909,-64.16253906721434
0.10909500000000001,-64.17528807637223
0.1091,-64.18773616455431
0.10910500000000001,-64.20620281743999
0.10911000000000001,-64.20490972166895
0.109115,-64.20361681753067
0.10912000000000001,-64.19589094418625
0.10912500000000001,-64.20796919322107
0.10913,-64.20031957308454
0.10913500000000001,-64.21872421191863
0.10914000000000001,-64.2110723811702
0.109145,-64.22917911863061
0.10915000000000001,-64.22152491797965
0.109155,-64.22019787545113
0.10916000000000001,-64.23205952035542
0.10916500000000001,-64.22440555032621
0.10917,-64.24252317651845
0.10917500000000001,-64.23486715313483
0.10918000000000001,-64.25268723240421
0.109185,-64.2450289794335
0.10919000000000001,-64.24362726096996
0.10919500000000001,-64.23589586823353
0.1092,-64.22816752248718
0.10920500000000001,-64.24072248158726
0.10921000000000002,-64.23307005579024
0.109215,-64.2521095198935
0.10922000000000001,-64.24445470684661
0.109225,-64.26319426668292
0.10923000000000001,-64.27499702491599
0.10923500000000001,-64.29260719858792
0.10924,-64.291088517667
0.10924500000000001,-64.28957019506817
0.10925000000000001,-64.28182951196126
0.109255,-64.27409202625925
0.10926000000000001,-64.2663576482274
0.10926500000000001,-64.25862629164571
0.10927,-64.27142386526977
0.10927500000000001,-64.28391979932465
0.10928,-64.28286369194296
0.10928500000000001,-64.30143617395386
0.10929000000000001,-64.2937729751612
0.109295,-64.29252721142502
0.10930000000000001,-64.28479095219531
0.10930500000000001,-64.2770577018488
0.10931,-64.26932737804582
0.10931500000000001,-64.28280693136188
0.10932000000000001,-64.27515186315912
0.109325,-64.29542190667276
0.10933000000000001,-64.28776409022275
0.10933500000000002,-64.28697472511259
0.10934,-64.30044883752467
0.10934500000000001,-64.29279047965332
0.10935,-64.3130541977446
0.10935500000000001,-64.32599737034539
0.10936000000000001,-64.34512905356486
0.109365,-64.3439877364319
0.10937000000000001,-64.34284666055449
0.10937500000000001,-64.33510194210704
0.10938,-64.34766845896098
0.10938500000000001,-64.33999992099113
0.10939000000000002,-64.33897563126368
0.109395,-64.35176823695956
0.10940000000000001,-64.34410003832387
0.109405,-64.36345970927074
0.10941000000000001,-64.3557892795868
0.10941500000000001,-64.35476298225643
0.10942,-64.36755380995045
0.10942500000000001,-64.35988344980262
0.10943000000000001,-64.37924129454275
0.109435,-64.3715687253809
0.10944000000000001,-64.37054034937059
0.10944500000000001,-64.38332908343092
0.10945,-64.37565661104465
0.10945500000000001,-64.39501219221124
0.10946000000000002,-64.38733752900399
0.109465,-64.38630699737544
0.10947000000000001,-64.39909332267281
0.109475,-64.39141877878048
0.10948000000000001,-64.41077166272692
0.10948500000000001,-64.42302769197661
0.10949,-64.4412474445724
0.10949500000000001,-64.43986647489217
0.10950000000000001,-64.43848588776096
0.109505,-64.43072605649071
0.10951000000000001,-64.44260769288063
0.10951500000000002,-64.43492464056764
0.10952,-64.45307615373936
0.10952500000000001,-64.44539135457775
0.10953,-64.44405231305883
0.10953500000000001,-64.4559369389952
0.10954000000000001,-64.4675194065893
0.109545,-64.46613979160904
0.10955000000000001,-64.4835029355482
0.10955500000000001,-64.47581223353343
0.10956,-64.4927631287184
0.10956500000000001,-64.48507075320225
0.10957000000000001,-64.50172337399034
0.109575,-64.4940294077399
0.10958000000000001,-64.49230892040805
0.10958500000000002,-64.50307221448992
0.10959,-64.49537945482237
0.10959500000000001,-64.49373800010122
0.1096,-64.50473436324715
0.10960500000000001,-64.4970429179905
0.10961000000000001,-64.51401858237502
0.109615,-64.52448883722063
0.10962000000000001,-64.54033171937053
0.10962500000000001,-64.53834446645028
0.10963,-64.53635778670248
0.10963500000000001,-64.54600366064238
0.10964000000000002,-64.53830302216632
0.109645,-64.55348441683543
0.10965000000000001,-64.56260804445338
0.109655,-64.56039659443564
0.10966000000000001,-64.55818577864383
0.10966500000000001,-64.56716935326145
0.10967,-64.57585246973042
0.10967500000000001,-64.57349281405682
0.10968000000000001,-64.57113382719675
0.109685,-64.57967886305796
0.10969000000000001,-64.57197293755826
0.10969500000000001,-64.56958334423592
0.1097,-64.57837121146501
0.10970500000000001,-64.57066747218822
0.10971000000000002,-64.56836018723578
0.10971500000000001,-64.57738969935224
0.10972000000000001,-64.56968787160538
0.109725,-64.56746232760574
0.10973000000000001,-64.5596873308067
0.10973500000000001,-64.56941743569793
0.10974,-64.57884643241029
0.10974500000000001,-64.59330195096629
0.10975000000000001,-64.59096463295994
0.109755,-64.58862786595611
0.10976000000000001,-64.58084811103969
0.10976500000000002,-64.58991768781988
0.10977,-64.59868657716444
0.10977500000000001,-64.59635694713113
0.10978,-64.59402783501297
0.10978500000000001,-64.58624845767032
0.10979000000000001,-64.5953399862292
0.109795,-64.58763877396656
0.10980000000000001,-64.5854341571105
0.10980500000000001,-64.57765958107395
0.10981,-64.58745097805637
0.10981500000000001,-64.59694108953565
0.10982000000000001,-64.59485479408669
0.109825,-64.59276886513216
0.10983000000000001,-64.58499357928159
0.109835,-64.59480161239432
0.10984000000000001,-64.58710385267736
0.10984500000000001,-64.58514022253704
0.10985,-64.59518469160162
0.10985500000000001,-64.587487754631
0.10986000000000001,-64.60319748009883
0.109865,-64.6127172939312
0.10987000000000001,-64.62729375220518
0.10987500000000001,-64.64096133272442
0.10988,-64.63842200100822
0.10988500000000001,-64.63588327058027
0.10989000000000002,-64.64390036941786
0.109895,-64.63618961201284
0.10990000000000001,-64.64920595850704
0.109905,-64.64149443537815
0.10991000000000001,-64.65421980881261
0.10991500000000001,-64.64650724871079
0.10992,-64.64379103229744
0.10992500000000001,-64.6516173175184
0.10993000000000001,-64.64390655715475
0.109935,-64.65666889845853
0.10994000000000001,-64.6489573316917
0.10994500000000001,-64.66142921074682
0.10995,-64.65371657592762
0.10995500000000001,-64.66589862634312
0.10996,-64.65818500010708
0.10996500000000001,-64.67007785817253
0.10997000000000001,-64.66236331388696
0.109975,-64.65943751560404
0.10998000000000001,-64.6516489978786
0.10998500000000001,-64.65931818918284
0.10999,-64.65160860744095
0.10999500000000001,-64.66416139008663
0.11000000000000001,-64.67131281247812
0.110005,-64.6684373165552
0.11001000000000001,-64.66556242988078
0.11001500000000002,-64.6577735342584
0.11002,-64.64998797206123
0.11002500000000001,-64.6422056484258
0.11003,-64.63442647220447
0.11003500000000001,-64.62665035581972
0.11004000000000001,-64.63598351139582
0.110045,-64.64501543670667
0.11005000000000001,-64.64277498187973
0.11005500000000001,-64.64053479961095
0.11006,-64.63275732956578
0.11006500000000001,-64.64210920261901
0.11007000000000002,-64.65115978586125
0.110075,-64.64892470242613
0.11008000000000001,-64.66291894669077
0.110085,-64.65521251517539
0.11009000000000001,-64.66879987954304
0.11009500000000001,-64.66109178205414
0.1101,-64.67438653150136
0.11010500000000001,-64.66667688039557
0.11011000000000001,-64.66410490670879
0.110115,-64.65632120094932
0.11012000000000001,-64.66503517859822
0.11012500000000001,-64.67344824984511
0.11013,-64.68655087265894
0.11013500000000001,-64.6838686282897
0.11014000000000002,-64.68118690347454
0.110145,-64.67339828820808
0.11015000000000001,-64.66561292176053
0.110155,-64.65783071259531
0.11016000000000001,-64.6668130965547
0.11016500000000001,-64.65910866519695
0.11017,-64.6568651733676
0.11017500000000001,-64.66608706475878
0.11018000000000001,-64.65838339371062
0.110185,-64.6562202177211
0.11019000000000001,-64.64844276007366
0.11019500000000002,-64.65836262243796
0.1102,-64.66798059516557
0.11020500000000001,-64.66593440679719
0.11021,-64.68068401253677
0.11021500000000001,-64.68939666200154
0.11022000000000001,-64.68704387252384
0.110225,-64.68469146811086
0.11023000000000001,-64.69326363301286
0.11023500000000001,-64.68555272386295
0.11024,-64.69930696824402
0.11024500000000001,-64.69159472566413
0.11025000000000001,-64.70505552002257
0.110255,-64.71288597958576
0.11026000000000001,-64.72521375459065
0.11026500000000002,-64.72233167473946
0.11027,-64.7194502401904
0.11027500000000001,-64.71165375093636
0.11028,-64.71913161719601
0.11028500000000001,-64.71141421161877
0.11029000000000001,-64.72371433400951
0.110295,-64.71599606643865
0.11030000000000001,-64.71316906450348
0.11030500000000001,-64.705376720851
0.11031,-64.71334746691531
0.11031500000000001,-64.70563371581825
0.11032000000000002,-64.70304690626655
0.110325,-64.7112615344617
0.11033000000000001,-64.7035491581103
0.110335,-64.70104451167157
0.11034000000000001,-64.709501862094
0.11034500000000001,-64.70179068742044
0.11035,-64.71539201931895
0.11035500000000001,-64.72332799145794
0.11036000000000001,-64.7207125729663
0.110365,-64.73322559291815
0.11037000000000001,-64.72550708992922
0.11037500000000001,-64.73761570986402
0.11038,-64.7444314750189
0.11038500000000001,-64.75540782184068
0.11039000000000002,-64.75218354783983
0.11039500000000001,-64.74896002236369
0.11040000000000001,-64.74115794325509
0.110405,-64.73335932573592
0.11041000000000001,-64.72556406996272
0.11041500000000001,-64.73296502601059
0.11042,-64.72524866964409
0.11042500000000001,-64.72247017032011
0.11043000000000001,-64.71467985876097
0.110435,-64.7227909283068
0.11044000000000001,-64.71507890347942
0.11044500000000002,-64.72821958814102
0.11045,-64.72050611561988
0.11045500000000001,-64.73335443099612
0.11046,-64.72563933077807
0.11046500000000001,-64.722951528408
0.11047000000000001,-64.73086788376585
0.110475,-64.72315381802214
0.11048000000000001,-64.72054855931505
0.11048500000000001,-64.71276053172869
0.11049,-64.72138335260577
0.11049500000000001,-64.71367321320294
0.11050000000000001,-64.72749417607244
0.110505,-64.7355948032228
0.11051000000000001,-64.748281923728
0.110515,-64.76005875846761
0.11052000000000001,-64.75703672225912
0.11052500000000001,-64.7540153097726
0.11053,-64.74621586536657
0.11053500000000001,-64.73841975488078
0.11054000000000001,-64.74595088774042
0.110545,-64.75318155816674
0.11055000000000001,-64.750328088953
0.11055500000000001,-64.747475132051
0.11056,-64.73967940992503
0.11056500000000001,-64.73188690569155
0.11057000000000002,-64.73991152454506
0.110575,-64.73219735729488
0.11058000000000001,-64.74522352525015
0.110585,-64.73750793297249
0.11059000000000001,-64.75024176827725
0.11059500000000001,-64.74252456968706
0.1106,-64.75496670553038
0.11060500000000001,-64.74724801620529
0.11061000000000001,-64.75939908859092
0.110615,-64.75167901789236
0.11062000000000001,-64.74881325355736
0.11062500000000001,-64.75620777904015
0.11063,-64.7633018869924
0.11063500000000001,-64.77464918853263
0.11064,-64.7850860294265
0.11064500000000001,-64.79461239449923
0.11065000000000001,-64.79102022564504
0.110655,-64.78742892092687
0.11066000000000001,-64.79234533875797
0.11066500000000001,-64.78461346668891
0.11067,-64.7809967331539
0.11067500000000001,-64.78617084439253
0.11068000000000001,-64.77844190361068
0.110685,-64.77491292709227
0.11069000000000001,-64.78034352388765
0.11069500000000002,-64.77261721860734
0.1107,-64.76917541139342
0.11070500000000001,-64.77486129430251
0.11071,-64.7671373575806
0.11071500000000001,-64.76378215258434
0.11072000000000001,-64.75598395801609
0.110725,-64.74818900282438
0.11073000000000001,-64.75506316408647
0.11073500000000001,-64.74734712857922
0.11074,-64.7588429587043
0.11074500000000001,-64.76520019543226
0.11075000000000002,-64.76205506619033
0.110755,-64.77246683129776
0.11076000000000001,-64.7647441754035
0.110765,-64.77475603198775
0.11077000000000001,-64.77999983991702
0.11077500000000001,-64.77647928300689
0.11078,-64.77295942290307
0.11078500000000001,-64.76515718337575
0.11079000000000001,-64.75735829977644
0.110795,-64.76341254664968
0.11080000000000001,-64.75569318602662
0.11080500000000001,-64.75246368344803
0.11081,-64.75877032484712
0.11081500000000001,-64.75105266055697
0.11082000000000002,-64.74790837530921
0.110825,-64.75446623854253
0.11083000000000001,-64.74675009415525
0.110835,-64.7436905240022
0.11084000000000001,-64.7504984417035
0.11084500000000001,-64.74278365631277
0.11085,-64.75419096515611
0.11085500000000001,-64.74647491991554
0.11086000000000001,-64.74342616323261
0.110865,-64.7356354208188
0.11087000000000001,-64.72784771958524
0.11087500000000002,-64.72006297617042
0.11088,-64.72829701318918
0.11088500000000001,-64.73623011587082
0.11089,-64.7486924114059
0.11089500000000001,-64.76024444758635
0.11090000000000001,-64.77088619374533
0.110905,-64.76758046604563
0.11091000000000001,-64.76427535409125
0.11091500000000001,-64.75647596006021
0.11092,-64.76269618646258
0.11092500000000001,-64.75497628351158
0.11093000000000001,-64.76560326300881
0.110935,-64.75788250203487
0.11094000000000001,-64.75463529251975
0.11094500000000002,-64.74683990475886
0.11095000000000001,-64.73904768867523
0.11095500000000001,-64.74623743294617
0.11096,-64.7385238624562
0.11096500000000001,-64.73567658091889
0.11097000000000001,-64.74311343904235
0.110975,-64.73540092841031
0.11098000000000001,-64.74764439403356
0.11098500000000001,-64.73993039814061
0.11099,-64.73709212014559
0.11099500000000001,-64.72930352013823
0.11100000000000002,-64.73723275120948
0.111005,-64.72952226060933
0.11101000000000001,-64.7424202370774
0.111015,-64.73470806630782
0.11102000000000001,-64.74731406743976
0.11102500000000001,-64.75450386572717
0.11103,-64.76597690451115
0.11103500000000001,-64.76288058607322
0.11104000000000001,-64.75978481320931
0.111045,-64.75198743408062
0.11105000000000001,-64.7588275682053
0.11105500000000001,-64.75110927422095
0.11106,-64.74814244292497
0.11106500000000001,-64.75523128979351
0.11107000000000002,-64.74751448420605
0.11107500000000001,-64.75929624359831
0.11108000000000001,-64.75157824564982
0.111085,-64.76307047974906
0.11109000000000001,-64.76942442611129
0.11109500000000001,-64.76627684672795
0.1111,-64.77668490990611
0.11110500000000001,-64.76896030439623
0.11111000000000001,-64.76562713917687
0.111115,-64.75782801608213
0.11112000000000001,-64.76430317769324
0.11112500000000002,-64.7565833918603
0.11113,-64.75349393503858
0.11113500000000001,-64.74569989904438
0.11114,-64.7379089866371
0.11114500000000001,-64.73012111122952
0.11115000000000001,-64.73824094048467
0.111155,-64.74605986204735
0.11116000000000001,-64.74340722123783
0.11116500000000001,-64.74075488338057
0.11117,-64.73296590755437
0.11117500000000001,-64.74111094601274
0.11118000000000001,-64.73339997232432
0.111185,-64.74658521447425
0.11119000000000001,-64.73887252337946
0.111195,-64.75176503703342
0.11120000000000001,-64.75916928001112
0.11120500000000001,-64.75637509322922
0.11121,-64.75358132193709
0.11121500000000001,-64.74578773533327
0.11122000000000001,-64.7535203723753
0.111225,-64.74580521638518
0.11123000000000001,-64.74313788134127
0.11123500000000001,-64.73534858536549
0.11124,-64.72756227436142
0.11124500000000001,-64.73646425201612
0.11125000000000002,-64.74506466469555
0.111255,-64.74267337310023
0.11126000000000001,-64.740282321999
0.111265,-64.74874202366654
0.11127000000000001,-64.7410290538414
0.11127500000000001,-64.75463358178834
0.11128,-64.76257113952457
0.11128500000000001,-64.77504149116083
0.11129000000000001,-64.77219396478274
0.111295,-64.76934694213436
0.11130000000000001,-64.77646478936282
0.11130500000000002,-64.78328231302072
0.11131,-64.78028777454455
0.11131500000000001,-64.79131422857297
0.11132,-64.78358698440806
0.11132500000000001,-64.78040639426317
0.11133000000000001,-64.77260483425519
0.111335,-64.77953952179153
0.11134000000000001,-64.77181713113184
0.11134500000000001,-64.76887914457758
0.11135,-64.77606191272683
0.11135500000000001,-64.78294430570234
0.11136000000000001,-64.7799723695277
0.111365,-64.79108464976558
0.11137000000000001,-64.78335876631526
0.11137500000000002,-64.7802005953881
0.11138,-64.78673322179364
0.11138500000000001,-64.77900905268115
0.11139,-64.77593588782378
0.11139500000000001,-64.78271844218834
0.11140000000000001,-64.78920091704585
0.111405,-64.7997335501305
0.11141000000000001,-64.80935549080858
0.11141500000000001,-64.81806673523313
0.11142,-64.81426825583026
0.11142500000000001,-64.81047068045785
0.11143000000000002,-64.8026583455082
0.111435,-64.8074362662055
0.11144000000000001,-64.79970466684193
0.111445,-64.79604182649949
0.11145000000000001,-64.80107787830646
0.11145500000000001,-64.79334900251017
0.11146,-64.78977393814118
0.11146500000000001,-64.79506691899773
0.11147000000000001,-64.78734049675806
0.111475,-64.78385263849287
0.11148000000000001,-64.77605184937312
0.11148500000000001,-64.76825430782185
0.11149,-64.77473897405015
0.11149500000000001,-64.76702054991823
0.11150000000000002,-64.77799868734688
0.111505,-64.77027912057457
0.11151000000000001,-64.78096941290671
0.111515,-64.77324851616459
0.11152000000000001,-64.77001693544514
0.11152500000000001,-64.77632096160659
0.11153,-64.76860141565483
0.11153500000000001,-64.77933957235099
0.11154000000000001,-64.78512821823182
0.111545,-64.78179124626418
0.11155000000000001,-64.77845484438375
0.11155500000000002,-64.77065531534917
0.11156,-64.76285900956285
0.11156500000000001,-64.769453182481
0.11157,-64.76173589765817
0.11157500000000001,-64.7728594144989
0.11158000000000001,-64.76514092642117
0.111585,-64.77597632048578
0.11159000000000001,-64.76825644780031
0.11159500000000001,-64.77880436891688
0.1116,-64.77108322712454
0.11160500000000001,-64.78134432783398
0.11161000000000001,-64.77362202618244
0.111615,-64.77028217679812
0.11162000000000001,-64.76248514327534
0.11162500000000002,-64.75469127297316
0.11163000000000001,-64.74690047775873
0.11163500000000001,-64.73911267295115
0.11164,-64.74695970734774
0.11164500000000001,-64.73924990093039
0.11165000000000001,-64.73662405007038
0.111655,-64.74471498217699
0.11166000000000001,-64.75250498700339
0.11166500000000001,-64.76477708573924
0.11167,-64.77613872924469
0.11167500000000001,-64.77301453908814
0.11168000000000002,-64.76989086199917
0.111685,-64.77618098285038
0.11169000000000001,-64.76845968952708
0.111695,-64.76530753380345
0.11170000000000001,-64.75751194330195
0.11170500000000001,-64.74971948225709
0.11171,-64.7571921656917
0.11171500000000001,-64.74947813715809
0.11172000000000001,-64.74672481519792
0.111725,-64.75444313243548
0.11173000000000001,-64.74673001377187
0.11173500000000001,-64.74405915650549
0.11174,-64.73627172744085
0.11174500000000001,-64.72848720561583
0.11175000000000002,-64.73737490038742
0.11175500000000001,-64.72966773128515
0.11176000000000001,-64.74383984116133
0.111765,-64.73613054921118
0.11177000000000001,-64.73377766389298
0.11177500000000001,-64.74268309337558
0.11178,-64.7349738863814
0.11178500000000001,-64.74917024198687
0.11179000000000001,-64.75755208306845
0.111795,-64.77061376400167
0.11180000000000001,-64.76791645962427
0.11180500000000002,-64.76521956254982
0.11181,-64.75742448838014
0.11181500000000001,-64.74963252316866
0.11182,-64.74184358090953
0.11182500000000001,-64.75079240449504
0.11183000000000001,-64.7430809995425
0.111835,-64.75733575907688
0.11184000000000001,-64.74962243339482
0.11184500000000001,-64.76358172934033
0.11185,-64.77178478618774
0.11185500000000001,-64.76925645408204
0.11186000000000001,-64.78212526720978
0.111865,-64.78942437983672
0.11187000000000001,-64.78659050567938
0.111875,-64.78375715040049
0.11188000000000001,-64.79092016713022
0.11188500000000001,-64.78319560492598
0.11189,-64.79507829521104
0.11189500000000001,-64.80172288545317
0.11190000000000001,-64.79866826229105
0.111905,-64.795614252587
0.11191000000000001,-64.78781025912188
0.11191500000000001,-64.7947876481006
0.11192,-64.80146470495268
0.11192500000000001,-64.81225755005428
0.11193000000000002,-64.80898357761015
0.111935,-64.80571030466548
0.11194000000000001,-64.79790315396637
0.111945,-64.79009939838248
0.11195000000000001,-64.78229894070826
0.11195500000000001,-64.77450168754575
0.11196,-64.76670754915538
0.11196500000000001,-64.7748982163267
0.11197000000000001,-64.76718214209751
0.111975,-64.78042942082612
0.11198000000000001,-64.77271170595623
0.11198500000000002,-64.77012145555655
0.11199,-64.7783342502846
0.11199500000000001,-64.77061718749309
0.112,-64.76810856395369
0.11200500000000001,-64.76031742130674
0.11201000000000001,-64.76923399097223
0.112015,-64.76152039919357
0.11202000000000001,-64.77573275202985
0.11202500000000001,-64.76801724321724
0.11203,-64.76566979123716
0.11203500000000001,-64.77460331029768
0.11204000000000001,-64.76688813945405
0.112045,-64.78112352885505
0.11205000000000001,-64.78953284921805
0.11205500000000002,-64.80263284288348
0.11206,-64.79994084718224
0.11206500000000001,-64.79724931059192
0.11207,-64.78944872207136
0.11207500000000001,-64.78165130922511
0.11208000000000001,-64.79016487911012
0.112085,-64.78244548936301
0.11209000000000001,-64.79612337574041
0.11209500000000001,-64.78840240787595
0.1121,-64.78591736527541
0.11210500000000001,-64.79445047150269
0.11211000000000002,-64.80268191802297
0.112115,-64.80016014292917
0.11212000000000001,-64.79763875072234
0.112125,-64.80573032274354
0.11213000000000001,-64.7980067313584
0.11213500000000001,-64.81112438255423
0.11214,-64.8033994780807
0.11214500000000001,-64.80077152151775
0.11215000000000001,-64.80888542950363
0.112155,-64.8011615745879
0.11216000000000001,-64.79861557779468
0.11216500000000001,-64.80697161428289
0.11217,-64.79924895635908
0.11217500000000001,-64.81271814975547
0.11218000000000002,-64.82055141847856
0.112185,-64.81789402600721
0.11219000000000001,-64.81523709153468
0.112195,-64.80743425356953
0.11220000000000001,-64.81559239421462
0.11220500000000001,-64.8078679242111
0.11221,-64.80533624564691
0.11221500000000001,-64.81373622754259
0.11222000000000001,-64.82183452775472
0.112225,-64.8192663202652
0.11223000000000001,-64.81669852342502
0.11223500000000002,-64.80889669471318
0.11224,-64.81731842773713
0.11224500000000001,-64.82543843531285
0.11225,-64.82287721458823
0.11225500000000001,-64.83563775704768
0.11226000000000001,-64.8279082735658
0.112265,-64.84026219514772
0.11227000000000001,-64.8325313882981
0.11227500000000001,-64.8445932511549
0.11228,-64.83686121858673
0.11228500000000001,-64.83396410760855
0.11229000000000001,-64.84128801979557
0.112295,-64.83355752311385
0.11230000000000001,-64.84565567761618
0.11230500000000002,-64.85245973516297
0.11231000000000001,-64.86342337861929
0.11231500000000001,-64.86018683478183
0.11232,-64.85695100853272
0.11232500000000001,-64.84913699460343
0.11233000000000001,-64.8555917354177
0.112335,-64.84785736470312
0.11234000000000001,-64.84475145257855
0.11234500000000001,-64.85145578861146
0.11235,-64.8437234849575
0.11235500000000001,-64.8407020823236
0.11236000000000002,-64.84765483761173
0.112365,-64.83992437657072
0.11237000000000001,-64.85152856964245
0.112375,-64.85796257608511
0.11238000000000001,-64.86843266562754
0.11238500000000001,-64.87799111948426
0.11239,-64.88663793482326
0.11239500000000001,-64.8828163219322
0.11240000000000001,-64.8789956447106
0.112405,-64.88325055779421
0.11241000000000001,-64.87550660986452
0.11241500000000001,-64.88352537600069
0.11242,-64.87578169973105
0.11242500000000001,-64.87186557433358
0.11243000000000002,-64.87616923171466
0.11243500000000001,-64.8801742722187
0.11244000000000001,-64.88740861346915
0.112445,-64.88323335913931
0.11245000000000001,-64.8790591011966
0.11245500000000001,-64.88225913563873
0.11246,-64.87451505251585
0.11246500000000001,-64.88113027495055
0.11247000000000001,-64.87338667318467
0.112475,-64.8691198301461
0.11248000000000001,-64.87237623408339
0.11248500000000002,-64.87533494539325
0.11249,-64.87104146393976
0.11249500000000001,-64.86674892586112
0.1125,-64.85893037550726
0.11250500000000001,-64.86224471108585
0.11251000000000001,-64.85450754811822
0.112515,-64.85035299143036
0.11252000000000001,-64.85393176005783
0.11252500000000001,-64.84619748688013
0.11253,-64.84213292335183
0.11253500000000001,-64.84597491619897
0.11254000000000002,-64.8382432692359
0.112545,-64.83426813065307
0.11255000000000001,-64.83837214635732
0.112555,-64.83064288713052
0.11256000000000001,-64.83845629585117
0.11256500000000001,-64.84205121136382
0.11257,-64.83797650309788
0.11257500000000001,-64.83390252864307
0.11258000000000001,-64.82609380254699
0.112585,-64.83004019622359
0.11259000000000001,-64.8223121119267
0.11259500000000001,-64.82991549413798
0.1126,-64.82218696763553
0.11260500000000001,-64.81817814095884
0.11261000000000002,-64.81037432658927
0.112615,-64.80257371878706
0.11262000000000001,-64.79477622774365
0.112625,-64.78698176716824
0.11263000000000001,-64.77919025414965
0.11263500000000001,-64.77140160902387
0.11264,-64.77821557793472
0.11264500000000001,-64.78472948123706
0.11265000000000001,-64.78164101395917
0.112655,-64.77855279214755
0.11266000000000001,-64.770762688746
0.11266500000000002,-64.76297543701251
0.11267,-64.77028844967052
0.11267500000000001,-64.76257918955281
0.11268,-64.75977549218177
0.11268500000000001,-64.76733458978812
0.11269000000000001,-64.77459305952127
0.112695,-64.78615597823914
0.11270000000000001,-64.78308548997651
0.11270500000000001,-64.7800153385873
0.11271,-64.77222208347459
0.11271500000000001,-64.7644317970895
0.11272000000000001,-64.75664439893119
0.112725,-64.76448181628412
0.11273000000000001,-64.75677223002076
0.11273500000000002,-64.76954732163001
0.11274,-64.76183573302102
0.11274500000000001,-64.75913189508859
0.11275,-64.76699398973918
0.11275500000000001,-64.7592825999081
0.11276000000000001,-64.75666065074395
0.112765,-64.7647663325138
0.11277000000000001,-64.75705534927394
0.11277500000000001,-64.77018788282328
0.11278,-64.76247495973223
0.11278500000000001,-64.75985950386735
0.11279000000000002,-64.76798798224871
0.112795,-64.76027534292224
0.11280000000000001,-64.77343875196055
0.112805,-64.76572427170703
0.11281000000000001,-64.7631154045166
0.11281500000000001,-64.77126649873729
0.11282,-64.77911642630548
0.11282500000000001,-64.79146981245914
0.11283000000000001,-64.78859347011196
0.112835,-64.78571755873641
0.11284000000000001,-64.79274791167965
0.11284500000000001,-64.78502601774542
0.11285,-64.7967312109769
0.11285500000000001,-64.78900818281735
0.11286000000000002,-64.78602863862876
0.11286500000000001,-64.79308923995164
0.11287000000000001,-64.78536744506796
0.112875,-64.79711284612198
0.11288000000000001,-64.78938990023185
0.11288500000000001,-64.80084532916719
0.11289,-64.79312103387745
0.11289500000000001,-64.79007813910282
0.11290000000000001,-64.78227935243002
0.112905,-64.77448370460556
0.11291000000000001,-64.78228746672498
0.11291500000000002,-64.77457011008919
0.11292,-64.7873029274598
0.11292500000000001,-64.77958403165316
0.11293,-64.79202463608182
0.11293500000000001,-64.78430404008105
0.11294000000000001,-64.79645306832
0.112945,-64.8032980422447
0.11295000000000001,-64.81431355391909
0.11295500000000001,-64.81109679739946
0.11296,-64.80788066489978
0.11296500000000001,-64.80007545003826
0.11297000000000001,-64.8065719057039
0.112975,-64.79884609449884
0.11298000000000001,-64.80984208493607
0.11298500000000002,-64.80211541847076
0.11299000000000001,-64.81282306289036
0.11299500000000001,-64.80509531425166
0.113,-64.80186299450632
0.11300500000000001,-64.80817787498611
0.11301000000000001,-64.81419289746054
0.113015,-64.81092815613745
0.11302000000000001,-64.80766402198309
0.11302500000000001,-64.81354816805917
0.11303,-64.81913278658146
0.11303500000000001,-64.81572324418914
0.11304000000000002,-64.81231436644954
0.113045,-64.81776983503754
0.11305000000000001,-64.81004019291974
0.113055,-64.80660435304985
0.11306000000000001,-64.79880043197572
0.11306500000000001,-64.80497877719607
0.11307,-64.81085740492188
0.11307500000000001,-64.82058527697407
0.11308000000000001,-64.82940228213405
0.113085,-64.82563151882133
0.11309000000000001,-64.82186156482248
0.11309500000000001,-64.82624727397169
0.1131,-64.83033464771054
0.11310500000000001,-64.82642228131422
0.11311000000000002,-64.82251076082551
0.11311500000000001,-64.81469924416025
0.11312000000000001,-64.81913568521148
0.113125,-64.81140489392871
0.11313000000000001,-64.80762863572511
0.11313500000000001,-64.81232463974696
0.11314,-64.81672214301904
0.11314500000000001,-64.81291651986122
0.11315000000000001,-64.8091116289517
0.113155,-64.81338485717417
0.11316000000000001,-64.80565546972579
0.11316500000000002,-64.81369443978495
0.11317,-64.8174585150275
0.11317500000000001,-64.81344043335713
0.11318,-64.82040272561704
0.11318500000000001,-64.81266923664863
0.11319000000000001,-64.80846827231943
0.113195,-64.80065976971198
0.11320000000000001,-64.80456685110109
0.11320500000000001,-64.80817616227593
0.11321,-64.81487895309026
0.11321500000000001,-64.81058050417411
0.11322000000000002,-64.8062829469141
0.113225,-64.79847332064706
0.11323000000000001,-64.80175566649802
0.11323500000000002,-64.79402731763702
0.11324000000000001,-64.78986796498194
0.11324500000000001,-64.78206474631762
0.11325,-64.78608536664738
0.11325500000000001,-64.77836273873163
0.11326000000000001,-64.7860635836002
0.113265,-64.77834048533455
0.11327000000000001,-64.78576128606997
0.11327500000000001,-64.77803749032783
0.11328,-64.77398667765335
0.11328500000000001,-64.77785028726065
0.11329000000000002,-64.77012855662129
0.113295,-64.76616722643487
0.11330000000000001,-64.77029345491441
0.113305,-64.76257390999238
0.11331000000000001,-64.770414408003
0.11331500000000001,-64.76269427738093
0.11332,-64.75875106338064
0.11332500000000001,-64.75095560237642
0.11333000000000001,-64.75560509721173
0.113335,-64.75995653443223
0.11334000000000001,-64.75614380193826
0.11334500000000002,-64.75233163686958
0.11335,-64.74453705286864
0.11335500000000001,-64.74923650312438
0.11336,-64.75363789774683
0.11336500000000001,-64.74984239124565
0.11337000000000001,-64.74604744744974
0.113375,-64.7503252360758
0.11338000000000001,-64.74260857920356
0.11338500000000001,-64.73878864467139
0.11339,-64.74332734732751
0.11339500000000001,-64.74756817298875
0.11340000000000001,-64.75510926631742
0.113405,-64.75102974899681
0.11341000000000001,-64.7469509442082
0.11341500000000002,-64.73915335187829
0.11342,-64.74306430777426
0.11342500000000001,-64.73534732310783
0.11343,-64.74290086768463
0.11343500000000001,-64.73518339323276
0.11344000000000001,-64.74245785994272
0.113445,-64.73473967358926
0.11345000000000001,-64.73065655348154
0.11345500000000001,-64.73441291275647
0.11346,-64.73787212631684
0.11346500000000001,-64.74437151204796
0.11347000000000002,-64.74003072773458
0.113475,-64.73569075964149
0.11348000000000001,-64.72789216384895
0.113485,-64.72009695683462
0.11349000000000001,-64.71230504159776
0.11349500000000001,-64.70451632493715
0.1135,-64.69673071730232
0.11350500000000001,-64.70175507172259
0.11351000000000001,-64.70648142787014
0.113515,-64.7027999122554
0.11352000000000001,-64.69911886295857
0.11352500000000001,-64.69133341160632
0.11353,-64.69640605737175
0.11353500000000001,-64.68870017794478
0.11354000000000002,-64.69779617637694
0.11354500000000001,-64.69008915208293
0.11355000000000001,-64.69890299389506
0.113555,-64.69119466766293
0.11356000000000001,-64.68750357133109
0.11356500000000001,-64.69241157175713
0.11357,-64.68470456619042
0.11357500000000001,-64.6935819490071
0.11358000000000001,-64.6858739583415
0.113585,-64.6944697686354
0.11359000000000001,-64.69865722780057
0.11359500000000002,-64.69479380304344
0.1136,-64.69093099027904
0.11360500000000001,-64.68314254192589
0.11361,-64.67535729224568
0.11361500000000001,-64.66757515166842
0.11362000000000001,-64.67305283593198
0.113625,-64.66535004091696
0.11363000000000001,-64.67498421981612
0.11363500000000001,-64.66728018440469
0.11364,-64.66379731792671
0.11364500000000001,-64.65601800628406
0.11365000000000001,-64.64824166030793
0.113655,-64.64046819955122
0.11366000000000001,-64.63269754671745
0.11366500000000002,-64.6400867949356
0.11367000000000001,-64.63239402766548
0.11367500000000001,-64.62962684388873
0.11368,-64.63726321362911
0.11368500000000001,-64.6295705574877
0.11369000000000001,-64.64207396390489
0.113695,-64.63437920619178
0.11370000000000001,-64.64659302078863
0.11370500000000001,-64.63889608105863
0.11371,-64.63606316673665
0.11371500000000001,-64.64351164682549
0.11372000000000002,-64.65066046171867
0.113725,-64.64779311488438
0.11373000000000001,-64.64492604978022
0.113735,-64.63715003228673
0.11374000000000001,-64.62937693847863
0.11374500000000001,-64.62160668954647
0.11375,-64.61383920976716
0.11375500000000001,-64.62270875870864
0.11376000000000001,-64.61501839390712
0.113765,-64.62916204701496
0.11377000000000001,-64.6214693153727
0.11377500000000002,-64.61912182687055
0.11378,-64.62801158113719
0.11378500000000001,-64.6203186330991
0.11379000000000002,-64.61805162584243
0.11379500000000001,-64.6271815748315
0.11380000000000001,-64.63601053336
0.113805,-64.63370598297651
0.11381000000000001,-64.64740286574813
0.11381500000000001,-64.63970295251887
0.11382,-64.65299393701174
0.11382500000000001,-64.64529204225165
0.11383000000000001,-64.6427247795282
0.113835,-64.6349484521483
0.11384000000000001,-64.64366176553665
0.11384500000000002,-64.65207432682585
0.11385,-64.66517403645283
0.11385500000000001,-64.66249604201553
0.11386,-64.65981844768717
0.11386500000000001,-64.65203618621437
0.11387000000000001,-64.6442570238409
0.113875,-64.65277741725728
0.11388000000000001,-64.645076144478
0.11388500000000001,-64.64268069422246
0.11389,-64.65144289652018
0.11389500000000001,-64.64374230571083
0.11390000000000002,-64.64142789441568
0.113905,-64.633653278406
0.11391000000000001,-64.6258815461824
0.11391500000000002,-64.63580463550389
0.11392000000000001,-64.62810973147374
0.11392500000000001,-64.64365663541248
0.11393,-64.63595941652633
0.11393500000000001,-64.65120934423155
0.11394000000000001,-64.64350971079978
0.113945,-64.6584632696261
0.11395000000000001,-64.65076137630264
0.11395500000000001,-64.6654191766577
0.11396,-64.65771516895353
0.11396500000000001,-64.6554879309284
0.11397000000000002,-64.66475810282166
0.113975,-64.67372689516114
0.11398000000000001,-64.67146219236912
0.113985,-64.66919780482371
0.11399000000000001,-64.6614156221449
0.11399500000000001,-64.67070440542692
0.114,-64.66299982049007
0.11400500000000001,-64.66085834656084
0.11401000000000001,-64.65308002289794
0.114015,-64.66306626960876
0.11402000000000001,-64.65536499611561
0.11402500000000002,-64.65345812431322
0.11403,-64.66367910026919
0.11403500000000001,-64.65597809096073
0.11404,-64.67192312603738
0.11404500000000001,-64.68161755697479
0.11405000000000001,-64.67959481001661
0.114055,-64.69444669023129
0.11406000000000001,-64.68673657864174
0.11406500000000001,-64.70117899351023
0.11407,-64.70974530122666
0.11407500000000001,-64.70734066112855
0.11408000000000001,-64.72069298314173
0.114085,-64.71297509939917
0.11409000000000001,-64.71038293971412
0.11409500000000002,-64.71859000039026
0.11410000000000001,-64.72649620948668
0.11410500000000001,-64.73892610102297
0.11411,-64.73606782552581
0.11411500000000001,-64.7332102108188
0.11412000000000001,-64.72541149015686
0.114125,-64.71761617218459
0.11413000000000001,-64.72563330645909
0.11413500000000001,-64.71791667303026
0.11414,-64.71534346115129
0.11414500000000001,-64.72360416001102
0.11415000000000002,-64.71588905131584
0.114155,-64.7133979888987
0.11416000000000001,-64.72190108932682
0.114165,-64.71418731471077
0.11417000000000001,-64.7278502658901
0.11417500000000001,-64.72013512394906
0.11418,-64.7335044443211
0.11418500000000001,-64.7257877357571
0.11419000000000001,-64.72322900298268
0.114195,-64.73153373004703
0.11420000000000001,-64.739537432829
0.11420500000000001,-64.7369429751423
0.11421,-64.74954725789468
0.11421500000000001,-64.74182617329912
0.11422000000000002,-64.7390445869053
0.11422500000000001,-64.7466922803411
0.11423000000000001,-64.75403940448484
0.114235,-64.76572451475805
0.11424000000000001,-64.76267764551804
0.11424500000000001,-64.7596314575034
0.11425,-64.75182959759634
0.11425500000000001,-64.74403114032245
0.11426000000000001,-64.73623598815658
0.114265,-64.74416242496662
0.11427000000000001,-64.73644581764232
0.11427500000000002,-64.74934215274773
0.11428,-64.75674839505733
0.11428500000000001,-64.75395283177816
0.11429,-64.76576176476232
0.11429500000000001,-64.75803833842049
0.11430000000000001,-64.76944406606863
0.114305,-64.76171962047327
0.11431000000000001,-64.77283657509813
0.11431500000000001,-64.76511119288557
0.11432,-64.76198311011078
0.11432500000000001,-64.76860451846684
0.11433000000000001,-64.76088101535458
0.114335,-64.77204299737176
0.11434000000000001,-64.77814821297125
0.11434500000000002,-64.77491462167373
0.11435000000000001,-64.77168171119355
0.11435500000000001,-64.77765595811982
0.11436,-64.78333085046854
0.11436500000000001,-64.7799528324
0.11437000000000001,-64.77657554116638
0.114375,-64.76877139466635
0.11438000000000001,-64.76097066188682
0.11438500000000001,-64.75317324487602
0.11439,-64.74537904951902
0.11439500000000001,-64.75279277338338
0.11440000000000002,-64.75990608947816
0.114405,-64.77127792212151
0.11441000000000001,-64.768155386908
0.114415,-64.76503341734968
0.11442000000000001,-64.75723486361645
0.11442500000000001,-64.76399921085945
0.11443,-64.75627981944348
0.11443500000000001,-64.75328701012037
0.11444000000000001,-64.74549342573651
0.114445,-64.73770294797778
0.11445000000000001,-64.72991549092234
0.11445500000000002,-64.7221309720136
0.11446,-64.71434931192826
0.11446500000000001,-64.70657043444943
0.11447000000000002,-64.698794266345
0.11447500000000001,-64.7090414485856
0.11448000000000001,-64.718986109952
0.114485,-64.73412857512618
0.11449000000000001,-64.74836060156309
0.11449500000000001,-64.74596035977214
0.1145,-64.74356039329994
0.11450500000000001,-64.7357710460115
0.11451000000000001,-64.74466895900576
0.114515,-64.7369572594001
0.11452000000000001,-64.73468057274793
0.11452500000000002,-64.74381749121785
0.11453,-64.73610633669695
0.11453500000000001,-64.73390966655515
0.11454,-64.74328445758556
0.11454500000000001,-64.7523572295626
0.11455000000000001,-64.76634045320796
0.114555,-64.76387412331952
0.11456000000000001,-64.77699054434855
0.11456500000000001,-64.78447516889224
0.11457,-64.78170318442912
0.11457500000000001,-64.77893172788163
0.11458000000000002,-64.77113143711972
0.114585,-64.77894373450559
0.11459000000000001,-64.77122211401198
0.11459500000000002,-64.78396785493872
0.11460000000000001,-64.77624507225478
0.11460500000000001,-64.78869860507226
0.11461,-64.79577120407819
0.11461500000000001,-64.80709104021071
0.11462000000000001,-64.8174999699288
0.114625,-64.81412721526597
0.11463000000000001,-64.81075526365638
0.11463500000000001,-64.81632988584367
0.11464,-64.80859600668282
0.11464500000000001,-64.80519728154421
0.11465000000000002,-64.81102619901775
0.114655,-64.80329502841182
0.11466000000000001,-64.79998278385327
0.114665,-64.80606479836153
0.11467000000000001,-64.79833605450426
0.11467500000000001,-64.79510971467916
0.11468,-64.8014436360448
0.11468500000000001,-64.79371706446314
0.11469000000000001,-64.79057607310673
0.114695,-64.7971607185204
0.11470000000000001,-64.78943608902401
0.11470500000000002,-64.78637990733431
0.11471,-64.79321410072858
0.11471500000000001,-64.78549120470225
0.11472,-64.79693574083164
0.11472500000000001,-64.80325251924366
0.11473000000000001,-64.80008952149893
0.114735,-64.81044911961727
0.11474000000000001,-64.81586644134921
0.11474500000000001,-64.82498038225978
0.11475,-64.82128341097773
0.11475500000000001,-64.81758727349678
0.11476000000000001,-64.80977595287145
0.114765,-64.80196813642871
0.11477000000000001,-64.79416372269144
0.11477500000000002,-64.8001799158531
0.11478000000000001,-64.79245512671305
0.11478500000000001,-64.80281181605041
0.11479,-64.79508623702719
0.11479500000000001,-64.79176781025816
0.11480000000000001,-64.78396757274754
0.114805,-64.77617052371028
0.11481000000000001,-64.78315782179354
0.11481500000000001,-64.77543954209759
0.11482,-64.78708630015954
0.11482500000000001,-64.77936669405861
0.11483000000000002,-64.77637504016595
0.114835,-64.76858076413058
0.11484000000000001,-64.76078951369541
0.114845,-64.76873667873713
0.11485000000000001,-64.77638287014291
0.11485500000000001,-64.77367037137769
0.11486,-64.77095817455492
0.11486500000000001,-64.7784671077188
0.11487000000000001,-64.78567537248846
0.114875,-64.79717401935764
0.11488000000000001,-64.79408196831824
0.11488500000000001,-64.79099043357155
0.11489,-64.78319022519221
0.11489500000000001,-64.79004817458427
0.11490000000000002,-64.78232697261058
0.11490500000000001,-64.79380256115228
0.11491000000000001,-64.80014304329785
0.114915,-64.81048588418564
0.11492000000000001,-64.80710088297833
0.11492500000000001,-64.80371654308775
0.11493,-64.7959112500831
0.11493500000000001,-64.78810928867867
0.11494000000000001,-64.78031056415765
0.114945,-64.78723983975588
0.11495000000000001,-64.77952000147026
0.11495500000000002,-64.77658173244579
0.11496,-64.7687875702179
0.11496500000000001,-64.7764295542138
0.11497,-64.7837707707735
0.11497500000000001,-64.7809548835522
0.11498000000000001,-64.77813936038928
0.114985,-64.78534451378476
0.11499000000000001,-64.79224920972291
0.11499500000000001,-64.80334375746578
0.115,-64.81352748288886
0.11500500000000001,-64.81010192349156
0.11501000000000001,-64.80667705005126
0.115015,-64.79887076391466
0.11502000000000001,-64.7910678346298
0.11502500000000002,-64.78326816649124
0.11503000000000001,-64.79007914494798
0.11503500000000001,-64.78235846376158
0.11504,-64.7937713676023
0.11504500000000001,-64.78604951909065
0.11505000000000001,-64.78299778108641
0.115055,-64.78984060745636
0.11506000000000001,-64.78211994464412
0.11506500000000001,-64.77915232983598
0.11507,-64.77135735757322
0.11507500000000001,-64.76356542523023
0.11508000000000002,-64.77158545565962
0.115085,-64.76387152961941
0.11509000000000001,-64.76130063110426
0.115095,-64.75351238792055
0.11510000000000001,-64.74572700299804
0.11510500000000001,-64.73794440015928
0.11511,-64.73016450620995
0.11511500000000001,-64.74027014137361
0.11512000000000001,-64.7325666558969
0.115125,-64.74835798609652
0.11513000000000001,-64.75793595843766
0.11513500000000002,-64.75587205151372
0.11514,-64.75380823077302
0.11514500000000001,-64.74602245761203
0.11515000000000002,-64.73823947999703
0.11515500000000001,-64.74859036818822
0.11516000000000001,-64.7408838430798
0.115165,-64.75700246434229
0.11517000000000001,-64.74929339269332
0.11517500000000001,-64.7651120608488
0.11518,-64.75740036552655
0.11518500000000001,-64.7729196869014
0.11519000000000001,-64.76520553381204
0.115195,-64.76318571283505
0.11520000000000001,-64.75539747392983
0.11520500000000002,-64.74761208330484
0.11521,-64.73982946517734
0.11521500000000001,-64.73204954673226
0.11522,-64.72427225800587
0.11522500000000001,-64.73646358591176
0.11523000000000001,-64.72876157262696
0.115235,-64.74732762677945
0.11524000000000001,-64.73962248904186
0.11524500000000001,-64.75788281818329
0.11525,-64.76930965388877
0.11525500000000001,-64.78643082688247
0.11526000000000002,-64.80264055464781
0.115265,-64.80072817095443
0.11527000000000001,-64.79881606588997
0.11527500000000002,-64.80872571073924
0.11528000000000001,-64.80100218629705
0.11528500000000001,-64.79905501478272
0.11529,-64.79125812916874
0.11529500000000001,-64.80185943446297
0.11530000000000001,-64.79413945410184
0.115305,-64.79242508845026
0.11531000000000001,-64.78463173891343
0.11531500000000001,-64.77684130104363
0.11532,-64.76905369659046
0.11532500000000001,-64.78125157113449
0.11533000000000002,-64.79314474255168
0.11533500000000001,-64.79184949624553
0.11534000000000001,-64.79055426923925
0.115345,-64.78276342905885
0.11535000000000001,-64.77497541008867
0.11535500000000001,-64.76719013762533
0.11536,-64.7802884422848
0.11536500000000001,-64.77257822916583
0.11537000000000001,-64.77170243623647
0.115375,-64.7850193361122
0.11538000000000001,-64.79803054817963
0.11538500000000002,-64.8172654714684
0.11539,-64.81611128276505
0.11539500000000001,-64.814957153022
0.1154,-64.80716160901665
0.11540500000000001,-64.79936895657198
0.11541000000000001,-64.79157911824039
0.115415,-64.78379201960729
0.11542000000000001,-64.79776831450829
0.11542500000000001,-64.79005584581883
0.11543,-64.78947122068728
0.11543500000000001,-64.78168583015555
0.11544000000000001,-64.79632514707633
0.115445,-64.78861396163299
0.11545000000000001,-64.78825116149744
0.11545500000000002,-64.78046716287609
0.11546000000000001,-64.77268572534882
0.11546500000000001,-64.78842964096768
0.11547,-64.80386576718402
0.11547500000000001,-64.80375465669219
0.11548000000000001,-64.80364325917768
0.115485,-64.79585631162436
0.11549000000000001,-64.81156915849041
0.11549500000000001,-64.80385589567703
0.1155,-64.8038495734944
0.11550500000000001,-64.8197682853167
0.11551000000000002,-64.83537883532051
0.115515,-64.858080940453
0.11552000000000001,-64.85779067995365
0.115525,-64.85750033895265
0.11553000000000001,-64.84970099808022
0.11553500000000001,-64.8419044971392
0.11554,-64.85755469045115
0.11554500000000001,-64.8728966840931
0.11555000000000001,-64.87274477274727
0.115555,-64.89512054937941
0.11556000000000001,-64.90953758784718
0.11556500000000001,-64.9090710932175
0.11557,-64.90860466827641
0.11557500000000001,-64.90079504791413
0.11558000000000002,-64.9154939054404
0.11558500000000001,-64.90775921322722
0.11559000000000001,-64.92967077614576
0.115595,-64.92193341875475
0.11560000000000001,-64.92149370044059
0.11560500000000001,-64.91368400030888
0.11561,-64.90587724760488
0.11561500000000001,-64.89807336275362
0.11562000000000001,-64.89027226929643
0.115625,-64.90672811676477
0.11563000000000001,-64.92287472916597
0.11563500000000002,-64.94629521020664
0.11564,-64.96880113403964
0.11564500000000001,-64.99039231878963
0.11565,-64.98980588845878
0.11565500000000001,-64.98921966171768
0.11566000000000001,-64.98139653378628
0.115665,-64.97357656435875
0.11567000000000001,-64.98839274045451
0.11567500000000001,-64.98064776427303
0.11568,-64.98032170554451
0.11568500000000001,-64.97250481534142
0.11569000000000002,-64.98797632952191
0.115695,-64.98023389780438
0.11570000000000001,-64.98012787404534
0.11570500000000002,-64.97231352762623
0.11571000000000001,-64.98843571955706
0.11571500000000001,-64.98069533167998
0.11572,-65.0045017280031
0.11572500000000001,-64.99675817190962
0.11573000000000001,-64.99678714047823
0.115735,-64.98897146465052
0.11574000000000001,-65.0054985027746
0.11574500000000001,-65.02171554888452
0.11575,-65.02184252110658
0.11575500000000001,-65.02196939157767
0.11576000000000002,-65.03801083655175
0.115765,-65.05374247509887
0.11577000000000001,-65.07661552455384
0.115775,-65.07634271364392
0.11578000000000001,-65.07607002614087
0.11578500000000001,-65.068237888668
0.11579,-65.08355686817528
0.11579500000000001,-65.07579954443115
0.11580000000000001,-65.0756328045159
0.115805,-65.09115683862413
0.11581000000000001,-65.08339940447408
0.11581500000000002,-65.1064144729663
0.11582,-65.09865436097145
0.11582500000000001,-65.12134785323198
0.11583000000000002,-65.11358489444301
0.11583500000000001,-65.11332117238852
0.11584000000000001,-65.12856703792416
0.115845,-65.1208038698579
0.11585000000000001,-65.14345030765439
0.11585500000000001,-65.15814482195475
0.11586,-65.15774812381142
0.11586500000000001,-65.15735160751534
0.11587000000000001,-65.17187472050892
0.115875,-65.16410362985852
0.11588000000000001,-65.16366246091415
0.11588500000000002,-65.17839351227042
0.11589,-65.19281489016207
0.11589500000000001,-65.21394681317304
0.1159,-65.23416079478262
0.11590500000000001,-65.23320284509823
0.11591000000000001,-65.23224533491998
0.115915,-65.22438686468007
0.11592000000000001,-65.21653180434295
0.11592500000000001,-65.23031112601973
0.11593,-65.24378122357727
0.11593500000000001,-65.24296757172532
0.11594000000000002,-65.24215423678783
0.115945,-65.2554570975853
0.11595000000000001,-65.24767371553644
0.11595500000000002,-65.26774016731288
0.11596000000000001,-65.25995501151588
0.11596500000000001,-65.25901799660795
0.11597,-65.25116063637059
0.11597500000000001,-65.26488972534356
0.11598000000000001,-65.2571081764255
0.115985,-65.25639520237296
0.11599000000000001,-65.27033495484375
0.11599500000000001,-65.26255388086948
0.116,-65.26191138769461
0.11600500000000001,-65.27606071873709
0.11601000000000002,-65.26827995273288
0.11601500000000001,-65.28947147415059
0.11602000000000001,-65.30307049728525
0.116025,-65.32310857276877
0.11603000000000001,-65.34222734954203
0.11603500000000001,-65.34098591499192
0.11604,-65.33974494497105
0.11604500000000001,-65.33187379967026
0.11605000000000001,-65.32400605934991
0.116055,-65.33696618915528
0.11606000000000001,-65.32917474731168
0.11606500000000002,-65.32819882020826
0.11607,-65.34137249794985
0.11607500000000001,-65.33358181950936
0.11608,-65.35347772829408
0.11608500000000001,-65.34568505492837
0.11609000000000001,-65.34469952235335
0.116095,-65.35784754969733
0.11610000000000001,-65.35005527125274
0.11610500000000001,-65.36991737962417
0.11611,-65.36212308029607
0.11611500000000001,-65.36112783867888
0.11612000000000001,-65.35326107097737
0.116125,-65.36683440287548
0.11613000000000001,-65.35904330172136
0.11613500000000002,-65.35827178933883
0.11614000000000001,-65.37205534200868
0.11614500000000001,-65.36426444654056
0.11615,-65.38497147643066
0.11615500000000001,-65.39820421241673
0.11616000000000001,-65.39730136072473
0.116165,-65.39639872398783
0.11617000000000001,-65.3885274983052
0.11617500000000001,-65.38065941460452
0.11618,-65.37279438594565
0.11618500000000001,-65.36493232879351
0.11619000000000002,-65.35707316288465
0.116195,-65.37238293009194
0.11620000000000001,-65.36459799531126
0.116205,-65.38733365740363
0.11621000000000001,-65.3795455769239
0.11621500000000001,-65.40195638861766
0.11622,-65.39416506183305
0.11622500000000001,-65.41625159812897
0.11623000000000001,-65.40845718216936
0.116235,-65.43022002160238
0.11624000000000001,-65.42242266453316
0.11624500000000001,-65.42189991011199
0.11625,-65.43643885451108
0.11625500000000001,-65.4286411419449
0.11626000000000002,-65.42818695028954
0.11626500000000001,-65.42031719903366
0.11627000000000001,-65.43550839291713
0.116275,-65.4503877177499
0.11628000000000001,-65.4721360168763
0.11628500000000001,-65.49296270859719
0.11629,-65.49213838347552
0.11629500000000001,-65.49131431579022
0.11630000000000001,-65.50463764583616
0.116305,-65.51765021599323
0.11631000000000001,-65.516662226597
0.11631500000000002,-65.53595676061802
0.11632,-65.54803738684473
0.11632500000000001,-65.54673376895178
0.11633,-65.54543061769533
0.11633500000000001,-65.55734507230058
0.11634000000000001,-65.54952304408555
0.116345,-65.54817809791668
0.11635000000000001,-65.54028402925903
0.11635500000000001,-65.55286806198347
0.11636,-65.54505049296893
0.11636500000000001,-65.5641683211585
0.11637000000000002,-65.55634898594259
0.116375,-65.57514818702394
0.11638000000000001,-65.56732685388593
0.11638500000000002,-65.56604542553004
0.11639000000000001,-65.55815157707099
0.11639500000000001,-65.5502609655397
0.1164,-65.56348552766899
0.11640500000000001,-65.57639900419449
0.11641000000000001,-65.59553119879693
0.116415,-65.61374044789952
0.11642000000000001,-65.61224758080238
0.11642500000000001,-65.61075517421146
0.11643,-65.60285253299263
0.11643500000000001,-65.59495326549857
0.11644000000000002,-65.60722457261743
0.116445,-65.59940184827248
0.11645000000000001,-65.59817507999176
0.116455,-65.61066021877313
0.11646000000000001,-65.60283826730718
0.11646500000000001,-65.62182522702497
0.11647,-65.63375971081662
0.11647500000000001,-65.63240338361909
0.11648000000000001,-65.6310473975744
0.116485,-65.64281493601182
0.11649000000000001,-65.63498672198011
0.11649500000000002,-65.65302061419106
0.1165,-65.64519076843077
0.11650500000000001,-65.66290739998831
0.11651000000000002,-65.65507568961083
0.11651500000000001,-65.65351575566982
0.11652000000000001,-65.64561128531729
0.116525,-65.65757429385528
0.11653000000000001,-65.6692266358126
0.11653500000000001,-65.68668059705077
0.11654,-65.70321058822307
0.11654500000000001,-65.70128828790642
0.11655000000000001,-65.69936655558384
0.116555,-65.69145140958412
0.11656000000000001,-65.68353971448582
0.11656500000000002,-65.69455808948624
0.11657000000000001,-65.68672366583294
0.11657500000000001,-65.68507138634162
0.11658,-65.67716435516533
0.11658500000000001,-65.6692605220847
0.11659000000000001,-65.68140737431563
0.116595,-65.67357981110423
0.11660000000000001,-65.67230804491486
0.11660500000000001,-65.66440779560175
0.11661,-65.67722091203707
0.11661500000000001,-65.66939638889146
0.11662000000000002,-65.68881969695117
0.116625,-65.70107977027969
0.11663000000000001,-65.69982973732512
0.11663500000000002,-65.71812433095761
0.11664000000000001,-65.7102896861835
0.11664500000000001,-65.70884288552087
0.11665,-65.72069475497712
0.11665500000000001,-65.71286056699982
0.11666000000000001,-65.73100766120947
0.116665,-65.74230901895451
0.11667000000000001,-65.75929668451538
0.11667500000000001,-65.75748592076572
0.11668,-65.75567562208796
0.11668500000000001,-65.76611893423923
0.11669000000000002,-65.75827416692448
0.11669500000000001,-65.7745501597897
0.11670000000000001,-65.76670414089368
0.116705,-65.7647732614349
0.11671000000000001,-65.77520157129452
0.11671500000000001,-65.76735677717568
0.11672,-65.7655008248942
0.11672500000000001,-65.75758331018443
0.11673000000000001,-65.7496690292096
0.116735,-65.76123038394967
0.11674000000000001,-65.7724806903422
0.11674500000000002,-65.78940079218788
0.11675,-65.78757197938172
0.11675500000000001,-65.78574357052052
0.11676,-65.77782294037617
0.11676500000000001,-65.78867213619225
0.11677000000000001,-65.78082867464296
0.116775,-65.79764393708192
0.11678000000000001,-65.78979882570871
0.11678500000000001,-65.80629773745765
0.11679,-65.81636105516428
0.11679500000000001,-65.83170070809891
0.11680000000000001,-65.82946980751285
0.116805,-65.82723948158
0.11681000000000001,-65.81930989051303
0.11681500000000002,-65.82897865235898
0.11682000000000001,-65.8211270909425
0.11682500000000001,-65.81901338157554
0.11683,-65.82890592883635
0.11683500000000001,-65.82105589278746
0.11684000000000001,-65.83660000699638
0.116845,-65.82874863437772
0.11685000000000001,-65.82663063351761
0.11685500000000001,-65.8187059466483
0.11686,-65.82904440398583
0.11686500000000001,-65.8211970623692
0.11687000000000002,-65.83733353683515
0.116875,-65.82948455875503
0.11688000000000001,-65.84530576540138
0.116885,-65.8374549487496
0.11689000000000001,-65.83540654083873
0.11689500000000001,-65.84549338875289
0.1169,-65.83764346520947
0.11690500000000001,-65.83567002237119
0.11691000000000001,-65.8277470277789
0.116915,-65.8198271537239
0.11692000000000001,-65.83104927392303
0.11692500000000002,-65.84196014829986
0.11693,-65.84024937047067
0.11693500000000001,-65.8385388167782
0.11694000000000002,-65.83061714694541
0.11694500000000001,-65.82269853184322
0.11695000000000001,-65.81478288819628
0.116955,-65.82689413739682
0.11696000000000001,-65.8190543475809
0.11696500000000001,-65.83754701612368
0.11697,-65.829704680283
0.11697500000000001,-65.8478764000779
0.11698000000000001,-65.84003140299008
0.116985,-65.83857457735692
0.11699000000000001,-65.830656288619
0.11699500000000002,-65.84295231304259
0.117,-65.8351098463001
0.11700500000000001,-65.85384909317928
0.11701,-65.84600410817441
0.11701500000000001,-65.84468909424268
0.11702000000000001,-65.85695465002505
0.117025,-65.84910940515101
0.11703000000000001,-65.84786505615433
0.11703500000000001,-65.8603415584717
0.11704,-65.85249625635005
0.11704500000000001,-65.87147640062307
0.11705000000000002,-65.8833977188506
0.117055,-65.90121464635412
0.11706000000000001,-65.89960182572935
0.11706500000000002,-65.8979893019864
0.11707000000000001,-65.89005782337716
0.11707500000000001,-65.90157045567584
0.11708,-65.89371562922005
0.11708500000000001,-65.8922140584166
0.11709000000000001,-65.88428644280873
0.117095,-65.89646734868812
0.11710000000000001,-65.9083357270105
0.11710500000000001,-65.90693883242845
0.11711,-65.90554212585796
0.11711500000000001,-65.91724003001362
0.11712000000000002,-65.92862567286963
0.117125,-65.92706467068174
0.11713000000000001,-65.94420170420692
0.117135,-65.93633850070559
0.11714000000000001,-65.93458054570591
0.11714500000000001,-65.9266442838064
0.11715,-65.93807801911018
0.11715500000000001,-65.94919957259519
0.11716000000000001,-65.94754835881578
0.117165,-65.94589745394495
0.11717000000000001,-65.93795998001127
0.11717500000000002,-65.94936953167937
0.11718,-65.96046684305227
0.11718500000000001,-65.95880672222783
0.11719000000000002,-65.95714690756543
0.11719500000000001,-65.94920820286335
0.11720000000000001,-65.9412726667651
0.117205,-65.93334021159701
0.11721000000000001,-65.94563428069905
0.11721500000000001,-65.95761538058817
0.11722,-65.95625269432536
0.11722500000000001,-65.95489016510943
0.11723000000000001,-65.96669959635811
0.117235,-65.95883812892215
0.11724000000000001,-65.95743093893185
0.11724500000000002,-65.96945235636963
0.11725000000000001,-65.96159126527299
0.11725500000000001,-65.96025495517257
0.11726,-65.97248730771629
0.11726500000000001,-65.96462647312225
0.11727000000000001,-65.96336061655009
0.117275,-65.97580285720512
0.11728000000000001,-65.98793178923589
0.11728500000000001,-65.98661562721831
0.11729,-66.00474291898244
0.11729500000000001,-65.99687477589302
0.11730000000000002,-66.0145638768933
0.117305,-66.02551112212939
0.11731000000000001,-66.04203535843072
0.11731500000000002,-66.04008261322389
0.11732000000000001,-66.03813035692332
0.11732500000000001,-66.03017717076416
0.11733,-66.0222273436348
0.11733500000000001,-66.03322582418645
0.11734000000000001,-66.04391182618224
0.117345,-66.04210657151002
0.11735000000000001,-66.05831584730619
0.11735500000000001,-66.05043674629057
0.11736,-66.06621163643048
0.11736500000000001,-66.05833097847898
0.11737000000000002,-66.07378823411219
0.11737500000000001,-66.08306007797705
0.11738000000000001,-66.08077675632954
0.117385,-66.07849401938472
0.11739000000000001,-66.0876034501619
0.11739500000000001,-66.0964016351657
0.1174,-66.09395884396179
0.11740500000000001,-66.09151668250243
0.11741000000000001,-66.08355437795882
0.117415,-66.09265344951498
0.11742000000000001,-66.08476951410603
0.11742500000000002,-66.09926606761559
0.11743,-66.1078173357573
0.11743500000000001,-66.12115062459563
0.11744,-66.13355450791705
0.11744500000000001,-66.1305576959031
0.11745000000000001,-66.12756171933574
0.117455,-66.1195905444277
0.11746000000000001,-66.11162301863874
0.11746500000000001,-66.10365903554438
0.11747,-66.09569849288914
0.11747500000000001,-66.10455267942689
0.11748000000000001,-66.0966703773129
0.117485,-66.11084033557552
0.11749000000000001,-66.11914725618104
0.11749500000000002,-66.11654100720074
0.11750000000000001,-66.11393530412025
0.11750500000000001,-66.10597357068741
0.11751,-66.11458366053373
0.11751500000000001,-66.1228827469738
0.11752000000000001,-66.12027426445724
0.117525,-66.13330764472025
0.11753000000000001,-66.12541882941812
0.11753500000000001,-66.12261576615903
0.11754,-66.11465320873839
0.11754500000000001,-66.10669398417356
0.11755000000000002,-66.09873799843895
0.117555,-66.10803007372445
0.11756000000000001,-66.11701061046715
0.117565,-66.13091424086245
0.11757000000000001,-66.1283001873386
0.11757500000000001,-66.12568662394546
0.11758,-66.11772528406763
0.11758500000000001,-66.10976721463909
0.11759000000000001,-66.10181232408314
0.117595,-66.11131939632604
0.11760000000000001,-66.10344195172486
0.11760500000000002,-66.10125637280059
0.11761,-66.11098471363619
0.11761500000000001,-66.10310793291215
0.11762000000000002,-66.10099652750144
0.11762500000000001,-66.11094507769813
0.11763000000000001,-66.10306884849732
0.117635,-66.11869269613406
0.11764000000000001,-66.11081450006513
0.11764500000000001,-66.12612036014089
0.11765,-66.1352789210342
0.11765500000000001,-66.13295863660525
0.11766000000000001,-66.14713484522088
0.117665,-66.13924801007381
0.11767000000000001,-66.15299337966823
0.11767500000000002,-66.14510503599672
0.11768,-66.15853645888046
0.11768500000000001,-66.16628816718872
0.11769,-66.178556235112
0.11769500000000001,-66.18989425350102
0.11770000000000001,-66.18662716364379
0.117705,-66.18336088835429
0.11771000000000001,-66.1753846590536
0.11771500000000001,-66.16741201657055
0.11772,-66.15944285695349
0.11772500000000001,-66.16704254385661
0.11773000000000002,-66.17433172450959
0.117735,-66.1713818144913
0.11774000000000001,-66.16843249025538
0.11774500000000002,-66.17556624536124
0.11775000000000001,-66.16767374424886
0.11775500000000001,-66.17955711782945
0.11776,-66.171663845586
0.11776500000000001,-66.18323739365235
0.11777000000000001,-66.17534309741781
0.117775,-66.1866075154024
0.11778000000000001,-66.17871228091359
0.11778500000000001,-66.18966826706921
0.11779,-66.18177217626854
0.11779500000000001,-66.17847341408972
0.11780000000000002,-66.18491430173623
0.117805,-66.17702023039189
0.11781000000000001,-66.18798210739327
0.117815,-66.19388239282158
0.11782000000000001,-66.20368291879682
0.11782500000000001,-66.21255339804267
0.11783,-66.20866606906945
0.11783500000000001,-66.20477968012739
0.11784000000000001,-66.20913845162188
0.117845,-66.20123531537925
0.11785000000000001,-66.20942963302062
0.11785500000000002,-66.21325444426893
0.11786,-66.22028987280292
0.11786500000000001,-66.2159409052388
0.11787000000000002,-66.21159301909442
0.11787500000000001,-66.2145804863562
0.11788000000000001,-66.20667445936407
0.117885,-66.21304508926642
0.11789000000000001,-66.21550311624657
0.11789500000000001,-66.21093182853987
0.1179,-66.21619334039386
0.11790500000000001,-66.2177327857377
0.11791000000000001,-66.21285348060839
0.117915,-66.21689272133828
0.11792000000000001,-66.21751604605487
0.11792500000000002,-66.21232990931472
0.11793000000000001,-66.20714507538877
0.11793500000000001,-66.20763954862487
0.11794,-66.1997313729488
0.11794500000000001,-66.20278572707807
0.11795000000000001,-66.20275925059333
0.117955,-66.19735842544502
0.11796000000000001,-66.19195889332389
0.11796500000000001,-66.183974127218
0.11797,-66.17599324713372
0.11797500000000001,-66.16801613738363
0.11798000000000002,-66.16004268681259
0.117985,-66.16180829467304
0.11799000000000001,-66.15391683827268
0.11799500000000002,-66.149141587078
0.11800000000000001,-66.15116474631498
0.11800500000000001,-66.14327632480133
0.11801,-66.13858887871812
0.11801500000000001,-66.14086844190258
0.11802000000000001,-66.13298280809292
0.118025,-66.12838262955866
0.11803000000000001,-66.13091745614362
0.11803500000000001,-66.13314637427621
0.11804,-66.12851332392663
0.11804500000000001,-66.12388102407688
0.11805000000000002,-66.11591892591574
0.11805500000000001,-66.11848948388422
0.11806000000000001,-66.11060853942651
0.118065,-66.11641690601543
0.11807000000000001,-66.11846080984236
0.11807500000000001,-66.12311483331297
0.11808,-66.12684065906258
0.11808500000000001,-66.12167744036272
0.11809000000000001,-66.11651522158012
0.118095,-66.11703734067021
0.11810000000000001,-66.11725536875784
0.11810500000000002,-66.11194858459845
0.11811,-66.1142233575253
0.11811500000000001,-66.10633311584738
0.11812,-66.10820650328529
0.11812500000000001,-66.1003169006435
0.11813000000000001,-66.0947532705134
0.118135,-66.09441952023616
0.11814000000000001,-66.08653357674235
0.11814500000000001,-66.08847964303739
0.11815,-66.0805945247429
0.11815500000000001,-66.07505237393461
0.11816000000000002,-66.06709120494483
0.118165,-66.06729448193055
0.11817000000000001,-66.05941596483441
0.11817500000000002,-66.06207434311489
0.11818000000000001,-66.05419621644809
0.11818500000000001,-66.05656872695529
0.11819,-66.04869072579078
0.11819500000000001,-66.04326042042592
0.11820000000000001,-66.04330262267935
0.118205,-66.04304166674396
0.11821000000000001,-66.04462103514241
0.11821500000000001,-66.03892901531508
0.11822,-66.03323804907538
0.11822500000000001,-66.02528101818689
0.11823000000000002,-66.01732752708674
0.118235,-66.00937747357304
0.11824000000000001,-66.00143075944733
0.118245,-66.00228052618942
0.11825000000000001,-65.9944156598668
0.11825500000000001,-65.99793033532569
0.11826,-65.99006526884013
0.11826500000000001,-65.98492999566604
0.11827000000000001,-65.9769885543368
0.118275,-65.96905026495668
0.11828000000000001,-65.97090500993654
0.11828500000000002,-65.96304774801273
0.11829,-65.96789738280235
0.11829500000000001,-65.96003942900376
0.11830000000000002,-65.95524305015621
0.11830500000000001,-65.94730876080172
0.11831000000000001,-65.94968185796397
0.118315,-65.94182824521177
0.11832000000000001,-65.93728036368856
0.11832500000000001,-65.92935074074943
0.11833,-65.93245526869873
0.11833500000000001,-65.93525480189888
0.11834000000000001,-65.93083409465133
0.118345,-65.92641383631393
0.11835000000000001,-65.91848427938648
0.11835500000000002,-65.91055768025915
0.11836,-65.90263395949482
0.11836500000000001,-65.8947130407673
0.11837,-65.88679485073934
0.11837500000000001,-65.87887931894535
0.11838000000000001,-65.87096637767895
0.118385,-65.86305596188465
0.11839000000000001,-65.85514800905399
0.11839500000000001,-65.84724245912565
0.1184,-65.83933925438947
0.11840500000000001,-65.84716663881912
0.11841000000000002,-65.83934015065826
0.118415,-65.83662795907733
0.11842000000000001,-65.84468694881102
0.11842500000000002,-65.85243732236134
0.11843000000000001,-65.84968195513687
0.11843500000000001,-65.84692648249893
0.11844,-65.8545232984883
0.11844500000000001,-65.84668968811123
0.11845000000000001,-65.84389618592728
0.118455,-65.85172577704223
0.11846000000000001,-65.85924689471437
0.11846500000000001,-65.87119166183548
0.11847,-65.8681206007056
0.11847500000000001,-65.8650497355352
0.11848000000000002,-65.87172564824935
0.11848500000000001,-65.86388216585118
0.11849000000000001,-65.87514331580087
0.118495,-65.86729812480327
0.11850000000000001,-65.86411383653619
0.11850500000000001,-65.87079901605497
0.11851,-65.87717656247094
0.11851500000000001,-65.88759986433533
0.11852000000000001,-65.88414107943096
0.118525,-65.8936818578725
0.11853000000000001,-65.88582730040278
0.11853500000000002,-65.88217734535692
0.11854,-65.87424785840956
0.11854500000000001,-65.880029186431
0.11855000000000002,-65.87217906277034
0.11855500000000001,-65.8822521346266
0.11856000000000001,-65.87440092073939
0.118565,-65.88417275447618
0.11857000000000001,-65.88919489524177
0.11857500000000001,-65.88551367673593
0.11858,-65.88183305385056
0.11858500000000001,-65.88671261405479
0.11859000000000001,-65.89128597056838
0.118595,-65.8874539441398
0.11860000000000001,-65.88362258119751
0.11860500000000002,-65.87568919463853
0.11861000000000001,-65.86775911602446
0.11861500000000001,-65.87313249465475
0.11862,-65.87819934386984
0.11862500000000001,-65.87453468838272
0.11863000000000001,-65.87087059665222
0.118635,-65.8757951205224
0.11864000000000001,-65.8679425710065
0.11864500000000001,-65.87687651693096
0.11865,-65.8690232688078
0.11865500000000001,-65.8652516053608
0.11866000000000002,-65.85732336915615
0.118665,-65.84939832415053
0.11867000000000001,-65.85528305523943
0.11867500000000002,-65.86086094592312
0.11868000000000001,-65.85736968496961
0.11868500000000001,-65.85387889501435
0.11869,-65.84595397433922
0.11869500000000001,-65.83803216748943
0.11870000000000001,-65.84440164821042
0.118705,-65.83655867354288
0.11871000000000001,-65.84741230675449
0.11871500000000001,-65.85324721283418
0.11872,-65.86294678162878
0.11872500000000001,-65.85930727642177
0.11873000000000002,-65.85566834770928
0.11873500000000001,-65.84774038977505
0.11874000000000001,-65.83981565698683
0.118745,-65.84575076481644
0.11875000000000001,-65.83790527604444
0.11875500000000001,-65.83455056095761
0.11876,-65.84072673189777
0.11876500000000001,-65.84659591480631
0.11877000000000001,-65.84320294276172
0.118775,-65.85299158555118
0.11878000000000001,-65.84514208815695
0.11878500000000002,-65.85451523005031
0.11879,-65.85923942501778
0.11879500000000001,-65.85546018952425
0.1188,-65.85168161021919
0.11880500000000001,-65.85626491358647
0.11881000000000001,-65.8484123983444
0.118815,-65.84460263848881
0.11882000000000001,-65.84943343364935
0.11882500000000001,-65.8415831519297
0.11883,-65.85039196042351
0.11883500000000001,-65.84254106951083
0.11884000000000002,-65.85105213628299
0.118845,-65.85513027850067
0.11885000000000001,-65.86248965465246
0.11885500000000002,-65.85826010303734
0.11886000000000001,-65.85403139823751
0.11886500000000001,-65.84609716641401
0.11887,-65.8498188745913
0.11887500000000001,-65.84196560020757
0.11888000000000001,-65.84929973337945
0.118885,-65.84144628766218
0.11889000000000001,-65.83727482102562
0.11889500000000001,-65.82934628526517
0.1189,-65.8335718306519
0.11890500000000001,-65.82572373399702
0.11891000000000002,-65.83372665903676
0.118915,-65.82587803878754
0.11892000000000001,-65.83358540582707
0.118925,-65.82573603707917
0.11893000000000001,-65.82166085176367
0.11893500000000001,-65.825693782305
0.11894,-65.81784645212457
0.11894500000000001,-65.81385663870297
0.11895000000000001,-65.8059344411432
0.118955,-65.81068885657601
0.11896000000000001,-65.8028465800239
0.11896500000000002,-65.79910050397105
0.11897,-65.80410197683454
0.11897500000000001,-65.80879772525209
0.11898000000000002,-65.80501579151796
0.11898500000000001,-65.80123439657717
0.11899000000000001,-65.79331469032033
0.118995,-65.7853981401036
0.11900000000000001,-65.7908938675389
0.11900500000000001,-65.7830566456658
0.11901,-65.77956095086104
0.11901500000000001,-65.77164882913723
0.11902000000000001,-65.76373966605871
0.119025,-65.75583338207753
0.11903000000000001,-65.7629728353803
0.11903500000000002,-65.75514459095471
0.11904,-65.75220258191159
0.11904500000000001,-65.74429948249865
0.11905,-65.75213901490633
0.11905500000000001,-65.74431348666337
0.11906000000000001,-65.74160660668575
0.119065,-65.73370631854668
0.11907000000000001,-65.74224110817049
0.11907500000000001,-65.73441794484823
0.11908,-65.73194436306312
0.11908500000000001,-65.74070879081323
0.11909000000000002,-65.73288534160797
0.119095,-65.74692021594859
0.11910000000000001,-65.75514376896206
0.11910500000000002,-65.76802333295579
0.11911000000000001,-65.76519241144125
0.11911500000000001,-65.76236177628745
0.11912,-65.75445132936818
0.11912500000000001,-65.74654385487528
0.11913000000000001,-65.73863927271326
0.119135,-65.74740604993953
0.11914000000000001,-65.73957876351876
0.11914500000000001,-65.75361803255083
0.11915,-65.76184387604059
0.11915500000000001,-65.77472767287884
0.11916000000000002,-65.77189529427731
0.11916500000000001,-65.78389471421613
0.11917000000000001,-65.77605399296388
0.119175,-65.77302910187947
0.11918000000000001,-65.78018124211162
0.11918500000000001,-65.7723416762617
0.11919,-65.76939678527441
0.11919500000000001,-65.77678499436962
0.11920000000000001,-65.76894674077111
0.119205,-65.76608137893953
0.11921000000000001,-65.77370455385015
0.11921500000000002,-65.78101997036848
0.11922,-65.77811417826062
0.11922500000000001,-65.7898271823883
0.11923000000000002,-65.79622008793994
0.11923500000000001,-65.80666384720848
0.11924000000000001,-65.80321204145305
0.119245,-65.79976092805269
0.11925000000000001,-65.7918353119582
0.11925500000000001,-65.78391309064114
0.11926,-65.77599416746428
0.11926500000000001,-65.76807844957564
0.11927000000000001,-65.77549947408062
0.119275,-65.76766226657726
0.11928000000000001,-65.7799140192315
0.11928500000000002,-65.7720753971594
0.11929000000000001,-65.78402209069175
0.11929500000000001,-65.77618188340266
0.1193,-65.78782419438058
0.11930500000000001,-65.79425102460327
0.11931000000000001,-65.79104562813171
0.119315,-65.8015765205421
0.11932000000000001,-65.79372949481782
0.11932500000000001,-65.7903329785667
0.11933,-65.7824114910521
0.11933500000000001,-65.78893315546725
0.11934000000000002,-65.78109091191268
0.119345,-65.77793413297212
0.11935000000000001,-65.78469479555976
0.11935500000000002,-65.79114836012624
0.11936000000000001,-65.80167261807897
0.11936500000000001,-65.79824268681458
0.11937,-65.79481339431662
0.11937500000000001,-65.7868899995058
0.11938000000000001,-65.79297335073831
0.119385,-65.78512951162962
0.11939000000000001,-65.7818256046738
0.11939500000000002,-65.78815001232246
0.1194,-65.78030799758086
0.11940500000000001,-65.77708560865183
0.11941000000000002,-65.76916933371352
0.11941500000000001,-65.77619959165212
0.11942000000000001,-65.76836204473285
0.119425,-65.76537779808119
0.11943000000000001,-65.75746596243552
0.11943500000000001,-65.76519716797665
0.11944,-65.75736349784047
0.11944500000000001,-65.75461538753164
0.11945000000000001,-65.76257998086756
0.119455,-65.75474705107041
0.11946000000000001,-65.76772073385676
0.11946500000000002,-65.7598860707424
0.11947,-65.7571379670042
0.11947500000000001,-65.74922880494053
0.11948,-65.75765853903172
0.11948500000000001,-65.76577993903862
0.11949000000000001,-65.77852538014577
0.119495,-65.77565721470634
0.11950000000000001,-65.77278944855699
0.11950500000000001,-65.7800657672391
0.11951,-65.78703457874872
0.11951500000000001,-65.78401157428509
0.11952000000000002,-65.78098905147209
0.119525,-65.7730708451659
0.11953000000000001,-65.78035625456984
0.11953500000000002,-65.77251676627029
0.11954000000000001,-65.76961634804287
0.11954500000000001,-65.76170275795947
0.11955,-65.76968733126547
0.11955500000000001,-65.77736386553192
0.11956000000000001,-65.78951733690066
0.119565,-65.78649835337684
0.11957000000000001,-65.79776836924316
0.11957500000000001,-65.80382864138487
0.11958,-65.80049849358565
0.11958500000000001,-65.8105425048545
0.11959000000000002,-65.80269200486782
0.119595,-65.81232055010187
0.11960000000000001,-65.80446940036151
0.119605,-65.80087324253678
0.11961000000000001,-65.80633957443253
0.11961500000000001,-65.81149976119848
0.11962,-65.82030193805574
0.11962500000000001,-65.81643566444617
0.11963000000000001,-65.81257024467277
0.119635,-65.80463945024273
0.11964000000000001,-65.79671219492964
0.11964500000000002,-65.80198038384052
0.11965,-65.80694262913288
0.11965500000000001,-65.80324558681939
0.11966000000000002,-65.79954925882063
0.11966500000000001,-65.80437080688486
0.11967000000000001,-65.79652237310569
0.119675,-65.79279491908028
0.11968000000000001,-65.78487213129637
0.11968500000000001,-65.79041000605241
0.11969,-65.78256700499612
0.11969500000000001,-65.79231491115912
0.11970000000000001,-65.78447115800009
0.119705,-65.78091021915738
0.11971000000000001,-65.77299169945417
0.11971500000000002,-65.7650763838002
0.11972000000000001,-65.77156919724264
0.11972500000000001,-65.76373282903984
0.11973,-65.77474927592543
0.11973500000000001,-65.76691162968685
0.11974000000000001,-65.77762607702978
0.119745,-65.78335860980856
0.11975000000000001,-65.77992329752877
0.11975500000000001,-65.77648852883186
0.11976,-65.76857038469078
0.11976500000000001,-65.77462708569232
0.11977000000000002,-65.7667882786342
0.119775,-65.76347872373736
0.11978000000000001,-65.75556545407188
0.11978500000000002,-65.74765526325108
0.11979000000000001,-65.75488522321864
0.11979500000000001,-65.7470534003675
0.1198,-65.74413940988359
0.11980500000000001,-65.73623311010903
0.11981000000000001,-65.74416275502664
0.119815,-65.7363343003652
0.11982000000000001,-65.73365570932657
0.11982500000000001,-65.72575282121878
0.11983,-65.73437730896242
0.11983500000000001,-65.72655177319712
0.11984000000000002,-65.72410668345144
0.11984500000000001,-65.73296055514832
0.11985000000000001,-65.7251350894372
0.119855,-65.72276651949842
0.11986000000000001,-65.73184870775951
0.11986500000000001,-65.74062218631117
0.11987,-65.75423536367546
0.11987500000000001,-65.76692418139496
0.11988000000000001,-65.76404257143969
0.119885,-65.76116137635336
0.11989000000000001,-65.76839585247568
0.11989500000000002,-65.76055721686265
0.1199,-65.77256136281818
0.11990500000000001,-65.76472153109769
0.11991000000000002,-65.77642131479986
0.11991500000000001,-65.76858009039435
0.11992000000000001,-65.76550888166159
0.119925,-65.7575932764735
0.11993000000000001,-65.76507293243829
0.11993500000000001,-65.7722450128834
0.11994,-65.7837263931461
0.11994500000000001,-65.78053836897504
0.11995000000000001,-65.79113750967522
0.119955,-65.78329093292898
0.11996000000000001,-65.79347356881361
0.11996500000000002,-65.78562614659931
0.11997000000000001,-65.78217124299822
0.11997500000000001,-65.78805218806939
0.11998,-65.78020676149328
0.11998500000000001,-65.77683443571584
0.11999000000000001,-65.78295750409862
0.119995,-65.78877403088953
0.12000000000000001,-65.79844975041027
0.12000500000000001,-65.79480588939734
0.12001,-65.79116277555526
0.12001500000000001,-65.78323714200407
0.12002000000000002,-65.77531494456022
0.120025,-65.78123411018196
0.12003000000000001,-65.78684692156281
0.12003500000000002,-65.78336981990626
0.12004000000000001,-65.7798933431974
0.12004500000000001,-65.7719723505814
0.12005,-65.77791046485363
0.12005500000000001,-65.78354223258354
0.12006000000000001,-65.78007217579385
0.120065,-65.77660272247037
0.12007000000000001,-65.78209130441856
0.12007500000000002,-65.77424791509804
0.12008,-65.78393049235575
0.12008500000000001,-65.77608647224933
0.12009000000000002,-65.78547013089859
0.12009500000000001,-65.77762524305571
0.12010000000000001,-65.78671068211642
0.120105,-65.77886501848528
0.12011000000000001,-65.78765293965218
0.12011500000000001,-65.77980658781104
0.12012,-65.78829769542503
0.12012500000000001,-65.79236258403596
0.12013000000000001,-65.79970331583422
0.120135,-65.7954729787721
0.12014000000000001,-65.7912435630899
0.12014500000000002,-65.78331449729157
0.12015,-65.77538900324052
0.12015500000000001,-65.76746697735267
0.12016,-65.75954832010153
0.12016500000000001,-65.76467265526053
0.12017000000000001,-65.75683389862586
0.120175,-65.76603041883415
0.12018000000000001,-65.758190890377
0.12018500000000001,-65.75449531647052
0.12019,-65.75964272615563
0.12019500000000001,-65.75180483609967
0.12020000000000002,-65.76103182369856
0.120205,-65.76565033852974
0.12021000000000001,-65.76184380372018
0.12021500000000002,-65.75803791070777
0.12022000000000001,-65.76251727881524
0.12022500000000001,-65.75467659598132
0.12023,-65.76301564948331
0.12023500000000001,-65.7669683507817
0.12024000000000001,-65.7629381867059
0.120245,-65.75890875938201
0.12025000000000001,-65.76272506972802
0.12025500000000001,-65.76623695664536
0.12026,-65.77283934461659
0.12026500000000001,-65.76842788856773
0.12027000000000002,-65.76401733639682
0.120275,-65.75609275288848
0.12028000000000001,-65.74817169279446
0.120285,-65.74025405440977
0.12029000000000001,-65.74436212119085
0.12029500000000001,-65.7365249642886
0.1203,-65.74436897881257
0.12030500000000001,-65.7479519062044
0.12031000000000001,-65.74380068399616
0.120315,-65.7396501813424
0.12032000000000001,-65.73173345008614
0.12032500000000002,-65.73565476021597
0.12033,-65.72781860798551
0.12033500000000001,-65.73541389597182
0.12034000000000002,-65.73881084336738
0.12034500000000001,-65.73459828955674
0.12035000000000001,-65.73038646516389
0.120355,-65.73364964575349
0.12036000000000001,-65.73660908217862
