{
    "best_params": {
        "learning_rate": 0.0002061163011738982,
        "buffer_size": 237949,
        "batch_size": 128,
        "tau": 0.012670170106082904,
        "gamma": 0.9046223214626081,
        "action_noise_sigma": 0.057700908370714184,
        "n_layers": 3,
        "layer_size": 327,
        "activation_fn": "tanh",
        "train_freq": 8,
        "gradient_steps": 8
    },
    "best_value": 1948.015913,
    "n_trials": 50,
    "best_net_arch": [
        327,
        327,
        327
    ],
    "best_activation_fn": "tanh",
    "seed": 663996
}