{
    "best_params": {
        "n_layers": 3,
        "layer_size": 96,
        "activation_fn": "relu",
        "learning_rate": 0.0007359470356407556,
        "buffer_size": 197913,
        "batch_size": 64,
        "gamma": 0.9871958159067916,
        "tau": 0.006523042473835088,
        "ent_coef": "auto"
    },
    "best_value": 1957.38,
    "n_trials": 50,
    "best_net_arch": [
        96,
        96,
        96
    ],
    "best_activation_fn": "relu",
    "seed": 182951
}