{
    "best_params": {
        "n_layers": 3,
        "layer_size": 79,
        "activation_fn": "relu",
        "learning_rate": 0.00020003730283549883,
        "buffer_size": 237432,
        "batch_size": 256,
        "gamma": 0.9333263113941028,
        "tau": 0.01160514804549974,
        "action_noise_sigma": 0.1465978623222506
    },
    "best_value": 1952.5272,
    "n_trials": 50,
    "best_net_arch": [
        79,
        79,
        79
    ],
    "best_activation_fn": "relu"
}
