{
    "best_params": {
        "learning_rate": 0.000691421433969174,
        "gamma": 0.9199188292787973,
        "n_steps": 8,
        "ent_coef": 1.1634469351626833e-07,
        "vf_coef": 0.7832577554691627,
        "max_grad_norm": 1.269004043043889,
        "rms_prop_eps": 0.00021387343074300374,
        "use_rms_prop": false,
        "layer_size": 263,
        "n_layers": 2,
        "activation_fn": "tanh"
    },
    "best_value": 498.9404296875,
    "n_trials": 50
}