{
    "best_params": {
        "n_steps": 64,
        "batch_size": 64,
        "learning_rate": 0.0007021026145469488,
        "n_epochs": 10,
        "gamma": 0.9381865795339357,
        "clip_range": 0.1429132235345394,
        "ent_coef": 3.848940955471038e-06,
        "vf_coef": 0.8506444037388057,
        "max_grad_norm": 0.6500426467764047,
        "gae_lambda": 0.8153739424447651,
        "layer_size": 298,
        "n_layers": 4,
        "activation_fn": "tanh"
    },
    "best_value": 499.77215576171875,
    "n_trials": 50
}