{
    "best_params": {
        "learning_rate": 7.058110433865483e-05,
        "buffer_size": 64950,
        "batch_size": 379,
        "tau": 0.006883801901943326,
        "gamma": 0.9272756340974986,
        "action_noise_sigma": 0.20779017128818633,
        "layer_size": 240,
        "n_layers": 2,
        "activation_fn": "leaky_relu"
    },
    "best_value": 498.903564453125,
    "n_trials": 50
}