{
    "best_params": {
        "n_layers": 3,
        "layer_size": 64,
        "activation_fn": "tanh",
        "n_steps": 2048,
        "batch_size": 512,
        "learning_rate": 0.00020937811288566647,
        "n_epochs": 19,
        "gamma": 0.9506877152487643,
        "clip_range": 0.18424450612131155,
        "ent_coef": 1.0096599760504865e-08,
        "vf_coef": 0.8304113233390235,
        "max_grad_norm": 4.367040798338456,
        "gae_lambda": 0.9300306423850312
    },
    "best_value": 181.80,
    "n_trials": 110,
    "best_net_arch": [
        64,
        64,
        64
    ],
    "best_activation_fn": "tanh",
    "seed": 260389
}
