time_s,angle_rad
0.0,-0.944298505783081
0.001,-0.9442968903366625
0.002,-0.944292043752702
0.003,-0.9442839654012529
0.004,-0.9442726542323026
0.005,-0.9442581087756267
0.006,-0.9442403271405857
0.007,-0.9442193070158624
0.008,-0.9441950456691416
0.009000000000000001,-0.9441675399467312
0.01,-0.9441367862731247
0.011,-0.9441027806505057
0.012,-0.9440655186581931
0.013000000000000001,-0.9440249954520279
0.014,-0.9439812057637011
0.015,-0.9439341439000232
0.016,-0.9438838037421332
0.017,-0.9438301787446502
0.018000000000000002,-0.9437732619347645
0.019,-0.9437130459112693
0.02,-0.943649522843533
0.021,-0.9435826844704117
0.022,-0.9435125220991016
0.023,-0.9434390266039306
0.024,-0.9433621884250903
0.025,-0.9432819975673069
0.026000000000000002,-0.9431984435984512
0.027,-0.9431115156480876
0.028,-0.9430212024059617
0.029,-0.9429274921204258
0.03,-0.9428303725968035
0.031,-0.9427298311956908
0.032,-0.9426258548311955
0.033,-0.9425184299691142
0.034,-0.9424075426250444
0.035,-0.9422931783624358
0.036000000000000004,-0.9421753222905748
0.037,-0.9420539590625076
0.038,-0.9419290728728967
0.039,-0.9418006474558139
0.04,-0.941668666082467
0.041,-0.9415331115588615
0.042,-0.9413939662233961
0.043000000000000003,-0.9412512119443911
0.044,-0.9411048301175508
0.045,-0.9409548016633573
0.046,-0.9408011070243979
0.047,-0.9406437261626227
0.048,-0.9404826385565344
0.049,-0.940317823198308
0.05,-0.9401492585908415
0.051000000000000004,-0.9399769227447354
0.052000000000000005,-0.9398007931752016
0.053,-0.9396208468989011
0.054,-0.9394370604307094
0.055,-0.9392494097804092
0.056,-0.9390578704493098
0.057,-0.9388624174267933
0.058,-0.9386630251867857
0.059000000000000004,-0.9384596676841529
0.06,-0.9382523183510216
0.061,-0.938040950093023
0.062,-0.9378255352854599
0.063,-0.9376060457693957
0.064,-0.9373824528476653
0.065,-0.9371547272808065
0.066,-0.936922839282911
0.067,-0.9366867585173955
0.068,-0.9364464540926903
0.069,-0.9362018945578469
0.07,-0.9359530478980602
0.07100000000000001,-0.9356998815301097
0.07200000000000001,-0.9354423622977132
0.073,-0.9351804564667959
0.074,-0.9349141297206737
0.075,-0.9346433471551473
0.076,-0.9343680732735092
0.077,-0.9340882719814608
0.078,-0.9338039065819395
0.079,-0.9335149397698537
0.08,-0.9332213336267267
0.081,-0.9329230496152464
0.082,-0.9326200485737212
0.083,-0.9323122907104393
0.084,-0.9319997355979335
0.085,-0.9316823421671463
0.08600000000000001,-0.9313600687014977
0.08700000000000001,-0.9310328728308525
0.088,-0.9307007115253864
0.089,-0.9303635410893503
0.09,-0.9300213171547309
0.091,-0.9296739946748065
0.092,-0.9293215279175967
0.093,-0.928963870459205
0.094,-0.9286009751770532
0.095,-0.9282327942430048
0.096,-0.927859279116378
0.097,-0.9274803805368459
0.098,-0.927096048517222
0.099,-0.9267062323361307
0.1,-0.9263108805305603
0.101,-0.925909940888298
0.10200000000000001,-0.9255033604402442
0.10300000000000001,-0.925091085452605
0.10400000000000001,-0.9246730614189627
0.105,-0.9242492330522195
0.106,-0.9238195442764164
0.107,-0.9233839382184229
0.108,-0.9229423571994965
0.109,-0.9224947427267113
0.11,-0.9220410354842528
0.111,-0.9215811753245771
0.112,-0.9211151012594329
0.113,-0.9206427514507448
0.114,-0.9201640632013556
0.115,-0.9196789729456246
0.116,-0.9191874162398824
0.117,-0.9186893277527377
0.11800000000000001,-0.918184641255235
0.11900000000000001,-0.9176732896108617
0.12,-0.9171552047654009
0.121,-0.9166303177366294
0.122,-0.9160985586038572
0.123,-0.9155598564973073
0.124,-0.9150141395873327
0.125,-0.9144613350734685
0.126,-0.9139013691733171
0.127,-0.9133341671112633
0.128,-0.9127596531070167
0.129,-0.9121777503639803
0.13,-0.9115883810574404
0.131,-0.9109914663225774
0.132,-0.9103869262422926
0.133,-0.9097746798348502
0.134,-0.9091546450413306
0.135,-0.908526738712892
0.136,-0.9078908765978383
0.137,-0.9072469733284886
0.138,-0.9065949424078473
0.139,-0.9059346961960705
0.14,-0.9052661458967252
0.14100000000000001,-0.9045892015428391
0.14200000000000002,-0.9039037719827369
0.14300000000000002,-0.9032097648656602
0.14400000000000002,-0.9025070866271672
0.145,-0.9017956424743087
0.146,-0.9010753363705771
0.147,-0.9003460710206252
0.148,-0.8996077478547495
0.149,-0.8988602670131358
0.15,-0.8981035273298629
0.151,-0.8973374263166597
0.152,-0.8965618601464126
0.153,-0.8957767236364185
0.154,-0.8949819102313796
0.155,-0.8941773119861356
0.156,-0.8933628195481285
0.157,-0.8925383221395968
0.158,-0.8917037075394934
0.159,-0.8908588620651221
0.16,-0.8900036705534909
0.161,-0.8891380163423734
0.162,-0.888261781251076
0.163,-0.8873748455609055
0.164,-0.8864770879953313
0.165,-0.8855683856998376
0.166,-0.8846486142214603
0.167,-0.8837176474880029
0.168,-0.8827753577869256
0.169,-0.8818216157439039
0.17,-0.8808562903010477
0.171,-0.8798792486947781
0.17200000000000001,-0.8788903564333543
0.17300000000000001,-0.8778894772740454
0.17400000000000002,-0.8768764731999396
0.17500000000000002,-0.875851204396386
0.176,-0.8748135292270625
0.177,-0.873763304209661
0.178,-0.8727003839911864
0.179,-0.8716246213228608
0.18,-0.8705358670346248
0.181,-0.8694339700092323
0.182,-0.8683187771559275
0.183,-0.8671901333837002
0.184,-0.8660478815741091
0.185,-0.864891862553667
0.186,-0.8637219150657806
0.187,-0.8625378757422343
0.188,-0.8613395790742133
0.189,-0.8601268573828551
0.19,-0.8588995407893217
0.191,-0.8576574571843851
0.192,-0.856400432197515
0.193,-0.855128289165462
0.194,-0.8538408491003255
0.195,-0.8525379306570985
0.196,-0.851219350100678
0.197,-0.8498849212723336
0.198,-0.848534455555623
0.199,-0.8471677618417437
0.2,-0.845784646494313
0.201,-0.8443849133135641
0.202,-0.8429683634999487
0.203,-0.8415347956171341
0.20400000000000001,-0.8400840055543854
0.20500000000000002,-0.8386157864883212
0.20600000000000002,-0.8371299288440305
0.20700000000000002,-0.8356262202555406
0.20800000000000002,-0.8341044455256235
0.209,-0.8325643865849292
0.21,-0.8310058224504336
0.211,-0.8294285291831892
0.212,-0.8278322798453646
0.213,-0.8262168444565622
0.214,-0.8245819899493997
0.215,-0.8229274801243429
0.216,-0.8212530756037759
0.217,-0.8195585337852961
0.218,-0.8178436087942192
0.219,-0.816108051435282
0.22,-0.8143516091435261
0.221,-0.8125740259343519
0.222,-0.8107750423527249
0.223,-0.8089543954215224
0.224,-0.8071118185890037
0.225,-0.805247041675391
0.226,-0.8033597908185431
0.227,-0.8014497884187103
0.228,-0.7995167530823505
0.229,-0.7975603995649956
0.23,-0.7955804387131491
0.231,-0.7935765774052007
0.232,-0.7915485184913418
0.233,-0.7894959607324651
0.234,-0.787418598738034
0.23500000000000001,-0.7853161229029036
0.23600000000000002,-0.7831882193430788
0.23700000000000002,-0.7810345698303922
0.23800000000000002,-0.7788548517260866
0.23900000000000002,-0.7766487379132854
0.24,-0.7744158967283348
0.241,-0.7721559918910024
0.242,-0.7698686824335156
0.243,-0.7675536226284246
0.244,-0.7652104619152743
0.245,-0.7628388448260698
0.246,-0.7604384109095206
0.247,-0.7580087946540485
0.248,-0.7555496254095454
0.249,-0.7530605273078664
0.25,-0.7505411191820449
0.251,-0.7479910144842173
0.252,-0.7454098212022443
0.253,-0.7427971417750172
0.254,-0.7401525730064391
0.255,-0.7374757059780694
0.256,-0.7347661259604245
0.257,-0.7320234123229233
0.258,-0.7292471384424754
0.259,-0.7264368716106999
0.26,-0.7235921729397765
0.261,-0.7207125972669209
0.262,-0.7177976930574864
0.263,-0.7148470023066895
0.264,-0.711860060439964
0.265,-0.7088363962119452
0.266,-0.7057755316040932
0.267,-0.7026769817209624
0.268,-0.6995402546851283
0.269,-0.6963648515307878
0.27,-0.693150266096048
0.271,-0.6898959849139258
0.272,-0.6866014871020802
0.273,-0.683266244251308
0.274,-0.6798897203128317
0.275,-0.6764713714844182
0.276,-0.6730106460953681
0.277,-0.6695069844904221
0.278,-0.6659598189126356
0.279,-0.6623685733852785
0.28,-0.6587326635928258
0.281,-0.6550514967611052
0.28200000000000003,-0.6513244715366834
0.28300000000000003,-0.6475509778655729
0.28400000000000003,-0.6437303968713539
0.28500000000000003,-0.6398621007328125
0.28600000000000003,-0.6359454525612063
0.28700000000000003,-0.6319798062772797
0.28800000000000003,-0.627964506488158
0.289,-0.6238988883642662
0.29,-0.6197822775164245
0.291,-0.6156139898732904
0.292,-0.6113933315593281
0.293,-0.6071195987734995
0.294,-0.6027920776688905
0.295,-0.5984100442334978
0.296,-0.5939727641724212
0.297,-0.5894794927917267
0.298,-0.5849294748842593
0.299,-0.5803219446177114
0.3,-0.5756561254252709
0.301,-0.5709312298991965
0.302,-0.5661464596876931
0.303,-0.5613010053954847
0.304,-0.5563940464885112
0.305,-0.5514247512032014
0.306,-0.5463922764608068
0.307,-0.5412957677873119
0.308,-0.53613435923947
0.309,-0.5309071733375467
0.31,-0.5256133210053948
0.311,-0.5202519015185162
0.312,-0.5148220024608113
0.313,-0.5093226996907578
0.314,-0.5037530573178016
0.315,-0.49811227757006843
0.316,-0.49240296842162756
0.317,-0.48663097459989485
0.318,-0.48080196984716633
0.319,-0.4749213518317522
0.32,-0.46899424999750233
0.321,-0.463025536745777
0.322,-0.4570198382139107
0.323,-0.4509815445661591
0.324,-0.444914819834449
0.325,-0.43882361134556563
0.326,-0.4327116587670055
0.327,-0.4265825027996741
0.328,-0.4204394935420077
0.329,-0.41428579854692
0.33,-0.40812441059016896
0.331,-0.40195815516628197
0.332,-0.3957896977260242
0.333,-0.3896215506675282
0.334,-0.3834560800915876
0.335,-0.3772955123302294
0.336,-0.3711419402564993
0.337,-0.36499732938239565
0.338,-0.35886352375105307
0.339,-0.35274225162858835
0.34,-0.34663513100045906
0.341,-0.3405436748767377
0.342,-0.3344692964103522
0.343,-0.3284133138320788
0.34400000000000003,-0.32237695520587767
0.34500000000000003,-0.3163613630080317
0.34600000000000003,-0.31036759853346474
0.34700000000000003,-0.304396646132579
0.34800000000000003,-0.29844941728194496
0.34900000000000003,-0.29252675449219956
0.35000000000000003,-0.28662943505654953
0.35100000000000003,-0.2807581746433345
0.352,-0.27491363073616926
0.353,-0.26909640592525685
0.354,-0.2633070510535371
0.355,-0.2575460682214061
0.356,-0.2518139136538101
0.357,-0.24611100043357897
0.358,-0.2404377011049163
0.359,-0.23479435015101
0.36,-0.22918124634975923
0.361,-0.22359865501163906
0.362,-0.21804681010373564
0.363,-0.21252591626398737
0.364,-0.2070361507096573
0.365,-0.20157766504404231
0.366,-0.1961505869653934
0.367,-0.1907550218819815
0.368,-0.1853910544371928
0.369,-0.18005874994847867
0.37,-0.1747581557639194
0.371,-0.16948930254008648
0.372,-0.16425220544480781
0.373,-0.15904686528835404
0.374,-0.1538732695864733
0.375,-0.14873139355860582
0.376,-0.14362120106451115
0.377,-0.13854264548243875
0.378,-0.13349567053186875
0.379,-0.1284802110437441
0.38,-0.12349619368100859
0.381,-0.11854353761215825
0.382,-0.11362215514040674
0.383,-0.10873195229095853
0.384,-0.1038728293587783
0.385,-0.09904468141914062
0.386,-0.09424739880314116
0.387,-0.08948086754024996
0.388,-0.08474496976988861
0.389,-0.08003958412391694
0.39,-0.07536458608182092
0.391,-0.07071984830030278
0.392,-0.06610524091888595
0.393,-0.06152063184306212
0.394,-0.05696588700642582
0.395,-0.05244087061316223
0.396,-0.04794544536217829
0.397,-0.04347947265409381
0.398,-0.03904281278223956
0.399,-0.034635325108742177
0.4,-0.03025686822671213
0.401,-0.02590730010948985
0.402,-0.0215864782478472
0.403,-0.017294259775986393
0.404,-0.013030501587125976
0.405,-0.008795060439413907
0.406,-0.00458779305286066
0.40700000000000003,-0.0004085561979407584
0.40800000000000003,0.00374279322353095
0.40900000000000003,0.007866398104681722
0.41000000000000003,0.011962401066492975
0.41100000000000003,0.01603094439684828
0.41200000000000003,0.020072169995256777
0.41300000000000003,0.024086219322822934
0.41400000000000003,0.02807323335706282
0.41500000000000004,0.03203335255119481
0.41600000000000004,0.03596671679755854
0.417,0.0398734653948401
0.418,0.04375373701880437
0.419,0.047607669696256655
0.42,0.05143540078197562
0.421,0.05523706693837831
0.422,0.05901280411769521
0.423,0.0627627475464499
0.424,0.06648703171205261
0.425,0.07018579035133134
0.426,0.07385915644083736
0.427,0.07750726218877423
0.428,0.0811302390284105
0.429,0.08472821761284753
0.43,0.08830132781102298
0.431,0.09184969870484042
0.432,0.0953734585873233
0.433,0.09887273496170021
0.434,0.10234765454133482
0.435,0.10579834325042145
0.436,0.10922492622537307
0.437,0.11262752781683454
0.438,0.1160062715922592
0.439,0.11936128033899207
0.44,0.12269267606780739
0.441,0.1260005800168526
0.442,0.12928511265595485
0.443,0.1325463936912496
0.444,0.1357845420700944
0.445,0.13899967598623433
0.446,0.1421919128851876
0.447,0.14536136946982342
0.448,0.14850816170610634
0.449,0.151632404828983
0.45,0.15473421334839035
0.451,0.15781370105536538
0.452,0.16087098102823838
0.453,0.16390616563889407
0.454,0.1669193665590852
0.455,0.1699106947667856
0.456,0.17288026055257055
0.457,0.1758281735260134
0.458,0.17875454262208862
0.459,0.18165947610757224
0.46,0.1845430815874318
0.461,0.18740546601119842
0.462,0.1902467356793147
0.463,0.19306699624945237
0.464,0.195866352742795
0.465,0.19864490955028064
0.466,0.20140277043880064
0.467,0.2041400385573512
0.468,0.206856816443134
0.46900000000000003,0.20955320602760383
0.47000000000000003,0.21222930864246017
0.47100000000000003,0.21488522502558122
0.47200000000000003,0.2175210553268982
0.47300000000000003,0.2201368991142088
0.47400000000000003,0.22273285537892829
0.47500000000000003,0.22530902254177732
0.47600000000000003,0.22786549845840579
0.47700000000000004,0.23040238042495204
0.47800000000000004,0.23291976518353677
0.47900000000000004,0.23541774892769174
0.48,0.23789642730772273
0.481,0.24035589543600702
0.482,0.24279624789222518
0.483,0.2452175787285276
0.484,0.24761998147463582
0.485,0.25000354914287914
0.486,0.25236837423316666
0.487,0.2547145487378957
0.488,0.2570421641467963
0.489,0.25935131145171375
0.49,0.2616420811513278
0.491,0.2639145632558111
0.492,0.26616884729142626
0.493,0.2684050223050631
0.494,0.2706231768687159
0.495,0.2728233990839023
0.496,0.275005776586024
0.497,0.2771703965486703
0.498,0.27931734568786526
0.499,0.2814467102662589
0.5,0.28355857609726376
0.501,0.28565302854913754
0.502,0.287730152549012
0.503,0.28979003258686964
0.504,0.2918327527194687
0.505,0.29385839657421703
0.506,0.29586704735299607
0.507,0.29785878783593517
0.508,0.29983370038513757
0.509,0.30179186694835836
0.51,0.3037333690626355
0.511,0.3056582878578743
0.512,0.30756670406038655
0.513,0.3094586979963845
0.514,0.3113343495954309
0.515,0.3131937383938454
0.516,0.31503694353806844
0.517,0.3168640437879825
0.518,0.31867511752019273
0.519,0.3204702427312662
0.52,0.3222494970409312
0.521,0.32401295769523736
0.522,0.32576070156967646
0.523,0.3274928051722653
0.524,0.3292093446465912
0.525,0.3309103957748197
0.526,0.3325960339806666
0.527,0.33426633433233394
0.528,0.3359213715454101
0.529,0.33756121998573596
0.53,0.33918595367223625
0.531,0.3407956462797175
0.532,0.34239037114163234
0.533,0.3439702012528119
0.534,0.34553520927216524
0.535,0.34708546752534736
0.536,0.34862104800739613
0.537,0.3501420223853382
0.538,0.35164846200076477
0.539,0.3531404378723773
0.54,0.354618020698504
0.541,0.35608128085958707
0.542,0.3575302884206415
0.543,0.35896511313368556
0.544,0.3603858244401438
0.545,0.36179249147322207
0.546,0.36318518306025627
0.547,0.36456396772503374
0.548,0.3659289136900888
0.549,0.3672800888789723
0.55,0.3686175609184955
0.551,0.3699413971409489
0.552,0.37125166458629594
0.553,0.3725484300043423
0.554,0.37383175985688094
0.555,0.3751017203198133
0.556,0.37635837728524674
0.557,0.3776017963635686
0.558,0.37883204288549754
0.559,0.38004918190411197
0.56,0.3812532781968559
0.561,0.3824443962675229
0.562,0.38362260034821805
0.5630000000000001,0.38478795440129815
0.5640000000000001,0.38594052212129076
0.5650000000000001,0.38708036693679204
0.5660000000000001,0.3882075520123436
0.5670000000000001,0.3893221402502889
0.5680000000000001,0.39042419429260933
0.5690000000000001,0.39151377652274
0.5700000000000001,0.39259094906736564
0.5710000000000001,0.3936557737981967
0.5720000000000001,0.3947083123337265
0.5730000000000001,0.3957486260409684
0.5740000000000001,0.3967767760371745
0.5750000000000001,0.39779282319153525
0.5760000000000001,0.3987968281268606
0.577,0.3997888512212426
0.578,0.4007689526096997
0.579,0.40173719218580345
0.58,0.4026936296032868
0.581,0.4036383242776352
0.582,0.4045713353876599
0.583,0.4054927218770543
0.584,0.40640254245593305
0.585,0.4073008556023539
0.586,0.4081877195638234
0.587,0.40906319235878547
0.588,0.4099273317780939
0.589,0.41078019538646826
0.59,0.4116218405239342
0.591,0.4124523243072471
0.592,0.4132717036313006
0.593,0.4140800351705191
0.594,0.4148773753802348
0.595,0.4156637804980495
0.596,0.4164393065451813
0.597,0.41720400932779594
0.598,0.41795794443832346
0.599,0.41870116725676004
0.6,0.41943373295195513
0.601,0.4201556964828842
0.602,0.42086711259990695
0.603,0.42156803584601155
0.604,0.42225852055804447
0.605,0.4229386208679266
0.606,0.42360839070385525
0.607,0.42426788379149266
0.608,0.4249171536551408
0.609,0.42555625361890287
0.61,0.42618523680783094
0.611,0.426804156149061
0.612,0.4274130643729344
0.613,0.4280120140141068
0.614,0.4286010574126435
0.615,0.4291802467151026
0.616,0.4297496338756054
0.617,0.4303092706568941
0.618,0.43085920863137717
0.619,0.43139949918216225
0.62,0.43193019350407713
0.621,0.43245134260467843
0.622,0.43296299730524834
0.623,0.4334652082417793
0.624,0.43395802586594723
0.625,0.43444150044607277
0.626,0.4349156820680713
0.627,0.435380620636391
0.628,0.43583636587494007
0.629,0.43628296732800237
0.63,0.4367204743611419
0.631,0.4371489361620965
0.632,0.43756840174166023
0.633,0.4379789199345551
0.634,0.43838053940029226
0.635,0.43877330862402186
0.636,0.43915727591737314
0.637,0.4395324894192836
0.638,0.43989899709681785
0.639,0.44025684674597637
0.64,0.44060608599249396
0.641,0.4409467622926282
0.642,0.4412789229339377
0.643,0.441602615036051
0.644,0.4419178855514252
0.645,0.4422247812660948
0.646,0.4425233488004118
0.647,0.4428136346097751
0.648,0.4430956849853515
0.649,0.4433695460547869
0.65,0.4436352637829083
0.651,0.4438928839724169
0.652,0.44414245226457183
0.653,0.44438401413986545
0.654,0.4446176149186892
0.655,0.444843299761991
0.656,0.44506111367192436
0.657,0.44527110149248805
0.658,0.44547330791015816
0.659,0.4456677774545112
0.66,0.4458545544988392
0.661,0.4460336832607565
0.662,0.44620520780279826
0.663,0.4463691720330115
0.664,0.4465256197055375
0.665,0.44667459442118684
0.666,0.4468161396280065
0.667,0.44695029862183927
0.668,0.4470771145468759
0.669,0.44719663039619906
0.67,0.4473088890123208
0.671,0.44741393308771205
0.672,0.44751180516532507
0.673,0.447602547639109
0.674,0.4476862027545179
0.675,0.44776281260901246
0.676,0.4478324191525541
0.677,0.4478950641880931
0.678,0.44795078937204924
0.679,0.4479996362147865
0.68,0.4480416460810808
0.681,0.4480768601905816
0.682,0.448105319618267
0.683,0.4481270652948924
0.684,0.4481421380074335
0.685,0.4481505783995228
0.686,0.4481524269718802
0.687,0.44814772408273745
0.6880000000000001,0.4481365099482576
0.6890000000000001,0.4481188246429475
0.6900000000000001,0.44809470810006563
0.6910000000000001,0.4480642001120238
0.6920000000000001,0.4480273403307836
0.6930000000000001,0.44798416826824744
0.6940000000000001,0.44793472329664397
0.6950000000000001,0.4478790446489087
0.6960000000000001,0.4478171714190592
0.6970000000000001,0.44774914256256515
0.6980000000000001,0.44767499689671364
0.6990000000000001,0.44759477310096923
0.7000000000000001,0.44750850971732964
0.7010000000000001,0.44741624515067613
0.7020000000000001,0.4473180176691196
0.7030000000000001,0.44721386540434205
0.704,0.44710382635193335
0.705,0.4469879383717238
0.706,0.4468662391881121
0.707,0.4467387663903892
0.708,0.446605557433058
0.709,0.4464666496361489
0.71,0.446322080185531
0.711,0.44617188613321984
0.712,0.446016104397681
0.713,0.44585477176412985
0.714,0.44568792488482756
0.715,0.44551560027937354
0.716,0.4453378343349944
0.717,0.44515466330682907
0.718,0.4449661233182108
0.719,0.44477225036094553
0.72,0.4445730802955874
0.721,0.44436864885171046
0.722,0.4441589916281777
0.723,0.4439441440934067
0.724,0.44372414158563267
0.725,0.443499019313168
0.726,0.4432688123546595
0.727,0.4430335556593424
0.728,0.442793284047292
0.729,0.4425480322096725
0.73,0.4422978347089829
0.731,0.44204272597930117
0.732,0.4417827403265253
0.733,0.4415179119286121
0.734,0.4412482748358139
0.735,0.44097386297091273
0.736,0.44069471012945244
0.737,0.44041084997996877
0.738,0.4401223160642171
0.739,0.4398291417973985
0.74,0.43953136046838365
0.741,0.4392290052399348
0.742,0.43892210914892615
0.743,0.4386107051065624
0.744,0.4382948258985954
0.745,0.4379745041855394
0.746,0.43764977250288456
0.747,0.43732066326130914
0.748,0.43698720874688995
0.749,0.4366494411213116
0.75,0.43630739242207417
0.751,0.4359610945626999
0.752,0.43561057933293834
0.753,0.43525587839897045
0.754,0.4348970233036115
0.755,0.4345340454665129
0.756,0.4341669761843631
0.757,0.4337958466310872
0.758,0.43342068785804605
0.759,0.43304153079423396
0.76,0.43265840624647617
0.761,0.43227134489962493
0.762,0.43188037731675527
0.763,0.43148553393935984
0.764,0.43108684508754325
0.765,0.4306843409602155
0.766,0.4302780516352855
0.767,0.4298680070698532
0.768,0.429454237100402
0.769,0.4290367714429903
0.77,0.4286156396934429
0.771,0.42819087132754174
0.772,0.42776249570121677
0.773,0.4273305420507362
0.774,0.42689503949289653
0.775,0.4264560170252128
0.776,0.42601350352610806
0.777,0.42556752775510337
0.778,0.4251181183530071
0.779,0.42466530384210477
0.78,0.4242091126263484
0.781,0.42374957299154625
0.782,0.4232867131055523
0.783,0.4228205610184563
0.784,0.4223511446627731
0.785,0.4218784918536334
0.786,0.42140263028897323
0.787,0.42092358754972486
0.788,0.4204413911000074
0.789,0.4199560682873176
0.79,0.41946764634272116
0.791,0.4189761523810446
0.792,0.4184816134010668
0.793,0.4179840562857118
0.794,0.41748350780224097
0.795,0.4169799946024468
0.796,0.4164735432228462
0.797,0.41596418008487485
0.798,0.4154519314950817
0.799,0.4149368236453242
0.8,0.41441888261296406
0.801,0.41389813436106365
0.802,0.41337460473858273
0.803,0.4128483194805761
0.804,0.41231930420839175
0.805,0.4117875844298696
0.806,0.41125318553954116
0.807,0.41071613281882946
0.808,0.4101764514362502
0.809,0.40963416644761314
0.81,0.4090893027962245
0.811,0.4085418853130902
0.812,0.4079919387171196
0.8130000000000001,0.4074394876153301
0.8140000000000001,0.40688455650305283
0.8150000000000001,0.40632716976413863
0.8160000000000001,0.4057673516711653
0.8170000000000001,0.40520512638564543
0.8180000000000001,0.40464051795823536
0.8190000000000001,0.4040735503289445
0.8200000000000001,0.40350424732734613
0.8210000000000001,0.40293263267278856
0.8220000000000001,0.4023587299746075
0.8230000000000001,0.40178256273233903
0.8240000000000001,0.401204154335934
0.8250000000000001,0.4006235280659726
0.8260000000000001,0.4000407070938807
0.8270000000000001,0.39945571448214606
0.8280000000000001,0.3988685731845368
0.8290000000000001,0.39827930604631945
0.8300000000000001,0.397687935804479
0.8310000000000001,0.3970944850879392
0.8320000000000001,0.3964989764177845
0.833,0.395901432207482
0.834,0.3953018747631053
0.835,0.39470032628355894
0.836,0.3940968088608035
0.837,0.3934913444800822
0.838,0.3928839550201482
0.839,0.3922746622534929
0.84,0.3916634878465752
0.841,0.3910504533600517
0.842,0.39043558024900815
0.843,0.3898188898631916
0.844,0.3892004034472434
0.845,0.38858014214093356
0.846,0.387958126979396
0.847,0.3873343788933645
0.848,0.38670891870940965
0.849,0.3860817671501774
0.85,0.3854529448346276
0.851,0.38482247227827443
0.852,0.384190369893427
0.853,0.38355665798943145
0.854,0.38292135677291395
0.855,0.38228448634802425
0.856,0.3816460667166807
0.857,0.38100611777881593
0.858,0.3803646593326234
0.859,0.3797217110748051
0.86,0.3790772926008201
0.861,0.3784314234051339
0.862,0.3777841228814689
0.863,0.3771354103230556
0.864,0.37648530492288473
0.865,0.3758338257739605
0.866,0.37518099186955445
0.867,0.3745268221034603
0.868,0.3738713352702496
0.869,0.37321455006552867
0.87,0.3725564850861956
0.871,0.3718971588306988
0.872,0.3712365896992961
0.873,0.3705747959943149
0.874,0.36991179592041273
0.875,0.36924760758483904
0.876,0.3685822489976976
0.877,0.3679157380722098
0.878,0.36724809262497865
0.879,0.36657933037625356
0.88,0.3659094689501961
0.881,0.3652385258751462
0.882,0.36456651858388933
0.883,0.3638934644139243
0.884,0.3632193806077319
0.885,0.3625442843130443
0.886,0.361868192583115
0.887,0.36119112237698936
0.888,0.36051309055977643
0.889,0.3598341139029207
0.89,0.3591542090844751
0.891,0.3584733926893743
0.892,0.3577916812097087
0.893,0.3571090910449996
0.894,0.3564256385024739
0.895,0.35574133979734046
0.896,0.3550562110530667
0.897,0.3543702683016554
0.898,0.3536835274839229
0.899,0.35299600444977697
0.9,0.3523077149584959
0.901,0.3516186746790078
0.902,0.3509288991901707
0.903,0.3502384039810527
0.904,0.34954720445121334
0.905,0.3488553159109846
0.906,0.34816275358175325
0.907,0.34746953259624297
0.908,0.34677566799879744
0.909,0.3460811747456635
0.91,0.34538606770527513
0.911,0.3446903616585374
0.912,0.34399407129911125
0.913,0.34329721123369833
0.914,0.34259979598232654
0.915,0.34190183997863577
0.916,0.3412033575701639
0.917,0.34050436301863346
0.918,0.3398048705002384
0.919,0.33910489410593114
0.92,0.33840444784171014
0.921,0.3377035456289076
0.922,0.3370022013044775
0.923,0.3363004286212841
0.924,0.3355982412483904
0.925,0.33489565277134686
0.926,0.3341926766924809
0.927,0.3334893264311857
0.928,0.33278561532421014
0.929,0.3320815566259485
0.93,0.33137716350873025
0.931,0.3306724490631102
0.932,0.32996742629815895
0.933,0.3292621081417531
0.934,0.3285565074408661
0.935,0.32785063696185884
0.936,0.32714450939077044
0.937,0.3264381373336094
0.9380000000000001,0.3257315333166444
0.9390000000000001,0.3250247097866958
0.9400000000000001,0.32431767911142656
0.9410000000000001,0.32361045357963364
0.9420000000000001,0.3229030454015393
0.9430000000000001,0.3221954667090826
0.9440000000000001,0.3214877295562107
0.9450000000000001,0.3207798459191702
0.9460000000000001,0.3200718276967988
0.9470000000000001,0.31936368671081666
0.9480000000000001,0.3186554347061176
0.9490000000000001,0.3179470833510609
0.9500000000000001,0.3172386442377622
0.9510000000000001,0.31653012888238513
0.9520000000000001,0.31582154872543244
0.9530000000000001,0.31511291513203715
0.9540000000000001,0.31440423939225365
0.9550000000000001,0.31369553272134876
0.9560000000000001,0.3129868062600926
0.9570000000000001,0.3122780710750494
0.9580000000000001,0.31156933815886806
0.9590000000000001,0.3108606184305728
0.96,0.31015192273585346
0.961,0.3094432618473558
0.962,0.3087346464649717
0.963,0.3080260872161286
0.964,0.30731759465607983
0.965,0.3066091792681936
0.966,0.3059008514642426
0.967,0.3051926215846931
0.968,0.3044844998989937
0.969,0.30377649660586403
0.97,0.30306862183358324
0.971,0.302360885640278
0.972,0.30165329801421065
0.973,0.30094586887406644
0.974,0.3002386080692412
0.975,0.2995315253801282
0.976,0.29882463051840524
0.977,0.2981179331273206
0.978,0.29741144278197956
0.979,0.2967051689896301
0.98,0.29599912118994853
0.981,0.2952933087553243
0.982,0.2945877409911451
0.983,0.29388242713608126
0.984,0.29317737636236973
0.985,0.29247259777609785
0.986,0.2917681004174867
0.987,0.291063893261174
0.988,0.2903599852164966
0.989,0.2896563851277727
0.99,0.28895310177458355
0.991,0.28825014387205483
0.992,0.2875475200711373
0.993,0.2868452389588876
0.994,0.28614330905874774
0.995,0.2854417388308253
0.996,0.2847405366721719
0.997,0.28403971091706237
0.998,0.2833392698372724
0.999,0.2826392216423568
1.0,0.281939574479926
1.0010000000000001,0.28124033643592355
1.002,0.28054151553490175
1.0030000000000001,0.2798431197402976
1.004,0.27914515695470793
1.0050000000000001,0.2784476350201642
1.006,0.27775056171840645
1.0070000000000001,0.2770539447711573
1.008,0.2763577918403946
1.0090000000000001,0.27566211052862444
1.01,0.2749669083791528
1.0110000000000001,0.2742721928763572
1.012,0.2735779714459576
1.0130000000000001,0.2728842514552867
1.014,0.2721910402135599
1.0150000000000001,0.27149834497214415
1.016,0.27080617292482684
1.0170000000000001,0.2701145312080838
1.018,0.26942342690134674
1.0190000000000001,0.26873286702727006
1.02,0.2680428585519971
1.0210000000000001,0.2673534083854259
1.022,0.26666452338147406
1.0230000000000001,0.26597621033834346
1.024,0.26528847599878375
1.025,0.26460132705035566
1.026,0.2639147701256937
1.027,0.2632288118027678
1.028,0.2625434586051449
1.029,0.2618587170022494
1.03,0.2611745934096232
1.031,0.26049109418918504
1.032,0.25980822564948935
1.033,0.25912599404598413
1.034,0.2584444055812684
1.035,0.2577634664053489
1.036,0.25708318261589613
1.037,0.25640356025849975
1.038,0.2557246053269233
1.039,0.25504632376335823
1.04,0.25436872145867717
1.041,0.2536918042526867
1.042,0.25301557793437923
1.043,0.2523400482421843
1.044,0.25166522086421916
1.045,0.2509911014385387
1.046,0.2503176955533845
1.047,0.24964500874743356
1.048,0.24897304651004576
1.049,0.24830181428151116
1.05,0.24763131745329625
1.051,0.24696156136828962
1.052,0.24629255132104683
1.053,0.24562429255803467
1.054,0.24495679027787456
1.055,0.24429004963158543
1.056,0.24362407572282557
1.057,0.2429588736081341
1.058,0.24229444829717137
1.059,0.24163080475295895
1.06,0.24096794789211864
1.061,0.24030588258511085
1.062,0.23964461365647216
1.063,0.2389841458850523
1.064,0.2383244840042502
1.065,0.23766563270224947
1.066,0.23700759662225296
1.067,0.23635038036271674
1.068,0.23569398847758316
1.069,0.2350384254765133
1.07,0.23438369582511864
1.071,0.2337298039451919
1.072,0.23307675421493723
1.073,0.23242455096919953
1.074,0.23177319849969316
1.075,0.2311227010552297
1.076,0.23047306284194516
1.077,0.22982428802352628
1.078,0.22917638072143615
1.079,0.2285293450151389
1.08,0.227883184942324
1.081,0.22723790449912937
1.082,0.2265935076403639
1.083,0.2259499982797294
1.084,0.22530738029004135
1.085,0.22466565750344938
1.086,0.22402483371165655
1.087,0.2233849126661381
1.088,0.22274589807835948
1.089,0.22210779361999336
1.09,0.22147060292313608
1.091,0.22083432958052335
1.092,0.22019897714574493
1.093,0.21956454913345888
1.094,0.21893104901960478
1.095,0.21829848024161627
1.096,0.21766684619863289
1.097,0.21703615025171097
1.098,0.21640639572403395
1.099,0.2157775859011218
1.1,0.2151497240310397
1.101,0.21452281332460596
1.102,0.21389685695559915
1.103,0.21327185806096452
1.104,0.21264781974101957
1.105,0.21202474505965885
1.106,0.21140263704455808
1.107,0.21078149868737744
1.108,0.21016133294396402
1.109,0.20954214273455368
1.11,0.20892393094397196
1.111,0.20830670042183433
1.112,0.2076904539827456
1.113,0.20707519440649869
1.114,0.20646092443827244
1.115,0.20584764678882886
1.116,0.20523536413470947
1.117,0.20462407911843086
1.118,0.2040137943486797
1.119,0.20340451240050664
1.12,0.20279623581551978
1.121,0.20218896710207723
1.122,0.20158270873547884
1.123,0.20097746315815732
1.124,0.20037323277986846
1.125,0.19977001997788071
1.1260000000000001,0.199167827097164
1.127,0.19856665645057756
1.1280000000000001,0.19796651031905743
1.129,0.1973673909518028
1.1300000000000001,0.19676930056646177
1.131,0.19617224134931643
1.1320000000000001,0.19557621545546702
1.133,0.19498122500901546
1.1340000000000001,0.19438727210324808
1.135,0.19379435880081763
1.1360000000000001,0.19320248713392454
1.137,0.19261165910449737
1.1380000000000001,0.19202187668437265
1.139,0.1914331418154738
1.1400000000000001,0.19084545640998946
1.141,0.190258822350551
1.1420000000000001,0.18967324149040934
1.143,0.18908871565361096
1.1440000000000001,0.1885052466351732
1.145,0.1879228362012589
1.1460000000000001,0.18734148608935022
1.147,0.1867611980084217
1.1480000000000001,0.18618197363911265
1.149,0.18560381463389888
1.1500000000000001,0.18502672261726355
1.151,0.18445069918586737
1.1520000000000001,0.18387574590871802
1.153,0.18330186432733897
1.154,0.18272905595593747
1.155,0.1821573222815718
1.156,0.18158666476431792
1.157,0.18101708483743525
1.158,0.18044858390753188
1.159,0.1798811633547289
1.16,0.17931482453282424
1.161,0.17874956876945558
1.162,0.17818539736626263
1.163,0.17762231159904876
1.164,0.17706031271794184
1.165,0.17649940194755442
1.166,0.17593958048714317
1.167,0.17538084951076768
1.168,0.1748232101674485
1.169,0.1742666635813245
1.17,0.1737112108518095
1.171,0.17315685305374828
1.172,0.1726035912375719
1.173,0.17205142642945218
1.174,0.17150035963145566
1.175,0.17095039182169683
1.176,0.17040152395449057
1.177,0.16985375696050403
1.178,0.16930709174690783
1.179,0.16876152919752643
1.18,0.16821707017298798
1.181,0.16767371551087348
1.182,0.16713146602586515
1.183,0.1665903225098942
1.184,0.16605028573228794
1.185,0.16551135643991627
1.186,0.16497353535733733
1.187,0.16443682318694267
1.188,0.16390122060910162
1.189,0.1633667282823051
1.19,0.16283334684330875
1.191,0.16230107690727527
1.192,0.16176991906791635
1.193,0.16123987389763372
1.194,0.16071094194765964
1.195,0.16018312374819674
1.196,0.15965641980855724
1.197,0.15913083061730146
1.198,0.15860635664237568
1.199,0.1580829983312495
1.2,0.15756075611105236
1.201,0.1570396303887095
1.202,0.15651962155107735
1.203,0.15600072996507824
1.204,0.15548295597783443
1.205,0.15496629991680155
1.206,0.15445076208990144
1.207,0.1539363427856543
1.208,0.15342304227331027
1.209,0.15291086080298036
1.21,0.15239979860576675
1.211,0.15188985589389253
1.212,0.15138103286083074
1.213,0.15087332968143286
1.214,0.1503667465120566
1.215,0.14986128349069325
1.216,0.14935694073709427
1.217,0.14885371835289724
1.218,0.1483516164217514
1.219,0.14785063500944243
1.22,0.14735077416401662
1.221,0.1468520339159046
1.222,0.14635441427804424
1.223,0.14585791524600317
1.224,0.1453625367981006
1.225,0.14486827889552856
1.226,0.14437514148247257
1.227,0.14388312448623172
1.228,0.14339222781733815
1.229,0.14290245136967597
1.23,0.14241379502059962
1.231,0.14192625863105152
1.232,0.1414398420456794
1.233,0.14095454509295277
1.234,0.14047036758527906
1.235,0.13998730931911899
1.236,0.1395053700751015
1.237,0.1390245496181381
1.238,0.13854484769753658
1.239,0.13806626404711433
1.24,0.13758879838531088
1.241,0.13711245041529999
1.242,0.13663721982510124
1.243,0.13616310628769096
1.244,0.1356901094611127
1.245,0.1352182289885871
1.246,0.13474746449862118
1.247,0.1342778156051172
1.248,0.13380928190748084
1.249,0.13334186299072895
1.25,0.13287555842559665
1.2510000000000001,0.132410367768644
1.252,0.13194629056236218
1.2530000000000001,0.13148332633527887
1.254,0.1310214746020634
1.2550000000000001,0.13056073486363123
1.256,0.13010110660724794
1.2570000000000001,0.12964258930663258
1.258,0.12918518242206076
1.2590000000000001,0.1287288854004669
1.26,0.12827369767554622
1.2610000000000001,0.12781961866785607
1.262,0.12736664778491677
1.2630000000000001,0.12691478442131196
1.264,0.12646402795878844
1.2650000000000001,0.12601437776635555
1.266,0.12556583320038384
1.2670000000000001,0.12511839360470353
1.268,0.12467205831070224
1.2690000000000001,0.12422682663742232
1.27,0.12378269789165765
1.2710000000000001,0.12333967136804995
1.272,0.1228977463491846
1.2730000000000001,0.12245692210568598
1.274,0.1220171978963123
1.2750000000000001,0.12157857296804989
1.276,0.12114104655620712
1.2770000000000001,0.12070461788450777
1.278,0.12026928616518387
1.2790000000000001,0.11983505059906815
1.28,0.11940191037568598
1.281,0.11896986467334675
1.282,0.11853891265923491
1.283,0.11810905348950047
1.284,0.117680286309349
1.285,0.1172526102531312
1.286,0.116826024444432
1.287,0.11640052799615919
1.288,0.11597612001063155
1.289,0.11555279957966662
1.29,0.11513056578466786
1.291,0.1147094176967115
1.292,0.11428935437663283
1.293,0.11387037487511209
1.294,0.11345247823275986
1.295,0.11303566348020207
1.296,0.11261992963816447
1.297,0.11220527571755678
1.298,0.11179170071955624
1.299,0.11137920363569083
1.3,0.110967783447922
1.301,0.11055743912872701
1.302,0.11014816964118074
1.303,0.10973997393903716
1.304,0.10933285096681032
1.305,0.10892679965985493
1.306,0.10852181894444643
1.307,0.10811790773786079
1.308,0.10771506494845369
1.309,0.10731328947573947
1.31,0.10691258021046948
1.311,0.10651293603471014
1.312,0.1061143558219205
1.313,0.10571683843702942
1.314,0.10532038273651236
1.315,0.10492498756846766
1.316,0.10453065177269252
1.317,0.1041373741807585
1.318,0.1037451536160866
1.319,0.10335398889402206
1.32,0.10296387882190854
1.321,0.10257482219916206
1.322,0.10218681781734454
1.323,0.10179986446023681
1.324,0.10141396090391136
1.325,0.10102910591680463
1.326,0.10064529825978888
1.327,0.10026253668624374
1.328,0.09988081994212729
1.329,0.09950014676604682
1.33,0.09912051588932916
1.331,0.0987419260360906
1.332,0.0983643759233065
1.333,0.09798786426088049
1.334,0.09761238975171319
1.335,0.09723795109177072
1.336,0.09686454697015272
1.337,0.09649217606916
1.338,0.09612083706436184
1.339,0.09575052862466293
1.34,0.09538124941236992
1.341,0.09501299808325757
1.342,0.09464577328663461
1.343,0.09427957366540912
1.344,0.09391439785615369
1.345,0.09355024448917007
1.346,0.09318711218855356
1.347,0.09282499957225702
1.348,0.09246390525215445
1.349,0.09210382783410433
1.35,0.09174476591801252
1.351,0.09138671809789482
1.352,0.09102968296193924
1.353,0.09067365909256778
1.354,0.09031864506649803
1.355,0.08996463945480433
1.356,0.08961164082297857
1.357,0.08925964773099067
1.358,0.08890865873334874
1.359,0.0885586723791589
1.36,0.08820968721218468
1.361,0.08786170177090617
1.362,0.08751471458857883
1.363,0.0871687241932919
1.364,0.08682372910802653
1.365,0.08647972785071359
1.366,0.08613671893429105
1.367,0.08579470086676118
1.368,0.08545367215124731
1.369,0.08511363128605033
1.37,0.08477457676470479
1.371,0.08443650707603474
1.372,0.08409942070420925
1.373,0.08376331612879757
1.374,0.083428191824824
1.375,0.08309404626282242
1.3760000000000001,0.08276087790889054
1.377,0.08242868522474384
1.3780000000000001,0.08209746666776907
1.379,0.08176722069107766
1.3800000000000001,0.08143794574355862
1.381,0.08110964026993125
1.3820000000000001,0.0807823027107975
1.383,0.08045593150269399
1.3840000000000001,0.08013052507814382
1.385,0.07980608186570798
1.3860000000000001,0.07948260029003652
1.387,0.07916007877191938
1.3880000000000001,0.07883851572833697
1.389,0.0785179095725104
1.3900000000000001,0.0781982587139514
1.391,0.07787956155851208
1.3920000000000001,0.07756181650843422
1.393,0.07724502196239832
1.3940000000000001,0.07692917631557251
1.395,0.0766142779596609
1.3960000000000001,0.07630032528295189
1.397,0.07598731667036604
1.3980000000000001,0.07567525050350374
1.399,0.07536412516069253
1.4000000000000001,0.0750539390170342
1.401,0.07474469044445153
1.4020000000000001,0.07443637781173487
1.403,0.07412899948458831
1.4040000000000001,0.07382255382567567
1.405,0.07351703919466612
1.4060000000000001,0.07321245394827966
1.407,0.07290879644033219
1.408,0.07260606502178038
1.409,0.07230425804076628
1.41,0.07200337384266157
1.411,0.07170341077011169
1.412,0.07140436716307956
1.413,0.0711062413588891
1.414,0.07080903169226849
1.415,0.07051273649539316
1.416,0.07021735409792851
1.417,0.06992288282707236
1.418,0.06962932100759717
1.419,0.06933666696189195
1.42,0.06904491901000398
1.421,0.06875407546968024
1.422,0.06846413465640856
1.423,0.06817509488345856
1.424,0.06788695446192232
1.425,0.0675997117007548
1.426,0.06731336490681396
1.427,0.06702791238490076
1.428,0.06674335243779878
1.429,0.06645968336631365
1.43,0.06617690346931224
1.431,0.06589501104376157
1.432,0.06561400438476755
1.433,0.06533388178561339
1.434,0.0650546415377978
1.435,0.06477628193107302
1.436,0.06449880125348247
1.437,0.0642221977913983
1.438,0.06394646982955866
1.439,0.06367161565110466
1.44,0.06339763353761721
1.441,0.06312452176915356
1.442,0.06285227862428365
1.443,0.06258090238012613
1.444,0.06231039131238432
1.445,0.06204074369538177
1.446,0.06177195780209772
1.447,0.06150403190420225
1.448,0.06123696427209126
1.449,0.06097075317492118
1.45,0.060705396880643504
1.451,0.060440893656039066
1.452,0.06017724176675211
1.453,0.059914439477324145
1.454,0.05965248505122755
1.455,0.05939137675089902
1.456,0.05913111283777274
1.457,0.058871691572313374
1.458,0.05861311121404883
1.459,0.0583553700216028
1.46,0.05809846625272712
1.461,0.057842398164333876
1.462,0.05758716401252734
1.463,0.057332762052635676
1.464,0.057079190539242416
1.465,0.056826447726217796
1.466,0.05657453186674981
1.467,0.0563234412133751
1.468,0.05607317401800963
1.469,0.05582372853197918
1.47,0.055575103006049585
1.471,0.05532729569045683
1.472,0.05508030483493691
1.473,0.0548341286887555
1.474,0.05458876550073744
1.475,0.05434421351929599
1.476,0.054100470992461916
1.477,0.053857536167912376
1.478,0.053615407292999614
1.479,0.05337408261477944
1.48,0.05313356038003953
1.481,0.05289383883532757
1.482,0.05265491622697914
1.483,0.052416790801145446
1.484,0.05217946080382089
1.485,0.05194292448087038
1.486,0.05170718007805654
1.487,0.05147222584106666
1.488,0.0512380600155395
1.489,0.05100468084709191
1.49,0.05077208658134523
1.491,0.050540275463951574
1.492,0.05030924574061985
1.493,0.05007899565714169
1.494,0.049849523459417094
1.495,0.04962082739348002
1.496,0.049392905705523675
1.497,0.04916575664192571
1.498,0.048939378449273215
1.499,0.04871376937438751
1.5,0.048488927664348834
1.5010000000000001,0.048264851566520765
1.502,0.048041539328574544
1.5030000000000001,0.04781898919851319
1.504,0.047597199424695466
1.5050000000000001,0.04737616825585965
1.506,0.04715589394114714
1.5070000000000001,0.04693637473012592
1.508,0.046717608872813836
1.5090000000000001,0.046499594619701684
1.51,0.04628233022177618
1.5110000000000001,0.046065813930542716
1.512,0.045850043998048005
1.5130000000000001,0.04563501867690251
1.514,0.04542073622030275
1.5150000000000001,0.0452071948820534
1.516,0.04499439291658929
1.5170000000000001,0.04478232857899719
1.518,0.044571000125037445
1.5190000000000001,0.04436040581116551
1.52,0.04415054389455323
1.5210000000000001,0.043941412633110036
1.522,0.04373301028550396
1.5230000000000001,0.043525335111182506
1.524,0.04331838537039332
1.5250000000000001,0.04311215932420479
1.526,0.042906655234526414
1.5270000000000001,0.04270187136412905
1.528,0.04249780597666503
1.5290000000000001,0.04229445733668809
1.53,0.042091823709673154
1.5310000000000001,0.04188990336203601
1.532,0.04168869456115278
1.5330000000000001,0.04148819557537928
1.534,0.04128840467407021
1.5350000000000001,0.041089320127598236
1.536,0.04089094020737287
1.537,0.04069326318585925
1.538,0.04049628733659677
1.539,0.04030001093421754
1.54,0.04010443225446472
1.541,0.039909549574210744
1.542,0.039715361171475325
1.543,0.039521865325443405
1.544,0.039329060316482915
1.545,0.039136944426162404
1.546,0.038945515937268534
1.547,0.038754773133823445
1.548,0.03856471430110196
1.549,0.038375337725648696
1.55,0.03818664169529497
1.551,0.037998624499175654
1.552,0.03781128442774584
1.553,0.03762461977279738
1.554,0.037438628827475305
1.555,0.037253309886294106
1.556,0.03706866124515388
1.557,0.03688468120135636
1.558,0.036701368053620786
1.559,0.036518720102099694
1.56,0.03633673564839452
1.561,0.036155412995571116
1.562,0.03597475044817513
1.563,0.03579474631224723
1.564,0.03561539889533827
1.565,0.03543670650652425
1.566,0.03525866745642122
1.567,0.0350812800572
1.568,0.03490454262260082
1.569,0.03472845346794783
1.57,0.034553010910163474
1.571,0.034378213267782745
1.572,0.03420405886096733
1.573,0.03403054601151962
1.574,0.033857673042896635
1.575,0.03368543828022377
1.576,0.033513840050308476
1.577,0.03334287668165379
1.578,0.033172546504471774
1.579,0.033002847850696834
1.58,0.03283377905399889
1.581,0.03266533844979647
1.582,0.032497524375269676
1.583,0.032330335169373024
1.584,0.03216376917284819
1.585,0.031997824728236625
1.586,0.03183250017989208
1.587,0.031667793873992996
1.588,0.03150370415855479
1.589,0.031340229383442046
1.59,0.03117736790038058
1.591,0.031015118062969388
1.592,0.030853478226692505
1.593,0.03069244674893075
1.594,0.03053202198897335
1.595,0.030372202308029485
1.596,0.03021298606923969
1.597,0.030054371637687188
1.598,0.029896357380409085
1.599,0.029738941666407483
1.6,0.029582122866660482
1.601,0.029425899354133072
1.602,0.029270269503787933
1.603,0.029115231692596128
1.604,0.02896078429954768
1.605,0.02880692570566208
1.606,0.028653654293998663
1.607,0.028500968449666885
1.608,0.028348866559836535
1.609,0.028197347013747806
1.61,0.028046408202721286
1.611,0.027896048520167853
1.612,0.02774626636159847
1.613,0.027597060124633872
1.614,0.027448428209014178
1.615,0.02730036901660839
1.616,0.02715288095142379
1.617,0.027005962419615278
1.618,0.026859611829494565
1.619,0.026713827591539313
1.62,0.026568608118402157
1.621,0.02642395182491965
1.622,0.026279857128121108
1.623,0.026136322447237355
1.624,0.025993346203709397
1.625,0.025850926821196985
1.6260000000000001,0.025709062725587102
1.627,0.025567752345002345
1.6280000000000001,0.025426994109809233
1.629,0.025286786452626414
1.6300000000000001,0.0251471278083328
1.631,0.02500801661407558
1.6320000000000001,0.0248694513092782
1.633,0.024731430335648195
1.6340000000000001,0.024593952137184977
1.635,0.024457015160187525
1.6360000000000001,0.02432061785326198
1.637,0.02418475866732917
1.6380000000000001,0.02404943605563204
1.639,0.023914648473742996
1.6400000000000001,0.02378039437957118
1.641,0.023646672233369644
1.6420000000000001,0.02351348049774245
1.643,0.023380817637651694
1.6440000000000001,0.02324868212042443
1.645,0.02311707241575953
1.6460000000000001,0.022985986995734457
1.647,0.022855424334811948
1.6480000000000001,0.02272538290984664
1.649,0.022595861200091594
1.6500000000000001,0.022466857687204744
1.651,0.022338370855255283
1.6520000000000001,0.022210399190729944
1.653,0.02208294118253924
1.6540000000000001,0.021955995322023577
1.655,0.021829560102959344
1.6560000000000001,0.021703634021564885
1.657,0.021578215576506413
1.6580000000000001,0.02145330326890385
1.659,0.021328895602336587
1.6600000000000001,0.02120499108284916
1.661,0.02108158821895688
1.6620000000000001,0.02095868552165135
1.663,0.02083628150440594
1.6640000000000001,0.020714374683181182
1.665,0.02059296357643008
1.666,0.02047204670510335
1.667,0.02035162259265462
1.668,0.020231689765045496
1.669,0.02011224675075063
1.67,0.019993292080762646
1.671,0.019874824288597062
1.672,0.019756841910297095
1.673,0.019639343484438413
1.674,0.019522327552133817
1.675,0.01940579265703786
1.676,0.019289737345351395
1.677,0.019174160165826043
1.678,0.019059059669768612
1.679,0.018944434411045437
1.68,0.018830282946086657
1.681,0.018716603833890427
1.682,0.018603395636027066
1.683,0.018490656916643127
1.684,0.018378386242465423
1.685,0.018266582182804966
1.686,0.01815524330956086
1.687,0.018044368197224124
1.688,0.01793395542288144
1.689,0.017824003566218858
1.69,0.01771451120952542
1.691,0.017605476937696735
1.692,0.017496899338238486
1.693,0.01738877700126987
1.694,0.017281108519526994
1.695,0.017173892488366184
1.696,0.01706712750576726
1.697,0.01696081217233673
1.698,0.01685494509131094
1.699,0.016749524868559153
1.7,0.016644550112586576
1.701,0.01654001943453732
1.702,0.016435931448197307
1.703,0.01633228476999713
1.704,0.016229078019014836
1.705,0.01612630981697865
1.706,0.016023978788269666
1.707,0.015922083559924465
1.708,0.015820622761637673
1.709,0.015719595025764473
1.71,0.015618998987323052
1.711,0.015518833283997
1.712,0.015419096556137657
1.713,0.015319787446766387
1.714,0.015220904601576823
1.715,0.01512244666893704
1.716,0.015024412299891682
1.717,0.014926800148164028
1.718,0.014829608870158018
1.719,0.014732837124960213
1.72,0.014636483574341712
1.721,0.014540546882760014
1.722,0.014445025717360825
1.723,0.014349918747979817
1.724,0.014255224647144335
1.725,0.01416094209007506
1.726,0.014067069754687602
1.727,0.01397360632159407
1.728,0.01388055047410457
1.729,0.013787900898228664
1.73,0.013695656282676777
1.731,0.013603815318861559
1.732,0.013512376700899189
1.733,0.013421339125610644
1.734,0.013330701292522909
1.735,0.013240461903870144
1.736,0.013150619664594802
1.737,0.013061173282348704
1.738,0.012972121467494062
1.739,0.01288346293310446
1.74,0.012795196394965782
1.741,0.012707320571577108
1.742,0.012619834184151545
1.743,0.01253273595661703
1.744,0.012446024615617078
1.745,0.012359698890511491
1.746,0.01227375751337702
1.747,0.012188199219007977
1.748,0.01210302274491682
1.749,0.012018226831334675
1.75,0.011933810221211826
1.7510000000000001,0.011849771660218162
1.752,0.011766109896743574
1.7530000000000001,0.01168282368189832
1.754,0.011599911769513338
1.7550000000000001,0.011517372916140524
1.756,0.011435205881052965
1.7570000000000001,0.011353409426245135
1.758,0.011271982316433038
1.7590000000000001,0.011190923319054327
1.76,0.011110231204268373
1.7610000000000001,0.011029904744956296
1.762,0.01094994271672095
1.7630000000000001,0.010870343897886879
1.764,0.010791107069500226
1.7650000000000001,0.010712231015328607
1.766,0.010633714521860942
1.7670000000000001,0.010555556378307253
1.768,0.010477755376598414
1.7690000000000001,0.010400310311385878
1.77,0.01032321998004135
1.7710000000000001,0.01024648318265643
1.772,0.010170098722042229
1.7730000000000001,0.010094065403728921
1.774,0.010018382035965289
1.7750000000000001,0.00994304742971821
1.776,0.009868060398672123
1.7770000000000001,0.009793419759228442
1.778,0.00971912433050495
1.7790000000000001,0.009645172934335151
1.78,0.009571564395267577
1.7810000000000001,0.00949829754056508
1.782,0.00942537120020407
1.7830000000000001,0.009352784206873735
1.784,0.009280535395975207
1.7850000000000001,0.009208623605620716
1.786,0.009137047676632693
1.7870000000000001,0.009065806452542848
1.788,0.00899489877959121
1.7890000000000001,0.00892432350672514
1.79,0.008854079485598304
1.7910000000000001,0.008784165570569618
1.792,0.008714580618702158
1.793,0.008645323489762042
1.794,0.008576393046217271
1.795,0.008507788153236552
1.796,0.008439507678688075
1.797,0.008371550493138268
1.798,0.00830391546985052
1.799,0.008236601484783867
1.8,0.008169607416591658
1.801,0.008102932146620178
1.802,0.008036574558907252
1.803,0.007970533540180812
1.804,0.007904807979857436
1.805,0.007839396770040863
1.806,0.007774298805520464
1.807,0.007709512983769706
1.808,0.007645038204944565
1.809,0.007580873371881924
1.81,0.007517017390097939
1.811,0.007453469167786376
1.812,0.00739022761581692
1.813,0.0073272916477334585
1.814,0.007264660179752332
1.815,0.007202332130760565
1.816,0.007140306422314064
1.817,0.007078581978635787
1.818,0.007017157726613893
1.819,0.006956032595799862
1.82,0.006895205518406583
1.821,0.006834675429306427
1.822,0.006774441266029283
1.823,0.006714501968760574
1.824,0.006654856480339247
1.825,0.0065955037462557395
1.826,0.006536442714649914
1.827,0.006477672336308974
1.828,0.006419191564665356
1.829,0.006360999355794587
1.83,0.006303094668413135
1.831,0.006245476463876216
1.832,0.0061881437061755895
1.833,0.006131095361937328
1.834,0.00607433040041956
1.835,0.006017847793510191
1.836,0.0059616465157246055
1.837,0.005905725544203336
1.838,0.005850083858709719
1.839,0.005794720441627523
1.84,0.0057396342779585585
1.841,0.0056848243553202565
1.842,0.0056302896639432365
1.843,0.005576029196668845
1.844,0.005522041948946676
1.845,0.005468326918832064
1.846,0.005414883106983567
1.847,0.005361709516660412
1.848,0.005308805153719937
1.849,0.005256169026614998
1.85,0.005203800146391365
1.851,0.00515169752668509
1.852,0.00509986018371986
1.853,0.005048287136304328
1.854,0.004996977405829425
1.855,0.004945930016265648
1.856,0.004895143994160333
1.857,0.004844618368634909
1.858,0.004794352171382127
1.859,0.004744344436663278
1.86,0.004694594201305381
1.861,0.0046451005046983665
1.862,0.004595862388792227
1.863,0.004546878898094159
1.864,0.004498149079665682
1.865,0.0044496719831197415
1.866,0.004401446660617792
1.867,0.004353472166866864
1.868,0.00430574755911661
1.869,0.00425827189715634
1.87,0.004211044243312031
1.871,0.004164063662443326
1.872,0.004117329221940511
1.873,0.004070839991721481
1.874,0.00402459504422868
1.875,0.003978593454426038
1.8760000000000001,0.003932834299795876
1.877,0.003887316660335807
1.8780000000000001,0.0038420396185556145
1.879,0.003797002259474118
1.8800000000000001,0.0037522036706160197
1.881,0.00370764294200874
1.8820000000000001,0.0036633191661792314
1.883,0.003619231438150784
1.8840000000000001,0.003575378855439809
1.885,0.003531760518052612
1.8860000000000001,0.0034883755284821506
1.887,0.003445222991704773
1.8880000000000001,0.003402302015176949
1.889,0.00335961170883198
1.8900000000000001,0.0033171511850766983
1.891,0.0032749195587881523
1.8920000000000001,0.0032329159473102748
1.893,0.00319113947045054
1.8940000000000001,0.003149589250476606
1.895,0.003108264412112943
1.8960000000000001,0.0030671640825374494
1.897,0.003026287391378052
1.8980000000000001,0.002985633470709296
1.899,0.00294520145504892
1.9000000000000001,0.0029049904813544187
1.901,0.002864999689019591
1.9020000000000001,0.0028252282198710796
1.903,0.0027856752181648937
1.9040000000000001,0.0027463398305829214
1.905,0.0027072212062294286
1.9060000000000001,0.0026683184966275475
1.907,0.0026296308557157517
1.9080000000000001,0.0025911574398443196
1.909,0.002552897407771786
1.9100000000000001,0.002514849920661383
1.911,0.0024770141420774675
1.9120000000000001,0.0024393892379819394
1.913,0.002401974376730647
1.9140000000000001,0.0023647687290697813
1.915,0.002327771468132261
1.9160000000000001,0.002290981769434104
1.917,0.0022543988108707914
1.9180000000000001,0.0022180217727136163
1.919,0.002181849837606027
1.92,0.0021458821905599567
1.921,0.002110118018952144
1.922,0.002074556512520442
1.923,0.0020391968633601204
1.924,0.0020040382659201536
1.925,0.0019690799169995023
1.926,0.001934321015743384
1.927,0.0018997607636395335
1.928,0.001865398364514455
1.929,0.0018312330245296646
1.93,0.0017972639521779234
1.931,0.0017634903582794614
1.932,0.001729911455978192
1.933,0.0016965264607379192
1.934,0.0016633345903385344
1.935,0.001630335064872205
1.936,0.0015975271067395552
1.937,0.0015649099406458377
1.938,0.0015324827935970964
1.939,0.001500244894896323
1.94,0.001468195476139603
1.941,0.0014363337712122554
1.942,0.0014046590162849644
1.943,0.0013731704498099026
1.944,0.0013418673125168467
1.945,0.0013107488474092862
1.946,0.0012798142997605243
1.947,0.0012490629171097716
1.948,0.0012184939492582319
1.949,0.0011881066482651817
1.95,0.0011579002684440427
1.951,0.0011278740663584464
1.952,0.0010980273008182927
1.953,0.0010683592328758023
1.954,0.0010388691258215604
1.955,0.0010095562451805566
1.956,0.0009804198587082162
1.957,0.0009514592363864263
1.958,0.0009226736504195549
1.959,0.000894062375230465
1.96,0.0008656246874565218
1.961,0.0008373598659455939
1.962,0.0008092671917520492
1.963,0.0007813459481327446
1.964,0.0007535954205430108
1.965,0.0007260148966326302
1.966,0.0006986036662418109
1.967,0.0006713610213971539
1.968,0.0006442862563076166
1.969,0.0006173786673604696
1.97,0.0005906375531172492
1.971,0.000564062214309705
1.972,0.0005376519538357422
1.973,0.0005114060767553592
1.974,0.00048532389028658096
1.975,0.000459404703801387
1.976,0.0004336478288216354
1.977,0.00040805257901498196
1.978,0.0003826182701907953
1.979,0.00035734422029606763
1.98,0.00033222974941132127
1.981,0.00030727417974651093
1.982,0.0002824768356369224
1.983,0.0002578370435390667
1.984,0.00023335413202657103
1.985,0.0002090274317860655
1.986,0.0001848562756130664
1.987,0.00016083999840785574
1.988,0.0001369779371713574
1.989,0.0001132694310010099
1.99,8.971382108663557e-05
1.991,6.631045070630677e-05
1.992,4.305866522220871e-05
1.993,1.995781207649928e-05
1.994,-2.9927592128342235e-06
1.995,-2.5793697056121213e-05
1.996,-4.844564779615688e-05
1.997,-7.094925571235399e-05
1.998,-9.330516302489742e-05
1.999,-0.00011551400989890128
2.0,-0.00013757643444856866
2.001,-0.00015949307274135374
2.0020000000000002,-0.00018126455880212642
2.003,-0.00020289152461733915
2.004,-0.00022437460013919615
2.005,-0.00024571441328982463
2.0060000000000002,-0.0002669115899654483
2.007,-0.00028796675404056264
2.008,-0.00030888052737211254
2.009,-0.0003296535298036712
2.0100000000000002,-0.00035028637916962154
2.011,-0.00037077969129933875
2.012,-0.0003911340800213749
2.013,-0.00041135015716764484
2.0140000000000002,-0.0004314285325776139
2.015,-0.0004513698141024867
2.016,-0.0004711746076093979
2.017,-0.0004908435169856033
2.0180000000000002,-0.0005103771441426735
2.019,-0.0005297760890206872
2.02,-0.0005490409495924272
2.021,-0.0005681723218675761
2.0220000000000002,-0.0005871707998969136
2.023,-0.0006060369757765147
2.024,-0.0006247714396519488
2.025,-0.0006433747797224789
2.0260000000000002,-0.0006618475822452626
2.027,-0.0006801904315395526
2.028,-0.0006984039099908987
2.029,-0.0007164885980553499
2.0300000000000002,-0.0007344450742636567
2.031,-0.0007522739152254743
2.032,-0.0007699756956335658
2.033,-0.0007875509882680057
2.0340000000000003,-0.0008050003640003835
2.035,-0.0008223243917980077
2.036,-0.0008395236387281098
2.037,-0.0008565986699620479
2.0380000000000003,-0.0008735500487795109
2.039,-0.0008903783365727217
2.04,-0.0009070840928506415
2.041,-0.0009236678752431728
2.0420000000000003,-0.0009401302395053624
2.043,-0.0009564717395216041
2.044,-0.0009726929273098409
2.045,-0.0009887943530257673
2.0460000000000003,-0.00100477656496703
2.047,-0.0010206401095774285
2.048,-0.0010363855314511163
2.049,-0.001052013373336799
2.05,-0.0010675241761419338
2.051,-0.0010829184789369263
2.052,-0.0010981968189593288
2.053,-0.0011133597316180352
2.054,-0.001128407750497477
2.055,-0.0011433414073618163
2.056,-0.0011581612321591396
2.057,-0.0011728677530256494
2.058,-0.0011874614962898546
2.059,-0.0012019429864767602
2.06,-0.0012163127463120553
2.061,-0.0012305712967263
2.062,-0.0012447191568591102
2.063,-0.0012587568440633422
2.064,-0.001272684873909275
2.065,-0.001286503760188791
2.066,-0.0013002140149195552
2.067,-0.0013138161483491932
2.068,-0.0013273106689594665
2.069,-0.0013406980834704478
2.07,-0.0013539788968446916
2.071,-0.0013671536122914069
2.072,-0.001380222731270624
2.073,-0.0013931867534973626
2.074,-0.0014060461769457955
2.075,-0.0014188014978534116
2.076,-0.001431453210725177
2.077,-0.0014440018083376929
2.078,-0.0014564477817433522
2.079,-0.0014687916202744933
2.08,-0.0014810338115475523
2.081,-0.0014931748414672124
2.082,-0.0015052151942305508
2.083,-0.0015171553523311836
2.084,-0.0015289957965634083
2.085,-0.0015407370060263436
2.086,-0.0015523794581280663
2.087,-0.0015639236285897463
2.088,-0.001575369991449779
2.089,-0.001586719019067914
2.09,-0.0015979711821293829
2.091,-0.0016091269496490222
2.092,-0.0016201867889753952
2.093,-0.00163115116579491
2.094,-0.0016420205441359356
2.095,-0.0016527953863729136
2.096,-0.0016634761532304688
2.097,-0.001674063303787515
2.098,-0.0016845572954813598
2.099,-0.0016949585841118037
2.1,-0.001705267623845239
2.101,-0.0017154848672187432
2.102,-0.00172561076514417
2.103,-0.0017356457669122384
2.104,-0.0017455903201966162
2.105,-0.0017554448710580014
2.106,-0.0017652098639482014
2.107,-0.001774885741714206
2.108,-0.00178447294560226
2.109,-0.00179397191526193
2.11,-0.0018033830887501695
2.111,-0.0018127069025353796
2.112,-0.0018219437915014656
2.113,-0.001831094188951891
2.114,-0.0018401585266137278
2.115,-0.0018491372346417028
2.116,-0.0018580307416222398
2.117,-0.0018668394745774992
2.118,-0.0018755638589694125
2.119,-0.0018842043187037145
2.12,-0.00189276127613397
2.121,-0.0019012351520655986
2.122,-0.0019096263657598933
2.123,-0.001917935334938037
2.124,-0.0019261624757851141
2.125,-0.0019343082029541195
2.126,-0.0019423729295699609
2.1270000000000002,-0.00195035706723346
2.128,-0.001958261026025347
2.129,-0.001966085214510254
2.13,-0.0019738300397407005
2.1310000000000002,-0.0019814959072610785
2.132,-0.00198908322111163
2.133,-0.001996592383832423
2.134,-0.0020040237964673224
2.1350000000000002,-0.0020113778585679545
2.136,-0.0020186549681976713
2.137,-0.0020258555219355066
2.138,-0.0020329799148801294
2.1390000000000002,-0.0020400285406537936
2.14,-0.0020470017914062818
2.141,-0.0020539000578188443
2.142,-0.0020607237291081363
2.1430000000000002,-0.0020674731930301476
2.144,-0.0020741488358841298
2.145,-0.002080751042516517
2.146,-0.0020872801963248435
2.1470000000000002,-0.0020937366792616575
2.148,-0.002100120871838426
2.149,-0.002106433153129442
2.15,-0.002112673900775719
2.1510000000000002,-0.002118843490988888
2.152,-0.0021249422985550846
2.153,-0.002130970696838834
2.154,-0.002136929057786929
2.1550000000000002,-0.0021428177519323068
2.156,-0.0021486371483979178
2.157,-0.0021543876149005894
2.158,-0.0021600695177548873
2.1590000000000003,-0.0021656832218769698
2.16,-0.0021712290907884377
2.161,-0.0021767074866201803
2.162,-0.002182118770116214
2.1630000000000003,-0.002187463300637519
2.164,-0.002192741436165867
2.165,-0.0021979535333076492
2.166,-0.0022030999472976934
2.1670000000000003,-0.00220818103200308
2.168,-0.002213197139926951
2.169,-0.002218148622212316
2.17,-0.002223035828645849
2.1710000000000003,-0.0022278591076616843
2.172,-0.0022326188063452046
2.173,-0.0022373152704368245
2.174,-0.0022419488443357694
2.1750000000000003,-0.002246519871103848
2.176,-0.002251028692469221
2.177,-0.0022554756488301613
2.178,-0.002259861079258814
2.179,-0.002264185321504947
2.18,-0.002268448711999696
2.181,-0.002272651585859307
2.182,-0.002276794276888872
2.183,-0.0022808771175860582
2.184,-0.0022849004391448336
2.185,-0.002288864571459185
2.186,-0.0022927698431268323
2.187,-0.0022966165814529375
2.188,-0.0023004051124538064
2.189,-0.0023041357608605856
2.19,-0.0023078088501229553
2.191,-0.002311424702412814
2.192,-0.0023149836386279596
2.193,-0.002318485978395764
2.194,-0.002321932040076842
2.195,-0.002325322140768716
2.196,-0.0023286565963094724
2.197,-0.0023319357212814146
2.198,-0.002335159829014709
2.199,-0.0023383292315910273
2.2,-0.0023414442398471797
2.201,-0.002344505163378745
2.202,-0.0023475123105436953
2.203,-0.0023504659884660112
2.204,-0.002353366503039297
2.205,-0.002356214158930384
2.206,-0.002359009259582934
2.207,-0.002361752107221032
2.208,-0.002364443002852775
2.209,-0.002367082246273855
2.21,-0.002369670136071138
2.211,-0.0023722069696262317
2.212,-0.0023746930431190545
2.213,-0.0023771286515313927
2.214,-0.0023795140886504543
2.215,-0.002381849647072417
2.216,-0.00238413561820597
2.217,-0.002386372292275849
2.218,-0.0023885599583263663
2.219,-0.0023906989042249355
2.22,-0.002392789416665587
2.221,-0.0023948317811724826
2.222,-0.0023968262821034182
2.223,-0.002398773202653326
2.224,-0.0024006728248577667
2.225,-0.0024025254295964187
2.226,-0.002404331296596558
2.227,-0.0024060907044365343
2.228,-0.0024078039305492406
2.229,-0.0024094712512255766
2.23,-0.0024110929416179057
2.231,-0.002412669275743507
2.232,-0.002414200526488019
2.233,-0.002415686965608879
2.234,-0.0024171288637387565
2.235,-0.0024185264903889784
2.236,-0.0024198801139529514
2.237,-0.002421190001709575
2.238,-0.002422456419826649
2.239,-0.0024236796333642775
2.24,-0.002424859906278262
2.241,-0.002425997501423494
2.242,-0.002427092680557335
2.243,-0.0024281457043429963
2.244,-0.0024291568323529084
2.245,-0.0024301263230720863
2.246,-0.0024310544339014874
2.247,-0.002431941421161364
2.248,-0.0024327875400946093
2.249,-0.0024335930448700967
2.25,-0.002434358188586013
2.251,-0.002435083223273186
2.2520000000000002,-0.0024357683998984057
2.253,-0.002436413968367737
2.254,-0.002437020177529829
2.255,-0.002437587275179218
2.2560000000000002,-0.002438115508059621
2.257,-0.0024386051218672268
2.258,-0.0024390563612539766
2.259,-0.0024394694698308436
2.2600000000000002,-0.002439844690171101
2.261,-0.002440182263813586
2.262,-0.0024404824312659586
2.263,-0.0024407454320079522
2.2640000000000002,-0.002440971504494618
2.265,-0.0024411608861595645
2.266,-0.002441313813418188
2.267,-0.0024414305216708997
2.2680000000000002,-0.002441511245306345
2.269,-0.0024415562177046157
2.27,-0.0024415656712404566
2.271,-0.0024415398372864667
2.2720000000000002,-0.0024414789462162915
2.273,-0.002441383227407812
2.274,-0.0024412529092463237
2.275,-0.002441088219127713
2.2760000000000002,-0.0024408893834616243
2.277,-0.002440656627674622
2.278,-0.002440390176213346
2.279,-0.00244009025254766
2.2800000000000002,-0.0024397570791737937
2.281,-0.0024393908776174796
2.282,-0.002438991868437083
2.283,-0.0024385602712267227
2.2840000000000003,-0.0024380963046193903
2.285,-0.0024376001862900596
2.286,-0.0024370721329587896
2.287,-0.0024365123603938225
2.2880000000000003,-0.0024359210834146742
2.289,-0.002435298515895219
2.29,-0.0024346448707667674
2.291,-0.0024339603600211377
2.2920000000000003,-0.0024332451947137205
2.293,-0.0024324995849665377
2.294,-0.0024317237399712945
2.295,-0.0024309178679924252
2.2960000000000003,-0.0024300821763701317
2.297,-0.002429216871523417
2.298,-0.00242832215895311
2.299,-0.002427398243244887
2.3000000000000003,-0.0024264453280722835
2.301,-0.002425463616199701
2.302,-0.002424453309485409
2.303,-0.002423414608884536
2.3040000000000003,-0.0024223477144520588
2.305,-0.0024212528253457826
2.306,-0.0024201301398293156
2.307,-0.0024189798552750365
2.308,-0.002417802168167056
2.309,-0.0024165972741041716
2.31,-0.0024153653678028165
2.311,-0.0024141066431000004
2.312,-0.0024128212929562455
2.313,-0.0024115095094585162
2.314,-0.0024101714838231396
2.315,-0.0024088074063987235
2.316,-0.0024074174666690643
2.317,-0.002406001853256051
2.318,-0.002404560753922561
2.319,-0.0024030943555753506
2.32,-0.0024016028442679378
2.321,-0.00240008640520348
2.322,-0.002398545222737645
2.323,-0.002396979480381473
2.324,-0.0023953893608042363
2.325,-0.002393775045836289
2.326,-0.0023921367164719135
2.327,-0.002390474552872156
2.328,-0.0023887887343676606
2.329,-0.0023870794394614927
2.33,-0.0023853468458319583
2.331,-0.002383591130335417
2.332,-0.0023818124690090864
2.333,-0.0023800110370738423
2.334,-0.002378187008937011
2.335,-0.002376340558195157
2.336,-0.0023744718576368604
2.337,-0.0023725810792454925
2.338,-0.0023706683942019825
2.339,-0.0023687339728875765
2.34,-0.0023667779848865938
2.341,-0.002364800598989172
2.342,-0.0023628019831940105
2.343,-0.0023607823047111036
2.344,-0.00235874172996447
2.345,-0.002356680424594873
2.346,-0.002354598553462538
2.347,-0.0023524962806498587
2.348,-0.002350373769464103
2.349,-0.0023482311824401057
2.35,-0.0023460686813429605
2.351,-0.0023438864271707028
2.352,-0.002341684580156985
2.353,-0.0023394632997737488
2.354,-0.0023372227447338878
2.355,-0.002334963072993906
2.356,-0.002332684441756568
2.357,-0.002330387007473546
2.358,-0.002328070925848054
2.359,-0.0023257363518374837
2.36,-0.002323383439656028
2.361,-0.0023210123427773012
2.362,-0.0023186232139369503
2.363,-0.002316216205135263
2.364,-0.0023137914676397663
2.365,-0.0023113491519878215
2.366,-0.002308889407989211
2.367,-0.0023064123847287184
2.368,-0.0023039182305687033
2.369,-0.002301407093151671
2.37,-0.0022988791194028316
2.371,-0.002296334455532658
2.372,-0.0022937732470394343
2.373,-0.002291195638711797
2.374,-0.002288601774631274
2.375,-0.0022859917981748125
2.376,-0.0022833658520173042
2.3770000000000002,-0.0022807240781341025
2.378,-0.0022780666178035336
2.379,-0.0022753936116094004
2.38,-0.0022727051994434824
2.3810000000000002,-0.0022700015205080275
2.382,-0.002267282713318238
2.383,-0.0022645489157047498
2.384,-0.002261800264816106
2.3850000000000002,-0.0022590368971212244
2.386,-0.0022562589484118574
2.387,-0.002253466553805048
2.388,-0.0022506598477455763
2.3890000000000002,-0.0022478389640084033
2.39,-0.0022450040357011054
2.391,-0.002242155195266304
2.392,-0.002239292574484089
2.3930000000000002,-0.002236416304474437
2.394,-0.00223352651569962
2.395,-0.002230623337966612
2.396,-0.0022277069004294848
2.3970000000000002,-0.002224777331591803
2.398,-0.0022218347593090087
2.399,-0.002218879310790801
2.4,-0.00221591111260351
2.4010000000000002,-0.0022129302906724636
2.402,-0.0022099369702843494
2.403,-0.0022069312760895693
2.404,-0.0022039133321045887
2.4050000000000002,-0.002200883261714278
2.406,-0.0021978411876742514
2.407,-0.002194787232113195
2.408,-0.002191721516535192
2.4090000000000003,-0.0021886441618220406
2.41,-0.002185555288235566
2.411,-0.0021824550154199273
2.412,-0.002179343462403915
2.4130000000000003,-0.002176220747603246
2.414,-0.002173086988822852
2.415,-0.0021699423032591585
2.416,-0.002166786807502362
2.4170000000000003,-0.0021636206175386983
2.418,-0.0021604438487527067
2.419,-0.0021572566159294856
2.42,-0.002154059033256945
2.4210000000000003,-0.0021508512143280506
2.422,-0.0021476332721430623
2.423,-0.0021444053191117685
2.424,-0.0021411674670557116
2.4250000000000003,-0.0021379198272104094
2.426,-0.00213466251022757
2.427,-0.0021313956261773
2.428,-0.0021281192845503077
2.4290000000000003,-0.0021248335942601
2.43,-0.0021215386636451727
2.431,-0.0021182346004711963
2.432,-0.002114921511933194
2.433,-0.002111599504657713
2.434,-0.0021082686847049958
2.435,-0.0021049291575711364
2.436,-0.002101581028190238
2.437,-0.002098224400936561
2.438,-0.0020948593796266675
2.439,-0.0020914860675215565
2.44,-0.0020881045673287967
2.441,-0.002084714981204651
2.442,-0.0020813174107561965
2.443,-0.0020779119570434384
2.444,-0.0020744987205814167
2.445,-0.002071077801342309
2.446,-0.002067649298757526
2.447,-0.0020642133117198015
2.448,-0.0020607699385852773
2.449,-0.0020573192771755804
2.45,-0.002053861424779897
2.451,-0.002050396478157039
2.452,-0.002046924533537503
2.453,-0.0020434456866255286
2.454,-0.0020399600326011453
2.455,-0.0020364676661222166
2.456,-0.0020329686813264788
2.457,-0.0020294631718335713
2.458,-0.0020259512307470636
2.459,-0.0020224329506564765
2.46,-0.0020189084236392958
2.461,-0.0020153777412629807
2.462,-0.0020118409945869683
2.463,-0.002008298274164671
2.464,-0.002004749670045467
2.465,-0.002001195271776688
2.466,-0.0019976351684055974
2.467,-0.0019940694484813677
2.468,-0.001990498200057047
2.469,-0.001986921510691524
2.47,-0.001983339467451484
2.471,-0.0019797521569133625
2.472,-0.0019761596651652912
2.473,-0.001972562077809037
2.474,-0.00196895947996194
2.475,-0.00196535195625884
2.476,-0.0019617395908540017
2.477,-0.001958122467423033
2.478,-0.001954500669164798
2.479,-0.001950874278803322
2.48,-0.0019472433785896956
2.481,-0.0019436080503039686
2.482,-0.001939968375257041
2.483,-0.001936324434292548
2.484,-0.001932676307788739
2.485,-0.0019290240756603511
2.486,-0.0019253678173604774
2.487,-0.0019217076118824296
2.488,-0.0019180435377615954
2.489,-0.0019143756730772895
2.49,-0.0019107040954546007
2.491,-0.0019070288820662313
2.492,-0.0019033501096343336
2.493,-0.0018996678544323387
2.494,-0.0018959821922867814
2.495,-0.0018922931985791182
2.496,-0.0018886009482475417
2.497,-0.0018849055157887883
2.498,-0.0018812069752599401
2.499,-0.0018775054002802228
2.5,-0.0018738008640327973
2.501,-0.0018700934392665456
2.5020000000000002,-0.0018663831982978529
2.503,-0.0018626702130123817
2.504,-0.0018589545548668436
2.505,-0.001855236294890763
2.5060000000000002,-0.0018515155036882374
2.507,-0.0018477922514396916
2.508,-0.001844066607903626
2.509,-0.0018403386424183613
2.5100000000000002,-0.0018366084239037756
2.511,-0.0018328760208630385
2.512,-0.001829141501384338
2.513,-0.0018254049331426034
2.5140000000000002,-0.0018216663834012227
2.515,-0.0018179259190137537
2.516,-0.001814183606425632
2.517,-0.001810439511675871
2.5180000000000002,-0.0018066937003987594
2.519,-0.0018029462378255513
2.52,-0.0017991971887861525
2.521,-0.0017954466177108012
2.5220000000000002,-0.0017916945886317429
2.523,-0.0017879411651849013
2.524,-0.001784186410611543
2.525,-0.0017804303877599372
2.5260000000000002,-0.0017766731590870108
2.527,-0.0017729147866599984
2.528,-0.001769155332158086
2.529,-0.0017653948568740513
2.5300000000000002,-0.0017616334217158964
2.531,-0.0017578710872084792
2.532,-0.0017541079134951354
2.533,-0.001750343960339299
2.5340000000000003,-0.0017465792871261155
2.535,-0.0017428139528640506
2.536,-0.0017390480161864946
2.537,-0.0017352815353533608
2.5380000000000003,-0.0017315145682526795
2.539,-0.001727747172402186
2.54,-0.0017239794049509055
2.541,-0.001720211322680731
2.5420000000000003,-0.001716442982007997
2.543,-0.0017126744389850484
2.544,-0.0017089057493018043
2.545,-0.0017051369682873168
2.5460000000000003,-0.0017013681509113246
2.547,-0.0016975993517858025
2.548,-0.0016938306251665042
2.549,-0.0016900620249545029
2.5500000000000003,-0.001686293604697724
2.551,-0.001682525417592475
2.552,-0.0016787575164849697
2.553,-0.001674989953872848
2.5540000000000003,-0.00167122278190669
2.555,-0.0016674560523915255
2.556,-0.0016636898167883395
2.557,-0.0016599241262155718
2.5580000000000003,-0.0016561590314506122
2.559,-0.0016523945829312909
2.56,-0.0016486308307573638
2.561,-0.0016448678246919941
2.562,-0.0016411056141632267
2.563,-0.0016373442482654607
2.564,-0.0016335837757609152
2.565,-0.0016298242450810908
2.566,-0.001626065704328227
2.567,-0.0016223082012767531
2.568,-0.0016185517833747374
2.569,-0.0016147964977453282
2.57,-0.0016110423911881923
2.571,-0.0016072895101809487
2.572,-0.0016035379008805964
2.573,-0.0015997876091249383
2.574,-0.001596038680434001
2.575,-0.0015922911600114486
2.576,-0.0015885450927459932
2.577,-0.0015848005232127994
2.578,-0.0015810574956748851
2.579,-0.0015773160540845182
2.58,-0.0015735762420846064
2.581,-0.0015698381030100853
2.582,-0.0015661016798892999
2.583,-0.0015623670154453822
2.584,-0.0015586341520976244
2.585,-0.0015549031319628467
2.586,-0.001551173996856762
2.587,-0.0015474467882953342
2.588,-0.0015437215474961342
2.589,-0.001539998315379689
2.59,-0.001536277132570828
2.591,-0.0015325580394000237
2.592,-0.0015288410759047293
2.593,-0.0015251262818307102
2.594,-0.001521413696633372
2.595,-0.001517703359479084
2.596,-0.001513995309246498
2.597,-0.0015102895845278616
2.598,-0.00150658622363033
2.599,-0.0015028852645772705
2.6,-0.0014991867451095635
2.601,-0.0014954907026868997
2.602,-0.001491797174489072
2.603,-0.0014881061974172639
2.604,-0.0014844178080953322
2.605,-0.0014807320428710878
2.606,-0.0014770489378175685
2.607,-0.0014733685287343114
2.608,-0.0014696908511486176
2.609,-0.0014660159403168146
2.61,-0.0014623438312255143
2.611,-0.0014586745585928654
2.612,-0.0014550081568698032
2.613,-0.001451344660241293
2.614,-0.0014476841026275717
2.615,-0.0014440265176853832
2.616,-0.0014403719388092105
2.617,-0.0014367203991325031
2.618,-0.0014330719315289008
2.619,-0.0014294265686134522
2.62,-0.0014257843427438299
2.621,-0.0014221452860215416
2.622,-0.0014185094302931358
2.623,-0.0014148768071514052
2.624,-0.001411247447936584
2.625,-0.0014076213837375417
2.626,-0.0014039986453929741
2.6270000000000002,-0.001400379263492588
2.628,-0.001396763268378283
2.629,-0.001393150690145329
2.63,-0.0013895415586435394
2.6310000000000002,-0.0013859359034784405
2.632,-0.0013823337540124366
2.633,-0.0013787351393659709
2.634,-0.001375140088418682
2.6350000000000002,-0.001371548629810558
2.636,-0.0013679607919430841
2.637,-0.0013643766029803879
2.638,-0.0013607960908503802
2.6390000000000002,-0.0013572192832458916
2.64,-0.001353646207625805
2.641,-0.001350076891216185
2.642,-0.0013465113610114014
2.6430000000000002,-0.0013429496437752512
2.644,-0.001339391766042074
2.645,-0.0013358377541178663
2.646,-0.001332287634081389
2.6470000000000002,-0.0013287414317852727
2.648,-0.0013251991728571186
2.649,-0.0013216608827005957
2.65,-0.0013181265864965334
2.6510000000000002,-0.0013145963092040113
2.652,-0.0013110700755614437
2.653,-0.0013075479100876615
2.654,-0.0013040298370829895
2.6550000000000002,-0.00130051588063032
2.656,-0.0012970060645961829
2.657,-0.0012935004126318104
2.658,-0.001289998948174201
2.6590000000000003,-0.0012865016944471758
2.66,-0.0012830086744624344
2.661,-0.0012795199110206047
2.662,-0.0012760354267122897
2.6630000000000003,-0.0012725552439191107
2.664,-0.0012690793848147467
2.665,-0.0012656078713659696
2.666,-0.0012621407253336754
2.6670000000000003,-0.0012586779682739132
2.668,-0.0012552196215389086
2.669,-0.0012517657062780841
2.67,-0.0012483162434390766
2.6710000000000003,-0.0012448712537687495
2.672,-0.0012414307578142024
2.673,-0.001237994775923777
2.674,-0.0012345633282480578
2.6750000000000003,-0.0012311364347408723
2.676,-0.001227714115160284
2.677,-0.001224296389069584
2.678,-0.0012208832758382776
2.6790000000000003,-0.0012174747946430689
2.68,-0.0012140709644688401
2.681,-0.0012106718041096282
2.682,-0.0012072773321695975
2.6830000000000003,-0.0012038875670640087
2.684,-0.0012005025270201849
2.685,-0.0011971222300784735
2.686,-0.0011937466940932044
2.6870000000000003,-0.0011903759367336449
2.688,-0.0011870099754849508
2.689,-0.0011836488276491146
2.69,-0.0011802925103459095
2.691,-0.0011769410405138303
2.692,-0.00117359443491103
2.693,-0.0011702527101162539
2.694,-0.00116691588252977
2.695,-0.0011635839683742956
2.696,-0.0011602569836959196
2.697,-0.0011569349443650236
2.698,-0.0011536178660771974
2.699,-0.001150305764354152
2.7,-0.0011469986545446288
2.701,-0.001143696551825306
2.702,-0.0011403994712017008
2.703,-0.0011371074275090686
2.704,-0.0011338204354132985
2.705,-0.0011305385094118063
2.706,-0.0011272616638344224
2.707,-0.0011239899128442784
2.708,-0.0011207232704386885
2.709,-0.0011174617504500289
2.71,-0.001114205366546613
2.711,-0.0011109541322335637
2.712,-0.001107708060853682
2.713,-0.0011044671655883124
2.714,-0.001101231459458206
2.715,-0.0010980009553243778
2.716,-0.001094775665888964
2.717,-0.0010915556036960733
2.718,-0.0010883407811326357
2.719,-0.001085131210429249
2.72,-0.001081926903661021
2.721,-0.0010787278727484087
2.722,-0.0010755341294580545
2.723,-0.0010723456854036188
2.724,-0.0010691625520466094
2.725,-0.0010659847406972085
2.726,-0.0010628122625150952
2.727,-0.0010596451285102657
2.728,-0.0010564833495438502
2.729,-0.0010533269363289263
2.73,-0.0010501758994313297
2.731,-0.001047030249270461
2.732,-0.0010438899961200904
2.733,-0.0010407551501091582
2.734,-0.0010376257212225727
2.735,-0.0010345017193020055
2.736,-0.0010313831540466826
2.737,-0.001028270035014173
2.738,-0.001025162371621174
2.739,-0.0010220601731442938
2.74,-0.0010189634487208306
2.741,-0.001015872207349549
2.742,-0.0010127864578914523
2.743,-0.001009706209070554
2.744,-0.0010066314694746439
2.745,-0.0010035622475560518
2.746,-0.001000498551632409
2.747,-0.0009974403898874067
2.748,-0.0009943877703715498
2.749,-0.0009913407010029096
2.75,-0.000988299189567873
2.751,-0.0009852632437218872
2.7520000000000002,-0.0009822328709902046
2.753,-0.0009792080787686213
2.754,-0.0009761888743242147
2.755,-0.0009731752647960778
2.7560000000000002,-0.0009701672571960501
2.757,-0.0009671648584094461
2.758,-0.0009641680751957804
2.759,-0.0009611769141894904
2.7600000000000002,-0.0009581913819006556
2.761,-0.0009552114847157144
2.762,-0.0009522372288981777
2.763,-0.0009492686205893402
2.7640000000000002,-0.0009463056658089874
2.765,-0.000943348370456102
2.766,-0.0009403967403095651
2.767,-0.0009374507810288563
2.7680000000000002,-0.0009345104981547501
2.769,-0.0009315758971100097
2.77,-0.0009286469832000777
2.771,-0.0009257237616137646
2.7720000000000002,-0.0009228062374239341
2.773,-0.0009198944155881855
2.774,-0.0009169883009495333
2.775,-0.0009140878982370846
2.7760000000000002,-0.0009111932120667131
2.777,-0.0009083042469417304
2.778,-0.0009054210072535551
2.779,-0.0009025434972823782
2.7800000000000002,-0.0008996717211978268
2.781,-0.0008968056830596246
2.782,-0.000893945386818249
2.783,-0.0008910908363155872
2.7840000000000003,-0.0008882420352855875
2.785,-0.00088539898735491
2.786,-0.0008825616960435727
2.787,-0.0008797301647655962
2.7880000000000003,-0.0008769043968296455
2.789,-0.0008740843954396684
2.79,-0.0008712701636955326
2.791,-0.0008684617045936583
2.7920000000000003,-0.0008656590210276506
2.793,-0.0008628621157889266
2.794,-0.0008600709915673419
2.795,-0.0008572856509518138
2.7960000000000003,-0.0008545060964309414
2.797,-0.0008517323303936238
2.798,-0.0008489643551296758
2.799,-0.0008462021728304401
2.8000000000000003,-0.0008434457855893979
2.801,-0.0008406951954027765
2.802,-0.0008379504041701542
2.803,-0.0008352114136950632
2.8040000000000003,-0.0008324782256855894
2.805,-0.0008297508417549694
2.806,-0.0008270292634221866
2.807,-0.0008243134921125625
2.8080000000000003,-0.0008216035291583472
2.809,-0.0008188993757993066
2.81,-0.0008162010331833074
2.811,-0.0008135085023668994
2.8120000000000003,-0.000810821784315896
2.813,-0.0008081408799059507
2.814,-0.000805465789923133
2.815,-0.0008027965150645006
2.816,-0.0008001330559386697
2.817,-0.0007974754130663821
2.818,-0.0007948235868810711
2.819,-0.0007921775777294243
2.82,-0.0007895373858719437
2.821,-0.0007869030114835034
2.822,-0.0007842744546539062
2.823,-0.0007816517153884357
2.824,-0.0007790347936084079
2.825,-0.0007764236891517191
2.826,-0.0007738184017733923
2.827,-0.0007712189311461209
2.828,-0.0007686252768608097
2.829,-0.0007660374384271142
2.83,-0.0007634554152739772
2.831,-0.0007608792067501632
2.832,-0.00075830881212479
2.833,-0.0007557442305878591
2.834,-0.0007531854612507821
2.835,-0.0007506325031469067
2.836,-0.000748085355232039
2.837,-0.0007455440163849638
2.838,-0.0007430084854079633
2.839,-0.0007404787610273324
2.84,-0.0007379548418938931
2.841,-0.0007354367265835054
2.842,-0.0007329244135975763
2.843,-0.0007304179013635671
2.844,-0.0007279171882354981
2.845,-0.0007254222724944504
2.846,-0.000722933152349067
2.847,-0.0007204498259360501
2.848,-0.000717972291320657
2.849,-0.0007155005464971942
2.85,-0.000713034589389508
2.851,-0.0007105744178514745
2.852,-0.0007081200296674859
2.853,-0.000705671422552936
2.854,-0.0007032285941547022
2.855,-0.0007007915420516268
2.856,-0.0006983602637549948
2.857,-0.0006959347567090105
2.858,-0.0006935150182912713
2.859,-0.0006911010458132399
2.86,-0.000688692836520714
2.861,-0.0006862903875942942
2.862,-0.0006838936961498494
2.863,-0.0006815027592389808
2.864,-0.0006791175738494824
2.865,-0.0006767381369058016
2.866,-0.0006743644452694953
2.867,-0.000671996495739686
2.868,-0.0006696342850535141
2.869,-0.0006672778098865898
2.87,-0.0006649270668534417
2.871,-0.0006625820525079634
2.872,-0.0006602427633438592
2.873,-0.0006579091957950864
2.874,-0.0006555813462362966
2.875,-0.0006532592109832741
2.876,-0.0006509427862933732
2.8770000000000002,-0.0006486320683659528
2.878,-0.000646327053342809
2.879,-0.0006440277373086067
2.88,-0.0006417341162913077
2.8810000000000002,-0.000639446186262598
2.882,-0.0006371639431383126
2.883,-0.0006348873827788585
2.884,-0.0006326165009896356
2.8850000000000002,-0.000630351293521456
2.886,-0.0006280917560709607
2.887,-0.0006258378842810352
2.888,-0.0006235896737412224
2.8890000000000002,-0.0006213471199881343
2.89,-0.0006191102185058608
2.891,-0.0006168789647263778
2.892,-0.0006146533540299525
2.8930000000000002,-0.0006124333817455471
2.894,-0.0006102190431512204
2.895,-0.0006080103334745282
2.896,-0.000605807247892921
2.8970000000000002,-0.0006036097815341402
2.898,-0.0006014179294766122
2.899,-0.0005992316867498414
2.9,-0.0005970510483348002
2.9010000000000002,-0.0005948760091643179
2.902,-0.0005927065641234678
2.903,-0.0005905427080499522
2.904,-0.0005883844357344854
2.9050000000000002,-0.0005862317419211755
2.906,-0.0005840846213079037
2.907,-0.0005819430685467021
2.908,-0.00057980707824413
2.9090000000000003,-0.0005776766449616478
2.91,-0.0005755517632159896
2.911,-0.0005734324274795337
2.912,-0.0005713186321806714
2.9130000000000003,-0.0005692103717041746
2.914,-0.0005671076403915603
2.915,-0.0005650104325414547
2.916,-0.0005629187424099552
2.9170000000000003,-0.0005608325642109898
2.918,-0.0005587518921166761
2.919,-0.0005566767202576776
2.92,-0.0005546070427235585
2.9210000000000003,-0.0005525428535631369
2.922,-0.0005504841467848366
2.923,-0.0005484309163570363
2.924,-0.0005463831562084177
2.9250000000000003,-0.0005443408602283124
2.926,-0.0005423040222670459
2.927,-0.0005402726361362809
2.928,-0.0005382466956093583
2.9290000000000003,-0.0005362261944216374
2.93,-0.0005342111262708331
2.931,-0.0005322014848173527
2.932,-0.0005301972636846302
2.9330000000000003,-0.0005281984564594598
2.934,-0.0005262050566923267
2.935,-0.000524217057897737
2.936,-0.0005222344535545458
2.9370000000000003,-0.0005202572371062838
2.938,-0.000518285401961482
2.939,-0.0005163189414939946
2.94,-0.0005143578490433213
2.9410000000000003,-0.0005124021179149268
2.942,-0.0005104517413805592
2.943,-0.0005085067126785676
2.944,-0.000506567025014216
2.945,-0.0005046326715599983
2.946,-0.0005027036454559496
2.947,-0.000500779939809957
2.948,-0.0004988615476980685
2.949,-0.0004969484621648007
2.95,-0.0004950406762234441
2.951,-0.000493138182856368
2.952,-0.0004912409750153231
2.953,-0.0004893490456217425
2.954,-0.0004874623875670419
2.955,-0.0004855809937129174
2.956,-0.00048370485689164244
2.957,-0.0004818339699063629
2.958,-0.00047996832553139074
2.959,-0.0004781079165124964
2.96,-0.0004762527355671992
2.961,-0.00047440277538505674
2.962,-0.00047255802862795253
2.963,-0.00047071848793038237
2.964,-0.00046888414589973894
2.965,-0.00046705499511659525
2.966,-0.0004652310281349865
2.967,-0.00046341223748269043
2.968,-0.00046159861566150617
2.969,-0.000459790155147532
2.97,-0.00045798684839144115
2.971,-0.00045618868781875665
2.972,-0.0004543956658301244
2.973,-0.00045260777480158503
2.974,-0.00045082500708484423
2.975,-0.00044904735500754175
2.976,-0.0004472748108735189
2.977,-0.00044550736696308474
2.978,-0.0004437450155332809
2.979,-0.0004419877488181448
2.98,-0.00044023555902897174
2.981,-0.0004384884383545755
2.982,-0.0004367463789615476
2.983,-0.0004350093729945149
2.984,-0.0004332774125763966
2.985,-0.00043155048980865886
2.986,-0.00042982859677156895
2.987,-0.00042811172552444744
2.988,-0.00042639986810591945
2.989,-0.00042469301653416436
2.99,-0.00042299116280716424
2.991,-0.00042129429890295096
2.992,-0.0004196024167798518
2.993,-0.00041791550837673425
2.994,-0.00041623356561324874
2.995,-0.0004145565803900708
2.996,-0.00041288454458914144
2.997,-0.0004112174500739064
2.998,-0.00040955528868955406
2.999,-0.00040789805226325223
3.0,-0.00040624573260438336
3.001,-0.00040459832150477874
3.0020000000000002,-0.00040295581073895127
3.003,-0.00040131819206432707
3.004,-0.0003996854572214756
3.005,-0.00039805759793433903
3.0060000000000002,-0.00039643460591045964
3.007,-0.00039481647284120666
3.008,-0.00039320319040200125
3.009,-0.0003915947502525409
3.0100000000000002,-0.000389991144037022
3.011,-0.00038839236338436155
3.012,-0.0003867983999084174
3.013,-0.00038520924520820754
3.0140000000000002,-0.00038362489086812796
3.015,-0.0003820453284581693
3.016,-0.0003804705495341326
3.017,-0.00037890054563784333
3.0180000000000002,-0.00037733530829736465
3.019,-0.0003757748290272094
3.02,-0.00037421909932855077
3.021,-0.0003726681106894319
3.0220000000000002,-0.00037112185458497416
3.023,-0.0003695803224775845
3.024,-0.00036804350581716146
3.025,-0.00036651139604130004
3.0260000000000002,-0.00036498398457549545
3.027,-0.0003634612628333456
3.028,-0.00036194322221675274
3.029,-0.0003604298541161234
3.0300000000000002,-0.0003589211499105679
3.031,-0.0003574171009680981
3.032,-0.00035591769864582443
3.033,-0.0003544229342901515
3.0340000000000003,-0.0003529327992369729
3.035,-0.00035144728481186453
3.036,-0.00034996638233027714
3.037,-0.00034849008309772756
3.0380000000000003,-0.00034701837840998893
3.039,-0.00034555125955327973
3.04,-0.0003440887178044518
3.041,-0.0003426307444311773
3.0420000000000003,-0.00034117733069213445
3.043,-0.0003397284678371923
3.044,-0.0003382841471075944
3.045,-0.0003368443597361413
3.0460000000000003,-0.00033540909694737233
3.047,-0.0003339783499577457
3.048,-0.0003325521099758181
3.049,-0.0003311303682024232
3.0500000000000003,-0.00032971311583084847
3.051,-0.00032830034404701187
3.052,-0.0003268920440296369
3.053,-0.00032548820695042666
3.0540000000000003,-0.00032408882397423714
3.055,-0.0003226938862592492
3.056,-0.00032130338495713973
3.057,-0.00031991731121325164
3.0580000000000003,-0.00031853565616676296
3.059,-0.0003171584109508548
3.06,-0.0003157855666928783
3.061,-0.00031441711451452085
3.0620000000000003,-0.000313053045531971
3.063,-0.0003116933508560823
3.064,-0.0003103380215925366
3.065,-0.0003089870488420059
3.0660000000000003,-0.00030764042370031347
3.067,-0.00030629813725859385
3.068,-0.0003049601806034521
3.069,-0.00030362654481712174
3.0700000000000003,-0.000302297220977622
3.071,-0.00030097220015891396
3.072,-0.0002996514734310559
3.073,-0.0002983350318603575
3.074,-0.00029702286650953305
3.075,-0.000295714968437854
3.076,-0.0002944113287013003
3.077,-0.00029311193835271094
3.078,-0.0002918167884419335
3.079,-0.0002905258700159728
3.08,-0.00028923917411913854
3.081,-0.00028795669179319203
3.082,-0.00028667841407749225
3.083,-0.00028540433200914056
3.084,-0.0002841344366231249
3.085,-0.0002828687189524627
3.086,-0.00028160717002834336
3.087,-0.00028034978088026946
3.088,-0.000279096542536197
3.089,-0.00027784744602267524
3.09,-0.000276602482364985
3.091,-0.00027536164258727675
3.092,-0.0002741249177127072
3.093,-0.0002728922987635754
3.094,-0.00027166377676145795
3.095,-0.00027043934272734306
3.096,-0.00026921898768176406
3.097,-0.0002680027026449319
3.098,-0.0002667904786368667
3.099,-0.0002655823066775288
3.1,-0.00026437817778694837
3.101,-0.0002631780829853548
3.102,-0.00026198201329330484
3.103,-0.00026078995973181007
3.104,-0.0002596019133224633
3.105,-0.00025841786508756467
3.106,-0.00025723780605024614
3.107,-0.000256061727234596
3.108,-0.00025488961966578175
3.109,-0.00025372147437017285
3.11,-0.00025255728237546225
3.111,-0.00025139703471078713
3.112,-0.00025024072240684907
3.113,-0.0002490883364960331
3.114,-0.0002479398680125262
3.115,-0.00024679530799243495
3.116,-0.00024565464747390223
3.117,-0.00024451787749722335
3.118,-0.00024338498910496124
3.119,-0.00024225597334206084
3.12,-0.00024113082125596294
3.121,-0.0002400095238967169
3.122,-0.0002388920723170929
3.123,-0.00023777845757269318
3.124,-0.0002366686707220628
3.125,-0.0002355627028267992
3.126,-0.0002344605449516616
3.1270000000000002,-0.00023336218816467897
3.128,-0.0002322676235372578
3.129,-0.00023117684214428886
3.13,-0.00023008983506425318
3.1310000000000002,-0.0002290065933793275
3.132,-0.0002279271081754887
3.133,-0.00022685137054261772
3.134,-0.0002257793715746027
3.1350000000000002,-0.00022471110236944124
3.136,-0.00022364655402934219
3.137,-0.0002225857176608264
3.138,-0.00022152858437482714
3.1390000000000002,-0.00022047514528678941
3.14,-0.0002194253915167688
3.141,-0.0002183793141895295
3.142,-0.00021733690443464173
3.1430000000000002,-0.00021629815338657836
3.144,-0.00021526305218481085
3.145,-0.0002142315919739045
3.146,-0.00021320376390361303
3.1470000000000002,-0.00021217955912897245
3.148,-0.00021115896881039427
3.149,-0.00021014198411375788
3.15,-0.00020912859621050257
3.1510000000000002,-0.00020811879627771846
3.152,-0.00020711257549823706
3.153,-0.00020610992506072106
3.154,-0.00020511083615975344
3.1550000000000002,-0.0002041152999959259
3.156,-0.0002031233077759267
3.157,-0.0002021348507126277
3.158,-0.00020114992002517095
3.1590000000000003,-0.0002001685069390544
3.16,-0.00019919060268621714
3.161,-0.0001982161985051239
3.162,-0.00019724528564084892
3.1630000000000003,-0.00019627785534515914
3.164,-0.0001953138988765969
3.165,-0.00019435340750056175
3.166,-0.00019339637248939193
3.1670000000000003,-0.00019244278512244495
3.168,-0.00019149263668617769
3.169,-0.00019054591847422585
3.17,-0.00018960262178748278
3.1710000000000003,-0.0001886627379341777
3.172,-0.00018772625822995314
3.173,-0.00018679317399794218
3.174,-0.00018586347656884456
3.1750000000000003,-0.00018493715728100257
3.176,-0.0001840142074804762
3.177,-0.0001830946185211176
3.178,-0.00018217838176464517
3.1790000000000003,-0.00018126548858071685
3.18,-0.00018035593034700285
3.181,-0.00017944969844925788
3.182,-0.0001785467842813927
3.1830000000000003,-0.00017764717924554515
3.184,-0.00017675087475215058
3.185,-0.0001758578622200117
3.186,-0.00017496813307636775
3.1870000000000003,-0.00017408167875696337
3.188,-0.00017319849070611656
3.189,-0.00017231856037678631
3.19,-0.00017144187923063964
3.1910000000000003,-0.00017056843873811792
3.192,-0.00016969823037850281
3.193,-0.0001688312456399816
3.194,-0.00016796747601971186
3.1950000000000003,-0.00016710691302388578
3.196,-0.0001662495481677937
3.197,-0.00016539537297588733
3.198,-0.00016454437898184228
3.1990000000000003,-0.00016369655772862006
3.2,-0.0001628519007685296
3.201,-0.00016201039966328822
3.202,-0.00016117204598408197
3.203,-0.00016033683131162562
3.204,-0.000159504747236222
3.205,-0.00015867578535782074
3.206,-0.00015784993728607674
3.207,-0.00015702719464040786
3.208,-0.00015620754905005223
3.209,-0.00015539099215412499
3.21,-0.00015457751560167454
3.211,-0.00015376711105173836
3.212,-0.0001529597701733981
3.213,-0.00015215548464583446
3.214,-0.0001513542461583813
3.215,-0.00015055604641057939
3.216,-0.00014976087711222966
3.217,-0.00014896872998344598
3.218,-0.00014817959675470725
3.219,-0.00014739346916690932
3.22,-0.00014661033897141613
3.221,-0.00014583019793011057
3.222,-0.00014505303781544473
3.223,-0.0001442788504104897
3.224,-0.00014350762750898498
3.225,-0.00014273936091538722
3.226,-0.0001419740424449187
3.227,-0.00014121166392361528
3.228,-0.00014045221718837373
3.229,-0.00013969569408699882
3.23,-0.00013894208647824977
3.231,-0.00013819138623188634
3.232,-0.00013744358522871443
3.233,-0.0001366986753606312
3.234,-0.00013595664853066977
3.235,-0.00013521749665304348
3.236,-0.00013448121165318965
3.237,-0.00013374778546781292
3.238,-0.00013301721004492815
3.239,-0.00013228947734390286
3.24,-0.00013156457933549928
3.241,-0.00013084250800191586
3.242,-0.00013012325533682848
3.243,-0.00012940681334543106
3.244,-0.00012869317404447594
3.245,-0.00012798232946231364
3.246,-0.00012727427163893232
3.247,-0.00012656899262599672
3.248,-0.0001258664844868868
3.249,-0.00012516673929673585
3.25,-0.00012446974914246818
3.251,-0.0001237755061228365
3.2520000000000002,-0.00012308400234845878
3.253,-0.00012239522994185475
3.254,-0.000121709181037482
3.255,-0.00012102584778177158
3.2560000000000002,-0.00012034522233316337
3.257,-0.00011966729686214084
3.258,-0.00011899206355126558
3.259,-0.00011831951459521134
3.2600000000000002,-0.00011764964220079765
3.261,-0.00011698243858702321
3.262,-0.00011631789598509865
3.263,-0.00011565600663847906
3.2640000000000002,-0.00011499676280289612
3.265,-0.00011434015674638976
3.266,-0.00011368618074933952
3.267,-0.0001130348271044955
3.2680000000000002,-0.0001123860881170089
3.269,-0.00011173995610446227
3.27,-0.00011109642339689921
3.271,-0.00011045548233685393
3.2720000000000002,-0.00010981712527938025
3.273,-0.00010918134459208029
3.274,-0.00010854813265513286
3.275,-0.00010791748186132132
3.2760000000000002,-0.00010728938461606127
3.277,-0.00010666383333742777
3.278,-0.00010604082045618217
3.279,-0.00010542033841579866
3.2800000000000002,-0.00010480237967249042
3.281,-0.00010418693669523545
3.282,-0.00010357400196580199
3.283,-0.00010296356797877364
3.2840000000000003,-0.00010235562724157414
3.285,-0.00010175017227449173
3.286,-0.00010114719561070324
3.287,-0.00010054668979629782
3.2880000000000003,-9.994864739030032e-05
3.289,-9.935306096469428e-05
3.29,-9.875992310444472e-05
3.291,-9.816922640752046e-05
3.2920000000000003,-9.758096348491614e-05
3.293,-9.699512696067395e-05
3.294,-9.641170947190501e-05
3.295,-9.583070366881039e-05
3.2960000000000003,-9.525210221470186e-05
3.297,-9.467589778602225e-05
3.298,-9.410208307236558e-05
3.299,-9.353065077649674e-05
3.3000000000000003,-9.296159361437099e-05
3.301,-9.239490431515302e-05
3.302,-9.183057562123581e-05
3.303,-9.126860028825908e-05
3.3040000000000003,-9.070897108512748e-05
3.305,-9.015168079402846e-05
3.306,-8.959672221044982e-05
3.307,-8.904408814319697e-05
3.3080000000000003,-8.849377141440987e-05
3.309,-8.794576485957967e-05
3.31,-8.74000613275651e-05
3.311,-8.685665368060843e-05
3.3120000000000003,-8.631553479435133e-05
3.313,-8.577669755785021e-05
3.314,-8.524013487359145e-05
3.315,-8.470583965750624e-05
3.3160000000000003,-8.417380483898514e-05
3.317,-8.364402336089238e-05
3.318,-8.311648817957986e-05
3.319,-8.259119226490085e-05
3.3200000000000003,-8.206812860022346e-05
3.321,-8.15472901824437e-05
3.322,-8.102867002199841e-05
3.323,-8.051226114287783e-05
3.3240000000000003,-7.999805658263791e-05
3.325,-7.948604939241231e-05
3.326,-7.897623263692421e-05
3.327,-7.846859939449772e-05
3.3280000000000003,-7.79631427570692e-05
3.329,-7.745985583019808e-05
3.33,-7.695873173307763e-05
3.331,-7.645976359854532e-05
3.332,-7.5962944573093e-05
3.333,-7.546826781687675e-05
3.334,-7.49757265037265e-05
3.335,-7.448531382115541e-05
3.336,-7.399702297036896e-05
3.337,-7.35108471662738e-05
3.338,-7.302677963748633e-05
3.339,-7.254481362634104e-05
3.34,-7.206494238889861e-05
3.341,-7.15871591949537e-05
3.342,-7.11114573280426e-05
3.343,-7.063783008545048e-05
3.344,-7.016627077821856e-05
3.345,-6.96967727311509e-05
3.346,-6.922932928282102e-05
3.347,-6.876393378557827e-05
3.348,-6.830057960555396e-05
3.349,-6.783926012266718e-05
3.35,-6.737996873063052e-05
3.351,-6.692269883695543e-05
3.352,-6.64674438629574e-05
3.353,-6.601419724376092e-05
3.354,-6.556295242830417e-05
3.355,-6.511370287934351e-05
3.356,-6.466644207345772e-05
3.357,-6.422116350105205e-05
3.358,-6.377786066636196e-05
3.359,-6.333652708745677e-05
3.36,-6.289715629624297e-05
3.361,-6.245974183846733e-05
3.362,-6.202427727371983e-05
3.363,-6.159075617543637e-05
3.364,-6.115917213090121e-05
3.365,-6.072951874124925e-05
3.366,-6.030178962146806e-05
3.367,-5.9875978400399725e-05
3.368,-5.9452078720742435e-05
3.369,-5.9030084239051914e-05
3.37,-5.860998862574262e-05
3.371,-5.819178556508871e-05
3.372,-5.777546875522487e-05
3.373,-5.736103190814684e-05
3.374,-5.6948468749711834e-05
3.375,-5.653777301963868e-05
3.376,-5.612893847150782e-05
3.3770000000000002,-5.572195887276104e-05
3.378,-5.531682800470111e-05
3.379,-5.491353966249109e-05
3.38,-5.451208765515355e-05
3.3810000000000002,-5.411246580556955e-05
3.382,-5.371466795047742e-05
3.383,-5.331868794047138e-05
3.384,-5.2924519639999924e-05
3.3850000000000002,-5.2532156927364066e-05
3.386,-5.214159369471535e-05
3.387,-5.1752823848053723e-05
3.388,-5.136584130722515e-05
3.3890000000000002,-5.098064000591913e-05
3.39,-5.059721389166596e-05
3.391,-5.021555692583386e-05
3.392,-4.98356630836259e-05
3.3930000000000002,-4.945752635407674e-05
3.394,-4.9081140740049206e-05
3.395,-4.870650025823068e-05
3.396,-4.833359893912931e-05
3.3970000000000002,-4.7962430827070084e-05
3.398,-4.759298998019066e-05
3.399,-4.7225270470437086e-05
3.4,-4.685926638355931e-05
3.4010000000000002,-4.649497181910655e-05
3.402,-4.613238089042248e-05
3.403,-4.577148772464023e-05
3.404,-4.541228646267726e-05
3.4050000000000002,-4.5054771259230044e-05
3.406,-4.469893628276858e-05
3.407,-4.434477571553076e-05
3.408,-4.399228375351656e-05
3.4090000000000003,-4.36414546064821e-05
3.41,-4.3292282497933485e-05
3.411,-4.2944761665120556e-05
3.412,-4.259888635903044e-05
3.4130000000000003,-4.2254650844380945e-05
3.414,-4.1912049399613836e-05
3.415,-4.1571076316887914e-05
3.416,-4.123172590207195e-05
3.4170000000000003,-4.089399247473751e-05
3.418,-4.055787036815155e-05
3.419,-4.0223353929268954e-05
3.42,-3.989043751872485e-05
3.4210000000000003,-3.95591155108268e-05
3.422,-3.922938229354688e-05
3.423,-3.890123226851356e-05
3.424,-3.857465985100344e-05
3.4250000000000003,-3.824965946993293e-05
3.426,-3.792622556784968e-05
3.427,-3.76043526009239e-05
3.428,-3.72840350389396e-05
3.4290000000000003,-3.696526736528561e-05
3.43,-3.664804407694649e-05
3.431,-3.633235968449334e-05
3.432,-3.6018208712074424e-05
3.4330000000000003,-3.570558569740567e-05
3.434,-3.539448519176108e-05
3.435,-3.508490175996291e-05
3.436,-3.4776829980371845e-05
3.4370000000000003,-3.447026444487694e-05
3.438,-3.4165199758885474e-05
3.439,-3.3861630541312685e-05
3.44,-3.355955142457134e-05
3.4410000000000003,-3.3258957054561204e-05
3.442,-3.2959842090658415e-05
3.443,-3.2662201205704645e-05
3.444,-3.236602908599622e-05
3.4450000000000003,-3.2071320431273094e-05
3.446,-3.177806995470767e-05
3.447,-3.1486272382893546e-05
3.448,-3.119592245583411e-05
3.4490000000000003,-3.090701492693102e-05
3.45,-3.061954456297259e-05
3.451,-3.0333506144122002e-05
3.452,-3.0048894463905484e-05
3.4530000000000003,-2.97657043292003e-05
3.454,-2.9483930560222658e-05
3.455,-2.9203567990515503e-05
3.456,-2.8924611466936186e-05
3.457,-2.8647055849644044e-05
3.458,-2.8370896012087833e-05
3.459,-2.8096126840993092e-05
3.46,-2.7822743236349367e-05
3.461,-2.755074011139734e-05
3.462,-2.7280112392615857e-05
3.463,-2.701085501970882e-05
3.464,-2.6742962945592018e-05
3.465,-2.6476431136379817e-05
3.466,-2.6211254571371765e-05
3.467,-2.5947428243039087e-05
3.468,-2.5684947157011073e-05
3.469,-2.5423806332061383e-05
3.47,-2.5164000800094232e-05
3.471,-2.4905525606130488e-05
3.472,-2.464837580829366e-05
3.473,-2.4392546477795798e-05
3.474,-2.4138032698923306e-05
3.475,-2.3884829569022624e-05
3.476,-2.3632932198485853e-05
3.477,-2.3382335710736263e-05
3.478,-2.313303524221372e-05
3.479,-2.288502594236e-05
3.48,-2.263830297360405e-05
3.481,-2.2392861511347102e-05
3.482,-2.2148696743947753e-05
3.483,-2.190580387270692e-05
3.484,-2.1664178111852718e-05
3.485,-2.1423814688525244e-05
3.486,-2.1184708842761288e-05
3.487,-2.094685582747894e-05
3.488,-2.0710250908462115e-05
3.489,-2.0474889364345015e-05
3.49,-2.0240766486596476e-05
3.491,-2.0007877579504248e-05
3.492,-1.977621796015919e-05
3.493,-1.9545782958439385e-05
3.494,-1.931656791699417e-05
3.495,-1.9088568191228087e-05
3.496,-1.8861779149284768e-05
3.497,-1.863619617203071e-05
3.498,-1.8411814653039e-05
3.499,-1.8188629998572962e-05
3.5,-1.7966637627569702e-05
3.501,-1.7745832971623613e-05
3.5020000000000002,-1.7526211474969773e-05
3.503,-1.730776859446729e-05
3.504,-1.709049979958256e-05
3.505,-1.687440057237247e-05
3.5060000000000002,-1.6659466407467502e-05
3.507,-1.644569281205479e-05
3.508,-1.623307530586109e-05
3.509,-1.60216094211357e-05
3.5100000000000002,-1.5811290702633293e-05
3.511,-1.5602114707596666e-05
3.512,-1.5394077005739474e-05
3.513,-1.5187173179228845e-05
3.5140000000000002,-1.4981398822667948e-05
3.515,-1.4776749543078499e-05
3.516,-1.45732209598832e-05
3.517,-1.4370808704888106e-05
3.5180000000000002,-1.4169508422264939e-05
3.519,-1.3969315768533327e-05
3.52,-1.3770226412542993e-05
3.521,-1.3572236035455873e-05
3.5220000000000002,-1.3375340330728178e-05
3.523,-1.3179535004092394e-05
3.524,-1.2984815773539221e-05
3.525,-1.2791178369299453e-05
3.5260000000000002,-1.2598618533825804e-05
3.527,-1.2407132021774663e-05
3.528,-1.2216714599987817e-05
3.529,-1.2027362047474086e-05
3.5300000000000002,-1.183907015539093e-05
3.531,-1.1651834727025977e-05
3.532,-1.146565157777852e-05
3.533,-1.1280516535140937e-05
3.5340000000000003,-1.1096425438680075e-05
3.535,-1.0913374140018573e-05
3.536,-1.0731358502816132e-05
3.537,-1.0550374402750738e-05
3.5380000000000003,-1.037041772749983e-05
3.539,-1.0191484376721422e-05
3.54,-1.0013570262035168e-05
3.541,-9.836671307003386e-06
3.5420000000000003,-9.660783447112029e-06
3.543,-9.485902629751609e-06
3.544,-9.312024814198071e-06
3.545,-9.139145971593625e-06
3.5460000000000003,-8.967262084927527e-06
3.547,-8.796369149016819e-06
3.548,-8.626463170487017e-06
3.549,-8.457540167752767e-06
3.5500000000000003,-8.28959617099844e-06
3.551,-8.122627222158698e-06
3.552,-7.95662937489901e-06
3.553,-7.791598694596129e-06
3.5540000000000003,-7.627531258318522e-06
3.555,-7.4644231548067675e-06
3.556,-7.302270484453903e-06
3.557,-7.141069359285742e-06
3.5580000000000003,-6.98081590294114e-06
3.559,-6.821506250652233e-06
3.56,-6.663136549224634e-06
3.561,-6.5057029570175826e-06
3.5620000000000003,-6.349201643924072e-06
3.563,-6.193628791350929e-06
3.564,-6.038980592198863e-06
3.565,-5.8852532508424715e-06
3.5660000000000003,-5.732442983110223e-06
3.567,-5.580546016264391e-06
3.568,-5.429558588980968e-06
3.569,-5.2794769513295305e-06
3.5700000000000003,-5.130297364753086e-06
3.571,-4.982016102047875e-06
3.572,-4.834629447343149e-06
3.573,-4.688133696080912e-06
3.5740000000000003,-4.542525154995634e-06
3.575,-4.397800142093931e-06
3.576,-4.253954986634218e-06
3.577,-4.110986029106327e-06
3.5780000000000003,-3.968889621211104e-06
3.579,-3.827662125839969e-06
3.58,-3.6872999170544526e-06
3.581,-3.547799380065704e-06
3.5820000000000003,-3.4091569112139694e-06
3.583,-3.2713689179480475e-06
3.584,-3.134431818804715e-06
3.585,-2.9983420433881294e-06
3.586,-2.8630960323492026e-06
3.587,-2.728690237364954e-06
3.588,-2.5951211211178356e-06
3.589,-2.4623851572750335e-06
3.59,-2.330478830467748e-06
3.591,-2.1993986362704498e-06
3.592,-2.0691410811801106e-06
3.593,-1.9397026825954155e-06
3.594,-1.8110799687959514e-06
3.595,-1.6832694789213748e-06
3.596,-1.5562677629505581e-06
3.597,-1.4300713816807163e-06
3.598,-1.3046769067065126e-06
3.599,-1.1800809203991454e-06
3.6,-1.0562800158854154e-06
3.601,-9.332707970267749e-07
3.602,-8.110498783983574e-07
3.603,-6.896138852679904e-07
3.604,-5.689594535751906e-07
3.605,-4.490832299101413e-07
3.606,-3.299818714926542e-07
3.607,-2.1165204615111425e-07
3.608,-9.409043230140884e-08
3.609,2.2706281074158335e-08
3.61,1.3874139444796837e-07
3.611,2.540181977682031e-07
3.612,3.685399704799749e-07
3.613,4.823099815464708e-07
3.614,5.953314894701095e-07
3.615,7.076077423137113e-07
3.616,8.191419777216817e-07
3.617,9.299374229412062e-07
3.618,1.039997294843457e-06
3.619,1.1493247999448115e-06
3.62,1.2579231344280827e-06
3.621,1.3657954841637582e-06
3.622,1.4729450247312518e-06
3.623,1.5793749214401633e-06
3.624,1.6850883293515493e-06
3.625,1.7900883932992025e-06
3.626,1.8943782479109395e-06
3.6270000000000002,1.997961017629898e-06
3.628,2.100839816735841e-06
3.629,2.2030177493664707e-06
3.63,2.3044979095387473e-06
3.6310000000000002,2.405283381170217e-06
3.632,2.5053772381003446e-06
3.633,2.604782544111855e-06
3.634,2.7035023529520795e-06
3.6350000000000002,2.8015397083543057e-06
3.636,2.898897644059136e-06
3.637,2.9955791838358497e-06
3.638,3.09158734150377e-06
3.6390000000000002,3.1869251209536346e-06
3.64,3.2815955161689694e-06
3.641,3.3756015112474696e-06
3.642,3.468946080422379e-06
3.6430000000000002,3.561632188083877e-06
3.644,3.653662788800464e-06
3.645,3.7450408273403528e-06
3.646,3.8357692386928604e-06
3.6470000000000002,3.9258509480897985e-06
3.648,4.015288871026872e-06
3.649,4.104085913285074e-06
3.65,4.192244970952079e-06
3.6510000000000002,4.279768930443643e-06
3.652,4.366660668524999e-06
3.653,4.452923052332254e-06
3.654,4.538558939393787e-06
3.6550000000000002,4.62357117765164e-06
3.656,4.707962605482917e-06
3.657,4.7917360517211704e-06
3.658,4.874894335677801e-06
3.6590000000000003,4.957440267163438e-06
3.66,5.039376646509331e-06
3.661,5.120706264588731e-06
3.662,5.201431902838274e-06
3.6630000000000003,5.281556333279358e-06
3.664,5.361082318539514e-06
3.665,5.440012611873782e-06
3.666,5.518349957186074e-06
3.6670000000000003,5.596097089050536e-06
3.668,5.673256732732908e-06
3.669,5.749831604211872e-06
3.67,5.825824410200406e-06
3.6710000000000003,5.901237848167118e-06
3.672,5.976074606357591e-06
3.673,6.050337363815704e-06
3.674,6.124028790404964e-06
3.6750000000000003,6.197151546829816e-06
3.676,6.2697082846569616e-06
3.677,6.341701646336655e-06
3.678,6.413134265224004e-06
3.6790000000000003,6.484008765600257e-06
3.68,6.554327762694083e-06
3.681,6.624093862702846e-06
3.682,6.693309662813866e-06
3.6830000000000003,6.761977751225681e-06
3.684,6.8301007071692865e-06
3.685,6.897681100929378e-06
3.686,6.964721493865577e-06
3.6870000000000003,7.0312244384336525e-06
3.688,7.097192478206726e-06
3.689,7.162628147896473e-06
3.69,7.2275339733743125e-06
3.6910000000000003,7.291912471692582e-06
3.692,7.355766151105707e-06
3.693,7.419097511091355e-06
3.694,7.481909042371583e-06
3.6950000000000003,7.544203226933969e-06
3.696,7.605982538052735e-06
3.697,7.667249440309855e-06
3.698,7.728006389616153e-06
3.6990000000000003,7.788255833232388e-06
3.7,7.84800020979033e-06
3.701,7.907241949313812e-06
3.702,7.965983473239784e-06
3.7030000000000003,8.024227194439344e-06
3.704,8.081975517238755e-06
3.705,8.139230837440452e-06
3.706,8.19599554234404e-06
3.7070000000000003,8.25227201076726e-06
3.708,8.308062613066966e-06
3.709,8.363369711160064e-06
3.71,8.41819565854445e-06
3.7110000000000003,8.472542800319931e-06
3.712,8.526413473209126e-06
3.713,8.579810005578353e-06
3.714,8.632734717458512e-06
3.715,8.685189920565925e-06
3.716,8.737177918323196e-06
3.717,8.788701005880024e-06
3.718,8.839761470134014e-06
3.719,8.890361589751474e-06
3.72,8.940503635188183e-06
3.721,8.990189868710156e-06
3.722,9.03942254441438e-06
3.723,9.088203908249542e-06
3.724,9.136536198036735e-06
3.725,9.184421643490144e-06
3.726,9.231862466237719e-06
3.727,9.278860879841826e-06
3.728,9.325419089819884e-06
3.729,9.371539293664983e-06
3.73,9.417223680866474e-06
3.731,9.462474432930554e-06
3.732,9.507293723400823e-06
3.733,9.55168371787883e-06
3.734,9.595646574044583e-06
3.735,9.639184441677065e-06
3.736,9.682299462674705e-06
3.737,9.724993771075844e-06
3.738,9.767269493079182e-06
3.739,9.809128747064195e-06
3.74,9.850573643611537e-06
3.741,9.891606285523424e-06
3.742,9.932228767843996e-06
3.743,9.972443177879652e-06
3.744,1.0012251595219374e-05
3.745,1.0051656091755026e-05
3.746,1.0090658731701625e-05
3.747,1.0129261571617604e-05
3.748,1.0167466660425037e-05
3.749,1.0205276039429861e-05
3.75,1.024269174234206e-05
3.751,1.0279715795295833e-05
3.7520000000000002,1.0316350216869745e-05
3.753,1.0352597018106847e-05
3.754,1.0388458202534779e-05
3.755,1.0423935766185849e-05
3.7560000000000002,1.0459031697617087e-05
3.757,1.049374797793028e-05
3.758,1.0528086580791981e-05
3.759,1.0562049472453501e-05
3.7600000000000002,1.0595638611770867e-05
3.761,1.0628855950224765e-05
3.762,1.0661703431940453e-05
3.763,1.069418299370766e-05
3.7640000000000002,1.0726296565000453e-05
3.765,1.075804606799708e-05
3.766,1.0789433417599793e-05
3.767,1.0820460521454648e-05
3.7680000000000002,1.0851129279971272e-05
3.769,1.0881441586342616e-05
3.77,1.0911399326564673e-05
3.771,1.0941004379456186e-05
3.7720000000000002,1.0970258616678313e-05
3.773,1.099916390275428e-05
3.774,1.1027722095089004e-05
3.775,1.1055935043988694e-05
3.7760000000000002,1.1083804592680422e-05
3.777,1.111133257733167e-05
3.778,1.113852082706986e-05
3.779,1.1165371164001837e-05
3.7800000000000002,1.1191885403233354e-05
3.781,1.1218065352888508e-05
3.782,1.1243912814129163e-05
3.783,1.1269429581174345e-05
3.7840000000000003,1.12946174413196e-05
3.785,1.1319478174956345e-05
3.786,1.1344013555591174e-05
3.787,1.136822534986515e-05
3.7880000000000003,1.1392115317573065e-05
3.789,1.1415685211682672e-05
3.79,1.1438936778353891e-05
3.791,1.1461871756957995e-05
3.7920000000000003,1.1484491880096755e-05
3.793,1.1506798873621575e-05
3.794,1.1528794456652583e-05
3.795,1.1550480341597704e-05
3.7960000000000003,1.1571858234171706e-05
3.797,1.1592929833415215e-05
3.798,1.1613696831713704e-05
3.799,1.163416091481645e-05
3.8000000000000003,1.1654323761855476e-05
3.801,1.1674187045364444e-05
3.802,1.1693752431297542e-05
3.803,1.1713021579048327e-05
3.8040000000000003,1.1731996141468547e-05
3.805,1.1750677764886938e-05
3.806,1.1769068089127981e-05
3.807,1.1787168747530642e-05
3.8080000000000003,1.1804981366967076e-05
3.809,1.182250756786131e-05
3.81,1.1839748964207884e-05
3.811,1.1856707163590485e-05
3.8120000000000003,1.1873383767200528e-05
3.813,1.1889780369855723e-05
3.814,1.1905898560018606e-05
3.815,1.1921739919815051e-05
3.8160000000000003,1.1937306025052739e-05
3.817,1.1952598445239605e-05
3.818,1.196761874360226e-05
3.819,1.1982368477104374e-05
3.8200000000000003,1.1996849196465034e-05
3.821,1.2011062446177077e-05
3.822,1.2025009764525384e-05
3.823,1.2038692683605154e-05
3.8240000000000003,1.2052112729340135e-05
3.825,1.2065271421500849e-05
3.826,1.2078170273722753e-05
3.827,1.2090810793524402e-05
3.8280000000000003,1.2103194482325568e-05
3.829,1.211532283546532e-05
3.83,1.2127197342220096e-05
3.831,1.2138819485821722e-05
3.8320000000000003,1.2150190743475416e-05
3.833,1.2161312586377754e-05
3.834,1.2172186479734615e-05
3.835,1.2182813882779074e-05
3.8360000000000003,1.2193196248789297e-05
3.837,1.2203335025106373e-05
3.838,1.2213231653152139e-05
3.839,1.2222887568446957e-05
3.84,1.2232304200627478e-05
3.841,1.2241482973464355e-05
3.842,1.2250425304879945e-05
3.843,1.2259132606965965e-05
3.844,1.2267606286001123e-05
3.845,1.2275847742468718e-05
3.846,1.228385837107421e-05
3.847,1.2291639560762758e-05
3.848,1.2299192694736722e-05
3.849,1.2306519150473142e-05
3.85,1.2313620299741177e-05
3.851,1.2320497508619524e-05
3.852,1.2327152137513793e-05
3.853,1.2333585541173859e-05
3.854,1.2339799068711178e-05
3.855,1.2345794063616076e-05
3.856,1.2351571863775004e-05
3.857,1.2357133801487755e-05
3.858,1.2362481203484665e-05
3.859,1.2367615390943767e-05
3.86,1.237253767950792e-05
3.861,1.2377249379301902e-05
3.862,1.2381751794949486e-05
3.863,1.2386046225590456e-05
3.864,1.2390133964897623e-05
3.865,1.2394016301093784e-05
3.866,1.2397694516968663e-05
3.867,1.2401169889895816e-05
3.868,1.24044436918495e-05
3.869,1.2407517189421518e-05
3.87,1.2410391643838028e-05
3.871,1.2413068310976316e-05
3.872,1.241554844138154e-05
3.873,1.2417833280283446e-05
3.874,1.2419924067613046e-05
3.875,1.2421822038019264e-05
3.876,1.2423528420885554e-05
3.8770000000000002,1.242504444034648e-05
3.878,1.2426371315304272e-05
3.879,1.2427510259445333e-05
3.88,1.2428462481256738e-05
3.8810000000000002,1.2429229184042682e-05
3.882,1.2429811565940896e-05
3.883,1.2430210819939042e-05
3.884,1.2430428133891068e-05
3.8850000000000002,1.2430464690533528e-05
3.886,1.2430321667501874e-05
3.887,1.2430000237346717e-05
3.888,1.242950156755005e-05
3.8890000000000002,1.242882682054144e-05
3.89,1.242797715371419e-05
3.891,1.2426953719441469e-05
3.892,1.2425757665092401e-05
3.8930000000000002,1.2424390133048132e-05
3.894,1.2422852260717859e-05
3.895,1.2421145180554822e-05
3.896,1.2419270020072276e-05
3.8970000000000002,1.2417227901859415e-05
3.898,1.2415019943597277e-05
3.899,1.2412647258074602e-05
3.9,1.2410110953203671e-05
3.9010000000000002,1.2407412132036101e-05
3.902,1.2404551892778619e-05
3.903,1.240153132880879e-05
3.904,1.2398351528690719e-05
3.9050000000000002,1.2395013576190723e-05
3.906,1.2391518550292961e-05
3.907,1.2387867525215044e-05
3.908,1.2384061570423599e-05
3.9090000000000003,1.2380101750649805e-05
3.91,1.2375989125904901e-05
3.911,1.2371724751495657e-05
3.912,1.2367309678039807e-05
3.9130000000000003,1.2362744951481457e-05
3.914,1.235803161310646e-05
3.915,1.2353170699557745e-05
3.916,1.2348163242850636e-05
3.9170000000000003,1.2343010270388117e-05
3.918,1.233771280497607e-05
3.919,1.233227186483849e-05
3.92,1.2326688463632654e-05
3.9210000000000003,1.2320963610464258e-05
3.922,1.2315098309902535e-05
3.923,1.2309093561995318e-05
3.924,1.2302950362284095e-05
3.9250000000000003,1.2296669701819003e-05
3.926,1.2290252567173819e-05
3.927,1.228369994046089e-05
3.928,1.227701279934605e-05
3.9290000000000003,1.2270192117063497e-05
3.93,1.226323886243063e-05
3.931,1.2256153999862866e-05
3.932,1.2248938489388418e-05
3.9330000000000003,1.2241593286663036e-05
3.934,1.223411934298472e-05
3.935,1.2226517605308396e-05
3.936,1.2218789016260568e-05
3.9370000000000003,1.2210934514153925e-05
3.938,1.2202955033001923e-05
3.939,1.219485150253333e-05
3.94,1.218662484820674e-05
3.9410000000000003,1.2178275991225055e-05
3.942,1.216980584854993e-05
3.943,1.216121533291619e-05
3.944,1.2152505352846212e-05
3.9450000000000003,1.214367681266427e-05
3.946,1.2134730612510854e-05
3.947,1.2125667648356953e-05
3.948,1.21164888120183e-05
3.9490000000000003,1.2107194991169598e-05
3.95,1.2097787069358696e-05
3.951,1.208826592602074e-05
3.952,1.2078632436492297e-05
3.9530000000000003,1.2068887472025437e-05
3.954,1.2059031899801784e-05
3.955,1.2049066582946536e-05
3.956,1.2038992380542456e-05
3.9570000000000003,1.202881014764382e-05
3.958,1.2018520735290343e-05
3.959,1.200812499052106e-05
3.96,1.1997623756388192e-05
3.9610000000000003,1.1987017871970958e-05
3.962,1.1976308172389371e-05
3.963,1.1965495488817996e-05
3.964,1.1954580648499669e-05
3.9650000000000003,1.194356447475919e-05
3.966,1.193244778701699e-05
3.967,1.1921231400802743e-05
3.968,1.1909916127768972e-05
3.969,1.1898502775704603e-05
3.97,1.1886992148548496e-05
3.971,1.1875385046402939e-05
3.972,1.1863682265547111e-05
3.973,1.1851884598450516e-05
3.974,1.1839992833786375e-05
3.975,1.1828007756444996e-05
3.976,1.1815930147547104e-05
3.977,1.1803760784457139e-05
3.978,1.179150044079653e-05
3.979,1.177914988645693e-05
3.98,1.1766709887613408e-05
3.981,1.1754181206737633e-05
3.982,1.1741564602611003e-05
3.983,1.1728860830337754e-05
3.984,1.1716070641358032e-05
3.985,1.1703194783460936e-05
3.986,1.1690234000797524e-05
3.987,1.167718903389379e-05
3.988,1.1664060619663608e-05
3.989,1.1650849491421642e-05
3.99,1.1637556378896231e-05
3.991,1.1624182008242229e-05
3.992,1.1610727102053822e-05
3.993,1.1597192379377317e-05
3.994,1.1583578555723883e-05
3.995,1.156988634308228e-05
3.996,1.1556116449931535e-05
3.997,1.1542269581253603e-05
3.998,1.152834643854599e-05
3.999,1.151434771983434e-05
4.0,1.1500274119684994e-05
4.001,1.1486126329217523e-05
4.002,1.1471905036117212e-05
4.003,1.1457610924647531e-05
4.0040000000000004,1.144324467566256e-05
4.005,1.1428806966619396e-05
4.006,1.141429847159051e-05
4.007,1.139971986127609e-05
4.008,1.1385071803016344e-05
4.009,1.1370354960803771e-05
4.01,1.13555699952954e-05
4.011,1.1340717563824996e-05
4.0120000000000005,1.1325798320415246e-05
4.013,1.1310812915789896e-05
4.014,1.129576199738587e-05
4.015,1.128064620936535e-05
4.016,1.1265466192627823e-05
4.017,1.1250222584822109e-05
4.018,1.1234916020358344e-05
4.019,1.1219547130419936e-05
4.0200000000000005,1.120411654297549e-05
4.021,1.1188624882790706e-05
4.022,1.1173072771440234e-05
4.023,1.1157460827319512e-05
4.024,1.1141789665656563e-05
4.025,1.1126059898523765e-05
4.026,1.1110272134849586e-05
4.027,1.1094426980430294e-05
4.0280000000000005,1.1078525037941629e-05
4.029,1.1062566906950449e-05
4.03,1.1046553183926342e-05
4.031,1.103048446225321e-05
4.032,1.1014361332240819e-05
4.033,1.0998184381136319e-05
4.034,1.0981954193135735e-05
4.035,1.0965671349395422e-05
4.0360000000000005,1.0949336428043498e-05
4.037,1.0932950004191233e-05
4.038,1.0916512649944424e-05
4.039,1.0900024934414726e-05
4.04,1.0883487423730955e-05
4.041,1.0866900681050367e-05
4.042,1.0850265266569894e-05
4.043,1.0833581737537365e-05
4.0440000000000005,1.0816850648262683e-05
4.045,1.0800072550128978e-05
4.046,1.0783247991603732e-05
4.047,1.0766377518249861e-05
4.048,1.0749461672736788e-05
4.049,1.0732500994851461e-05
4.05,1.0715496021509363e-05
4.051,1.0698447286765474e-05
4.0520000000000005,1.0681355321825212e-05
4.053,1.066422065505535e-05
4.054,1.0647043811994883e-05
4.055,1.0629825315365885e-05
4.056,1.0612565685084325e-05
4.057,1.0595265438270858e-05
4.058,1.0577925089261581e-05
4.059,1.0560545149618764e-05
4.0600000000000005,1.0543126128141547e-05
4.061,1.0525668530876611e-05
4.062,1.050817286112882e-05
4.063,1.0490639619471821e-05
4.064,1.0473069303758636e-05
4.065,1.0455462409132202e-05
4.066,1.0437819428035898e-05
4.067,1.0420140850224034e-05
4.0680000000000005,1.0402427162772307e-05
4.069,1.0384678850088241e-05
4.07,1.0366896393921586e-05
4.071,1.0349080273374686e-05
4.072,1.0331230964912827e-05
4.073,1.0313348942374557e-05
4.074,1.0295434676981955e-05
4.075,1.0277488637350898e-05
4.0760000000000005,1.0259511289501286e-05
4.077,1.0241503096867237e-05
4.078,1.0223464520307252e-05
4.079,1.0205396018114357e-05
4.08,1.0187298046026215e-05
4.081,1.0169171057235199e-05
4.082,1.015101550239845e-05
4.083,1.01328318296479e-05
4.0840000000000005,1.0114620484600257e-05
4.085,1.0096381910366983e-05
4.086,1.0078116547564218e-05
4.087,1.0059824834322693e-05
4.088,1.004150720629761e-05
4.089,1.0023164096678486e-05
4.09,1.0004795936198983e-05
4.091,9.986403153146694e-06
4.0920000000000005,9.967986173372906e-06
4.093,9.94954542030234e-06
4.094,9.931081314942857e-06
4.095,9.912594275895139e-06
4.096,9.894084719362331e-06
4.097,9.875553059159673e-06
4.098,9.85699970672409e-06
4.099,9.838425071123758e-06
4.1,9.819829559067639e-06
4.101,9.801213574914993e-06
4.102,9.782577520684858e-06
4.103,9.763921796065505e-06
4.104,9.745246798423861e-06
4.105,9.726552922814911e-06
4.106,9.707840561991058e-06
4.107,9.689110106411474e-06
4.108,9.670361944251411e-06
4.109,9.651596461411484e-06
4.11,9.63281404152693e-06
4.111,9.614015065976846e-06
4.112,9.59519991389338e-06
4.113,9.576368962170913e-06
4.114,9.55752258547521e-06
4.115,9.538661156252536e-06
4.116,9.51978504473875e-06
4.117,9.500894618968367e-06
4.118,9.481990244783604e-06
4.119,9.463072285843385e-06
4.12,9.444141103632328e-06
4.121,9.4251970574697e-06
4.122,9.406240504518349e-06
4.123,9.387271799793601e-06
4.124,9.36829129617214e-06
4.125,9.349299344400853e-06
4.126,9.330296293105658e-06
4.127,9.311282488800292e-06
4.128,9.29225827589508e-06
4.1290000000000004,9.273223996705677e-06
4.13,9.254179991461781e-06
4.131,9.235126598315824e-06
4.132,9.216064153351625e-06
4.133,9.196992990593033e-06
4.134,9.177913442012529e-06
4.135,9.158825837539808e-06
4.136,9.13973050507034e-06
4.1370000000000005,9.120627770473884e-06
4.138,9.101517957603003e-06
4.139,9.082401388301537e-06
4.14,9.063278382413046e-06
4.141,9.044149257789242e-06
4.142,9.025014330298378e-06
4.143,9.005873913833622e-06
4.144,8.986728320321404e-06
4.1450000000000005,8.967577859729731e-06
4.146,8.948422840076485e-06
4.147,8.92926356743768e-06
4.148,8.910100345955714e-06
4.149,8.89093347784758e-06
4.15,8.871763263413048e-06
4.151,8.852590001042843e-06
4.152,8.833413987226774e-06
4.1530000000000005,8.814235516561845e-06
4.154,8.795054881760347e-06
4.155,8.775872373657916e-06
4.156,8.75668828122157e-06
4.157,8.73750289155772e-06
4.158,8.718316489920153e-06
4.159,8.699129359717995e-06
4.16,8.679941782523642e-06
4.1610000000000005,8.660754038080671e-06
4.162,8.641566404311725e-06
4.163,8.622379157326368e-06
4.164,8.603192571428925e-06
4.165,8.584006919126287e-06
4.166,8.564822471135693e-06
4.167,8.545639496392497e-06
4.168,8.526458262057888e-06
4.1690000000000005,8.507279033526618e-06
4.17,8.48810207443467e-06
4.171,8.468927646666928e-06
4.172,8.449756010364805e-06
4.173,8.43058742393386e-06
4.174,8.411422144051382e-06
4.175,8.39226042567395e-06
4.176,8.373102522044969e-06
4.1770000000000005,8.353948684702186e-06
4.178,8.334799163485178e-06
4.179,8.315654206542813e-06
4.18,8.296514060340692e-06
4.181,8.277378969668564e-06
4.182,8.258249177647718e-06
4.183,8.239124925738349e-06
4.184,8.2200064537469e-06
4.1850000000000005,8.200893999833389e-06
4.186,8.18178780051869e-06
4.187,8.162688090691819e-06
4.188,8.143595103617174e-06
4.189,8.124509070941757e-06
4.19,8.105430222702378e-06
4.191,8.086358787332831e-06
4.192,8.067294991671047e-06
4.1930000000000005,8.048239060966217e-06
4.194,8.029191218885905e-06
4.195,8.010151687523127e-06
4.196,7.99112068740341e-06
4.197,7.972098437491827e-06
4.198,7.953085155200006e-06
4.199,7.934081056393123e-06
4.2,7.915086355396866e-06
4.2010000000000005,7.896101265004373e-06
4.202,7.877125996483157e-06
4.203,7.858160759581999e-06
4.204,7.83920576253782e-06
4.205,7.820261212082534e-06
4.206,7.801327313449868e-06
4.207,7.782404270382176e-06
4.208,7.763492285137212e-06
4.2090000000000005,7.744591558494891e-06
4.21,7.725702289764027e-06
4.211,7.70682467678904e-06
4.212,7.687958915956655e-06
4.213,7.669105202202565e-06
4.214,7.650263729018072e-06
4.215,7.631434688456717e-06
4.216,7.612618271140877e-06
4.2170000000000005,7.593814666268346e-06
4.218,7.575024061618884e-06
4.219,7.556246643560758e-06
4.22,7.53748259705725e-06
4.221,7.518732105673143e-06
4.222,7.499995351581192e-06
4.223,7.4812725155685685e-06
4.224,7.462563777043282e-06
4.225,7.443869314040582e-06
4.226,7.425189303229333e-06
4.227,7.406523919918379e-06
4.228,7.387873338062872e-06
4.229,7.36923773027059e-06
4.23,7.350617267808224e-06
4.231,7.332012120607654e-06
4.232,7.313422457272192e-06
4.233,7.294848445082813e-06
4.234,7.276290250004357e-06
4.235,7.257748036691718e-06
4.236,7.239221968496001e-06
4.237,7.220712207470666e-06
4.238,7.202218914377648e-06
4.239,7.183742248693456e-06
4.24,7.165282368615248e-06
4.241,7.14683943106689e-06
4.242,7.128413591704991e-06
4.243,7.110005004924914e-06
4.244,7.091613823866775e-06
4.245,7.073240200421408e-06
4.246,7.054884285236323e-06
4.247,7.036546227721631e-06
4.248,7.018226176055958e-06
4.249,6.99992427719233e-06
4.25,6.981640676864046e-06
4.251,6.963375519590521e-06
4.252,6.945128948683114e-06
4.253,6.9269011062509345e-06
4.2540000000000004,6.908692133206631e-06
4.255,6.890502169272153e-06
4.256,6.872331352984497e-06
4.257,6.854179821701433e-06
4.258,6.836047711607206e-06
4.259,6.817935157718221e-06
4.26,6.79984229388871e-06
4.261,6.78176925281637e-06
4.2620000000000005,6.763716166047993e-06
4.263,6.745683163985063e-06
4.264,6.727670375889348e-06
4.265,6.709677929888455e-06
4.266,6.691705952981378e-06
4.267,6.673754571044023e-06
4.268,6.65582390883471e-06
4.269,6.637914089999659e-06
4.2700000000000005,6.620025237078452e-06
4.271,6.6021574715094815e-06
4.272,6.584310913635373e-06
4.273,6.566485682708392e-06
4.274,6.548681896895833e-06
4.275,6.53089967328538e-06
4.276,6.513139127890461e-06
4.277,6.495400375655571e-06
4.2780000000000005,6.477683530461585e-06
4.279,6.459988705131043e-06
4.28,6.442316011433424e-06
4.281,6.424665560090396e-06
4.282,6.407037460781049e-06
4.283,6.389431822147106e-06
4.284,6.371848751798118e-06
4.285,6.35428835631664e-06
4.2860000000000005,6.336750741263388e-06
4.287,6.319236011182372e-06
4.288,6.301744269606019e-06
4.289,6.28427561906027e-06
4.29,6.266830161069663e-06
4.291,6.249407996162394e-06
4.292,6.23200922387536e-06
4.293,6.214633942759187e-06
4.2940000000000005,6.197282250383232e-06
4.295,6.179954243340578e-06
4.296,6.162650017252995e-06
4.297,6.1453696667758995e-06
4.298,6.128113285603282e-06
4.299,6.110880966472623e-06
4.3,6.0936728011697925e-06
4.301,6.076488880533924e-06
4.3020000000000005,6.059329294462278e-06
4.303,6.042194131915081e-06
4.304,6.0250834809203525e-06
4.305,6.0079974285787085e-06
4.306,5.990936061068151e-06
4.307,5.97389946364884e-06
4.308,5.956887720667841e-06
4.309,5.939900915563864e-06
4.3100000000000005,5.922939130871978e-06
4.311,5.906002448228311e-06
4.312,5.8890909483747315e-06
4.313,5.8722047111635105e-06
4.314,5.8553438155619715e-06
4.315,5.8385083396571146e-06
4.316,5.821698360660232e-06
4.317,5.804913954911499e-06
4.3180000000000005,5.7881551978845505e-06
4.319,5.771422164191044e-06
4.32,5.754714927585195e-06
4.321,5.738033560968308e-06
4.322,5.721378136393279e-06
4.323,5.704748725069089e-06
4.324,5.688145397365276e-06
4.325,5.671568222816391e-06
4.3260000000000005,5.655017270126437e-06
4.327,5.638492607173292e-06
4.328,5.621994301013115e-06
4.329,5.605522417884731e-06
4.33,5.589077023214008e-06
4.331,5.572658181618206e-06
4.332,5.556265956910321e-06
4.333,5.539900412103401e-06
4.3340000000000005,5.5235616094148555e-06
4.335,5.50724961027074e-06
4.336,5.4909644753100314e-06
4.337,5.474706264388879e-06
4.338,5.458475036584847e-06
4.339,5.442270850201134e-06
4.34,5.426093762770784e-06
4.341,5.40994383106087e-06
4.3420000000000005,5.393821111076671e-06
4.343,5.377725658065828e-06
4.344,5.361657526522487e-06
4.345,5.345616770191423e-06
4.346,5.329603442072148e-06
4.347,5.313617594423003e-06
4.348,5.297659278765238e-06
4.349,5.281728545887074e-06
4.3500000000000005,5.265825445847742e-06
4.351,5.249950027981517e-06
4.352,5.23410234090173e-06
4.353,5.2182824325047676e-06
4.354,5.20249034997405e-06
4.355,5.186726139784002e-06
4.356,5.170989847704e-06
4.357,5.1552815188023084e-06
4.358,5.1396011974500005e-06
4.359,5.12394892732486e-06
4.36,5.108324751415272e-06
4.361,5.092728712024093e-06
4.362,5.077160850772515e-06
4.363,5.061621208603899e-06
4.364,5.046109825787611e-06
4.365,5.030626741922831e-06
4.366,5.015171995942345e-06
4.367,4.999745626116337e-06
4.368,4.984347670056146e-06
4.369,4.968978164718021e-06
4.37,4.95363714640686e-06
4.371,4.9383246507799285e-06
4.372,4.923040712850569e-06
4.373,4.9077853669918895e-06
4.374,4.892558646940444e-06
4.375,4.877360585799894e-06
4.376,4.862191216044652e-06
4.377,4.847050569523522e-06
4.378,4.83193867746331e-06
4.3790000000000004,4.816855570472432e-06
4.38,4.8018012785445025e-06
4.381,4.786775831061908e-06
4.382,4.771779256799367e-06
4.383,4.756811583927478e-06
4.384,4.741872840016247e-06
4.385,4.726963052038606e-06
4.386,4.712082246373917e-06
4.3870000000000005,4.697230448811458e-06
4.388,4.6824076845538975e-06
4.389,4.667613978220756e-06
4.39,4.6528493538518495e-06
4.391,4.638113834910723e-06
4.392,4.6234074442880666e-06
4.393,4.60873020430512e-06
4.394,4.594082136717062e-06
4.3950000000000005,4.579463262716386e-06
4.396,4.56487360293626e-06
4.397,4.550313177453879e-06
4.398,4.535782005793796e-06
4.399,4.52128010693124e-06
4.4,4.506807499295428e-06
4.401,4.492364200772857e-06
4.402,4.477950228710577e-06
4.4030000000000005,4.463565599919467e-06
4.404,4.449210330677479e-06
4.405,4.434884436732878e-06
4.406,4.420587933307473e-06
4.407,4.406320835099821e-06
4.408,4.392083156288431e-06
4.409,4.377874910534945e-06
4.41,4.363696110987315e-06
4.4110000000000005,4.349546770282956e-06
4.412,4.335426900551895e-06
4.413,4.3213365134199016e-06
4.414,4.307275620011606e-06
4.415,4.293244230953608e-06
4.416,4.279242356377566e-06
4.417,4.265270005923281e-06
4.418,4.251327188741759e-06
4.4190000000000005,4.237413913498268e-06
4.42,4.223530188375379e-06
4.421,4.2096760210759906e-06
4.422,4.195851418826349e-06
4.423,4.182056388379048e-06
4.424,4.16829093601602e-06
4.425,4.15455506755151e-06
4.426,4.1408487883350445e-06
4.4270000000000005,4.127172103254381e-06
4.428,4.1135250167384465e-06
4.429,4.099907532760266e-06
4.43,4.086319654839876e-06
4.431,4.072761386047225e-06
4.432,4.059232729005067e-06
4.433,4.045733685891831e-06
4.434,4.032264258444493e-06
4.4350000000000005,4.018824447961426e-06
4.436,4.005414255305239e-06
4.437,3.992033680905603e-06
4.438,3.9786827247620714e-06
4.439,3.965361386446881e-06
4.44,3.952069665107741e-06
4.441,3.938807559470619e-06
4.442,3.925575067842499e-06
4.4430000000000005,3.9123721881141465e-06
4.444,3.899198917762844e-06
4.445,3.8860552538551265e-06
4.446,3.8729411930495e-06
4.447,3.8598567315991495e-06
4.448,3.8468018653546345e-06
4.449,3.833776589766573e-06
4.45,3.820780899888316e-06
4.4510000000000005,3.807814790378603e-06
4.452,3.7948782555042174e-06
4.453,3.781971289142621e-06
4.454,3.7690938847845794e-06
4.455,3.756246035536777e-06
4.456,3.7434277341244203e-06
4.457,3.7306389728938284e-06
4.458,3.7178797438150137e-06
4.4590000000000005,3.7051500384842508e-06
4.46,3.6924498481266323e-06
4.461,3.679779163598616e-06
4.462,3.66713797539056e-06
4.463,3.654526273629244e-06
4.464,3.6419440480803838e-06
4.465,3.629391288151131e-06
4.466,3.6168679828925637e-06
4.4670000000000005,3.6043741210021644e-06
4.468,3.5919096908262883e-06
4.469,3.579474680362621e-06
4.47,3.5670690772626222e-06
4.471,3.5546928688339624e-06
4.472,3.5423460420429457e-06
4.473,3.5300285835169236e-06
4.474,3.5177404795466964e-06
4.4750000000000005,3.5054817160889053e-06
4.476,3.493252278768413e-06
4.477,3.4810521528806734e-06
4.478,3.4688813233940898e-06
4.479,3.4567397749523657e-06
4.48,3.444627491876841e-06
4.481,3.43254445816882e-06
4.482,3.4204906575118874e-06
4.483,3.408466073274216e-06
4.484,3.3964706885108612e-06
4.485,3.384504485966047e-06
4.486,3.372567448075441e-06
4.487,3.360659556968419e-06
4.488,3.348780794470317e-06
4.489,3.33693114210468e-06
4.49,3.3251105810954906e-06
4.491,3.313319092369395e-06
4.492,3.3015566565579166e-06
4.493,3.2898232539996566e-06
4.494,3.27811886474249e-06
4.495,3.2664434685457458e-06
4.496,3.254797044882381e-06
4.497,3.2431795729411435e-06
4.498,3.2315910316287245e-06
4.499,3.2200313995719003e-06
4.5,3.2085006551196665e-06
4.501,3.1969987763453606e-06
4.502,3.1855257410487746e-06
4.503,3.1740815267582587e-06
4.5040000000000004,3.1626661107328147e-06
4.505,3.1512794699641795e-06
4.506,3.139921581178899e-06
4.507,3.1285924208403922e-06
4.508,3.1172919651510067e-06
4.509,3.1060201900540625e-06
4.51,3.094777071235889e-06
4.511,3.083562584127849e-06
4.5120000000000005,3.072376703908356e-06
4.513,3.061219405504881e-06
4.514,3.0500906635959503e-06
4.515,3.0389904526131317e-06
4.516,3.027918746743015e-06
4.517,3.016875519929181e-06
4.518,3.005860745874159e-06
4.519,2.9948743980413805e-06
4.5200000000000005,2.9839164496571186e-06
4.521,2.972986873712421e-06
4.522,2.962085642965032e-06
4.523,2.9512127299413066e-06
4.524,2.9403681069381152e-06
4.525,2.929551746024739e-06
4.526,2.9187636190447557e-06
4.527,2.9080036976179183e-06
4.5280000000000005,2.897271953142022e-06
4.529,2.8865683567947642e-06
4.53,2.875892879535595e-06
4.531,2.8652454921075587e-06
4.532,2.8546261650391262e-06
4.533,2.8440348686460185e-06
4.534,2.833471573033022e-06
4.535,2.8229362480957955e-06
4.5360000000000005,2.812428863522666e-06
4.537,2.8019493887964187e-06
4.538,2.7914977931960757e-06
4.539,2.781074045798669e-06
4.54,2.7706781154810024e-06
4.541,2.7603099709214046e-06
4.542,2.7499695806014765e-06
4.543,2.7396569128078274e-06
4.5440000000000005,2.7293719356338026e-06
4.545,2.719114616981205e-06
4.546,2.7088849245620063e-06
4.547,2.698682825900049e-06
4.548,2.6885082883327422e-06
4.549,2.6783612790127477e-06
4.55,2.6682417649096583e-06
4.551,2.658149712811667e-06
4.5520000000000005,2.6480850893272297e-06
4.553,2.638047860886717e-06
4.554,2.6280379937440597e-06
4.555,2.618055453978387e-06
4.556,2.6081002074956537e-06
4.557,2.598172220030261e-06
4.558,2.5882714571466697e-06
4.559,2.5783978842410043e-06
4.5600000000000005,2.5685514665426493e-06
4.561,2.558732169115838e-06
4.562,2.548939956861233e-06
4.563,2.5391747945174986e-06
4.564,2.5294366466628656e-06
4.565,2.519725477716687e-06
4.566,2.5100412519409887e-06
4.567,2.5003839334420088e-06
4.5680000000000005,2.4907534861717325e-06
4.569,2.481149873929416e-06
4.57,2.471573060363106e-06
4.571,2.4620230089711478e-06
4.572,2.4524996831036887e-06
4.573,2.443003045964174e-06
4.574,2.4335330606108308e-06
4.575,2.424089689958151e-06
4.5760000000000005,2.4146728967783613e-06
4.577,2.4052826437028873e-06
4.578,2.3959188932238116e-06
4.579,2.3865816076953226e-06
4.58,2.377270749335156e-06
4.581,2.36798628022603e-06
4.582,2.3587281623170722e-06
4.583,2.3494963574252393e-06
4.5840000000000005,2.3402908272367285e-06
4.585,2.331111533308384e-06
4.586,2.3219584370690953e-06
4.587,2.3128314998211846e-06
4.588,2.303730682741793e-06
4.589,2.2946559468842557e-06
4.59,2.2856072531794707e-06
4.591,2.27658456243726e-06
4.5920000000000005,2.267587835347726e-06
4.593,2.258617032482596e-06
4.594,2.2496721142965654e-06
4.595,2.24075304112863e-06
4.596,2.2318597732034123e-06
4.597,2.22299227063248e-06
4.598,2.214150493415661e-06
4.599,2.2053344014423444e-06
4.6000000000000005,2.196543954492784e-06
4.601,2.1877791122393864e-06
4.602,2.179039834247998e-06
4.603,2.17032607997918e-06
4.604,2.161637808789483e-06
4.605,2.15297497993271e-06
4.606,2.144337552561172e-06
4.607,2.1357254857269416e-06
4.6080000000000005,2.127138738383096e-06
4.609,2.1185772693849544e-06
4.61,2.110041037491309e-06
4.611,2.101530001365649e-06
4.612,2.093044119577378e-06
4.613,2.0845833506030255e-06
4.614,2.076147652827451e-06
4.615,2.0677369845450424e-06
4.616,2.0593513039609057e-06
4.617,2.0509905691920524e-06
4.618,2.0426547382685762e-06
4.619,2.034343769134826e-06
4.62,2.0260576196505705e-06
4.621,2.0177962475921586e-06
4.622,2.009559610653672e-06
4.623,2.0013476664480704e-06
4.624,1.9931603725083346e-06
4.625,1.984997686288598e-06
4.626,1.976859565165275e-06
4.627,1.9687459664381837e-06
4.628,1.960656847331659e-06
4.6290000000000004,1.952592164995664e-06
4.63,1.9445518765068915e-06
4.631,1.936535938869862e-06
4.632,1.9285443090180125e-06
4.633,1.9205769438147836e-06
4.634,1.9126338000546962e-06
4.635,1.904714834464425e-06
4.636,1.896820003703865e-06
4.6370000000000005,1.8889492643671915e-06
4.638,1.8811025729839157e-06
4.639,1.8732798860199322e-06
4.64,1.8654811598785622e-06
4.641,1.8577063509015907e-06
4.642,1.8499554153702972e-06
4.643,1.8422283095064804e-06
4.644,1.8345249894734782e-06
4.6450000000000005,1.826845411377181e-06
4.646,1.8191895312670391e-06
4.647,1.8115573051370651e-06
4.648,1.8039486889268298e-06
4.649,1.796363638522453e-06
4.65,1.7888021097575878e-06
4.651,1.781264058414401e-06
4.652,1.773749440224545e-06
4.6530000000000005,1.7662582108701273e-06
4.654,1.7587903259846713e-06
4.655,1.7513457411540747e-06
4.656,1.7439244119175595e-06
4.657,1.736526293768618e-06
4.658,1.7291513421559532e-06
4.659,1.7217995124844132e-06
4.66,1.7144707601159208e-06
4.6610000000000005,1.707165040370397e-06
4.662,1.6998823085266798e-06
4.663,1.6926225198234363e-06
4.664,1.685385629460071e-06
4.665,1.6781715925976287e-06
4.666,1.6709803643596899e-06
4.667,1.6638118998332637e-06
4.668,1.6566661540696737e-06
4.6690000000000005,1.6495430820854392e-06
4.67,1.6424426388631507e-06
4.671,1.635364779352341e-06
4.672,1.6283094584703503e-06
4.673,1.6212766311031871e-06
4.674,1.6142662521063822e-06
4.675,1.6072782763058397e-06
4.676,1.6003126584986815e-06
4.6770000000000005,1.5933693534540867e-06
4.678,1.5864483159141268e-06
4.679,1.5795495005945952e-06
4.68,1.5726728621858316e-06
4.681,1.5658183553535423e-06
4.682,1.5589859347396137e-06
4.683,1.5521755549629231e-06
4.684,1.5453871706201426e-06
4.6850000000000005,1.5386207362865392e-06
4.686,1.53187620651677e-06
4.687,1.5251535358456715e-06
4.688,1.5184526787890453e-06
4.689,1.5117735898444382e-06
4.69,1.5051162234919174e-06
4.691,1.498480534194842e-06
4.692,1.491866476400628e-06
4.6930000000000005,1.4852740045415098e-06
4.694,1.4787030730352969e-06
4.695,1.4721536362861246e-06
4.696,1.465625648685202e-06
4.697,1.459119064611554e-06
4.698,1.4526338384327582e-06
4.699,1.446169924505679e-06
4.7,1.4397272771771952e-06
4.7010000000000005,1.433305850784924e-06
4.702,1.42690559965794e-06
4.703,1.42052647811749e-06
4.704,1.4141684404777029e-06
4.705,1.4078314410462956e-06
4.706,1.4015154341252733e-06
4.707,1.3952203740116268e-06
4.708,1.3889462149980239e-06
4.7090000000000005,1.3826929113734976e-06
4.71,1.376460417424129e-06
4.711,1.3702486874337261e-06
4.712,1.3640576756844982e-06
4.713,1.3578873364577258e-06
4.714,1.3517376240344266e-06
4.715,1.3456084926960165e-06
4.716,1.339499896724967e-06
4.7170000000000005,1.3334117904054569e-06
4.718,1.3273441280240225e-06
4.719,1.3212968638702e-06
4.72,1.3152699522371665e-06
4.721,1.3092633474223753e-06
4.722,1.3032770037281876e-06
4.723,1.2973108754624997e-06
4.724,1.291364916939366e-06
4.7250000000000005,1.2854390824796181e-06
4.726,1.2795333264114803e-06
4.727,1.273647603071179e-06
4.728,1.267781866803551e-06
4.729,1.2619360719626443e-06
4.73,1.2561101729123182e-06
4.731,1.2503041240268368e-06
4.732,1.24451787969146e-06
4.7330000000000005,1.2387513943030294e-06
4.734,1.2330046222705511e-06
4.735,1.2272775180157744e-06
4.736,1.2215700359737655e-06
4.737,1.2158821305934794e-06
4.738,1.2102137563383253e-06
4.739,1.2045648676867299e-06
4.74,1.1989354191326963e-06
4.741,1.1933253651863592e-06
4.742,1.1877346603745355e-06
4.743,1.1821632592412722e-06
4.744,1.1766111163483895e-06
4.745,1.171078186276021e-06
4.746,1.1655644236231493e-06
4.747,1.160069783008138e-06
4.748,1.1545942190692602e-06
4.749,1.1491376864652238e-06
4.75,1.1437001398756918e-06
4.751,1.1382815340017996e-06
4.752,1.1328818235666689e-06
4.753,1.1275009633159175e-06
4.7540000000000004,1.1221389080181654e-06
4.755,1.116795612465538e-06
4.756,1.1114710314741647e-06
4.757,1.1061651198846741e-06
4.758,1.1008778325626865e-06
4.759,1.0956091243993017e-06
4.76,1.0903589503115838e-06
4.761,1.0851272652430427e-06
4.7620000000000005,1.0799140241641112e-06
4.763,1.0747191820726201e-06
4.764,1.069542693994268e-06
4.765,1.0643845149830892e-06
4.766,1.0592446001219166e-06
4.767,1.054122904522843e-06
4.768,1.0490193833276776e-06
4.769,1.0439339917083993e-06
4.7700000000000005,1.0388666848676074e-06
4.771,1.0338174180389674e-06
4.772,1.0287861464876554e-06
4.773,1.0237728255107975e-06
4.774,1.0187774104379068e-06
4.775,1.0137998566313166e-06
4.776,1.0088401194866102e-06
4.777,1.0038981544330489e-06
4.7780000000000005,9.98973916933994e-07
4.779,9.940673624873278e-07
4.78,9.891784466258713e-07
4.781,9.843071249177969e-07
4.782,9.794533529670394e-07
4.783,9.74617086413704e-07
4.784,9.697982809344695e-07
4.785,9.649968922429907e-07
4.7860000000000005,9.60212876090295e-07
4.787,9.55446188265178e-07
4.788,9.506967845945954e-07
4.789,9.459646209440505e-07
4.79,9.412496532179811e-07
4.791,9.365518373601408e-07
4.792,9.31871129353979e-07
4.793,9.272074852230169e-07
4.7940000000000005,9.225608610312211e-07
4.795,9.179312128833734e-07
4.796,9.133184969254385e-07
4.797,9.087226693449282e-07
4.798,9.041436863712624e-07
4.799,8.995815042761279e-07
4.8,8.950360793738337e-07
4.801,8.905073680216629e-07
4.8020000000000005,8.859953266202231e-07
4.803,8.814999116137925e-07
4.804,8.770210794906639e-07
4.805,8.725587867834855e-07
4.806,8.681129900695987e-07
4.807,8.636836459713738e-07
4.808,8.59270711156542e-07
4.809,8.548741423385247e-07
4.8100000000000005,8.504938962767609e-07
4.811,8.461299297770302e-07
4.812,8.417821996917748e-07
4.813,8.374506629204174e-07
4.814,8.33135276409677e-07
4.815,8.288359971538815e-07
4.816,8.245527821952782e-07
4.817,8.202855886243412e-07
4.8180000000000005,8.16034373580076e-07
4.819,8.117990942503214e-07
4.82,8.075797078720493e-07
4.821,8.033761717316612e-07
4.822,7.991884431652821e-07
4.823,7.950164795590523e-07
4.824,7.908602383494161e-07
4.825,7.867196770234078e-07
4.8260000000000005,7.825947531189354e-07
4.827,7.784854242250621e-07
4.828,7.743916479822837e-07
4.829,7.703133820828058e-07
4.83,7.662505842708163e-07
4.831,7.622032123427564e-07
4.832,7.58171224147589e-07
4.833,7.541545775870647e-07
4.8340000000000005,7.501532306159845e-07
4.835,7.461671412424614e-07
4.836,7.421962675281781e-07
4.837,7.382405675886433e-07
4.838,7.34299999593445e-07
4.839,7.303745217665017e-07
4.84,7.264640923863108e-07
4.841,7.225686697861947e-07
4.8420000000000005,7.18688212354545e-07
4.843,7.148226785350636e-07
4.844,7.10972026827002e-07
4.845,7.071362157853975e-07
4.846,7.033152040213081e-07
4.847,6.995089502020442e-07
4.848,6.957174130513985e-07
4.849,6.91940551349873e-07
4.8500000000000005,6.881783239349044e-07
4.851,6.844306897010868e-07
4.852,6.806976076003922e-07
4.853,6.769790366423885e-07
4.854,6.732749358944559e-07
4.855,6.695852644820004e-07
4.856,6.659099815886654e-07
4.857,6.622490464565408e-07
4.8580000000000005,6.586024183863704e-07
4.859,6.549700567377565e-07
4.86,6.513519209293629e-07
4.861,6.47747970439115e-07
4.862,6.441581648043987e-07
4.863,6.405824636222562e-07
4.864,6.370208265495803e-07
4.865,6.334732133033063e-07
4.866,6.299395836606017e-07
4.867,6.264198974590543e-07
4.868,6.229141145968572e-07
4.869,6.19422195032993e-07
4.87,6.15944098787415e-07
4.871,6.124797859412266e-07
4.872,6.090292166368586e-07
4.873,6.055923510782446e-07
4.874,6.021691495309945e-07
4.875,5.987595723225652e-07
4.876,5.953635798424305e-07
4.877,5.919811325422479e-07
4.878,5.886121909360243e-07
4.8790000000000004,5.852567156002787e-07
4.88,5.819146671742043e-07
4.881,5.785860063598272e-07
4.882,5.752706939221643e-07
4.883,5.719686906893782e-07
4.884,5.686799575529317e-07
4.885,5.654044554677385e-07
4.886,5.621421454523137e-07
4.8870000000000005,5.588929885889211e-07
4.888,5.556569460237197e-07
4.889,5.524339789669073e-07
4.89,5.49224048692863e-07
4.891,5.460271165402875e-07
4.892,5.42843143912342e-07
4.893,5.396720922767843e-07
4.894,5.365139231661041e-07
4.8950000000000005,5.33368598177656e-07
4.896,5.302360789737908e-07
4.897,5.271163272819848e-07
4.898,5.240093048949678e-07
4.899,5.209149736708486e-07
4.9,5.178332955332397e-07
4.901,5.147642324713791e-07
4.902,5.117077465402515e-07
4.9030000000000005,5.08663799860707e-07
4.904,5.05632354619578e-07
4.905,5.026133730697953e-07
4.906,4.996068175305013e-07
4.907,4.966126503871625e-07
4.908,4.936308340916798e-07
4.909,4.906613311624969e-07
4.91,4.877041041847076e-07
4.9110000000000005,4.847591158101612e-07
4.912,4.818263287575664e-07
4.913,4.789057058125928e-07
4.914,4.759972098279723e-07
4.915,4.731008037235968e-07
4.916,4.7021645048661643e-07
4.917,4.6734411317153465e-07
4.918,4.644837549003023e-07
4.9190000000000005,4.616353388624104e-07
4.92,4.587988283149804e-07
4.921,4.559741865828542e-07
4.922,4.5316137705868126e-07
4.923,4.5036036320300517e-07
4.924,4.475711085443482e-07
4.925,4.4479357667929433e-07
4.926,4.4202773127257094e-07
4.9270000000000005,4.3927353605712883e-07
4.928,4.3653095483422086e-07
4.929,4.33799951473479e-07
4.93,4.3108048991298975e-07
4.931,4.283725341593685e-07
4.932,4.25676048287832e-07
4.933,4.2299099644226964e-07
4.934,4.20317342835313e-07
4.9350000000000005,4.1765505174840426e-07
4.936,4.15004087531863e-07
4.937,4.1236441460495156e-07
4.938,4.0973599745593904e-07
4.939,4.071188006421639e-07
4.94,4.0451278879009504e-07
4.941,4.0191792659539167e-07
4.942,3.993341788229616e-07
4.9430000000000005,3.967615103070184e-07
4.944,3.941998859511367e-07
4.945,3.9164927072830687e-07
4.946,3.8910962968098754e-07
4.947,3.865809279211574e-07
4.948,3.8406313063036545e-07
4.949,3.815562030597797e-07
4.95,3.7906011053023493e-07
4.9510000000000005,3.7657481843227876e-07
4.952,3.741002922262168e-07
4.953,3.716364974421562e-07
4.954,3.6918339968004784e-07
4.955,3.667409646097277e-07
4.956,3.643091579709565e-07
4.957,3.618879455734582e-07
4.958,3.5947729329695743e-07
4.9590000000000005,3.570771670912152e-07
4.96,3.5468753297606397e-07
4.961,3.52308357041441e-07
4.962,3.499396054474209e-07
4.963,3.475812444242462e-07
4.964,3.4523324027235786e-07
4.965,3.4289555936242345e-07
4.966,3.4056816813536477e-07
4.9670000000000005,3.3825103310238414e-07
4.968,3.359441208449894e-07
4.969,3.3364739801501796e-07
4.97,3.313608313346593e-07
4.971,3.2908438759647675e-07
4.972,3.268180336634278e-07
4.973,3.245617364688833e-07
4.974,3.223154630166458e-07
4.9750000000000005,3.200791803809663e-07
4.976,3.1785285570656025e-07
4.977,3.1563645620862225e-07
4.978,3.1342994917283966e-07
4.979,3.1123330195540517e-07
4.98,3.0904648198302813e-07
4.981,3.06869456752945e-07
4.982,3.0470219383292846e-07
4.9830000000000005,3.0254466086129574e-07
4.984,3.0039682554691556e-07
4.985,2.982586556692143e-07
4.986,2.961301190781809e-07
4.987,2.940111836943707e-07
4.988,2.9190181750890855e-07
4.989,2.898019885834905e-07
4.99,2.8771166505038446e-07
4.9910000000000005,2.8563081511243043e-07
4.992,2.835594070430388e-07
4.993,2.814974091861884e-07
4.994,2.7944478995642315e-07
4.995,2.774015178388479e-07
4.996,2.7536756138912313e-07
4.997,2.7334288923345883e-07
4.998,2.7132747006860714e-07
4.999,2.6932127266185433e-07
5.0,2.6732426585101167e-07
