{
  "trial": 33,
  "timesteps": 100000,
  "topk_avg": 3843.602403,
  "params": {
    "learning_rate": 0.00053473187233105,
    "gamma": 0.9640982524487752,
    "n_steps": 256,
    "ent_coef": 0.0003383986230525372,
    "vf_coef": 0.936641748688019,
    "gae_lambda": 0.9152755135545739,
    "max_grad_norm": 0.8925439042655801,
    "rms_prop_eps": 5.763567241829259e-05,
    "use_rms_prop": false
  },
  "policy_kwargs": {
    "net_arch": "{'pi': [512, 512, 512, 448], 'vf': [512, 512, 512, 448]}",
    "activation_fn": "<class 'torch.nn.modules.activation.Tanh'>",
    "log_std_init": "-0.8181072650183098",
    "ortho_init": "False"
  }
}