{
    "best_params": {
        "learning_rate": 2.0666936485685963e-05,
        "buffer_size": 125662,
        "batch_size": 404,
        "tau": 0.013343354544917758,
        "gamma": 0.9401543325631804,
        "ent_coef": "auto",
        "layer_size": 173,
        "n_layers": 3,
        "activation_fn": "elu"
    },
    "best_value": 499.1788024902344,
    "n_trials": 50
}